t_s,Ib_A,Is_A,vc_V,Vload_V,Vnode_V,Vdev_V,Ucircuit_J,Vload_simple_V
0.000000000000000000e+00,2.000000000000000164e-05,2.000000000000000164e-05,0.000000000000000000e+00,0.000000000000000000e+00,0.000000000000000000e+00,0.000000000000000000e+00,2.020000000000000283e-16,0.000000000000000000e+00
5.000000000000000505e-12,2.000000000000000164e-05,2.000000000000000164e-05,-1.084202172485504457e-22,0.000000000000000000e+00,-1.084202172485504457e-22,0.000000000000000000e+00,2.020000000000000283e-16,0.000000000000000000e+00
1.000000000000000101e-11,2.000000000000000164e-05,2.000000000000000164e-05,-2.168404344971008913e-22,0.000000000000000000e+00,-2.168404344971008913e-22,0.000000000000000000e+00,2.020000000000000283e-16,0.000000000000000000e+00
1.499999999999999990e-11,2.000000000000000164e-05,2.000000000000000164e-05,-3.252606517456513370e-22,0.000000000000000000e+00,-3.252606517456513370e-22,0.000000000000000000e+00,2.020000000000000283e-16,0.000000000000000000e+00
2.000000000000000202e-11,2.000000000000000164e-05,2.000000000000000164e-05,-4.336808689942017826e-22,0.000000000000000000e+00,-4.336808689942017826e-22,0.000000000000000000e+00,2.020000000000000283e-16,0.000000000000000000e+00
2.500000000000000414e-11,2.000000000000000164e-05,2.000000000000000164e-05,-5.421010862427522283e-22,0.000000000000000000e+00,-5.421010862427522283e-22,0.000000000000000000e+00,2.020000000000000283e-16,0.000000000000000000e+00
2.999999999999999980e-11,2.000000000000000164e-05,2.000000000000000164e-05,-6.505213034913026739e-22,0.000000000000000000e+00,-6.505213034913026739e-22,0.000000000000000000e+00,2.020000000000000283e-16,0.000000000000000000e+00
3.500000000000000192e-11,2.000000000000000164e-05,2.000000000000000164e-05,-7.589415207398531196e-22,0.000000000000000000e+00,-7.589415207398531196e-22,0.000000000000000000e+00,2.020000000000000283e-16,0.000000000000000000e+00
4.000000000000000404e-11,2.000000000000000164e-05,2.000000000000000164e-05,-8.673617379884035653e-22,0.000000000000000000e+00,-8.673617379884035653e-22,0.000000000000000000e+00,2.020000000000000283e-16,0.000000000000000000e+00
4.500000000000000616e-11,2.000000000000000164e-05,2.000000000000000164e-05,-9.757819552369541050e-22,0.000000000000000000e+00,-9.757819552369541050e-22,0.000000000000000000e+00,2.020000000000000283e-16,0.000000000000000000e+00
5.000000000000000828e-11,2.000000000000000164e-05,2.000000000000000164e-05,-1.084202172485504457e-21,0.000000000000000000e+00,-1.084202172485504457e-21,0.000000000000000000e+00,2.020000000000000283e-16,0.000000000000000000e+00
5.500000000000000394e-11,2.000000000000000164e-05,2.000000000000000164e-05,-1.192622389734054808e-21,0.000000000000000000e+00,-1.192622389734054808e-21,0.000000000000000000e+00,2.020000000000000283e-16,0.000000000000000000e+00
5.999999999999999960e-11,2.000000000000000164e-05,2.000000000000000164e-05,-1.301042606982605348e-21,0.000000000000000000e+00,-1.301042606982605348e-21,0.000000000000000000e+00,2.020000000000000283e-16,0.000000000000000000e+00
6.500000000000000818e-11,2.000000000000000164e-05,2.000000000000000164e-05,-1.409462824231155888e-21,0.000000000000000000e+00,-1.409462824231155888e-21,0.000000000000000000e+00,2.020000000000000283e-16,0.000000000000000000e+00
7.000000000000000384e-11,2.000000000000000164e-05,2.000000000000000164e-05,-1.517883041479706239e-21,0.000000000000000000e+00,-1.517883041479706239e-21,0.000000000000000000e+00,2.020000000000000283e-16,0.000000000000000000e+00
7.500000000000001243e-11,2.000000000000000164e-05,2.000000000000000164e-05,-1.626303258728256591e-21,0.000000000000000000e+00,-1.626303258728256591e-21,0.000000000000000000e+00,2.020000000000000283e-16,0.000000000000000000e+00
8.000000000000000808e-11,2.000000000000000164e-05,2.000000000000000164e-05,-1.734723475976807131e-21,0.000000000000000000e+00,-1.734723475976807131e-21,0.000000000000000000e+00,2.020000000000000283e-16,0.000000000000000000e+00
8.500000000000000374e-11,2.000000000000000164e-05,2.000000000000000164e-05,-1.843143693225357670e-21,0.000000000000000000e+00,-1.843143693225357670e-21,0.000000000000000000e+00,2.020000000000000283e-16,0.000000000000000000e+00
9.000000000000001233e-11,2.000000000000000164e-05,2.000000000000000164e-05,-1.951563910473908210e-21,0.000000000000000000e+00,-1.951563910473908210e-21,0.000000000000000000e+00,2.020000000000000283e-16,0.000000000000000000e+00
9.500000000000000798e-11,2.000000000000000164e-05,2.000000000000000164e-05,-2.059984127722458373e-21,0.000000000000000000e+00,-2.059984127722458373e-21,0.000000000000000000e+00,2.020000000000000283e-16,0.000000000000000000e+00
1.000000000000000166e-10,2.000000000000000164e-05,2.000000000000000164e-05,-2.168404344971008913e-21,0.000000000000000000e+00,-2.168404344971008913e-21,0.000000000000000000e+00,2.020000000000000283e-16,0.000000000000000000e+00
1.050000000000000122e-10,2.000000000000000164e-05,2.000000000000000164e-05,-2.276824562219559453e-21,0.000000000000000000e+00,-2.276824562219559453e-21,0.000000000000000000e+00,2.020000000000000283e-16,0.000000000000000000e+00
1.100000000000000079e-10,2.000000000000000164e-05,2.000000000000000164e-05,-2.385244779468109616e-21,0.000000000000000000e+00,-2.385244779468109616e-21,0.000000000000000000e+00,2.020000000000000283e-16,0.000000000000000000e+00
1.150000000000000165e-10,2.000000000000000164e-05,2.000000000000000164e-05,-2.493664996716660156e-21,0.000000000000000000e+00,-2.493664996716660156e-21,0.000000000000000000e+00,2.020000000000000283e-16,0.000000000000000000e+00
1.199999999999999992e-10,2.000000000000000164e-05,2.000000000000000164e-05,-2.602085213965210696e-21,0.000000000000000000e+00,-2.602085213965210696e-21,0.000000000000000000e+00,2.020000000000000283e-16,0.000000000000000000e+00
1.250000000000000078e-10,2.000000000000000164e-05,2.000000000000000164e-05,-2.710505431213761235e-21,0.000000000000000000e+00,-2.710505431213761235e-21,0.000000000000000000e+00,2.020000000000000283e-16,0.000000000000000000e+00
1.300000000000000164e-10,2.000000000000000164e-05,2.000000000000000164e-05,-2.818925648462311775e-21,0.000000000000000000e+00,-2.818925648462311775e-21,0.000000000000000000e+00,2.020000000000000283e-16,0.000000000000000000e+00
1.350000000000000250e-10,2.000000000000000164e-05,2.000000000000000164e-05,-2.927345865710861939e-21,0.000000000000000000e+00,-2.927345865710861939e-21,0.000000000000000000e+00,2.020000000000000283e-16,0.000000000000000000e+00
1.400000000000000077e-10,2.000000000000000164e-05,2.000000000000000164e-05,-3.035766082959412478e-21,0.000000000000000000e+00,-3.035766082959412478e-21,0.000000000000000000e+00,2.020000000000000283e-16,0.000000000000000000e+00
1.450000000000000163e-10,2.000000000000000164e-05,2.000000000000000164e-05,-3.144186300207963018e-21,0.000000000000000000e+00,-3.144186300207963018e-21,0.000000000000000000e+00,2.020000000000000283e-16,0.000000000000000000e+00
1.500000000000000249e-10,2.000000000000000164e-05,2.000000000000000164e-05,-3.252606517456513182e-21,0.000000000000000000e+00,-3.252606517456513182e-21,0.000000000000000000e+00,2.020000000000000283e-16,0.000000000000000000e+00
1.550000000000000076e-10,2.000000000000000164e-05,2.000000000000000164e-05,-3.361026734705063721e-21,0.000000000000000000e+00,-3.361026734705063721e-21,0.000000000000000000e+00,2.020000000000000283e-16,0.000000000000000000e+00
1.600000000000000162e-10,2.000000000000000164e-05,2.000000000000000164e-05,-3.469446951953614261e-21,0.000000000000000000e+00,-3.469446951953614261e-21,0.000000000000000000e+00,2.020000000000000283e-16,0.000000000000000000e+00
1.650000000000000248e-10,2.000000000000000164e-05,2.000000000000000164e-05,-3.577867169202164801e-21,0.000000000000000000e+00,-3.577867169202164801e-21,0.000000000000000000e+00,2.020000000000000283e-16,0.000000000000000000e+00
1.700000000000000075e-10,2.000000000000000164e-05,2.000000000000000164e-05,-3.686287386450715340e-21,0.000000000000000000e+00,-3.686287386450715340e-21,0.000000000000000000e+00,2.020000000000000283e-16,0.000000000000000000e+00
1.750000000000000161e-10,2.000000000000000164e-05,2.000000000000000164e-05,-3.794707603699265880e-21,0.000000000000000000e+00,-3.794707603699265880e-21,0.000000000000000000e+00,2.020000000000000283e-16,0.000000000000000000e+00
1.800000000000000247e-10,2.000000000000000164e-05,2.000000000000000164e-05,-3.903127820947816420e-21,0.000000000000000000e+00,-3.903127820947816420e-21,0.000000000000000000e+00,2.020000000000000283e-16,0.000000000000000000e+00
1.850000000000000074e-10,2.000000000000000164e-05,2.000000000000000164e-05,-4.011548038196366207e-21,0.000000000000000000e+00,-4.011548038196366207e-21,0.000000000000000000e+00,2.020000000000000283e-16,0.000000000000000000e+00
1.900000000000000160e-10,2.000000000000000164e-05,2.000000000000000164e-05,-4.119968255444916747e-21,0.000000000000000000e+00,-4.119968255444916747e-21,0.000000000000000000e+00,2.020000000000000283e-16,0.000000000000000000e+00
1.950000000000000246e-10,2.000000000000000164e-05,2.000000000000000164e-05,-4.228388472693467287e-21,0.000000000000000000e+00,-4.228388472693467287e-21,0.000000000000000000e+00,2.020000000000000283e-16,0.000000000000000000e+00
2.000000000000000331e-10,2.000000000000000164e-05,2.000000000000000164e-05,-4.336808689942017826e-21,0.000000000000000000e+00,-4.336808689942017826e-21,0.000000000000000000e+00,2.020000000000000283e-16,0.000000000000000000e+00
2.050000000000000159e-10,2.000000000000000164e-05,2.000000000000000164e-05,-4.445228907190568366e-21,0.000000000000000000e+00,-4.445228907190568366e-21,0.000000000000000000e+00,2.020000000000000283e-16,0.000000000000000000e+00
2.100000000000000245e-10,2.000000000000000164e-05,2.000000000000000164e-05,-4.553649124439118906e-21,0.000000000000000000e+00,-4.553649124439118906e-21,0.000000000000000000e+00,2.020000000000000283e-16,0.000000000000000000e+00
2.150000000000000330e-10,2.000000000000000164e-05,2.000000000000000164e-05,-4.662069341687669445e-21,0.000000000000000000e+00,-4.662069341687669445e-21,0.000000000000000000e+00,2.020000000000000283e-16,0.000000000000000000e+00
2.200000000000000158e-10,2.000000000000000164e-05,2.000000000000000164e-05,-4.770489558936219233e-21,0.000000000000000000e+00,-4.770489558936219233e-21,0.000000000000000000e+00,2.020000000000000283e-16,0.000000000000000000e+00
2.250000000000000244e-10,2.000000000000000164e-05,2.000000000000000164e-05,-4.878909776184769772e-21,0.000000000000000000e+00,-4.878909776184769772e-21,0.000000000000000000e+00,2.020000000000000283e-16,0.000000000000000000e+00
2.300000000000000329e-10,2.000000000000000164e-05,2.000000000000000164e-05,-4.987329993433320312e-21,0.000000000000000000e+00,-4.987329993433320312e-21,0.000000000000000000e+00,2.020000000000000283e-16,0.000000000000000000e+00
2.350000000000000157e-10,2.000000000000000164e-05,2.000000000000000164e-05,-5.095750210681870852e-21,0.000000000000000000e+00,-5.095750210681870852e-21,0.000000000000000000e+00,2.020000000000000283e-16,0.000000000000000000e+00
2.399999999999999984e-10,2.000000000000000164e-05,2.000000000000000164e-05,-5.204170427930421392e-21,0.000000000000000000e+00,-5.204170427930421392e-21,0.000000000000000000e+00,2.020000000000000283e-16,0.000000000000000000e+00
2.450000000000000328e-10,2.000000000000000164e-05,2.000000000000000164e-05,-5.312590645178971931e-21,0.000000000000000000e+00,-5.312590645178971931e-21,0.000000000000000000e+00,2.020000000000000283e-16,0.000000000000000000e+00
2.500000000000000156e-10,2.000000000000000164e-05,2.000000000000000164e-05,-5.421010862427522471e-21,0.000000000000000000e+00,-5.421010862427522471e-21,0.000000000000000000e+00,2.020000000000000283e-16,0.000000000000000000e+00
2.550000000000000500e-10,2.000000000000000164e-05,2.000000000000000164e-05,-5.529431079676073011e-21,0.000000000000000000e+00,-5.529431079676073011e-21,0.000000000000000000e+00,2.020000000000000283e-16,0.000000000000000000e+00
2.600000000000000327e-10,2.000000000000000164e-05,2.000000000000000164e-05,-5.637851296924623550e-21,0.000000000000000000e+00,-5.637851296924623550e-21,0.000000000000000000e+00,2.020000000000000283e-16,0.000000000000000000e+00
2.650000000000000155e-10,2.000000000000000164e-05,2.000000000000000164e-05,-5.746271514173173338e-21,0.000000000000000000e+00,-5.746271514173173338e-21,0.000000000000000000e+00,2.020000000000000283e-16,0.000000000000000000e+00
2.700000000000000499e-10,2.000000000000000164e-05,2.000000000000000164e-05,-5.854691731421723877e-21,0.000000000000000000e+00,-5.854691731421723877e-21,0.000000000000000000e+00,2.020000000000000283e-16,0.000000000000000000e+00
2.750000000000000326e-10,2.000000000000000164e-05,2.000000000000000164e-05,-5.963111948670274417e-21,0.000000000000000000e+00,-5.963111948670274417e-21,0.000000000000000000e+00,2.020000000000000283e-16,0.000000000000000000e+00
2.800000000000000154e-10,2.000000000000000164e-05,2.000000000000000164e-05,-6.071532165918824957e-21,0.000000000000000000e+00,-6.071532165918824957e-21,0.000000000000000000e+00,2.020000000000000283e-16,0.000000000000000000e+00
2.850000000000000498e-10,2.000000000000000164e-05,2.000000000000000164e-05,-6.179952383167375497e-21,0.000000000000000000e+00,-6.179952383167375497e-21,0.000000000000000000e+00,2.020000000000000283e-16,0.000000000000000000e+00
2.900000000000000325e-10,2.000000000000000164e-05,2.000000000000000164e-05,-6.288372600415926036e-21,0.000000000000000000e+00,-6.288372600415926036e-21,0.000000000000000000e+00,2.020000000000000283e-16,0.000000000000000000e+00
2.950000000000000153e-10,2.000000000000000164e-05,2.000000000000000164e-05,-6.396792817664476576e-21,0.000000000000000000e+00,-6.396792817664476576e-21,0.000000000000000000e+00,2.020000000000000283e-16,0.000000000000000000e+00
3.000000000000000497e-10,2.000000000000000164e-05,2.000000000000000164e-05,-6.505213034913026363e-21,0.000000000000000000e+00,-6.505213034913026363e-21,0.000000000000000000e+00,2.020000000000000283e-16,0.000000000000000000e+00
3.050000000000000324e-10,2.000000000000000164e-05,2.000000000000000164e-05,-6.613633252161576903e-21,0.000000000000000000e+00,-6.613633252161576903e-21,0.000000000000000000e+00,2.020000000000000283e-16,0.000000000000000000e+00
3.100000000000000152e-10,2.000000000000000164e-05,2.000000000000000164e-05,-6.722053469410127443e-21,0.000000000000000000e+00,-6.722053469410127443e-21,0.000000000000000000e+00,2.020000000000000283e-16,0.000000000000000000e+00
3.150000000000000496e-10,2.000000000000000164e-05,2.000000000000000164e-05,-6.830473686658677982e-21,0.000000000000000000e+00,-6.830473686658677982e-21,0.000000000000000000e+00,2.020000000000000283e-16,0.000000000000000000e+00
3.200000000000000323e-10,2.000000000000000164e-05,2.000000000000000164e-05,-6.938893903907228522e-21,0.000000000000000000e+00,-6.938893903907228522e-21,0.000000000000000000e+00,2.020000000000000283e-16,0.000000000000000000e+00
3.250000000000000151e-10,2.000000000000000164e-05,2.000000000000000164e-05,-7.047314121155779062e-21,0.000000000000000000e+00,-7.047314121155779062e-21,0.000000000000000000e+00,2.020000000000000283e-16,0.000000000000000000e+00
3.300000000000000495e-10,2.000000000000000164e-05,2.000000000000000164e-05,-7.155734338404329601e-21,0.000000000000000000e+00,-7.155734338404329601e-21,0.000000000000000000e+00,2.020000000000000283e-16,0.000000000000000000e+00
3.350000000000000322e-10,2.000000000000000164e-05,2.000000000000000164e-05,-7.264154555652880141e-21,0.000000000000000000e+00,-7.264154555652880141e-21,0.000000000000000000e+00,2.020000000000000283e-16,0.000000000000000000e+00
3.400000000000000150e-10,2.000000000000000164e-05,2.000000000000000164e-05,-7.372574772901430681e-21,0.000000000000000000e+00,-7.372574772901430681e-21,0.000000000000000000e+00,2.020000000000000283e-16,0.000000000000000000e+00
3.450000000000000494e-10,2.000000000000000164e-05,2.000000000000000164e-05,-7.480994990149981221e-21,0.000000000000000000e+00,-7.480994990149981221e-21,0.000000000000000000e+00,2.020000000000000283e-16,0.000000000000000000e+00
3.500000000000000321e-10,2.000000000000000164e-05,2.000000000000000164e-05,-7.589415207398531760e-21,0.000000000000000000e+00,-7.589415207398531760e-21,0.000000000000000000e+00,2.020000000000000283e-16,0.000000000000000000e+00
3.550000000000000149e-10,2.000000000000000164e-05,2.000000000000000164e-05,-7.697835424647082300e-21,0.000000000000000000e+00,-7.697835424647082300e-21,0.000000000000000000e+00,2.020000000000000283e-16,0.000000000000000000e+00
3.600000000000000493e-10,2.000000000000000164e-05,2.000000000000000164e-05,-7.806255641895632840e-21,0.000000000000000000e+00,-7.806255641895632840e-21,0.000000000000000000e+00,2.020000000000000283e-16,0.000000000000000000e+00
3.650000000000000320e-10,2.000000000000000164e-05,2.000000000000000164e-05,-7.914675859144181875e-21,0.000000000000000000e+00,-7.914675859144181875e-21,0.000000000000000000e+00,2.020000000000000283e-16,0.000000000000000000e+00
3.700000000000000148e-10,2.000000000000000164e-05,2.000000000000000164e-05,-8.023096076392732414e-21,0.000000000000000000e+00,-8.023096076392732414e-21,0.000000000000000000e+00,2.020000000000000283e-16,0.000000000000000000e+00
3.750000000000000492e-10,2.000000000000000164e-05,2.000000000000000164e-05,-8.131516293641282954e-21,0.000000000000000000e+00,-8.131516293641282954e-21,0.000000000000000000e+00,2.020000000000000283e-16,0.000000000000000000e+00
3.800000000000000319e-10,2.000000000000000164e-05,2.000000000000000164e-05,-8.239936510889833494e-21,0.000000000000000000e+00,-8.239936510889833494e-21,0.000000000000000000e+00,2.020000000000000283e-16,0.000000000000000000e+00
3.850000000000000147e-10,2.000000000000000164e-05,2.000000000000000164e-05,-8.348356728138384034e-21,0.000000000000000000e+00,-8.348356728138384034e-21,0.000000000000000000e+00,2.020000000000000283e-16,0.000000000000000000e+00
3.900000000000000491e-10,2.000000000000000164e-05,2.000000000000000164e-05,-8.456776945386934573e-21,0.000000000000000000e+00,-8.456776945386934573e-21,0.000000000000000000e+00,2.020000000000000283e-16,0.000000000000000000e+00
3.950000000000000318e-10,2.000000000000000164e-05,2.000000000000000164e-05,-8.565197162635485113e-21,0.000000000000000000e+00,-8.565197162635485113e-21,0.000000000000000000e+00,2.020000000000000283e-16,0.000000000000000000e+00
4.000000000000000663e-10,2.000000000000000164e-05,2.000000000000000164e-05,-8.673617379884035653e-21,0.000000000000000000e+00,-8.673617379884035653e-21,0.000000000000000000e+00,2.020000000000000283e-16,0.000000000000000000e+00
4.050000000000000490e-10,2.000000000000000164e-05,2.000000000000000164e-05,-8.782037597132586192e-21,0.000000000000000000e+00,-8.782037597132586192e-21,0.000000000000000000e+00,2.020000000000000283e-16,0.000000000000000000e+00
4.100000000000000317e-10,2.000000000000000164e-05,2.000000000000000164e-05,-8.890457814381136732e-21,0.000000000000000000e+00,-8.890457814381136732e-21,0.000000000000000000e+00,2.020000000000000283e-16,0.000000000000000000e+00
4.150000000000000662e-10,2.000000000000000164e-05,2.000000000000000164e-05,-8.998878031629687272e-21,0.000000000000000000e+00,-8.998878031629687272e-21,0.000000000000000000e+00,2.020000000000000283e-16,0.000000000000000000e+00
4.200000000000000489e-10,2.000000000000000164e-05,2.000000000000000164e-05,-9.107298248878237811e-21,0.000000000000000000e+00,-9.107298248878237811e-21,0.000000000000000000e+00,2.020000000000000283e-16,0.000000000000000000e+00
4.250000000000000316e-10,2.000000000000000164e-05,2.000000000000000164e-05,-9.215718466126788351e-21,0.000000000000000000e+00,-9.215718466126788351e-21,0.000000000000000000e+00,2.020000000000000283e-16,0.000000000000000000e+00
4.300000000000000661e-10,2.000000000000000164e-05,2.000000000000000164e-05,-9.324138683375338891e-21,0.000000000000000000e+00,-9.324138683375338891e-21,0.000000000000000000e+00,2.020000000000000283e-16,0.000000000000000000e+00
4.350000000000000488e-10,2.000000000000000164e-05,2.000000000000000164e-05,-9.432558900623889430e-21,0.000000000000000000e+00,-9.432558900623889430e-21,0.000000000000000000e+00,2.020000000000000283e-16,0.000000000000000000e+00
4.400000000000000315e-10,2.000000000000000164e-05,2.000000000000000164e-05,-9.540979117872438466e-21,0.000000000000000000e+00,-9.540979117872438466e-21,0.000000000000000000e+00,2.020000000000000283e-16,0.000000000000000000e+00
4.450000000000000660e-10,2.000000000000000164e-05,2.000000000000000164e-05,-9.649399335120989005e-21,0.000000000000000000e+00,-9.649399335120989005e-21,0.000000000000000000e+00,2.020000000000000283e-16,0.000000000000000000e+00
4.500000000000000487e-10,2.000000000000000164e-05,2.000000000000000164e-05,-9.757819552369539545e-21,0.000000000000000000e+00,-9.757819552369539545e-21,0.000000000000000000e+00,2.020000000000000283e-16,0.000000000000000000e+00
4.550000000000000314e-10,2.000000000000000164e-05,2.000000000000000164e-05,-9.866239769618090085e-21,0.000000000000000000e+00,-9.866239769618090085e-21,0.000000000000000000e+00,2.020000000000000283e-16,0.000000000000000000e+00
4.600000000000000659e-10,2.000000000000000164e-05,2.000000000000000164e-05,-9.974659986866640624e-21,0.000000000000000000e+00,-9.974659986866640624e-21,0.000000000000000000e+00,2.020000000000000283e-16,0.000000000000000000e+00
4.650000000000000486e-10,2.000000000000000164e-05,2.000000000000000164e-05,-1.008308020411519116e-20,0.000000000000000000e+00,-1.008308020411519116e-20,0.000000000000000000e+00,2.020000000000000283e-16,0.000000000000000000e+00
4.700000000000000313e-10,2.000000000000000164e-05,2.000000000000000164e-05,-1.019150042136374170e-20,0.000000000000000000e+00,-1.019150042136374170e-20,0.000000000000000000e+00,2.020000000000000283e-16,0.000000000000000000e+00
4.750000000000000141e-10,2.000000000000000164e-05,2.000000000000000164e-05,-1.029992063861229224e-20,0.000000000000000000e+00,-1.029992063861229224e-20,0.000000000000000000e+00,2.020000000000000283e-16,0.000000000000000000e+00
4.799999999999999968e-10,2.000000000000000164e-05,2.000000000000000164e-05,-1.040834085586084278e-20,0.000000000000000000e+00,-1.040834085586084278e-20,0.000000000000000000e+00,2.020000000000000283e-16,0.000000000000000000e+00
4.850000000000000829e-10,2.000000000000000164e-05,2.000000000000000164e-05,-1.051676107310939332e-20,0.000000000000000000e+00,-1.051676107310939332e-20,0.000000000000000000e+00,2.020000000000000283e-16,0.000000000000000000e+00
4.900000000000000657e-10,2.000000000000000164e-05,2.000000000000000164e-05,-1.062518129035794386e-20,0.000000000000000000e+00,-1.062518129035794386e-20,0.000000000000000000e+00,2.020000000000000283e-16,0.000000000000000000e+00
4.950000000000000484e-10,2.000000000000000164e-05,2.000000000000000164e-05,-1.073360150760649440e-20,0.000000000000000000e+00,-1.073360150760649440e-20,0.000000000000000000e+00,2.020000000000000283e-16,0.000000000000000000e+00
5.000000000000000311e-10,2.000000000000000164e-05,2.000000000000000164e-05,-1.084202172485504494e-20,0.000000000000000000e+00,-1.084202172485504494e-20,0.000000000000000000e+00,2.020000000000000283e-16,0.000000000000000000e+00
5.050000000000000139e-10,2.000000000000000164e-05,2.000000000000000164e-05,-1.095044194210359548e-20,0.000000000000000000e+00,-1.095044194210359548e-20,0.000000000000000000e+00,2.020000000000000283e-16,0.000000000000000000e+00
5.100000000000001000e-10,2.000000000000000164e-05,2.000000000000000164e-05,-1.105886215935214602e-20,0.000000000000000000e+00,-1.105886215935214602e-20,0.000000000000000000e+00,2.020000000000000283e-16,0.000000000000000000e+00
5.150000000000000827e-10,2.000000000000000164e-05,2.000000000000000164e-05,-1.116728237660069656e-20,0.000000000000000000e+00,-1.116728237660069656e-20,0.000000000000000000e+00,2.020000000000000283e-16,0.000000000000000000e+00
5.200000000000000655e-10,2.000000000000000164e-05,2.000000000000000164e-05,-1.127570259384924710e-20,0.000000000000000000e+00,-1.127570259384924710e-20,0.000000000000000000e+00,2.020000000000000283e-16,0.000000000000000000e+00
5.250000000000000482e-10,2.000000000000000164e-05,2.000000000000000164e-05,-1.138412281109779614e-20,0.000000000000000000e+00,-1.138412281109779614e-20,0.000000000000000000e+00,2.020000000000000283e-16,0.000000000000000000e+00
5.300000000000000309e-10,2.000000000000000164e-05,2.000000000000000164e-05,-1.149254302834634668e-20,0.000000000000000000e+00,-1.149254302834634668e-20,0.000000000000000000e+00,2.020000000000000283e-16,0.000000000000000000e+00
5.350000000000000137e-10,2.000000000000000164e-05,2.000000000000000164e-05,-1.160096324559489722e-20,0.000000000000000000e+00,-1.160096324559489722e-20,0.000000000000000000e+00,2.020000000000000283e-16,0.000000000000000000e+00
5.400000000000000998e-10,2.000000000000000164e-05,2.000000000000000164e-05,-1.170938346284344775e-20,0.000000000000000000e+00,-1.170938346284344775e-20,0.000000000000000000e+00,2.020000000000000283e-16,0.000000000000000000e+00
5.450000000000000825e-10,2.000000000000000164e-05,2.000000000000000164e-05,-1.181780368009199829e-20,0.000000000000000000e+00,-1.181780368009199829e-20,0.000000000000000000e+00,2.020000000000000283e-16,0.000000000000000000e+00
5.500000000000000653e-10,2.000000000000000164e-05,2.000000000000000164e-05,-1.192622389734054883e-20,0.000000000000000000e+00,-1.192622389734054883e-20,0.000000000000000000e+00,2.020000000000000283e-16,0.000000000000000000e+00
5.550000000000000480e-10,2.000000000000000164e-05,2.000000000000000164e-05,-1.203464411458909937e-20,0.000000000000000000e+00,-1.203464411458909937e-20,0.000000000000000000e+00,2.020000000000000283e-16,0.000000000000000000e+00
5.600000000000000307e-10,2.000000000000000164e-05,2.000000000000000164e-05,-1.214306433183764991e-20,0.000000000000000000e+00,-1.214306433183764991e-20,0.000000000000000000e+00,2.020000000000000283e-16,0.000000000000000000e+00
5.650000000000000135e-10,2.000000000000000164e-05,2.000000000000000164e-05,-1.225148454908620045e-20,0.000000000000000000e+00,-1.225148454908620045e-20,0.000000000000000000e+00,2.020000000000000283e-16,0.000000000000000000e+00
5.700000000000000996e-10,2.000000000000000164e-05,2.000000000000000164e-05,-1.235990476633475099e-20,0.000000000000000000e+00,-1.235990476633475099e-20,0.000000000000000000e+00,2.020000000000000283e-16,0.000000000000000000e+00
5.750000000000000823e-10,2.000000000000000164e-05,2.000000000000000164e-05,-1.246832498358330153e-20,0.000000000000000000e+00,-1.246832498358330153e-20,0.000000000000000000e+00,2.020000000000000283e-16,0.000000000000000000e+00
5.800000000000000651e-10,2.000000000000000164e-05,2.000000000000000164e-05,-1.257674520083185207e-20,0.000000000000000000e+00,-1.257674520083185207e-20,0.000000000000000000e+00,2.020000000000000283e-16,0.000000000000000000e+00
5.850000000000000478e-10,2.000000000000000164e-05,2.000000000000000164e-05,-1.268516541808040261e-20,0.000000000000000000e+00,-1.268516541808040261e-20,0.000000000000000000e+00,2.020000000000000283e-16,0.000000000000000000e+00
5.900000000000000305e-10,2.000000000000000164e-05,2.000000000000000164e-05,-1.279358563532895315e-20,0.000000000000000000e+00,-1.279358563532895315e-20,0.000000000000000000e+00,2.020000000000000283e-16,0.000000000000000000e+00
5.950000000000000133e-10,2.000000000000000164e-05,2.000000000000000164e-05,-1.290200585257750369e-20,0.000000000000000000e+00,-1.290200585257750369e-20,0.000000000000000000e+00,2.020000000000000283e-16,0.000000000000000000e+00
6.000000000000000994e-10,2.000000000000000164e-05,2.000000000000000164e-05,-1.301042606982605273e-20,0.000000000000000000e+00,-1.301042606982605273e-20,0.000000000000000000e+00,2.020000000000000283e-16,0.000000000000000000e+00
6.050000000000000821e-10,2.000000000000000164e-05,2.000000000000000164e-05,-1.311884628707460327e-20,0.000000000000000000e+00,-1.311884628707460327e-20,0.000000000000000000e+00,2.020000000000000283e-16,0.000000000000000000e+00
6.100000000000000649e-10,2.000000000000000164e-05,2.000000000000000164e-05,-1.322726650432315381e-20,0.000000000000000000e+00,-1.322726650432315381e-20,0.000000000000000000e+00,2.020000000000000283e-16,0.000000000000000000e+00
6.150000000000000476e-10,2.000000000000000164e-05,2.000000000000000164e-05,-1.333568672157170435e-20,0.000000000000000000e+00,-1.333568672157170435e-20,0.000000000000000000e+00,2.020000000000000283e-16,0.000000000000000000e+00
6.200000000000000303e-10,2.000000000000000164e-05,2.000000000000000164e-05,-1.344410693882025489e-20,0.000000000000000000e+00,-1.344410693882025489e-20,0.000000000000000000e+00,2.020000000000000283e-16,0.000000000000000000e+00
6.250000000000000131e-10,2.000000000000000164e-05,2.000000000000000164e-05,-1.355252715606880543e-20,0.000000000000000000e+00,-1.355252715606880543e-20,0.000000000000000000e+00,2.020000000000000283e-16,0.000000000000000000e+00
6.300000000000000992e-10,2.000000000000000164e-05,2.000000000000000164e-05,-1.366094737331735596e-20,0.000000000000000000e+00,-1.366094737331735596e-20,0.000000000000000000e+00,2.020000000000000283e-16,0.000000000000000000e+00
6.350000000000000819e-10,2.000000000000000164e-05,2.000000000000000164e-05,-1.376936759056590650e-20,0.000000000000000000e+00,-1.376936759056590650e-20,0.000000000000000000e+00,2.020000000000000283e-16,0.000000000000000000e+00
6.400000000000000647e-10,2.000000000000000164e-05,2.000000000000000164e-05,-1.387778780781445704e-20,0.000000000000000000e+00,-1.387778780781445704e-20,0.000000000000000000e+00,2.020000000000000283e-16,0.000000000000000000e+00
6.450000000000000474e-10,2.000000000000000164e-05,2.000000000000000164e-05,-1.398620802506300758e-20,0.000000000000000000e+00,-1.398620802506300758e-20,0.000000000000000000e+00,2.020000000000000283e-16,0.000000000000000000e+00
6.500000000000000301e-10,2.000000000000000164e-05,2.000000000000000164e-05,-1.409462824231155812e-20,0.000000000000000000e+00,-1.409462824231155812e-20,0.000000000000000000e+00,2.020000000000000283e-16,0.000000000000000000e+00
6.550000000000001163e-10,2.000000000000000164e-05,2.000000000000000164e-05,-1.420304845956010866e-20,0.000000000000000000e+00,-1.420304845956010866e-20,0.000000000000000000e+00,2.020000000000000283e-16,0.000000000000000000e+00
6.600000000000000990e-10,2.000000000000000164e-05,2.000000000000000164e-05,-1.431146867680865920e-20,0.000000000000000000e+00,-1.431146867680865920e-20,0.000000000000000000e+00,2.020000000000000283e-16,0.000000000000000000e+00
6.650000000000000817e-10,2.000000000000000164e-05,2.000000000000000164e-05,-1.441988889405720974e-20,0.000000000000000000e+00,-1.441988889405720974e-20,0.000000000000000000e+00,2.020000000000000283e-16,0.000000000000000000e+00
6.700000000000000645e-10,2.000000000000000164e-05,2.000000000000000164e-05,-1.452830911130576028e-20,0.000000000000000000e+00,-1.452830911130576028e-20,0.000000000000000000e+00,2.020000000000000283e-16,0.000000000000000000e+00
6.750000000000000472e-10,2.000000000000000164e-05,2.000000000000000164e-05,-1.463672932855431082e-20,0.000000000000000000e+00,-1.463672932855431082e-20,0.000000000000000000e+00,2.020000000000000283e-16,0.000000000000000000e+00
6.800000000000000299e-10,2.000000000000000164e-05,2.000000000000000164e-05,-1.474514954580286136e-20,0.000000000000000000e+00,-1.474514954580286136e-20,0.000000000000000000e+00,2.020000000000000283e-16,0.000000000000000000e+00
6.850000000000001161e-10,2.000000000000000164e-05,2.000000000000000164e-05,-1.485356976305141190e-20,0.000000000000000000e+00,-1.485356976305141190e-20,0.000000000000000000e+00,2.020000000000000283e-16,0.000000000000000000e+00
6.900000000000000988e-10,2.000000000000000164e-05,2.000000000000000164e-05,-1.496198998029996244e-20,0.000000000000000000e+00,-1.496198998029996244e-20,0.000000000000000000e+00,2.020000000000000283e-16,0.000000000000000000e+00
6.950000000000000815e-10,2.000000000000000164e-05,2.000000000000000164e-05,-1.507041019754851298e-20,0.000000000000000000e+00,-1.507041019754851298e-20,0.000000000000000000e+00,2.020000000000000283e-16,0.000000000000000000e+00
7.000000000000000643e-10,2.000000000000000164e-05,2.000000000000000164e-05,-1.517883041479706352e-20,0.000000000000000000e+00,-1.517883041479706352e-20,0.000000000000000000e+00,2.020000000000000283e-16,0.000000000000000000e+00
7.050000000000000470e-10,2.000000000000000164e-05,2.000000000000000164e-05,-1.528725063204561406e-20,0.000000000000000000e+00,-1.528725063204561406e-20,0.000000000000000000e+00,2.020000000000000283e-16,0.000000000000000000e+00
7.100000000000000297e-10,2.000000000000000164e-05,2.000000000000000164e-05,-1.539567084929416460e-20,0.000000000000000000e+00,-1.539567084929416460e-20,0.000000000000000000e+00,2.020000000000000283e-16,0.000000000000000000e+00
7.150000000000001159e-10,2.000000000000000164e-05,2.000000000000000164e-05,-1.550409106654271514e-20,0.000000000000000000e+00,-1.550409106654271514e-20,0.000000000000000000e+00,2.020000000000000283e-16,0.000000000000000000e+00
7.200000000000000986e-10,2.000000000000000164e-05,2.000000000000000164e-05,-1.561251128379126568e-20,0.000000000000000000e+00,-1.561251128379126568e-20,0.000000000000000000e+00,2.020000000000000283e-16,0.000000000000000000e+00
7.250000000000000813e-10,2.000000000000000164e-05,2.000000000000000164e-05,-1.572093150103981321e-20,0.000000000000000000e+00,-1.572093150103981321e-20,0.000000000000000000e+00,2.020000000000000283e-16,0.000000000000000000e+00
7.300000000000000641e-10,2.000000000000000164e-05,2.000000000000000164e-05,-1.582935171828836375e-20,0.000000000000000000e+00,-1.582935171828836375e-20,0.000000000000000000e+00,2.020000000000000283e-16,0.000000000000000000e+00
7.350000000000000468e-10,2.000000000000000164e-05,2.000000000000000164e-05,-1.593777193553691429e-20,0.000000000000000000e+00,-1.593777193553691429e-20,0.000000000000000000e+00,2.020000000000000283e-16,0.000000000000000000e+00
7.400000000000000295e-10,2.000000000000000164e-05,2.000000000000000164e-05,-1.604619215278546483e-20,0.000000000000000000e+00,-1.604619215278546483e-20,0.000000000000000000e+00,2.020000000000000283e-16,0.000000000000000000e+00
7.450000000000001157e-10,2.000000000000000164e-05,2.000000000000000164e-05,-1.615461237003401537e-20,0.000000000000000000e+00,-1.615461237003401537e-20,0.000000000000000000e+00,2.020000000000000283e-16,0.000000000000000000e+00
7.500000000000000984e-10,2.000000000000000164e-05,2.000000000000000164e-05,-1.626303258728256591e-20,0.000000000000000000e+00,-1.626303258728256591e-20,0.000000000000000000e+00,2.020000000000000283e-16,0.000000000000000000e+00
7.550000000000000811e-10,2.000000000000000164e-05,2.000000000000000164e-05,-1.637145280453111645e-20,0.000000000000000000e+00,-1.637145280453111645e-20,0.000000000000000000e+00,2.020000000000000283e-16,0.000000000000000000e+00
7.600000000000000639e-10,2.000000000000000164e-05,2.000000000000000164e-05,-1.647987302177966699e-20,0.000000000000000000e+00,-1.647987302177966699e-20,0.000000000000000000e+00,2.020000000000000283e-16,0.000000000000000000e+00
7.650000000000000466e-10,2.000000000000000164e-05,2.000000000000000164e-05,-1.658829323902821753e-20,0.000000000000000000e+00,-1.658829323902821753e-20,0.000000000000000000e+00,2.020000000000000283e-16,0.000000000000000000e+00
7.700000000000000293e-10,2.000000000000000164e-05,2.000000000000000164e-05,-1.669671345627676807e-20,0.000000000000000000e+00,-1.669671345627676807e-20,0.000000000000000000e+00,2.020000000000000283e-16,0.000000000000000000e+00
7.750000000000001155e-10,2.000000000000000164e-05,2.000000000000000164e-05,-1.680513367352531861e-20,0.000000000000000000e+00,-1.680513367352531861e-20,0.000000000000000000e+00,2.020000000000000283e-16,0.000000000000000000e+00
7.800000000000000982e-10,2.000000000000000164e-05,2.000000000000000164e-05,-1.691355389077386915e-20,0.000000000000000000e+00,-1.691355389077386915e-20,0.000000000000000000e+00,2.020000000000000283e-16,0.000000000000000000e+00
7.850000000000000809e-10,2.000000000000000164e-05,2.000000000000000164e-05,-1.702197410802241969e-20,0.000000000000000000e+00,-1.702197410802241969e-20,0.000000000000000000e+00,2.020000000000000283e-16,0.000000000000000000e+00
7.900000000000000637e-10,2.000000000000000164e-05,2.000000000000000164e-05,-1.713039432527097023e-20,0.000000000000000000e+00,-1.713039432527097023e-20,0.000000000000000000e+00,2.020000000000000283e-16,0.000000000000000000e+00
7.950000000000000464e-10,2.000000000000000164e-05,2.000000000000000164e-05,-1.723881454251952077e-20,0.000000000000000000e+00,-1.723881454251952077e-20,0.000000000000000000e+00,2.020000000000000283e-16,0.000000000000000000e+00
8.000000000000001325e-10,2.000000000000000164e-05,2.000000000000000164e-05,-1.734723475976807131e-20,0.000000000000000000e+00,-1.734723475976807131e-20,0.000000000000000000e+00,2.020000000000000283e-16,0.000000000000000000e+00
8.050000000000001153e-10,2.000000000000000164e-05,2.000000000000000164e-05,-1.745565497701662184e-20,0.000000000000000000e+00,-1.745565497701662184e-20,0.000000000000000000e+00,2.020000000000000283e-16,0.000000000000000000e+00
8.100000000000000980e-10,2.000000000000000164e-05,2.000000000000000164e-05,-1.756407519426517238e-20,0.000000000000000000e+00,-1.756407519426517238e-20,0.000000000000000000e+00,2.020000000000000283e-16,0.000000000000000000e+00
8.150000000000000807e-10,2.000000000000000164e-05,2.000000000000000164e-05,-1.767249541151372292e-20,0.000000000000000000e+00,-1.767249541151372292e-20,0.000000000000000000e+00,2.020000000000000283e-16,0.000000000000000000e+00
8.200000000000000635e-10,2.000000000000000164e-05,2.000000000000000164e-05,-1.778091562876227346e-20,0.000000000000000000e+00,-1.778091562876227346e-20,0.000000000000000000e+00,2.020000000000000283e-16,0.000000000000000000e+00
8.250000000000000462e-10,2.000000000000000164e-05,2.000000000000000164e-05,-1.788933584601082400e-20,0.000000000000000000e+00,-1.788933584601082400e-20,0.000000000000000000e+00,2.020000000000000283e-16,0.000000000000000000e+00
8.300000000000001323e-10,2.000000000000000164e-05,2.000000000000000164e-05,-1.799775606325937454e-20,0.000000000000000000e+00,-1.799775606325937454e-20,0.000000000000000000e+00,2.020000000000000283e-16,0.000000000000000000e+00
8.350000000000001151e-10,2.000000000000000164e-05,2.000000000000000164e-05,-1.810617628050792508e-20,0.000000000000000000e+00,-1.810617628050792508e-20,0.000000000000000000e+00,2.020000000000000283e-16,0.000000000000000000e+00
8.400000000000000978e-10,2.000000000000000164e-05,2.000000000000000164e-05,-1.821459649775647562e-20,0.000000000000000000e+00,-1.821459649775647562e-20,0.000000000000000000e+00,2.020000000000000283e-16,0.000000000000000000e+00
8.450000000000000805e-10,2.000000000000000164e-05,2.000000000000000164e-05,-1.832301671500502616e-20,0.000000000000000000e+00,-1.832301671500502616e-20,0.000000000000000000e+00,2.020000000000000283e-16,0.000000000000000000e+00
8.500000000000000633e-10,2.000000000000000164e-05,2.000000000000000164e-05,-1.843143693225357670e-20,0.000000000000000000e+00,-1.843143693225357670e-20,0.000000000000000000e+00,2.020000000000000283e-16,0.000000000000000000e+00
8.550000000000000460e-10,2.000000000000000164e-05,2.000000000000000164e-05,-1.853985714950212724e-20,0.000000000000000000e+00,-1.853985714950212724e-20,0.000000000000000000e+00,2.020000000000000283e-16,0.000000000000000000e+00
8.600000000000001321e-10,2.000000000000000164e-05,2.000000000000000164e-05,-1.864827736675067778e-20,0.000000000000000000e+00,-1.864827736675067778e-20,0.000000000000000000e+00,2.020000000000000283e-16,0.000000000000000000e+00
8.650000000000001149e-10,2.000000000000000164e-05,2.000000000000000164e-05,-1.875669758399922832e-20,0.000000000000000000e+00,-1.875669758399922832e-20,0.000000000000000000e+00,2.020000000000000283e-16,0.000000000000000000e+00
8.700000000000000976e-10,2.000000000000000164e-05,2.000000000000000164e-05,-1.886511780124777886e-20,0.000000000000000000e+00,-1.886511780124777886e-20,0.000000000000000000e+00,2.020000000000000283e-16,0.000000000000000000e+00
8.750000000000000803e-10,2.000000000000000164e-05,2.000000000000000164e-05,-1.897353801849632940e-20,0.000000000000000000e+00,-1.897353801849632940e-20,0.000000000000000000e+00,2.020000000000000283e-16,0.000000000000000000e+00
8.800000000000000631e-10,2.000000000000000164e-05,2.000000000000000164e-05,-1.908195823574487693e-20,0.000000000000000000e+00,-1.908195823574487693e-20,0.000000000000000000e+00,2.020000000000000283e-16,0.000000000000000000e+00
8.850000000000000458e-10,2.000000000000000164e-05,2.000000000000000164e-05,-1.919037845299342747e-20,0.000000000000000000e+00,-1.919037845299342747e-20,0.000000000000000000e+00,2.020000000000000283e-16,0.000000000000000000e+00
8.900000000000001319e-10,2.000000000000000164e-05,2.000000000000000164e-05,-1.929879867024197801e-20,0.000000000000000000e+00,-1.929879867024197801e-20,0.000000000000000000e+00,2.020000000000000283e-16,0.000000000000000000e+00
8.950000000000001147e-10,2.000000000000000164e-05,2.000000000000000164e-05,-1.940721888749052855e-20,0.000000000000000000e+00,-1.940721888749052855e-20,0.000000000000000000e+00,2.020000000000000283e-16,0.000000000000000000e+00
9.000000000000000974e-10,2.000000000000000164e-05,2.000000000000000164e-05,-1.951563910473907909e-20,0.000000000000000000e+00,-1.951563910473907909e-20,0.000000000000000000e+00,2.020000000000000283e-16,0.000000000000000000e+00
9.050000000000000801e-10,2.000000000000000164e-05,2.000000000000000164e-05,-1.962405932198762963e-20,0.000000000000000000e+00,-1.962405932198762963e-20,0.000000000000000000e+00,2.020000000000000283e-16,0.000000000000000000e+00
9.100000000000000629e-10,2.000000000000000164e-05,2.000000000000000164e-05,-1.973247953923618017e-20,0.000000000000000000e+00,-1.973247953923618017e-20,0.000000000000000000e+00,2.020000000000000283e-16,0.000000000000000000e+00
9.150000000000000456e-10,2.000000000000000164e-05,2.000000000000000164e-05,-1.984089975648473071e-20,0.000000000000000000e+00,-1.984089975648473071e-20,0.000000000000000000e+00,2.020000000000000283e-16,0.000000000000000000e+00
9.200000000000001317e-10,2.000000000000000164e-05,2.000000000000000164e-05,-1.994931997373328125e-20,0.000000000000000000e+00,-1.994931997373328125e-20,0.000000000000000000e+00,2.020000000000000283e-16,0.000000000000000000e+00
9.250000000000001145e-10,2.000000000000000164e-05,2.000000000000000164e-05,-2.005774019098183179e-20,0.000000000000000000e+00,-2.005774019098183179e-20,0.000000000000000000e+00,2.020000000000000283e-16,0.000000000000000000e+00
9.300000000000000972e-10,2.000000000000000164e-05,2.000000000000000164e-05,-2.016616040823038233e-20,0.000000000000000000e+00,-2.016616040823038233e-20,0.000000000000000000e+00,2.020000000000000283e-16,0.000000000000000000e+00
9.350000000000001833e-10,2.000000000000000164e-05,2.000000000000000164e-05,-2.027458062547893287e-20,0.000000000000000000e+00,-2.027458062547893287e-20,0.000000000000000000e+00,2.020000000000000283e-16,0.000000000000000000e+00
9.400000000000000627e-10,2.000000000000000164e-05,2.000000000000000164e-05,-2.038300084272748341e-20,0.000000000000000000e+00,-2.038300084272748341e-20,0.000000000000000000e+00,2.020000000000000283e-16,0.000000000000000000e+00
9.450000000000001488e-10,2.000000000000000164e-05,2.000000000000000164e-05,-2.049142105997603395e-20,0.000000000000000000e+00,-2.049142105997603395e-20,0.000000000000000000e+00,2.020000000000000283e-16,0.000000000000000000e+00
9.500000000000000281e-10,2.000000000000000164e-05,2.000000000000000164e-05,-2.059984127722458449e-20,0.000000000000000000e+00,-2.059984127722458449e-20,0.000000000000000000e+00,2.020000000000000283e-16,0.000000000000000000e+00
9.550000000000001143e-10,2.000000000000000164e-05,2.000000000000000164e-05,-2.070826149447313503e-20,0.000000000000000000e+00,-2.070826149447313503e-20,0.000000000000000000e+00,2.020000000000000283e-16,0.000000000000000000e+00
9.599999999999999936e-10,2.000000000000000164e-05,2.000000000000000164e-05,-2.081668171172168557e-20,0.000000000000000000e+00,-2.081668171172168557e-20,0.000000000000000000e+00,2.020000000000000283e-16,0.000000000000000000e+00
9.650000000000000797e-10,2.000000000000000164e-05,2.000000000000000164e-05,-2.092510192897023611e-20,0.000000000000000000e+00,-2.092510192897023611e-20,0.000000000000000000e+00,2.020000000000000283e-16,0.000000000000000000e+00
9.700000000000001659e-10,2.000000000000000164e-05,2.000000000000000164e-05,-2.103352214621878665e-20,0.000000000000000000e+00,-2.103352214621878665e-20,0.000000000000000000e+00,2.020000000000000283e-16,0.000000000000000000e+00
9.750000000000000452e-10,2.000000000000000164e-05,2.000000000000000164e-05,-2.114194236346733719e-20,0.000000000000000000e+00,-2.114194236346733719e-20,0.000000000000000000e+00,2.020000000000000283e-16,0.000000000000000000e+00
9.800000000000001313e-10,2.000000000000000164e-05,2.000000000000000164e-05,-2.125036258071588773e-20,0.000000000000000000e+00,-2.125036258071588773e-20,0.000000000000000000e+00,2.020000000000000283e-16,0.000000000000000000e+00
9.850000000000000107e-10,2.000000000000000164e-05,2.000000000000000164e-05,-2.135878279796443826e-20,0.000000000000000000e+00,-2.135878279796443826e-20,0.000000000000000000e+00,2.020000000000000283e-16,0.000000000000000000e+00
9.900000000000000968e-10,2.000000000000000164e-05,2.000000000000000164e-05,-2.146720301521298880e-20,0.000000000000000000e+00,-2.146720301521298880e-20,0.000000000000000000e+00,2.020000000000000283e-16,0.000000000000000000e+00
9.950000000000001829e-10,2.000000000000000164e-05,2.000000000000000164e-05,-2.157562323246153934e-20,0.000000000000000000e+00,-2.157562323246153934e-20,0.000000000000000000e+00,2.020000000000000283e-16,0.000000000000000000e+00
1.000000000000000062e-09,2.000000000000000164e-05,2.000000000000000164e-05,-2.168404344971008988e-20,0.000000000000000000e+00,-2.168404344971008988e-20,0.000000000000000000e+00,2.020000000000000283e-16,0.000000000000000000e+00
1.005000000000000148e-09,1.999982156226349798e-05,1.857256574846841908e-05,3.627756771495353140e-08,7.136279068975394499e-05,7.139906825746890307e-05,2.785884862270262760e-03,2.017211323193989686e-16,7.137193647303033883e-05
1.010000000000000028e-09,1.999932045957064937e-05,1.728099553440568591e-05,1.404565581554662632e-07,1.359162462582481727e-04,1.360567028164036396e-04,2.592149330160852840e-03,2.014795744420035525e-16,1.359519351915136794e-04
1.015000000000000114e-09,1.999854370432494743e-05,1.611238380371147284e-05,3.060568413290416525e-07,1.943079950306737227e-04,1.946140518720027772e-04,2.416857570556720913e-03,2.012689243896274889e-16,1.943863344887117176e-04
1.019999999999999993e-09,1.999753304155537184e-05,1.505505124994628884e-05,5.272146152091632251e-07,2.471240895804541530e-04,2.476513041956633328e-04,2.258257687491943208e-03,2.010839506125044524e-16,2.472599654732706657e-04
1.025000000000000079e-09,1.999632548862761373e-05,1.409842828161274784e-05,7.986238055087608362e-07,2.948948603507433111e-04,2.956934841562520663e-04,2.114764242241912173e-03,2.009203768136271887e-16,2.951020052155251634e-04
1.029999999999999959e-09,1.999495382174749480e-05,1.323294956466382372e-05,1.115483036233920889e-06,3.381002128541835301e-04,3.392156958904174718e-04,1.984942434699573603e-03,2.007747061529322405e-16,3.383912729294803463e-04
1.035000000000000045e-09,1.999344701440706746e-05,1.244995858760884393e-05,1.473447641480691483e-06,3.771744213399111801e-04,3.786478689813918574e-04,1.867493788141326525e-03,2.006440776555149274e-16,3.775610221564431289e-04
1.040000000000000131e-09,1.999183063243010884e-05,1.174162129663577670e-05,1.868586239271471672e-06,4.125104667897166273e-04,4.143790530289880860e-04,1.761243194495366437e-03,2.005261489519801480e-16,4.130032769120839235e-04
1.045000000000000010e-09,1.999012718982643702e-05,1.110084793870689529e-05,2.297341433776876027e-06,4.444639625559770662e-04,4.467613039897539427e-04,1.665127190806034354e-03,2.004190005463937265e-16,4.450727551945507987e-04
1.050000000000000096e-09,1.998835646926047733e-05,1.052122233251820149e-05,2.756494253488897681e-06,4.733567068371137684e-04,4.761132010906026792e-04,1.578183349877730233e-03,2.003210576809934614e-16,4.740904191214184347e-04
1.054999999999999976e-09,1.998653581057376749e-05,9.996937861358615927e-06,3.243131970213154627e-06,4.994798974607575579e-04,5.027230294309707401e-04,1.499540679203792328e-03,2.002310265819419100e-16,5.003466872264403969e-04
1.060000000000000062e-09,1.998468037047053443e-05,9.522739549003450497e-06,3.754618977504399790e-06,5.230970410733541730e-04,5.268516600508585347e-04,1.428410932350517503e-03,2.001478424557092094e-16,5.241043410658485866e-04
1.065000000000000148e-09,1.998280335617622544e-05,9.093871640497666495e-06,4.288570437717334545e-06,5.444465857839279541e-04,5.487351562216452767e-04,1.364080746074649913e-03,2.000706270846930834e-16,5.456011552244907550e-04
1.070000000000000027e-09,1.998091623560863564e-05,8.706030164634014217e-06,4.842828434488980314e-06,5.637443035487311018e-04,5.685871319832200982e-04,1.305904524695102129e-03,1.999986542627042612e-16,5.650522770437952638e-04
1.075000000000000113e-09,1.997902892635650829e-05,8.355320004658148416e-06,5.415440392485526748e-06,5.811854460849180410e-04,5.866008864774035830e-04,1.253298000698722242e-03,1.999313216317284957e-16,5.826523798886777163e-04
1.079999999999999993e-09,1.997714996553937830e-05,8.038216048733297757e-06,6.004639548885359456e-06,5.969466958403039968e-04,6.029513353891893020e-04,1.205732407309994701e-03,1.998681277438611618e-16,5.985776115040085475e-04
1.085000000000000079e-09,1.997528666242246541e-05,7.751528032420535198e-06,6.608827281556896538e-06,6.111879315000964732e-04,6.177967587816533867e-04,1.162729204863080209e-03,1.998086533870652701e-16,6.129873569604491054e-04
1.090000000000000165e-09,1.997344523547936129e-05,7.492368722283486130e-06,7.226557117429519142e-06,6.240538256597938545e-04,6.312803827772233431e-04,1.123855308342522948e-03,1.997525463890884066e-16,6.260258338338101558e-04
1.095000000000000044e-09,1.997163093543205585e-05,7.258125123076480074e-06,7.856520261333286068e-06,6.356752906177787991e-04,6.435318108791120411e-04,1.088718768461471994e-03,1.996995092575953701e-16,6.378235355830238216e-04
1.100000000000000131e-09,1.996984815564958966e-05,7.046432421155409973e-06,8.497532500765812765e-06,6.461707867247089808e-04,6.546683192254747902e-04,1.056964863173311554e-03,1.996492891321102743e-16,6.484985375725406918e-04
1.105000000000000010e-09,1.996810053115330682e-05,6.855150404062417971e-06,9.148522355784270815e-06,6.556475063545444274e-04,6.647960287103286525e-04,1.028272560609362748e-03,1.996016696194987841e-16,6.581576788102636759e-04
1.110000000000000096e-09,1.996639102735554009e-05,6.682342120951470271e-06,9.808520355654012373e-06,6.642024453202034773e-04,6.740109656758574812e-04,1.002351318142720568e-03,1.995564641633174868e-16,6.668976312282497458e-04
1.114999999999999975e-09,1.996472201954942790e-05,6.526254570888649203e-06,1.047664933513708436e-05,6.719233724330388874e-04,6.824000217681760192e-04,9.789381856332973059e-04,1.995135106616256736e-16,6.748058672078973991e-04
1.120000000000000061e-09,1.996309536406879267e-05,6.385301226301990628e-06,1.115211565348613788e-05,6.788897068883401921e-04,6.900418225418262792e-04,9.577951839452985552e-04,1.994726671003829378e-16,6.819615350329407202e-04
1.125000000000000148e-09,1.996151246194766428e-05,6.258046217172770468e-06,1.183420124842360668e-05,6.851733122387447007e-04,6.970075134871682888e-04,9.387069325759155600e-04,1.994338080124867147e-16,6.884362510320760466e-04
1.130000000000000027e-09,1.995997431582835800e-05,6.143190018136358652e-06,1.252225644572457806e-05,6.908392148845999723e-04,7.033614713303245995e-04,9.214785027204537961e-04,1.993968216075831307e-16,6.942948163392497016e-04
1.135000000000000113e-09,1.995848158079410026e-05,6.039556495661450572e-06,1.321569345256767123e-05,6.959462542566324794e-04,7.091619477092001066e-04,9.059334743492176078e-04,1.993616074464417243e-16,6.995958654451878578e-04
1.139999999999999992e-09,1.995703460973621496e-05,5.946081186051409670e-06,1.391398046964697338e-05,7.005476711842402796e-04,7.144616516538872123e-04,8.919121779077114794e-04,1.993280745570855923e-16,7.043924530310866853e-04
1.145000000000000079e-09,1.995563349380635360e-05,5.861800687296242140e-06,1.461663636321755854e-05,7.046916403255055290e-04,7.193082766887231401e-04,8.792701030944363380e-04,1.992961399089796353e-16,7.087325849576946992e-04
1.150000000000000165e-09,1.995427809845040179e-05,5.785843058920780574e-06,1.532322584383937316e-05,7.084217519764810693e-04,7.237449778203204967e-04,8.678764588381170878e-04,1.992657271771740443e-16,7.126596987241021587e-04
1.155000000000000044e-09,1.995296809547202711e-05,5.717419134035231325e-06,1.603335510364481989e-05,7.117774480718397486e-04,7.278108031754845211e-04,8.576128701052846987e-04,1.992367657410274613e-16,7.162130982048317942e-04
1.160000000000000130e-09,1.995170299152994729e-05,5.655814656898489280e-06,1.674666786853502075e-05,7.147944167315729022e-04,7.315410846001078925e-04,8.483721985347733802e-04,1.992091898725134066e-16,7.194283470162254716e-04
1.165000000000000009e-09,1.995048215343319699e-05,5.600383167543687810e-06,1.746284182585394930e-05,7.175049492944754860e-04,7.349677911203294015e-04,8.400574751315531986e-04,1.991829380775764955e-16,7.223376244490700140e-04
1.170000000000000096e-09,1.994930483056287255e-05,5.550539562471339732e-06,1.818158539183997014e-05,7.199382634045766241e-04,7.381198487964165875e-04,8.325809343707010106e-04,1.991579525609004216e-16,7.249700475297555418e-04
1.175000000000000182e-09,1.994817017471646735e-05,5.505754267162743926e-06,1.890263478654822583e-05,7.221207953776861629e-04,7.410234301642343617e-04,8.258631400744116278e-04,1.991341787900693815e-16,7.273519624332613377e-04
1.180000000000000061e-09,1.994707725764149106e-05,5.465547962272330980e-06,1.962575138700839509e-05,7.240764647684580241e-04,7.437022161554664125e-04,8.198321943408496673e-04,1.991115651396739215e-16,7.295072081645306503e-04
1.185000000000000147e-09,1.994602508649886245e-05,5.429486810883310175e-06,2.035071933216184265e-05,7.258269137807776611e-04,7.461776331129394563e-04,8.144230216324965669e-04,1.990900625996356077e-16,7.314573551472456237e-04
1.190000000000000027e-09,1.994501261747251984e-05,5.397178139211455182e-06,2.107734335563710645e-05,7.273917239130532836e-04,7.484690672686903799e-04,8.095767208817182536e-04,1.990696245350474945e-16,7.332219211078760002e-04
1.195000000000000113e-09,1.994403876772021908e-05,5.368266527667110591e-06,2.180544682469877092e-05,7.287886120026554381e-04,7.505940588273541650e-04,8.052399791500666022e-04,1.990502064872851078e-16,7.348185664156468453e-04
1.199999999999999992e-09,1.994310242584108203e-05,5.342430273280657484e-06,2.253486996576447457e-05,7.300336076280211899e-04,7.525684775937857085e-04,8.013645409920986057e-04,1.990317660081372475e-16,7.362632708334495473e-04
1.205000000000000078e-09,1.994220246101782642e-05,5.319378188202587751e-06,2.326546825874859089e-05,7.311412136407619130e-04,7.544066818995104904e-04,7.979067282303881287e-04,1.990142625203233004e-16,7.375704934486792706e-04
1.210000000000000164e-09,1.994133773097579577e-05,5.298846702343063794e-06,2.399711098417785934e-05,7.321245514316365851e-04,7.561216624158144817e-04,7.948270053514595217e-04,1.989976571990734346e-16,7.387533173846417677e-04
1.215000000000000044e-09,1.994050708888664720e-05,5.280597241250815291e-06,2.472967990855067742e-05,7.329954923817915465e-04,7.577251722903422578e-04,7.920895861876222580e-04,1.989819128705098054e-16,7.398235807408494197e-04
1.220000000000000130e-09,1.993970938933154811e-05,5.264413853077729788e-06,2.546306809479286252e-05,7.337647768126909177e-04,7.592278449074837260e-04,7.896620779616594834e-04,1.989669939234207218e-16,7.407919950726988027e-04
1.225000000000000009e-09,1.993894349342726705e-05,5.250101060960994416e-06,2.619717882591286883e-05,7.344421216233137147e-04,7.606393004492266073e-04,7.875151591441491641e-04,1.989528662317161371e-16,7.416682525963183342e-04
1.230000000000000095e-09,1.993820827320784135e-05,5.237481919403925863e-06,2.693192463109034845e-05,7.350363176901957658e-04,7.619682423212861041e-04,7.856222879105888507e-04,1.989394970854039711e-16,7.424611231915249389e-04
1.234999999999999975e-09,1.993750261534522688e-05,5.226396255272088286e-06,2.766722640445579907e-05,7.355553180036569771e-04,7.632225444081128067e-04,7.839594382908132361e-04,1.989268551283802190e-16,7.431785421737281596e-04
1.240000000000000061e-09,1.993682542428366897e-05,5.216699075863380359e-06,2.840301260774507082e-05,7.360063174210144813e-04,7.644093300287596029e-04,7.825048613795070572e-04,1.989149103016821929e-16,7.438276897132351656e-04
1.245000000000000147e-09,1.993617562485492338e-05,5.208259128177714009e-06,2.913921854885104406e-05,7.363958248338604330e-04,7.655350433827115076e-04,7.812388692266570862e-04,1.989036337911428918e-16,7.444150626968068464e-04
1.250000000000000026e-09,1.993555216443444647e-05,5.200957595020469680e-06,2.987578572905306038e-05,7.367297284706987885e-04,7.666055141997518523e-04,7.801436392530704689e-04,1.988929979786158555e-16,7.449465397506860060e-04
1.255000000000000112e-09,1.993495401469251379e-05,5.194686914939097983e-06,3.061266125239135510e-05,7.370133549876707818e-04,7.676260162400621234e-04,7.792030372408647026e-04,1.988829763961214656e-16,7.454274400758634494e-04
1.260000000000000198e-09,1.993438017298854818e-05,5.189349714227648725e-06,3.134979729127479074e-05,7.372515229380449371e-04,7.686013202293196737e-04,7.784024571341473546e-04,1.988735436824124370e-16,7.458625766844295072e-04
1.265000000000000078e-09,1.993382966345183212e-05,5.184857840352044324e-06,3.208715060297236013e-05,7.374485911549894662e-04,7.695357417579618128e-04,7.777286760528066096e-04,1.988646755415702800e-16,7.462563045698174377e-04
1.270000000000000164e-09,1.993330153778732748e-05,5.181131487160673482e-06,3.282468209214765902e-05,7.376085025313326845e-04,7.704331846234802961e-04,7.771697230741010003e-04,1.988563487033360993e-16,7.466125642930406935e-04
1.275000000000000043e-09,1.993279487584109707e-05,5.178098403160487176e-06,3.356235641505575496e-05,7.377348236340304250e-04,7.712971800490862071e-04,7.767147604740731086e-04,1.988485408849491761e-16,7.469349214211520394e-04
1.280000000000000129e-09,1.993230878595622454e-05,5.175693174967397459e-06,3.430014162143861625e-05,7.378307805494413538e-04,7.721309221708800175e-04,7.763539762451096256e-04,1.988412307543234093e-16,7.472266022126379699e-04
1.285000000000000009e-09,1.993184240514672039e-05,5.173856578789584165e-06,3.503800883053193315e-05,7.378992913178568586e-04,7.729373001483887985e-04,7.760784868184375908e-04,1.988343978944323415e-16,7.474905259068966587e-04
1.290000000000000095e-09,1.993139489911399507e-05,5.172534993480946382e-06,3.577593193793770452e-05,7.379429952816523447e-04,7.737189272195900153e-04,7.758802490221419421e-04,1.988280227688090171e-16,7.477293339409682308e-04
1.295000000000000181e-09,1.993096546212773227e-05,5.171679869316000569e-06,3.651388735042520841e-05,7.379642796405865360e-04,7.744781669910117241e-04,7.757519803974000702e-04,1.988220866880896768e-16,7.479454163859237557e-04
1.300000000000000060e-09,1.993055331679060687e-05,5.171247247193292607e-06,3.725185374600263133e-05,7.379653034798657352e-04,7.752171572258683124e-04,7.756870870789939199e-04,1.988165717775502327e-16,7.481409358675002522e-04
1.305000000000000146e-09,1.993015771370412707e-05,5.171197323477279627e-06,3.798981185685432492e-05,7.379480195113424009e-04,7.759378313681967055e-04,7.756795985215919186e-04,1.988114609455977099e-16,7.483178492103856848e-04
1.310000000000000026e-09,1.992977793105089128e-05,5.171494056143800774e-06,3.872774427296727593e-05,7.379141937453546083e-04,7.766419380183218774e-04,7.757241084215701042e-04,1.988067378531888447e-16,7.484779270227783074e-04
1.315000000000000112e-09,1.992941327410691738e-05,5.172104808306123288e-06,3.946563526447764144e-05,7.378654232900397217e-04,7.773310585545173835e-04,7.758157212459184694e-04,1.988023868841564418e-16,7.486227714172283840e-04
1.319999999999999991e-09,1.992906307469595700e-05,5.173000025571266810e-06,4.020347062095520527e-05,7.378031524562344689e-04,7.780066230771897013e-04,7.759500038356899809e-04,1.987983931164262548e-16,7.487538320451196574e-04
1.325000000000000077e-09,1.992872669059650128e-05,5.174152944013665955e-06,4.094123750601337102e-05,7.377286873291417305e-04,7.786699248351551354e-04,7.761229416020498781e-04,1.987947422941131028e-16,7.488724206052669056e-04
1.330000000000000163e-09,1.992840350491074133e-05,5.175539325858456107e-06,4.167892432578563329e-05,7.376432089526142833e-04,7.793221332783998624e-04,7.763308988787683907e-04,1.987914208004846351e-16,7.489797239718391699e-04
1.335000000000000043e-09,1.992809292540378770e-05,5.177137220242931454e-06,4.241652060994810438e-05,7.375477852580427989e-04,7.799643058679909440e-04,7.765705830364397384e-04,1.987884156317830807e-16,7.490768160729949828e-04
1.340000000000000129e-09,1.992779438382030109e-05,5.178926746674737038e-06,4.315401690409347517e-05,7.374433818572781723e-04,7.805973987613716407e-04,7.768390120012105523e-04,1.987857143718950231e-16,7.491646686391165936e-04
1.345000000000000215e-09,1.992750733518490415e-05,5.180889899031594028e-06,4.389140467237548083e-05,7.373308718076654637e-04,7.812222764800409378e-04,7.771334848547390957e-04,1.987833051678591918e-16,7.492441609282137188e-04
1.350000000000000094e-09,1.992723125709185624e-05,5.183010368152075123e-06,4.462867620944550769e-05,7.372110444469890441e-04,7.818397206564345857e-04,7.774515552228112702e-04,1.987811767062015726e-16,7.493160885258342120e-04
1.354999999999999974e-09,1.992696564898877869e-05,5.185273381252311671e-06,4.536582456079642228e-05,7.370846133868233681e-04,7.824504379476197565e-04,7.777910071878467880e-04,1.987793181900850648e-16,7.493811713075506373e-04
1.360000000000000060e-09,1.992671003145863511e-05,5.187665556571097880e-06,4.610284345071258679e-05,7.369522237443768952e-04,7.830550671950895023e-04,7.781498334856647159e-04,1.987777193172633335e-16,7.494400606437175670e-04
1.365000000000000146e-09,1.992646394550348708e-05,5.190174771797695762e-06,4.683972721710146837e-05,7.368144586852895354e-04,7.836541859023909767e-04,7.785262157696544016e-04,1.987763702588228328e-16,7.494933459186047973e-04
1.370000000000000025e-09,1.992622695183314917e-05,5.192790044973925637e-06,4.757647075255115745e-05,7.366718453429611530e-04,7.842483160955122630e-04,7.789185067460888557e-04,1.987752616387002043e-16,7.495415604291530073e-04
1.375000000000000111e-09,1.992599863016133500e-05,5.195501426686418924e-06,4.831306945102039761e-05,7.365248601737458276e-04,7.848379296247661981e-04,7.793252140029627946e-04,1.987743845139581423e-16,7.495851867223891647e-04
1.380000000000000198e-09,1.992577857851156797e-05,5.198299902477395097e-06,4.904951915962437251e-05,7.363739338017087199e-04,7.854234529613330924e-04,7.797449853716092527e-04,1.987737303558052515e-16,7.496246614249196675e-04
1.385000000000000077e-09,1.992556641253464549e-05,5.201177304504090594e-06,4.978581613503043225e-05,7.362194554015277738e-04,7.860052715365582060e-04,7.801765956756135907e-04,1.987732910313403764e-16,7.496603796128349564e-04
1.390000000000000163e-09,1.992536176483931357e-05,5.204126231569108560e-06,5.052195700402433906e-05,7.360617766635102911e-04,7.865837336675345895e-04,7.806189347353663247e-04,1.987730587860065601e-16,7.496926987657652388e-04
1.395000000000000042e-09,1.992516428433732057e-05,5.207139976727297050e-06,5.125793872784929929e-05,7.359012153805011541e-04,7.871591541083504872e-04,7.810709965090945625e-04,1.987730262267333325e-16,7.497219423446557177e-04
1.400000000000000129e-09,1.992497363560399547e-05,5.210212461750212734e-06,5.199375856995801638e-05,7.357380586926891590e-04,7.877318172626471618e-04,7.815318692625318779e-04,1.987731863057515777e-16,7.497484030290731735e-04
1.405000000000000008e-09,1.992478949825507553e-05,5.213338177797526009e-06,5.272941406685215191e-05,7.355725660228775321e-04,7.883019800897296840e-04,7.820007266696289098e-04,1.987735323050599506e-16,7.497723456464408347e-04
1.410000000000000094e-09,1.992461156634043739e-05,5.216512131706463605e-06,5.346490300171479300e-05,7.354049717316987365e-04,7.888698747334135092e-04,7.824768197559695340e-04,1.987740578215239107e-16,7.497940098225209680e-04
1.415000000000000180e-09,1.992443954775524652e-05,5.219729797366360980e-06,5.420022338056921249e-05,7.352354875194442923e-04,7.894357109000135590e-04,7.829594696049541622e-04,1.987747567525893767e-16,7.498136123796691078e-04
1.420000000000000059e-09,1.992427316366874197e-05,5.222987071695947695e-06,5.493537341072305270e-05,7.350643045986397220e-04,7.899996780093627340e-04,7.834480607543921424e-04,1.987756232825895073e-16,7.498313495068660052e-04
1.425000000000000146e-09,1.992411214797094421e-05,5.226280234786834659e-06,5.567035148127945257e-05,7.348915956592054401e-04,7.905619471404849198e-04,7.839420352180251480e-04,1.987766518696267321e-16,7.498473987232421320e-04
1.430000000000000232e-09,1.992395624673728972e-05,5.229605913818090294e-06,5.640515614551817961e-05,7.347175166459599203e-04,7.911226727914781338e-04,7.844408870727135339e-04,1.987778372330101425e-16,7.498619206547493723e-04
1.435000000000000111e-09,1.992380521771124627e-05,5.232961050384301891e-06,5.713978610496777164e-05,7.345422083663472089e-04,7.916819944713150009e-04,7.849441575576453006e-04,1.987791743412291835e-16,7.498750606417594082e-04
1.439999999999999990e-09,1.992365882980473633e-05,5.236342870913502195e-06,5.787424019500740646e-05,7.343657979445617238e-04,7.922400381395691303e-04,7.854514306370253326e-04,1.987806584004443954e-16,7.498869501936784691e-04
1.445000000000000077e-09,1.992351686261630402e-05,5.239748859882012326e-06,5.860851737185226773e-05,7.341884001367146540e-04,7.927969175085669692e-04,7.859623289823018709e-04,1.987822848434776019e-16,7.498977083051386284e-04
1.450000000000000163e-09,1.992337910596667680e-05,5.243176735561089909e-06,5.934261670079009370e-05,7.340101185202794207e-04,7.933527352210695618e-04,7.864765103341635286e-04,1.987840493192812587e-16,7.499074426469351257e-04
1.455000000000000042e-09,1.992324535945157274e-05,5.246624428055438281e-06,6.007653734554946361e-05,7.338310465698067147e-04,7.939075839153562257e-04,7.869936642083157812e-04,1.987859476828712075e-16,7.499162506436325790e-04
1.460000000000000128e-09,1.992311543201132987e-05,5.250090059416379770e-06,6.081027855869140152e-05,7.336512686297475558e-04,7.944615471884389777e-04,7.875135089124569825e-04,1.987879759857032139e-16,7.499242204486222590e-04
1.465000000000000214e-09,1.992298914151711020e-05,5.253571925633128852e-06,6.154383967292652963e-05,7.334708607941990048e-04,7.950147004671255209e-04,7.880357888449693532e-04,1.987901304664776842e-16,7.499314318263914985e-04
1.470000000000000094e-09,1.992286631437318733e-05,5.257068480324251030e-06,6.227722009326915802e-05,7.332898917024468317e-04,7.955671117957159762e-04,7.885602720486376309e-04,1.987924075423542943e-16,7.499379569508327027e-04
1.474999999999999973e-09,1.992274678513502261e-05,5.260578319968264429e-06,6.301041928994816088e-05,7.331084232583378853e-04,7.961188425482860868e-04,7.890867479952396813e-04,1.987948038005612703e-16,7.499438611275842641e-04
1.480000000000000059e-09,1.992263039614264902e-05,5.264100170527631761e-06,6.374343679200232332e-05,7.329265112807508732e-04,7.966699480727531830e-04,7.896150255791447269e-04,1.987973159903830273e-16,7.499492034476319766e-04
1.485000000000000145e-09,1.992251699716893223e-05,5.267632875334208821e-06,6.447627218149429990e-05,7.327442060917361416e-04,7.972204782732304415e-04,7.901449313001313078e-04,1.987999410155100918e-16,7.499540373787100950e-04
1.490000000000000025e-09,1.992240644508231595e-05,5.271175384116741568e-06,6.520892508828409612e-05,7.325615530482786769e-04,7.977704781365627324e-04,7.906763076175112471e-04,1.988026759267377752e-16,7.499584113004259056e-04
1.495000000000000111e-09,1.992229860352355694e-05,5.274726743062315157e-06,6.594139518530853347e-05,7.323785930230620805e-04,7.983199882083706275e-04,7.912090114593473261e-04,1.988055179149974503e-16,7.499623689884579118e-04
1.500000000000000197e-09,1.992219334259600903e-05,5.278286085813925987e-06,6.667368218431788188e-05,7.321953628391041861e-04,7.988690450234220679e-04,7.917429128720889116e-04,1.988084643047075881e-16,7.499659500526782447e-04
1.505000000000000076e-09,1.992209053856903970e-05,5.281852625315605089e-06,6.740578583202588489e-05,7.320118956626717101e-04,7.994176814946975544e-04,7.922778937973408040e-04,1.988115125474304286e-16,7.499691903335811054e-04
1.510000000000000162e-09,1.992199007359408085e-05,5.285425646424947433e-06,6.813770590663369912e-05,7.318282213584566438e-04,7.999659272650903701e-04,7.928138469637421555e-04,1.988146602158208996e-16,7.499721222609869332e-04
1.515000000000000248e-09,1.992189183543292778e-05,5.289004499220466590e-06,6.886944221469144063e-05,7.316443668106230444e-04,8.005138090253144986e-04,7.933506748830699597e-04,1.988179049978565681e-16,7.499747751786106859e-04
1.520000000000000128e-09,1.992179571719778137e-05,5.292588592938105997e-06,6.960099458826527309e-05,7.314603562129837720e-04,8.010613508012489909e-04,7.938882889407159436e-04,1.988212446913342013e-16,7.499771756377436940e-04
1.525000000000000007e-09,1.992170161710266085e-05,5.296177390477435775e-06,7.033236288238035763e-05,7.312762113312612977e-04,8.016085742136416824e-04,7.944266085716153968e-04,1.988246771986233237e-16,7.499793476629877101e-04
1.530000000000000093e-09,1.992160943822572975e-05,5.299770403423724799e-06,7.106354697271325045e-05,7.310919517401002609e-04,8.021554987128134842e-04,7.949655605135587605e-04,1.988282005216643954e-16,7.499813129927013515e-04
1.535000000000000179e-09,1.992151908828213182e-05,5.303367187537146362e-06,7.179454675350978744e-05,7.309075950372492239e-04,8.027021417907590113e-04,7.955050781305719526e-04,1.988318127572009861e-16,7.499830912965651077e-04
1.540000000000000059e-09,1.992143047940688635e-05,5.306967338665026815e-06,7.252536213570651418e-05,7.307231570370929276e-04,8.032485191727994824e-04,7.960451007997540679e-04,1.988355120922349010e-16,7.499847003724416632e-04
1.545000000000000145e-09,1.992134352794753784e-05,5.310570489037200436e-06,7.325599304523626768e-05,7.305386519455168634e-04,8.037946449907531175e-04,7.965855733555800722e-04,1.988392967996959750e-16,7.499861563245031589e-04
1.550000000000000231e-09,1.992125815426609264e-05,5.314176303908319162e-06,7.398643942150004763e-05,7.303540925178887569e-04,8.043405319393887639e-04,7.971264455862479099e-04,1.988431652343153199e-16,7.499874737244073856e-04
1.555000000000000110e-09,1.992117428254985953e-05,5.317784478514397981e-06,7.471670121598896830e-05,7.301694902017730757e-04,8.048861914177620576e-04,7.976676717771596752e-04,1.988471158286925321e-16,7.499886657571351199e-04
1.559999999999999990e-09,1.992109184063090973e-05,5.321394735313962560e-06,7.544677839104212884e-05,7.299848552658473296e-04,8.054316336568894449e-04,7.982092102970944365e-04,1.988511470895501808e-16,7.499897443529507553e-04
1.565000000000000076e-09,1.992101075981372264e-05,5.325006821486985411e-06,7.617667091872678143e-05,7.298001969163368189e-04,8.059768678350636003e-04,7.987510232230478303e-04,1.988552575941644595e-16,7.499907203068036446e-04
1.570000000000000162e-09,1.992093097471070559e-05,5.328620506667310934e-06,7.690637877982949477e-05,7.296155234021697768e-04,8.065219021819992852e-04,7.992930760000965893e-04,1.988594459869659097e-16,7.499916033863680874e-04
1.575000000000000041e-09,1.992085242308525898e-05,5.332235580886602364e-06,7.763590196294705055e-05,7.294308421099328799e-04,8.070667440728799711e-04,7.998353371329904038e-04,1.988637109763012955e-16,7.499924024298010696e-04
1.580000000000000127e-09,1.992077504570205132e-05,5.335851852709884191e-06,7.836524046366774880e-05,7.292461596496083295e-04,8.076114001132760241e-04,8.003777779064826219e-04,1.988680513313495512e-16,7.499931254341978730e-04
1.585000000000000213e-09,1.992069878618420951e-05,5.339469147544669578e-06,7.909439428383415046e-05,7.290614819319769964e-04,8.081558762158111333e-04,8.009203721317004502e-04,1.988724658791847542e-16,7.499937796356295067e-04
1.590000000000000093e-09,1.992062359087711589e-05,5.343087306107335212e-06,7.982336343087938300e-05,7.288768142384890710e-04,8.087001776693684540e-04,8.014630959161002377e-04,1.988769535019792427e-16,7.499943715815638335e-04
1.594999999999999972e-09,1.992054940871853782e-05,5.346706183031995897e-06,8.055214791722989408e-05,7.286921612843271162e-04,8.092443092015570239e-04,8.020059274547994320e-04,1.988815131343405697e-16,7.499949071963944247e-04
1.600000000000000265e-09,1.992047619111477787e-05,5.350325645608455111e-06,8.128074775976816167e-05,7.285075272753161650e-04,8.097882750350843132e-04,8.025488468412682666e-04,1.988861437607750191e-16,7.499953918407351429e-04
1.605000000000000144e-09,1.992040389182262456e-05,5.353945572637156215e-06,8.200916297934942440e-05,7.283229159592734866e-04,8.103320789386228703e-04,8.030918358955733798e-04,1.988908444132734695e-16,7.499958303650687422e-04
1.610000000000000024e-09,1.992033246683680536e-05,5.357565853390122063e-06,8.273739360036717406e-05,7.281383306723341600e-04,8.108757242727013476e-04,8.036348780085183314e-04,1.988956141690124071e-16,7.499962271582947312e-04
1.615000000000000110e-09,1.992026187428275237e-05,5.361186386667983707e-06,8.346543965036286989e-05,7.279537743807385029e-04,8.114192140311013999e-04,8.041779580001975035e-04,1.989004521481658965e-16,7.499965861916527881e-04
1.620000000000000196e-09,1.992019207431436540e-05,5.364807079944065468e-06,8.419330115967507721e-05,7.277692497185149273e-04,8.119625508781900180e-04,8.047210619916098659e-04,1.989053575118217063e-16,7.499969110584693956e-04
1.625000000000000075e-09,1.992012302901660320e-05,5.368427848587392294e-06,8.492097816112460155e-05,7.275847590214604621e-04,8.125057371825850907e-04,8.052641772881088695e-04,1.989103294599983590e-16,7.499972050101209355e-04
1.630000000000000161e-09,1.992005470231267573e-05,5.372048615157239216e-06,8.564847068973179651e-05,7.274003043577718496e-04,8.130487750475036326e-04,8.058072922735858316e-04,1.989153672297572147e-16,7.499974709885744986e-04
1.635000000000000248e-09,1.991998705987561738e-05,5.375669308762525415e-06,8.637577878246305014e-05,7.272158875556546456e-04,8.135916663381177229e-04,8.063503963143788325e-04,1.989204700934057166e-16,7.499977116558314552e-04
1.640000000000000127e-09,1.991992006904405113e-05,5.379289864480007614e-06,8.710290247800345491e-05,7.270315102282021895e-04,8.141344127062056851e-04,8.068934796720011625e-04,1.989256373567870670e-16,7.499979294205710726e-04
1.645000000000000006e-09,1.991985369874192720e-05,5.382910222825778961e-06,8.782984181655305897e-05,7.268471737958073645e-04,8.146770156123604506e-04,8.074365334238668441e-04,1.989308683576522649e-16,7.499981264622556905e-04
1.650000000000000092e-09,1.991978791940210704e-05,5.386530329275108064e-06,8.855659683964442204e-05,7.266628795063498998e-04,8.152194763459942812e-04,8.079795493912662148e-04,1.989361624641110048e-16,7.499983047529448690e-04
1.655000000000000179e-09,1.991972270289355245e-05,5.390150133826114543e-06,8.928316758997944299e-05,7.264786284533719359e-04,8.157617960433513789e-04,8.085225200739171950e-04,1.989415190731573698e-16,7.499984660770316622e-04
1.660000000000000058e-09,1.991965802245198401e-05,5.393769590603205982e-06,9.000955411128320940e-05,7.262944215924388523e-04,8.163039757037220210e-04,8.090654385904808617e-04,1.989469376092660042e-16,7.499986120491019224e-04
1.665000000000000144e-09,1.991959385261387355e-05,5.397388657496574784e-06,9.073575644817364933e-05,7.261102597558649011e-04,8.168460162040385233e-04,8.096082986244862141e-04,1.989524175230576815e-16,7.499987441300930320e-04
1.670000000000000230e-09,1.991953016915356379e-05,5.401007295834409121e-06,9.146177464604492537e-05,7.259261436659577129e-04,8.173879183120026518e-04,8.101510943751613885e-04,1.989579582900279811e-16,7.499988636419159960e-04
1.675000000000000109e-09,1.991946694902338647e-05,5.404625470084793247e-06,9.218760875096348680e-05,7.257420739469296663e-04,8.179296826978931260e-04,8.106938205127189922e-04,1.989635594093380135e-16,7.499989717806853111e-04
1.679999999999999989e-09,1.991940417029667743e-05,5.408243147584529047e-06,9.291325880957554645e-05,7.255580511356074210e-04,8.184713099451829945e-04,8.112364721376793316e-04,1.989692204026640396e-16,7.499990696286901832e-04
1.685000000000000282e-09,1.991934181211349190e-05,5.411860298292405506e-06,9.363872486902439672e-05,7.253740756910543198e-04,8.190128005600787707e-04,8.117790447438608462e-04,1.989749408131024084e-16,7.499991581652261418e-04
1.690000000000000161e-09,1.991927985462894229e-05,5.415476894564653663e-06,9.436400697687723953e-05,7.251901480032144076e-04,8.195541549800915929e-04,8.123215341846980663e-04,1.989807202041276441e-16,7.499992382763968771e-04
1.695000000000000040e-09,1.991921827896400929e-05,5.419092910950533845e-06,9.508910518105987667e-05,7.250062684006738012e-04,8.200953735817336507e-04,8.128639366425800513e-04,1.989865581586012429e-16,7.499993107639817136e-04
1.700000000000000127e-09,1.991915706715871113e-05,5.422708324006201021e-06,9.581401952979896246e-05,7.248224371576254951e-04,8.206364566874244440e-04,8.134062486009301226e-04,1.989924542778284657e-16,7.499993763534607656e-04
1.705000000000000213e-09,1.991909620212752588e-05,5.426323112125177937e-06,9.653875007157077524e-05,7.246386545001174025e-04,8.211774045716881913e-04,8.139484668187766617e-04,1.989984081806605907e-16,7.499994357012757309e-04
1.710000000000000092e-09,1.991903566761698229e-05,5.429937255383903738e-06,9.726329685505595189e-05,7.244549206116538851e-04,8.217182174667098235e-04,8.144905883075855522e-04,1.990044195026415376e-16,7.499994894013993973e-04
1.715000000000000178e-09,1.991897544816525283e-05,5.433550735400967258e-06,9.798765992909946724e-05,7.242712356382143089e-04,8.222588955673137490e-04,8.150326103101451260e-04,1.990104878951949963e-16,7.499995379912805394e-04
1.720000000000000264e-09,1.991891552906373234e-05,5.437163535208793386e-06,9.871183934267537040e-05,7.240875996927469528e-04,8.227994390354223097e-04,8.155745302813189723e-04,1.990166130248518855e-16,7.499995819572230797e-04
1.725000000000000144e-09,1.991885589632043604e-05,5.440775639136622075e-06,9.943583514485587142e-05,7.239040128591907493e-04,8.233398480040466207e-04,8.161163458704933553e-04,1.990227945725145669e-16,7.499996217392531804e-04
1.730000000000000023e-09,1.991879653662519662e-05,5.444387032703761867e-06,1.001596473847841414e-04,7.237204751960716904e-04,8.238801225808558724e-04,8.166580549055643071e-04,1.990290322327575452e-16,7.499996577355225137e-04
1.735000000000000109e-09,1.991873743731651815e-05,5.447997702522192108e-06,1.008832761116505006e-04,7.235369867397162952e-04,8.244202628513668364e-04,8.171996553783288705e-04,1.990353257131617186e-16,7.499996903062938975e-04
1.740000000000000195e-09,1.991867858635005289e-05,5.451607636207638895e-06,1.016067213746716969e-04,7.233535475071207338e-04,8.249602688817923900e-04,8.177411454311458343e-04,1.990416747336813671e-16,7.499997197775465927e-04
1.745000000000000075e-09,1.991861997226857233e-05,5.455216822298386964e-06,1.023299832230729076e-04,7.231701574985092192e-04,8.255001407215821268e-04,8.182825233447580835e-04,1.990480790260413889e-16,7.499997464442387761e-04
1.750000000000000161e-09,1.991856158417342889e-05,5.458825250181103320e-06,1.030530617060720867e-04,7.229868166996163614e-04,8.260398784056884481e-04,8.188237875271655404e-04,1.990545383331645876e-16,7.499997705732598229e-04
1.755000000000000247e-09,1.991850341169735942e-05,5.462432910023052583e-06,1.037759568728665883e-04,7.228035250837153841e-04,8.265794819565819860e-04,8.193649365034578417e-04,1.990610524086261497e-16,7.499997924061006967e-04
1.760000000000000126e-09,1.991844544497864053e-05,5.466039792710129746e-06,1.044986687726215114e-04,7.226202826134254902e-04,8.271189513860470422e-04,8.199059689065194738e-04,1.990676210161351419e-16,7.499998121612721537e-04
1.765000000000000005e-09,1.991838767463647721e-05,5.469645889790182665e-06,1.052211974544599153e-04,7.224370892423146373e-04,8.276582866967746067e-04,8.204468834685273507e-04,1.990742439290411762e-16,7.499998300364906032e-04
1.770000000000000092e-09,1.991833009174758402e-05,5.473251193421153309e-06,1.059435429674545790e-04,7.222539449163215778e-04,8.281974878837761568e-04,8.209876790131729642e-04,1.990809209298649155e-16,7.499998462106568847e-04
1.775000000000000178e-09,1.991827268782391495e-05,5.476855696323604106e-06,1.066657053606208735e-04,7.220708495750155931e-04,8.287365549356364531e-04,8.215283544485405855e-04,1.990876518098517501e-16,7.499998608456479119e-04
1.780000000000000057e-09,1.991821545479145709e-05,5.480459391737247368e-06,1.073876846829109876e-04,7.218878031527104031e-04,8.292754878356213772e-04,8.220689087605870899e-04,1.990944363685468484e-16,7.499998740879353868e-04
1.785000000000000143e-09,1.991815838497005767e-05,5.484062273381113561e-06,1.081094809832093204e-04,7.217048055794472120e-04,8.298142865626565324e-04,8.226093410071670274e-04,1.991012744133910630e-16,7.499998860700526166e-04
1.790000000000000229e-09,1.991810147105425402e-05,5.487664335417040802e-06,1.088310943103284561e-04,7.215218567818606609e-04,8.303529510921890764e-04,8.231496503125561000e-04,1.991081657593370020e-16,7.499998969119204932e-04
1.795000000000000109e-09,1.991804470609499802e-05,5.491265572416196727e-06,1.095525247130062777e-04,7.213389566839401544e-04,8.308914813969464457e-04,8.236898358624294633e-04,1.991151102284831947e-16,7.499999067220482468e-04
1.800000000000000195e-09,1.991798808348228171e-05,5.494865979328349828e-06,1.102737722399035810e-04,7.211561052076966450e-04,8.314298774476002124e-04,8.242298968992524573e-04,1.991221076497258831e-16,7.499999155986190576e-04
1.805000000000000281e-09,1.991793159692862019e-05,5.498465551453673423e-06,1.109948369396024354e-04,7.209733022737473433e-04,8.319681392133498193e-04,8.247698327180510254e-04,1.991291578584288103e-16,7.499999236304724518e-04
1.810000000000000160e-09,1.991787524045333403e-05,5.502064284416843388e-06,1.117157188606050859e-04,7.207905478018245340e-04,8.325062666624296606e-04,8.253096426625264759e-04,1.991362606961083661e-16,7.499999308979937804e-04
1.815000000000000040e-09,1.991781900836757718e-05,5.505662174143235680e-06,1.124364180513331805e-04,7.206078417112170634e-04,8.330442597625502439e-04,8.258493261214853130e-04,1.991434160101340414e-16,7.499999374739192400e-04
1.820000000000000126e-09,1.991776289526009998e-05,5.509259216837039860e-06,1.131569345601276893e-04,7.204251839211530620e-04,8.335821184812808055e-04,8.263888825255559468e-04,1.991506236534437732e-16,7.499999434240625044e-04
1.825000000000000212e-09,1.991770689598373393e-05,5.512855408961128502e-06,1.138772684352488225e-04,7.202425743511303019e-04,8.341198427863791244e-04,8.269283113441692991e-04,1.991578834842732171e-16,7.499999488079747874e-04
1.830000000000000091e-09,1.991765100564248968e-05,5.516450747218531738e-06,1.145974197248766409e-04,7.200600129211979800e-04,8.346574326460746074e-04,8.274676120827797760e-04,1.991651953658980364e-16,7.499999536795400696e-04
1.835000000000000177e-09,1.991759521957931232e-05,5.520045228535363615e-06,1.153173884771115435e-04,7.198774995521974116e-04,8.351948880293089822e-04,8.280067842803044914e-04,1.991725591663887636e-16,7.499999580875145976e-04
1.840000000000000263e-09,1.991753953336442622e-05,5.523638850045102008e-06,1.160371747399752839e-04,7.196950341659662936e-04,8.357322089059415369e-04,8.285458275067653436e-04,1.991799747583777904e-16,7.499999620760149912e-04
1.845000000000000143e-09,1.991748394278423887e-05,5.527231609074093349e-06,1.167567785614120548e-04,7.195126166855072983e-04,8.362693952469193396e-04,8.290847413611139973e-04,1.991874420188376488e-16,7.499999656849592978e-04
1.850000000000000022e-09,1.991742844383080383e-05,5.530823503128167809e-06,1.174761999892896531e-04,7.193302470351318383e-04,8.368064470244214372e-04,8.296235254692251341e-04,1.991949608288701138e-16,7.499999689504671706e-04
1.855000000000000108e-09,1.991737303269176470e-05,5.534414529880303113e-06,1.181954390714009168e-04,7.191479251405731490e-04,8.373433642119741064e-04,8.301621794820455025e-04,1.992025310735053398e-16,7.499999719052209083e-04
1.860000000000000194e-09,1.991731770574083115e-05,5.538004687159210768e-06,1.189144958554651612e-04,7.189656509290810477e-04,8.378801467845461547e-04,8.307007030738816373e-04,1.992101526415115479e-16,7.499999745787926672e-04
1.865000000000000074e-09,1.991726245952868510e-05,5.541593972938805753e-06,1.196333703891297109e-04,7.187834243294939250e-04,8.384167947186236224e-04,8.312390959408208274e-04,1.992178254252129963e-16,7.499999769979403402e-04
1.870000000000000367e-09,1.991720729077433766e-05,5.545182385328453777e-06,1.203520627199715934e-04,7.186012452722941469e-04,8.389533079922657267e-04,8.317773577992680937e-04,1.992255493203175896e-16,7.499999791868757881e-04
1.875000000000000246e-09,1.991715219635693321e-05,5.548769922563954619e-06,1.210705728954991384e-04,7.184191136896489298e-04,8.394896865851480140e-04,8.323154883845932132e-04,1.992333242257528692e-16,7.499999811675063998e-04
1.880000000000000125e-09,1.991709717330790249e-05,5.552356582999192072e-06,1.217889009631536855e-04,7.182370295154354937e-04,8.400259304785891385e-04,8.328534874498787904e-04,1.992411500435093267e-16,7.499999829596550776e-04
1.885000000000000005e-09,1.991704221880354934e-05,5.555942365098398840e-06,1.225070469703113459e-04,7.180549926852575421e-04,8.405620396555688609e-04,8.333913547647598362e-04,1.992490266784922696e-16,7.499999845812583199e-04
1.890000000000000298e-09,1.991698733015796958e-05,5.559527267428985560e-06,1.232250109642846561e-04,7.178730031364491653e-04,8.410980141007337943e-04,8.339290901143478051e-04,1.992569540383803695e-16,7.499999860485456575e-04
1.895000000000000177e-09,1.991693250481632547e-05,5.563111288654885658e-06,1.239427929923243529e-04,7.176910608080720212e-04,8.416338538003963199e-04,8.344666932982328046e-04,1.992649320334912347e-16,7.499999873762020668e-04
1.900000000000000056e-09,1.991687774034843546e-05,5.566694427530382178e-06,1.246603931016211761e-04,7.175091656409026504e-04,8.421695587425238536e-04,8.350041641295573606e-04,1.992729605766534921e-16,7.499999885775152043e-04
1.905000000000000349e-09,1.991682303444269918e-05,5.570276682894375910e-06,1.253778113393073999e-04,7.173273175774162128e-04,8.427051289167236670e-04,8.355415024341564289e-04,1.992810395830853757e-16,7.499999896645084384e-04
1.910000000000000229e-09,1.991676838490029705e-05,5.573858053665052466e-06,1.260950477524586219e-04,7.171455165617622021e-04,8.432405643142208782e-04,8.360787080497579038e-04,1.992891689702787402e-16,7.499999906480604370e-04
1.915000000000000108e-09,1.991671378962969126e-05,5.577438538834927990e-06,1.268121023880954706e-04,7.169637625397382074e-04,8.437758649278337322e-04,8.366157808252391815e-04,1.992973486578895816e-16,7.499999915380152135e-04
1.919999999999999987e-09,1.991665924664137759e-05,5.581018137466241293e-06,1.275289752931850961e-04,7.167820554587568454e-04,8.443110307519419416e-04,8.371527206199361974e-04,1.993055785676328721e-16,7.499999923432794889e-04
1.925000000000000280e-09,1.991660475404290827e-05,5.584596848686651779e-06,1.282456665146429866e-04,7.166003952678128008e-04,8.448460617824557874e-04,8.376895273029977837e-04,1.993138586231833360e-16,7.499999930719127884e-04
1.930000000000000159e-09,1.991655031003414515e-05,5.588174671685253301e-06,1.289621760993342144e-04,7.164187819174446621e-04,8.453809580167789307e-04,8.382262007527879494e-04,1.993221887500806886e-16,7.499999937312075643e-04
1.935000000000000452e-09,1.991649591290274677e-05,5.591751605708835365e-06,1.296785040940753614e-04,7.162372153596955650e-04,8.459157194537708993e-04,8.387627408563253471e-04,1.993305688756394830e-16,7.499999943277619457e-04
1.940000000000000332e-09,1.991644156101989586e-05,5.595327650058409442e-06,1.303946505456356295e-04,7.160556955480742699e-04,8.464503460937098994e-04,8.392991475087614468e-04,1.993389989288637664e-16,7.499999948675467425e-04
1.945000000000000211e-09,1.991638725283620314e-05,5.598902804085968221e-06,1.311106155007385216e-04,7.158742224375117934e-04,8.469848379382503151e-04,8.398354206128952467e-04,1.993474788403653335e-16,7.499999953559643171e-04
1.950000000000000090e-09,1.991633298687783468e-05,5.602477067191447306e-06,1.318263990060631154e-04,7.156927959843193418e-04,8.475191949903824844e-04,8.403715600787170417e-04,1.993560085422863938e-16,7.499999957979027951e-04
1.954999999999999970e-09,1.991627876174281204e-05,5.606050438819901201e-06,1.325420011082454729e-04,7.155114161461455929e-04,8.480534172543910659e-04,8.409075658229851497e-04,1.993645879682257640e-16,7.499999961977852877e-04
1.959999999999999849e-09,1.991622457609752250e-05,5.609622918458854646e-06,1.332574218538800227e-04,7.153300828819334368e-04,8.485875047358135137e-04,8.414434377688282275e-04,1.993732170531691027e-16,7.499999965596138018e-04
1.965000000000000142e-09,1.991617042867334448e-05,5.613194505635824192e-06,1.339726612895206714e-04,7.151487961518760653e-04,8.491214574413967096e-04,8.419791758453736051e-04,1.993818957334216112e-16,7.499999968870098982e-04
1.970000000000000435e-09,1.991611631826351354e-05,5.616765199916003264e-06,1.346877194616822671e-04,7.149675559173755560e-04,8.496552753790578231e-04,8.425147799874004506e-04,1.993906239465454911e-16,7.499999971832499272e-04
1.975000000000000314e-09,1.991606224372005946e-05,5.620335000900094599e-06,1.354025964168414670e-04,7.147863621409982025e-04,8.501889585578396424e-04,8.430502501350141831e-04,1.993994016312986354e-16,7.499999974512991819e-04
1.980000000000000194e-09,1.991600820395096705e-05,5.623903908222274834e-06,1.361172922014381738e-04,7.146052147864346161e-04,8.507225069878728441e-04,8.435855862333412709e-04,1.994082287275782740e-16,7.499999976938400868e-04
1.985000000000000073e-09,1.991595419791741817e-05,5.627471921548288674e-06,1.368318068618765116e-04,7.144241138184564662e-04,8.512559206803329507e-04,8.441207882322433265e-04,1.994171051763655564e-16,7.499999979133001706e-04
1.989999999999999952e-09,1.991590022463120318e-05,5.631039040573668431e-06,1.375461404445258828e-04,7.142430592028766899e-04,8.517891996474025998e-04,8.446558560860502850e-04,1.994260309196742019e-16,7.499999981118760269e-04
1.995000000000000245e-09,1.991584628315225104e-05,5.634605265022045890e-06,1.382602929957219983e-04,7.140620509065102439e-04,8.523223439022321879e-04,8.451907897533069173e-04,1.994350059005008748e-16,7.499999982915547814e-04
2.000000000000000125e-09,1.991579237258626436e-05,5.638170594643589529e-06,1.389742645617678802e-04,7.138810888971337722e-04,8.528553534589017066e-04,8.457255891965384260e-04,1.994440300627783463e-16,7.499999984541348003e-04
2.005000000000000417e-09,1.991573849208249682e-05,5.641735029213518828e-06,1.396880551889347836e-04,7.137001731434488520e-04,8.533882283323836627e-04,8.462602543820278581e-04,1.994531033513308252e-16,7.499999986012434710e-04
2.010000000000000297e-09,1.991568464083161180e-05,5.645298568530719366e-06,1.404016649234631723e-04,7.135193036150445879e-04,8.539209685385077330e-04,8.467947852796079387e-04,1.994622257118313837e-16,7.499999987343527064e-04
2.015000000000000176e-09,1.991563081806367331e-05,5.648861212416435850e-06,1.411150938115634504e-04,7.133384802823619425e-04,8.544535740939254199e-04,8.473291818624653724e-04,1.994713970907617998e-16,7.499999988547949911e-04
2.020000000000000055e-09,1.991557702304620791e-05,5.652422960713043073e-06,1.418283418994168842e-04,7.131577031166582824e-04,8.549860450160751395e-04,8.478634441069564202e-04,1.994806174353739276e-16,7.499999989637755240e-04
2.024999999999999935e-09,1.991552325508237853e-05,5.655983813282891404e-06,1.425414092331764152e-04,7.129769720899744190e-04,8.555183813231507801e-04,8.483975719924337529e-04,1.994898866936531141e-16,7.499999990623854463e-04
2.030000000000000228e-09,1.991546951350924298e-05,5.659543770007217506e-06,1.432542958589674191e-04,7.127962871751013230e-04,8.560505830340687421e-04,8.489315655010826276e-04,1.994992048142835876e-16,7.499999991516112735e-04
2.035000000000000107e-09,1.991541579769609376e-05,5.663102830785124510e-06,1.439670018228883833e-04,7.126156483455484657e-04,8.565826501684368219e-04,8.494654246177686663e-04,1.995085717466153750e-16,7.499999992323461715e-04
2.040000000000000400e-09,1.991536210704289271e-05,5.666660995532611310e-06,1.446795271710116931e-04,7.124350555755141123e-04,8.571145827465258054e-04,8.499991493298917049e-04,1.995179874406327721e-16,7.499999993053979791e-04
2.045000000000000279e-09,1.991530844097876335e-05,5.670218264181667937e-06,1.453918719493842008e-04,7.122545088398547471e-04,8.576463807892390021e-04,8.505327396272501601e-04,1.995274518469245886e-16,7.499999993714982077e-04
2.050000000000000159e-09,1.991525479896056445e-05,5.673774636679416666e-06,1.461040362040279847e-04,7.120740081140574263e-04,8.581780443180854652e-04,8.510661955019125507e-04,1.995369649166554287e-16,7.499999994313081121e-04
2.055000000000000038e-09,1.991520118047153813e-05,5.677330112987301404e-06,1.468160199809409453e-04,7.118935533742118058e-04,8.587095733551527782e-04,8.515995169480952004e-04,1.995465266015388206e-16,7.499999994854262804e-04
2.059999999999999917e-09,1.991514758502002921e-05,5.680884693080330443e-06,1.475278233260972393e-04,7.117131445969849873e-04,8.592409679230822266e-04,8.521327039620495885e-04,1.995561368538117018e-16,7.499999995343943800e-04
2.065000000000000210e-09,1.991509401213823494e-05,5.684438376946354790e-06,1.482394462854481464e-04,7.115327817595939802e-04,8.597722280450421266e-04,8.526657565419531711e-04,1.995657956262093971e-16,7.499999995787026870e-04
2.070000000000000090e-09,1.991504046138105983e-05,5.687991164585387151e-06,1.489508889049222598e-04,7.113524648397835833e-04,8.603033537447058159e-04,8.531986746878081167e-04,1.995755028719426926e-16,7.499999996187944233e-04
2.075000000000000383e-09,1.991498693232500436e-05,5.691543056008958185e-06,1.496621512304262985e-04,7.111721938158023157e-04,8.608343450462285600e-04,8.537314584013437277e-04,1.995852585446757970e-16,7.499999996550709607e-04
2.080000000000000262e-09,1.991493342456709430e-05,5.695094051239516806e-06,1.503732333078453519e-04,7.109919686663788898e-04,8.613652019742242417e-04,8.542641076859275361e-04,1.995950625985048943e-16,7.499999996878952899e-04
2.085000000000000141e-09,1.991487993772389815e-05,5.698644150309855894e-06,1.510841351830435842e-04,7.108117893707021533e-04,8.618959245537457375e-04,8.547966225464783503e-04,1.996049149879385946e-16,7.499999997175960326e-04
2.090000000000000021e-09,1.991482647143055139e-05,5.702193353262565962e-06,1.517948569018645328e-04,7.106316559083991884e-04,8.624265128102637755e-04,8.553290029893849400e-04,1.996148156678783364e-16,7.499999997444702603e-04
2.094999999999999900e-09,1.991477302533986539e-05,5.705741660149529469e-06,1.525053985101315417e-04,7.104515682595167721e-04,8.629569667696482867e-04,8.558612490224293832e-04,1.996247645936006859e-16,7.499999997687871803e-04
2.100000000000000193e-09,1.991471959912146001e-05,5.709289071031436328e-06,1.532157600536481683e-04,7.102715264045011013e-04,8.634872864581493238e-04,8.563933606547154001e-04,1.996347617207400813e-16,7.499999997907898707e-04
2.105000000000000072e-09,1.991466619246092681e-05,5.712835585977323959e-06,1.539259415781987523e-04,7.100915303241801205e-04,8.640174719023788457e-04,8.569253378965986396e-04,1.996448070052718718e-16,7.499999998106989668e-04
2.110000000000000365e-09,1.991461280505906663e-05,5.716381205064146151e-06,1.546359431295485246e-04,7.099115799997460664e-04,8.645475231292945638e-04,8.574571807596219515e-04,1.996549004034975512e-16,7.499999998287133112e-04
2.115000000000000244e-09,1.991455943663115105e-05,5.719925928376363102e-06,1.553457647534440677e-04,7.097316754127394210e-04,8.650774401661834615e-04,8.579888892564544551e-04,1.996650418720295725e-16,7.499999998450134235e-04
2.120000000000000124e-09,1.991450608690618711e-05,5.723469756005551778e-06,1.560554064956137766e-04,7.095518165450317820e-04,8.656072230406455315e-04,8.585204634008327751e-04,1.996752313677769018e-16,7.499999998597622593e-04
2.125000000000000003e-09,1.991445275562627362e-05,5.727012688050043387e-06,1.567648684017679673e-04,7.093720033788114424e-04,8.661368717805793555e-04,8.590519032075065063e-04,1.996854688479320514e-16,7.499999998731075954e-04
2.129999999999999882e-09,1.991439944254594382e-05,5.730554724614571011e-06,1.574741505175993646e-04,7.091922358965686455e-04,8.666663864141680102e-04,8.595832086921856297e-04,1.996957542699580882e-16,7.499999998851831140e-04
2.135000000000000175e-09,1.991434614743157246e-05,5.734095865809944349e-06,1.581832528887833190e-04,7.090125140810813820e-04,8.671957669698646468e-04,8.601143798714916151e-04,1.997060875915767023e-16,7.499999998961092698e-04
2.140000000000000468e-09,1.991429287006078291e-05,5.737636111752733768e-06,1.588921755609781316e-04,7.088328379154024876e-04,8.677250134763805651e-04,8.606454167629100415e-04,1.997164687707563246e-16,7.499999999059958926e-04
2.145000000000000348e-09,1.991423961022190502e-05,5.741175462564979775e-06,1.596009185798251905e-04,7.086532073828461994e-04,8.682541259626714442e-04,8.611763193847470120e-04,1.997268977657015513e-16,7.499999999149415363e-04
2.150000000000000227e-09,1.991418636771344997e-05,5.744713918373907567e-06,1.603094819909493764e-04,7.084736224669770967e-04,8.687831044579265001e-04,8.617070877560861113e-04,1.997373745348422229e-16,7.499999999230359728e-04
2.155000000000000106e-09,1.991413314234361225e-05,5.748251479311666141e-06,1.610178658399593070e-04,7.082940831515973073e-04,8.693119489915565601e-04,8.622377218967499160e-04,1.997478990368239336e-16,7.499999999303600838e-04
2.159999999999999986e-09,1.991407993392979865e-05,5.751788145515076729e-06,1.617260701724474185e-04,7.081145894207360996e-04,8.698406595931835452e-04,8.627682218272615059e-04,1.997584712304983180e-16,7.499999999369871611e-04
2.165000000000000279e-09,1.991402674229817430e-05,5.755323917125389698e-06,1.624340950339903447e-04,7.079351412586392571e-04,8.703692362926296290e-04,8.632985875688084683e-04,1.997690910749141521e-16,7.499999999429836665e-04
2.170000000000000158e-09,1.991397356728323912e-05,5.758858794288064323e-06,1.631419404701490799e-04,7.077557386497586702e-04,8.708976791199076958e-04,8.638288191432096129e-04,1.997797585293087496e-16,7.499999999484095563e-04
2.175000000000000451e-09,1.991392040872741110e-05,5.762392777152551097e-06,1.638496065264691411e-04,7.075763815787429033e-04,8.714259881052120174e-04,8.643589165728826629e-04,1.997904735530999008e-16,7.499999999533190406e-04
2.180000000000000330e-09,1.991386726648065021e-05,5.765925865872087597e-06,1.645570932484807856e-04,7.073970700304280882e-04,8.719541632789089280e-04,8.648888798808131379e-04,1.998012361058778606e-16,7.499999999577612337e-04
2.185000000000000209e-09,1.991381414040009249e-05,5.769458060603507903e-06,1.652644006816992000e-04,7.072178039898292497e-04,8.724822046715284768e-04,8.654187090905261651e-04,1.998120461473986927e-16,7.499999999617809133e-04
2.190000000000000089e-09,1.991376103034967734e-05,5.772989361507058789e-06,1.659715288716247174e-04,7.070385834421308736e-04,8.730101123137555368e-04,8.659484042260588319e-04,1.998229036375762825e-16,7.499999999654179779e-04
2.194999999999999968e-09,1.991370793619984600e-05,5.776519768746225239e-06,1.666784778637428986e-04,7.068594083726810516e-04,8.735378862364239503e-04,8.664779653119337316e-04,1.998338085364766665e-16,7.499999999687088567e-04
2.200000000000000261e-09,1.991365485782719592e-05,5.780049282487566116e-06,1.673852477035246678e-04,7.066802787669815072e-04,8.740655264705061208e-04,8.670073923731348936e-04,1.998447608043107609e-16,7.499999999716865096e-04
2.205000000000000140e-09,1.991360179511419620e-05,5.783577902900560008e-06,1.680918384364266376e-04,7.065011946106817403e-04,8.745930330471083508e-04,8.675366854350840401e-04,1.998557604014291345e-16,7.499999999743809688e-04
2.210000000000000433e-09,1.991354874794889281e-05,5.787105630157454452e-06,1.687982501078910821e-04,7.063221558895719804e-04,8.751204059974630354e-04,8.680658445236181424e-04,1.998668072883157478e-16,7.499999999768189058e-04
2.215000000000000313e-09,1.991349571622464429e-05,5.790632464433122790e-06,1.695044827633461536e-04,7.061431625895760308e-04,8.756476453529221573e-04,8.685948696649683880e-04,1.998779014255828252e-16,7.499999999790248235e-04
2.220000000000000192e-09,1.991344269983985412e-05,5.794158405904934566e-06,1.702105364482059640e-04,7.059642146967459557e-04,8.761747511449519740e-04,8.691237608857402307e-04,1.998890427739654806e-16,7.499999999810209482e-04
2.225000000000000071e-09,1.991338969869772338e-05,5.797683454752629327e-06,1.709164112078708018e-04,7.057853121972547080e-04,8.767017234051255369e-04,8.696525182128944176e-04,1.999002312943167629e-16,7.499999999828270121e-04
2.229999999999999951e-09,1.991333671270602713e-05,5.801207611158190405e-06,1.716221070877270503e-04,7.056064550773917922e-04,8.772285621651187883e-04,8.701811416737285573e-04,1.999114669476031935e-16,7.499999999844612301e-04
2.235000000000000244e-09,1.991328374177687722e-05,5.804730875305736506e-06,1.723276241331475947e-04,7.054276433235570848e-04,8.777552674567047067e-04,8.707096312958604234e-04,1.999227496949000580e-16,7.499999999859400818e-04
2.240000000000000123e-09,1.991323078582652242e-05,5.808253247381409049e-06,1.730329623894916863e-04,7.052488769222557382e-04,8.782818393117474516e-04,8.712379871072113658e-04,1.999340794973873141e-16,7.499999999872779873e-04
2.245000000000000416e-09,1.991317784477513497e-05,5.811774727573271372e-06,1.737381219021051323e-04,7.050701558600931933e-04,8.788082777621983527e-04,8.717662091359906990e-04,1.999454563163454746e-16,7.499999999884887159e-04
2.250000000000000295e-09,1.991312491854663097e-05,5.815295316071208779e-06,1.744431027163204583e-04,7.048914801237710602e-04,8.793345828400915727e-04,8.722942974106812812e-04,1.999568801131518355e-16,7.499999999895840853e-04
2.255000000000000175e-09,1.991307200706847052e-05,5.818815013066835369e-06,1.751479048774569087e-04,7.047128497000818047e-04,8.798607545775386863e-04,8.728222519600253122e-04,1.999683508492765567e-16,7.499999999905753714e-04
2.260000000000000054e-09,1.991301911027150185e-05,5.822333818753408487e-06,1.758525284308205003e-04,7.045342645759047374e-04,8.803867930067252106e-04,8.733500728130113222e-04,1.999798684862796297e-16,7.499999999914722234e-04
2.264999999999999933e-09,1.991296622808979530e-05,5.825851733325740627e-06,1.765569734217042398e-04,7.043557247382027610e-04,8.809126981599070278e-04,8.738777599988610534e-04,1.999914329858074506e-16,7.499999999922837488e-04
2.270000000000000226e-09,1.991291336046046377e-05,5.829368756980124052e-06,1.772612398953880960e-04,7.041772301740169488e-04,8.814384700694050719e-04,8.744053135470186179e-04,2.000030443095891969e-16,7.499999999930179705e-04
2.275000000000000106e-09,1.991286050732353732e-05,5.832884889914252016e-06,1.779653278971391633e-04,7.039987808704642686e-04,8.819641087676034861e-04,8.749327334871378125e-04,2.000147024194344604e-16,7.499999999936823696e-04
2.280000000000000398e-09,1.991280766862181412e-05,5.836400132327146769e-06,1.786692374722116336e-04,7.038203768147333539e-04,8.824896142869449603e-04,8.754600198490720356e-04,2.000264072772300923e-16,7.499999999942836681e-04
2.285000000000000278e-09,1.991275484430072153e-05,5.839914484419090945e-06,1.793729686658469867e-04,7.036420179940815764e-04,8.830149866599285632e-04,8.759871726628636621e-04,2.000381588449374906e-16,7.499999999948276123e-04
2.290000000000000157e-09,1.991270203430819412e-05,5.843427946391566578e-06,1.800765215232739361e-04,7.034637043958313603e-04,8.835402259191052965e-04,8.765141919587349359e-04,2.000499570845902840e-16,7.499999999953199485e-04
2.295000000000000036e-09,1.991264923859453479e-05,5.846940518447184795e-06,1.807798960897085913e-04,7.032854360073674711e-04,8.840653320970760353e-04,8.770410777670776701e-04,2.000618019582913479e-16,7.499999999957652303e-04
2.299999999999999916e-09,1.991259645711232663e-05,5.850452200789636692e-06,1.814830924103544578e-04,7.031072128161344140e-04,8.845903052264888176e-04,8.775678301184455495e-04,2.000736934282110796e-16,7.499999999961683367e-04
2.305000000000000209e-09,1.991254368981629403e-05,5.853962993623630649e-06,1.821861105304024646e-04,7.029290348096331811e-04,8.851151453400357000e-04,8.780944490435445889e-04,2.000856314565847352e-16,7.499999999965328455e-04
2.310000000000000502e-09,1.991249093666321799e-05,5.857472897154843208e-06,1.828889504950311537e-04,7.027509019754186494e-04,8.856398524704498301e-04,8.786209345732265202e-04,2.000976160057106308e-16,7.499999999968628766e-04
2.315000000000000381e-09,1.991243819761182428e-05,5.860981911589868245e-06,1.835916123494066255e-04,7.025728143010978458e-04,8.861644266505044713e-04,8.791472867384802267e-04,2.001096470379478738e-16,7.499999999971613575e-04
2.320000000000000260e-09,1.991238547262269199e-05,5.864490037136163611e-06,1.842940961386825669e-04,7.023947717743263697e-04,8.866888679130088824e-04,8.796735055704245874e-04,2.001217245157146376e-16,7.499999999974315407e-04
2.325000000000000140e-09,1.991233276165815864e-05,5.867997274002013861e-06,1.849964019080003856e-04,7.022167743828073086e-04,8.872131762908076671e-04,8.801995911003020808e-04,2.001338484014861895e-16,7.499999999976759198e-04
2.330000000000000019e-09,1.991228006468224567e-05,5.871503622396482819e-06,1.856985297024891840e-04,7.020388221142880936e-04,8.877373518167773047e-04,8.807255433594723872e-04,2.001460186577933868e-16,7.499999999978970971e-04
2.334999999999999898e-09,1.991222738166056354e-05,5.875009082529372923e-06,1.864004795672658942e-04,7.018609149565595241e-04,8.882613945238253912e-04,8.812513623794059926e-04,2.001582352472206799e-16,7.499999999980971324e-04
2.340000000000000191e-09,1.991217471256024059e-05,5.878513654611184566e-06,1.871022515474351697e-04,7.016830528974527317e-04,8.887853044448879285e-04,8.817770481916776832e-04,2.001704981324049788e-16,7.499999999982783026e-04
2.345000000000000484e-09,1.991212205734984851e-05,5.882017338853079674e-06,1.878038456880896023e-04,7.015052359248384216e-04,8.893090816129280238e-04,8.823026008279619917e-04,2.001828072760338280e-16,7.499999999984421255e-04
2.350000000000000363e-09,1.991206941599932780e-05,5.885520135466850365e-06,1.885052620343096407e-04,7.013274640266238362e-04,8.898327260609335040e-04,8.828280203200275598e-04,2.001951626408440270e-16,7.499999999985904444e-04
2.355000000000000243e-09,1.991201678847993016e-05,5.889022044664878291e-06,1.892065006311636447e-04,7.011497371907525391e-04,8.903562378219161567e-04,8.833533066997317166e-04,2.002075641896205942e-16,7.499999999987246686e-04
2.360000000000000122e-09,1.991196417476414734e-05,5.892523066660108384e-06,1.899075615237079124e-04,7.009720554052019208e-04,8.908796169289098874e-04,8.838784599990162508e-04,2.002200118851950906e-16,7.499999999988459908e-04
2.365000000000000002e-09,1.991191157482564340e-05,5.896023201666016662e-06,1.906084447569868158e-04,7.007944186579812473e-04,8.914028634149681173e-04,8.844034802499025315e-04,2.002325056904445111e-16,7.499999999989558205e-04
2.370000000000000294e-09,1.991185898863921064e-05,5.899522449896582283e-06,1.913091503760326920e-04,7.006168269371313350e-04,8.919259773131640000e-04,8.849283674844873882e-04,2.002450455682901991e-16,7.499999999990551334e-04
2.375000000000000174e-09,1.991180641618071540e-05,5.903020811566255354e-06,1.920096784258659250e-04,7.004392802307230327e-04,8.924489586565889036e-04,8.854531217349383403e-04,2.002576314816968853e-16,7.499999999991451222e-04
2.380000000000000467e-09,1.991175385742703028e-05,5.906518286889939145e-06,1.927100289514949996e-04,7.002617785268546195e-04,8.929718074783495919e-04,8.859777430334908870e-04,2.002702633936712333e-16,7.499999999992264374e-04
2.385000000000000346e-09,1.991170131235599691e-05,5.910014876082958750e-06,1.934102019979165013e-04,7.000843218136519131e-04,8.934945238115684415e-04,8.865022314124438446e-04,2.002829412672611003e-16,7.499999999993001631e-04
2.390000000000000225e-09,1.991164878094638186e-05,5.913510579361039059e-06,1.941101976101152252e-04,6.999069100792670774e-04,8.940171076893823569e-04,8.870265869041558775e-04,2.002956650655547230e-16,7.499999999993667331e-04
2.395000000000000105e-09,1.991159626317781908e-05,5.917005396940282742e-06,1.948100158330640401e-04,6.997295433118767794e-04,8.945395591449408195e-04,8.875508095410424621e-04,2.003084347516794609e-16,7.499999999994270148e-04
2.399999999999999984e-09,1.991154375903077598e-05,5.920499329037150763e-06,1.955096567117240510e-04,6.995522214996812132e-04,8.950618782114052371e-04,8.880748993555726348e-04,2.003212502888012041e-16,7.499999999994814417e-04
2.405000000000000277e-09,1.991149126848651280e-05,5.923992375868436969e-06,1.962091202910445453e-04,6.993749446309037747e-04,8.955840649219482929e-04,8.885988563802655216e-04,2.003341116401233140e-16,7.499999999995308813e-04
2.410000000000000156e-09,1.991143879152703519e-05,5.927484537651257081e-06,1.969084066159630740e-04,6.991977126937888934e-04,8.961061193097519945e-04,8.891226806476886044e-04,2.003470187688861296e-16,7.499999999995754420e-04
2.415000000000000449e-09,1.991138632813507043e-05,5.930975814603021585e-06,1.976075157314054241e-04,6.990205256766024661e-04,8.966280414080078903e-04,8.896463721904532751e-04,2.003599716383659818e-16,7.499999999996158828e-04
2.420000000000000329e-09,1.991133387829402686e-05,5.934466206941423033e-06,1.983064476822857009e-04,6.988433835676301220e-04,8.971498312499157687e-04,8.901699310412134261e-04,2.003729702118747247e-16,7.499999999996525288e-04
2.425000000000000208e-09,1.991128144198795654e-05,5.937955714884419941e-06,1.990052025135062455e-04,6.986662863551767891e-04,8.976714888686830075e-04,8.906933572326629573e-04,2.003860144527587254e-16,7.499999999996854886e-04
2.430000000000000087e-09,1.991122901920153155e-05,5.941444338650219856e-06,1.997037802699576630e-04,6.984892340275655016e-04,8.981930142975231646e-04,8.912166507975329563e-04,2.003991043243985428e-16,7.499999999997155210e-04
2.434999999999999967e-09,1.991117660992001013e-05,5.944932078457263257e-06,2.004021809965190657e-04,6.983122265731373998e-04,8.987144075696565197e-04,8.917398117685895308e-04,2.004122397902082873e-16,7.499999999997426260e-04
2.440000000000000260e-09,1.991112421412919603e-05,5.948418934524210852e-06,2.011004047380578023e-04,6.981352639802492367e-04,8.992356687183070390e-04,8.922628401786316396e-04,2.004254208136345357e-16,7.499999999997670206e-04
2.445000000000000139e-09,1.991107183181544182e-05,5.951904907069928332e-06,2.017984515394295394e-04,6.979583462372756543e-04,8.997567977767051937e-04,8.927857360604892498e-04,2.004386473581567261e-16,7.499999999997892467e-04
2.450000000000000432e-09,1.991101946296558464e-05,5.955389996313478746e-06,2.024963214454784510e-04,6.977814733326052812e-04,9.002777947780837321e-04,8.933084994470218186e-04,2.004519193872856534e-16,7.499999999998093045e-04
2.455000000000000311e-09,1.991096710756695286e-05,5.958874202474102172e-06,2.031940145010370014e-04,6.976046452546425750e-04,9.007986597556795223e-04,8.938311303711153665e-04,2.004652368645634946e-16,7.499999999998275190e-04
2.460000000000000190e-09,1.991091476560733227e-05,5.962357525771209791e-06,2.038915307509260816e-04,6.974278619918060883e-04,9.013193927427321428e-04,8.943536288656815008e-04,2.004785997535634142e-16,7.499999999998438905e-04
2.465000000000000070e-09,1.991086243707493555e-05,5.965839966424370329e-06,2.045888702399550896e-04,6.972511235325282511e-04,9.018399937724833407e-04,8.948759949636555730e-04,2.004920080178888244e-16,7.499999999998587441e-04
2.469999999999999949e-09,1.991081012195839215e-05,5.969321524653302439e-06,2.052860330129218226e-04,6.970744298652543957e-04,9.023604628781761641e-04,8.953982286979953777e-04,2.005054616211729417e-16,7.499999999998721882e-04
2.475000000000000242e-09,1.991075782024672111e-05,5.972802200677861146e-06,2.059830191146124227e-04,6.968977809784430814e-04,9.028808000930555041e-04,8.959203301016792007e-04,2.005189605270786141e-16,7.499999999998843312e-04
2.480000000000000121e-09,1.991070553192931760e-05,5.976281994718029376e-06,2.066798285898016748e-04,6.967211768605643604e-04,9.034010054503660353e-04,8.964422992077044098e-04,2.005325046992977789e-16,7.499999999998952817e-04
2.485000000000000414e-09,1.991065325699592912e-05,5.979760906993911183e-06,2.073764614832527089e-04,6.965446175001008614e-04,9.039210789833535160e-04,8.969641360490866961e-04,2.005460941015511175e-16,7.499999999999053648e-04
2.490000000000000294e-09,1.991060099543664539e-05,5.983238937725719038e-06,2.080729178397171893e-04,6.963681028855463803e-04,9.044410207252635966e-04,8.974858406588579049e-04,2.005597286975876363e-16,7.499999999999142552e-04
2.495000000000000173e-09,1.991054874724186783e-05,5.986716087133772988e-06,2.087691977039352607e-04,6.961916330054046878e-04,9.049608307093399756e-04,8.980074130700659279e-04,2.005734084511842970e-16,7.499999999999224952e-04
2.500000000000000052e-09,1.991049651240231973e-05,5.990192355438481170e-06,2.094653011206356295e-04,6.960152078481919146e-04,9.054805089688275441e-04,8.985288533157722093e-04,2.005871333261461398e-16,7.499999999999297593e-04
2.504999999999999932e-09,1.991044429090899884e-05,5.993667742860344047e-06,2.101612281345354826e-04,6.958388274024327564e-04,9.060000555369682662e-04,8.990501614290516376e-04,2.006009032863051742e-16,7.499999999999364814e-04
2.510000000000000225e-09,1.991039208275319087e-05,5.997142249619939164e-06,2.108569787903404871e-04,6.956624916566625343e-04,9.065194704470030214e-04,8.995713374429909186e-04,2.006147182955208471e-16,7.499999999999425529e-04
2.515000000000000517e-09,1.991033988792643565e-05,6.000615875937920297e-06,2.115525531327449801e-04,6.954862005994257848e-04,9.070387537321707378e-04,9.000923813906880344e-04,2.006285783176791556e-16,7.499999999999480823e-04
2.520000000000000397e-09,1.991028770642053053e-05,6.004088622035007292e-06,2.122479512064317250e-04,6.953099542192761520e-04,9.075579054257078499e-04,9.006132933052510498e-04,2.006424833166928932e-16,7.499999999999529612e-04
2.525000000000000276e-09,1.991023553822750662e-05,6.007560488131982675e-06,2.129431730560721011e-04,6.951337525047761702e-04,9.080769255608482984e-04,9.011340732197973538e-04,2.006564332565010095e-16,7.499999999999575149e-04
2.530000000000000156e-09,1.991018338333962881e-05,6.011031474449682334e-06,2.136382187263260492e-04,6.949575954444973730e-04,9.085958141708234221e-04,9.016547211674523585e-04,2.006704281010687326e-16,7.499999999999615264e-04
2.535000000000000035e-09,1.991013124174936528e-05,6.014501581208992133e-06,2.143330882618420447e-04,6.947814830270186660e-04,9.091145712888607650e-04,9.021752371813488488e-04,2.006844678143868056e-16,7.499999999999652127e-04
2.539999999999999914e-09,1.991007911344939768e-05,6.017970808630846218e-06,2.150277817072572062e-04,6.946054152409276289e-04,9.096331969481848351e-04,9.026956212946269818e-04,2.006985523604718313e-16,7.499999999999685737e-04
2.545000000000000207e-09,1.991002699843260075e-05,6.021439156936215155e-06,2.157222991071972408e-04,6.944293920748193221e-04,9.101516911820165629e-04,9.032158735404322274e-04,2.007126817033656808e-16,7.499999999999715011e-04
2.550000000000000500e-09,1.990997489669203561e-05,6.024906626346106780e-06,2.164166405062763904e-04,6.942534135172965040e-04,9.106700540235728673e-04,9.037359939519160187e-04,2.007268558071355919e-16,7.499999999999743200e-04
2.555000000000000379e-09,1.990992280822093615e-05,6.028373217081557730e-06,2.171108059490975395e-04,6.940774795569688719e-04,9.111882855060664385e-04,9.042559825622336917e-04,2.007410746358735776e-16,7.499999999999767053e-04
2.560000000000000259e-09,1.990987073301270907e-05,6.031838929363632593e-06,2.178047954802522161e-04,6.939015901824538207e-04,9.117063856627060639e-04,9.047758394045449194e-04,2.007553381536966727e-16,7.499999999999789821e-04
2.565000000000000138e-09,1.990981867106092032e-05,6.035303763413419672e-06,2.184986091443205636e-04,6.937257453823750340e-04,9.122243545266956518e-04,9.052955645120129525e-04,2.007696463247464897e-16,7.499999999999809337e-04
2.570000000000000017e-09,1.990976662235928490e-05,6.038767719452020826e-06,2.191922469858713417e-04,6.935499451453631340e-04,9.127421921312344486e-04,9.058151579178031019e-04,2.007839991131891700e-16,7.499999999999827768e-04
2.575000000000000310e-09,1.990971458690166351e-05,6.042230797700559934e-06,2.198857090494618714e-04,6.933741894600552484e-04,9.132598985095171469e-04,9.063346196550840393e-04,2.007983964832150631e-16,7.499999999999844031e-04
2.580000000000000190e-09,1.990966256468205240e-05,6.045692998380166806e-06,2.205789953796382253e-04,6.931984783150942509e-04,9.137774736947324762e-04,9.068539497570249786e-04,2.008128383990388005e-16,7.499999999999859210e-04
2.585000000000000483e-09,1.990961055569457654e-05,6.049154321711983110e-06,2.212721060209350648e-04,6.930228116991296291e-04,9.142949177200647209e-04,9.073731482567975190e-04,2.008273248248988768e-16,7.499999999999872220e-04
2.590000000000000362e-09,1.990955855993349982e-05,6.052614767917151360e-06,2.219650410178756941e-04,6.928471896008173755e-04,9.148122306186930695e-04,9.078922151875727176e-04,2.008418557250580688e-16,7.499999999999884146e-04
2.595000000000000241e-09,1.990950657739318439e-05,6.056074337216820001e-06,2.226578004149721418e-04,6.926716120088182533e-04,9.153294124237904223e-04,9.084111505825230408e-04,2.008564310638023507e-16,7.499999999999896073e-04
2.600000000000000121e-09,1.990945460806812115e-05,6.059533029832134088e-06,2.233503842567249984e-04,6.924960789117994226e-04,9.158464631685244751e-04,9.089299544748200878e-04,2.008710508054419296e-16,7.499999999999905831e-04
2.605000000000000000e-09,1.990940265195290264e-05,6.062990845984237830e-06,2.240427925876236053e-04,6.923205902984332473e-04,9.163633828860568526e-04,9.094486268976356745e-04,2.008857149143101112e-16,7.499999999999914504e-04
2.610000000000000293e-09,1.990935070904221966e-05,6.066447785894266967e-06,2.247350254521459745e-04,6.921451461573976211e-04,9.168801716095435414e-04,9.099671678841399908e-04,2.009004233547637193e-16,7.499999999999923178e-04
2.615000000000000172e-09,1.990929877933086465e-05,6.069903849783349612e-06,2.254270828947587606e-04,6.919697464773757502e-04,9.173968293721345649e-04,9.104855774675024672e-04,2.009151760911828244e-16,7.499999999999929683e-04
2.620000000000000465e-09,1.990924686281372153e-05,6.073359037872603718e-06,2.261189649599173155e-04,6.917943912470558279e-04,9.179133562069731163e-04,9.110038556808905830e-04,2.009299730879707439e-16,7.499999999999936188e-04
2.625000000000000344e-09,1.990919495948575892e-05,6.076813350383132834e-06,2.268106716920657157e-04,6.916190804551313603e-04,9.184297521471970760e-04,9.115220025574699743e-04,2.009448143095538444e-16,7.499999999999943778e-04
2.630000000000000224e-09,1.990914306934203694e-05,6.080266787536026961e-06,2.275022031356366259e-04,6.914438140903005157e-04,9.189460172259371687e-04,9.120400181304040002e-04,2.009596997203815422e-16,7.499999999999948114e-04
2.635000000000000103e-09,1.990909119237769021e-05,6.083719349552355769e-06,2.281935593350515711e-04,6.912685921412666662e-04,9.194621514763182644e-04,9.125579024328534178e-04,2.009746292849260075e-16,7.499999999999953535e-04
2.639999999999999982e-09,1.990903932858792115e-05,6.087171036653174527e-06,2.288847403347206650e-04,6.910934145967373042e-04,9.199781549314579691e-04,9.130756554979761654e-04,2.009896029676822132e-16,7.499999999999957872e-04
2.645000000000000275e-09,1.990898747796802026e-05,6.090621849059512247e-06,2.295757461790427995e-04,6.909182814454254513e-04,9.204940276244682508e-04,9.135932773589268202e-04,2.010046207331681326e-16,7.499999999999962209e-04
2.650000000000000155e-09,1.990893564051333562e-05,6.094071786992382697e-06,2.302665769124055369e-04,6.907431926760475988e-04,9.210097695884531628e-04,9.141107680488573571e-04,2.010196825459239503e-16,7.499999999999965462e-04
2.655000000000000448e-09,1.990888381621928310e-05,6.097520850672768301e-06,2.309572325791851637e-04,6.905681482773257671e-04,9.215253808565109037e-04,9.146281276009151978e-04,2.010347883705127772e-16,7.499999999999968714e-04
2.660000000000000327e-09,1.990883200508134293e-05,6.100969040321627769e-06,2.316477132237466637e-04,6.903931482379857716e-04,9.220408614617324082e-04,9.151453560482441857e-04,2.010499381715199602e-16,7.499999999999971967e-04
2.665000000000000206e-09,1.990878020709505633e-05,6.104416356159896938e-06,2.323380188904438531e-04,6.902181925467578728e-04,9.225562114372016717e-04,9.156624534239845865e-04,2.010651319135535013e-16,7.499999999999974135e-04
2.670000000000000086e-09,1.990872842225600855e-05,6.107862798408476920e-06,2.330281496236191643e-04,6.900432811923765597e-04,9.230714308159957511e-04,9.161794197612715702e-04,2.010803695612433920e-16,7.499999999999977388e-04
2.674999999999999965e-09,1.990867665055985264e-05,6.111308367288242567e-06,2.337181054676037810e-04,6.898684141635804410e-04,9.235865196311842220e-04,9.166962550932364036e-04,2.010956510792422296e-16,7.499999999999978472e-04
2.680000000000000258e-09,1.990862489200228566e-05,6.114753063020035696e-06,2.344078864667177467e-04,6.896935914491124624e-04,9.241014779158302633e-04,9.172129594530053663e-04,2.011109764322247488e-16,7.499999999999980640e-04
2.685000000000000137e-09,1.990857314657905211e-05,6.118196885824667634e-06,2.350974926652696936e-04,6.895188130377191476e-04,9.246163057029888142e-04,9.177295328737001840e-04,2.011263455848876493e-16,7.499999999999982809e-04
2.690000000000000430e-09,1.990852141428595411e-05,6.121639835922913282e-06,2.357869241075571140e-04,6.893440789181520074e-04,9.251310030257090672e-04,9.182459753884369448e-04,2.011417585019501129e-16,7.499999999999983893e-04
2.695000000000000310e-09,1.990846969511882086e-05,6.125081913535516202e-06,2.364761808378661970e-04,6.891693890791652632e-04,9.256455699170314331e-04,9.187622870303273999e-04,2.011572151481529910e-16,7.499999999999986061e-04
2.700000000000000189e-09,1.990841798907353578e-05,6.128523118883181842e-06,2.371652629004718834e-04,6.889947435095176900e-04,9.261600064099896005e-04,9.192784678324772288e-04,2.011727154882592966e-16,7.499999999999987146e-04
2.705000000000000068e-09,1.990836629614601617e-05,6.131963452186580917e-06,2.378541703396379466e-04,6.888201421979717491e-04,9.266743125376096686e-04,9.197945178279871240e-04,2.011882594870539585e-16,7.499999999999988230e-04
2.709999999999999948e-09,1.990831461633221661e-05,6.135402913666344336e-06,2.385429031996168031e-04,6.886455851332936966e-04,9.271884883329104725e-04,9.203104370499515978e-04,2.012038471093436730e-16,7.499999999999989314e-04
2.715000000000000240e-09,1.990826294962813570e-05,6.138841503543065735e-06,2.392314615246497560e-04,6.884710723042534748e-04,9.277025338289032579e-04,9.208262255314598500e-04,2.012194783199572985e-16,7.499999999999990398e-04
2.720000000000000533e-09,1.990821129602979918e-05,6.142279222037300635e-06,2.399198453589668060e-04,6.882966036996249291e-04,9.282164490585916809e-04,9.213418833055951173e-04,2.012351530837451159e-16,7.499999999999991483e-04
2.725000000000000413e-09,1.990815965553326665e-05,6.145716069369561360e-06,2.406080547467867321e-04,6.881221793081852660e-04,9.287302340549720252e-04,9.218574104054342395e-04,2.012508713655793711e-16,7.499999999999992567e-04
2.730000000000000292e-09,1.990810802813462819e-05,6.149152045760323808e-06,2.412960897323171460e-04,6.879477991187152698e-04,9.292438888510324430e-04,9.223728068640485271e-04,2.012666331303539294e-16,7.499999999999993651e-04
2.735000000000000171e-09,1.990805641383000440e-05,6.152587151430017293e-06,2.419839503597544109e-04,6.877734631199994113e-04,9.297574134797538222e-04,9.228880727145025685e-04,2.012824383429843007e-16,7.499999999999994735e-04
2.740000000000000051e-09,1.990800481261554975e-05,6.156021386599031317e-06,2.426716366732836413e-04,6.875991713008259556e-04,9.302708079741095698e-04,9.234032079898546637e-04,2.012982869684077379e-16,7.499999999999994735e-04
2.744999999999999930e-09,1.990795322448743904e-05,6.159454751487714726e-06,2.433591487170788388e-04,6.874249236499862040e-04,9.307840723670650698e-04,9.239182127231572580e-04,2.013141789715830888e-16,7.499999999999994735e-04
2.750000000000000223e-09,1.990790164944187418e-05,6.162887246316368930e-06,2.440464865353026748e-04,6.872507201562752521e-04,9.312972066915778998e-04,9.244330869474553158e-04,2.013301143174905745e-16,7.499999999999995819e-04
2.755000000000000516e-09,1.990785008747508077e-05,6.166318871305251295e-06,2.447336501721067079e-04,6.870765608084915569e-04,9.318102109805982648e-04,9.249478306957877299e-04,2.013460929711320359e-16,7.499999999999995819e-04
2.760000000000000395e-09,1.990779853858331495e-05,6.169749626674578529e-06,2.454206396716312479e-04,6.869024455954368278e-04,9.323230852670680215e-04,9.254624440011867794e-04,2.013621148975308348e-16,7.499999999999996904e-04
2.765000000000000275e-09,1.990774700276284298e-05,6.173179512644515671e-06,2.461074550780054104e-04,6.867283745059163521e-04,9.328358295839217626e-04,9.259769268966773709e-04,2.013781800617317558e-16,7.499999999999997988e-04
2.770000000000000154e-09,1.990769548000996165e-05,6.176608529435189642e-06,2.467940964353471708e-04,6.865543475287386697e-04,9.333484439640858405e-04,9.264912794152784480e-04,2.013942884288009317e-16,7.499999999999997988e-04
2.775000000000000033e-09,1.990764397032098126e-05,6.180036677266676543e-06,2.474805637877632828e-04,6.863803646527152479e-04,9.338609284404784765e-04,9.270055015900014730e-04,2.014104399638258934e-16,7.499999999999997988e-04
2.780000000000000326e-09,1.990759247369223927e-05,6.183463956359005041e-06,2.481668571793492787e-04,6.862064258666616739e-04,9.343732830460109526e-04,9.275195934538507528e-04,2.014266346319156682e-16,7.499999999999997988e-04
2.785000000000000206e-09,1.990754099012008324e-05,6.186890366932158910e-06,2.488529766541894696e-04,6.860325311593962454e-04,9.348855078135857692e-04,9.280335550398238721e-04,2.014428723982003855e-16,7.499999999999997988e-04
2.790000000000000498e-09,1.990748951960088790e-05,6.190315909206073642e-06,2.495389222563572157e-04,6.858586805197407297e-04,9.353976027760979453e-04,9.285473863809110429e-04,2.014591532278316216e-16,7.499999999999997988e-04
2.795000000000000378e-09,1.990743806213103131e-05,6.193740583400637297e-06,2.502246940299144391e-04,6.856848739365197128e-04,9.359095679664341519e-04,9.290610875100956470e-04,2.014754770859822030e-16,7.499999999999997988e-04
2.800000000000000257e-09,1.990738661770692208e-05,6.197164389735687111e-06,2.509102920189120031e-04,6.855111113985617923e-04,9.364214034174737954e-04,9.295746584603530429e-04,2.014918439378461321e-16,7.499999999999997988e-04
2.805000000000000136e-09,1.990733518632497554e-05,6.200587328431014581e-06,2.515957162673896578e-04,6.853373928946979513e-04,9.369331091620876090e-04,9.300880992646521923e-04,2.015082537486387352e-16,7.499999999999997988e-04
2.810000000000000016e-09,1.990728376798161722e-05,6.204009399706362925e-06,2.522809668193757692e-04,6.851637184137627503e-04,9.374446852331385195e-04,9.306014099559544676e-04,2.015247064835963667e-16,7.499999999999997988e-04
2.815000000000000309e-09,1.990723236267329636e-05,6.207430603781423690e-06,2.529660437188877530e-04,6.849900879445936777e-04,9.379561316634814306e-04,9.311145905672135433e-04,2.015412021079766554e-16,7.499999999999997988e-04
2.820000000000000188e-09,1.990718097039647237e-05,6.210850940875838447e-06,2.536509470099318573e-04,6.848165014760316908e-04,9.384674484859635481e-04,9.316276411313757213e-04,2.015577405870583572e-16,7.499999999999997988e-04
2.825000000000000481e-09,1.990712959114761819e-05,6.214270411209202183e-06,2.543356767365030006e-04,6.846429589969207832e-04,9.389786357334238380e-04,9.321405616813803648e-04,2.015743218861414529e-16,7.499999999999997988e-04
2.830000000000000360e-09,1.990707822492321016e-05,6.217689015001055674e-06,2.550202329425850967e-04,6.844694604961077669e-04,9.394896934386929178e-04,9.326533522501583798e-04,2.015909459705467789e-16,7.499999999999997988e-04
2.835000000000000240e-09,1.990702687171974497e-05,6.221106752470893107e-06,2.557046156721508377e-04,6.842960059624425984e-04,9.400006216345934903e-04,9.331660128706339508e-04,2.016076128056163230e-16,7.499999999999997988e-04
2.840000000000000119e-09,1.990697553153372606e-05,6.224523623838155309e-06,2.563888249691620197e-04,6.841225953847784869e-04,9.405114203539404524e-04,9.336785435757233471e-04,2.016243223567131997e-16,7.499999999999997988e-04
2.844999999999999998e-09,1.990692420436167043e-05,6.227939629322233977e-06,2.570728608775687835e-04,6.839492287519717854e-04,9.410220896295405689e-04,9.341909443983351406e-04,2.016410745892215761e-16,7.499999999999997988e-04
2.850000000000000291e-09,1.990687289020010524e-05,6.231354769142466599e-06,2.577567234413104822e-04,6.837759060528818831e-04,9.415326294941923652e-04,9.347032153713699882e-04,2.016578694685465243e-16,7.499999999999997988e-04
2.855000000000000171e-09,1.990682158904556783e-05,6.234769043518144076e-06,2.584404127043153556e-04,6.836026272763712046e-04,9.420430399806865602e-04,9.352153565277216080e-04,2.016747069601142676e-16,7.499999999999997988e-04
2.860000000000000464e-09,1.990677030089459213e-05,6.238182452668503098e-06,2.591239287105003139e-04,6.834293924113044516e-04,9.425533211218047654e-04,9.357273679002754783e-04,2.016915870293716382e-16,7.499999999999997988e-04
2.865000000000000343e-09,1.990671902574374258e-05,6.241594996812728688e-06,2.598072715037713708e-04,6.832562014465507708e-04,9.430634729503221958e-04,9.362392495219092709e-04,2.017085096417868418e-16,7.499999999999997988e-04
2.870000000000000222e-09,1.990666776358957345e-05,6.245006676169953350e-06,2.604904411280231018e-04,6.830830543709809355e-04,9.435734954990040915e-04,9.367510014254929601e-04,2.017254747628487667e-16,7.499999999999997988e-04
2.875000000000000102e-09,1.990661651442865595e-05,6.248417490959259616e-06,2.611734376271392945e-04,6.829099511734698386e-04,9.440833888006091874e-04,9.372626236438889305e-04,2.017424823580673296e-16,7.499999999999997988e-04
2.879999999999999981e-09,1.990656527825756468e-05,6.251827441399677499e-06,2.618562610449924068e-04,6.827368918428943249e-04,9.445931528878866775e-04,9.377741162099516520e-04,2.017595323929731792e-16,7.499999999999997988e-04
2.884999999999999860e-09,1.990651405507288439e-05,6.255236527710181112e-06,2.625389114254437291e-04,6.825638763681351421e-04,9.451027877935788170e-04,9.382854791565271380e-04,2.017766248331179924e-16,7.499999999999997988e-04
2.890000000000000567e-09,1.990646284487120326e-05,6.258644750109697130e-06,2.632213888123435472e-04,6.823909047380753148e-04,9.456122935504188620e-04,9.387967125164545712e-04,2.017937596440741783e-16,7.499999999999997988e-04
2.895000000000000446e-09,1.990641164764912297e-05,6.262052108817096325e-06,2.639036932495310880e-04,6.822179769416013371e-04,9.461216701911324793e-04,9.393078163225644607e-04,2.018109367914351493e-16,7.499999999999997988e-04
2.900000000000000325e-09,1.990636046340324861e-05,6.265458604051197802e-06,2.645858247808343029e-04,6.820450929676026303e-04,9.466309177484368790e-04,9.398187906076796178e-04,2.018281562408150998e-16,7.499999999999997988e-04
2.905000000000000205e-09,1.990630929213018529e-05,6.268864236030768148e-06,2.652677834500700841e-04,6.818722528049708928e-04,9.471400362550410311e-04,9.403296354046152645e-04,2.018454179578488572e-16,7.499999999999997988e-04
2.910000000000000084e-09,1.990625813382655165e-05,6.272269004974521433e-06,2.659495693010443195e-04,6.816994564426015089e-04,9.476490257436457742e-04,9.408403507461781659e-04,2.018627219081922529e-16,7.499999999999997988e-04
2.914999999999999963e-09,1.990620698848896971e-05,6.275672911101117520e-06,2.666311823775516752e-04,6.815267038693925737e-04,9.481578862469442490e-04,9.413509366651676060e-04,2.018800680575217269e-16,7.499999999999997988e-04
2.919999999999999843e-09,1.990615585611406490e-05,6.279075954629160365e-06,2.673126227233757588e-04,6.813539950742452181e-04,9.486666177976209226e-04,9.418613931943740870e-04,2.018974563715346243e-16,7.499999999999997988e-04
2.925000000000000549e-09,1.990610473669846602e-05,6.282478135777208186e-06,2.679938903822891728e-04,6.811813300460628495e-04,9.491752204283520223e-04,9.423717203665812805e-04,2.019148868159488496e-16,7.499999999999997988e-04
2.930000000000000429e-09,1.990605363023881206e-05,6.285879454763758214e-06,2.686749853980531901e-04,6.810087087737526704e-04,9.496836941718058605e-04,9.428819182145637507e-04,2.019323593565031877e-16,7.499999999999997988e-04
2.935000000000000308e-09,1.990600253673174876e-05,6.289279911807258551e-06,2.693559078144182415e-04,6.808361312462245934e-04,9.501920390606428349e-04,9.433919867710887979e-04,2.019498739589571802e-16,7.499999999999997988e-04
2.940000000000000187e-09,1.990595145617391509e-05,6.292679507126102244e-06,2.700366576751235905e-04,6.806635974523905916e-04,9.507002551275142363e-04,9.439019260689153739e-04,2.019674305890908301e-16,7.499999999999997988e-04
2.945000000000000067e-09,1.990590038856196697e-05,6.296078240938629822e-06,2.707172350238972792e-04,6.804911073811668659e-04,9.512083424050641993e-04,9.444117361407945157e-04,2.019850292127050202e-16,7.499999999999997988e-04
2.949999999999999946e-09,1.990584933389255353e-05,6.299476113463127606e-06,2.713976399044565075e-04,6.803186610214713523e-04,9.517163009259278598e-04,9.449214170194691290e-04,2.020026697956212178e-16,7.499999999999997988e-04
2.955000000000000652e-09,1.990579829216234086e-05,6.302873124917826857e-06,2.720778723605071455e-04,6.801462583622256731e-04,9.522241307227327645e-04,9.454309687376739879e-04,2.020203523036816718e-16,7.499999999999997988e-04
2.960000000000000532e-09,1.990574726336798487e-05,6.306269275520905476e-06,2.727579324357441129e-04,6.799738993923540526e-04,9.527318318280982197e-04,9.459403913281358434e-04,2.020380767027489688e-16,7.499999999999997988e-04
2.965000000000000411e-09,1.990569624750615502e-05,6.309664565490489692e-06,2.734378201738512705e-04,6.798015841007833170e-04,9.532394042746346417e-04,9.464496848235734233e-04,2.020558429587067236e-16,7.499999999999997988e-04
2.970000000000000290e-09,1.990564524457351739e-05,6.313058995044649832e-06,2.741175356185013658e-04,6.796293124764433286e-04,9.537468480949446402e-04,9.469588492566974325e-04,2.020736510374587162e-16,7.499999999999997988e-04
2.975000000000000170e-09,1.990559425456674822e-05,6.316452564401402013e-06,2.747970788133561964e-04,6.794570845082673104e-04,9.542541633216234526e-04,9.474678846602103358e-04,2.020915009049297547e-16,7.499999999999997988e-04
2.980000000000000049e-09,1.990554327748252038e-05,6.319845273778709834e-06,2.754764498020663378e-04,6.792849001851904373e-04,9.547613499872567751e-04,9.479767910668064667e-04,2.021093925270647877e-16,7.499999999999997988e-04
2.984999999999999928e-09,1.990549231331751687e-05,6.323237123394480992e-06,2.761556486282713070e-04,6.791127594961517870e-04,9.552684081244231483e-04,9.484855685091721353e-04,2.021273258698298166e-16,7.499999999999997988e-04
2.990000000000000635e-09,1.990544136206841733e-05,6.326628113466570666e-06,2.768346753355996163e-04,6.789406624300923891e-04,9.557753377656920055e-04,9.489942170199856288e-04,2.021453008992109342e-16,7.499999999999997988e-04
2.995000000000000514e-09,1.990539042373191495e-05,6.330018244212779827e-06,2.775135299676688276e-04,6.787686089759567424e-04,9.562821389436256241e-04,9.495027366319169944e-04,2.021633175812152365e-16,7.499999999999997988e-04
3.000000000000000394e-09,1.990533949830468934e-05,6.333407515850854387e-06,2.781922125680852268e-04,6.785965991226917309e-04,9.567888116907769577e-04,9.500111273776281479e-04,2.021813758818698864e-16,7.499999999999997988e-04
3.005000000000000273e-09,1.990528858578343710e-05,6.336795928598486048e-06,2.788707231804442039e-04,6.784246328592475998e-04,9.572953560396918037e-04,9.505193892897728734e-04,2.021994757672228774e-16,7.499999999999997988e-04
3.010000000000000152e-09,1.990523768616484800e-05,6.340183482673312304e-06,2.795490618483300357e-04,6.782527101745767627e-04,9.578017720229068527e-04,9.510275224009968236e-04,2.022176172033425411e-16,7.499999999999997988e-04
3.015000000000000032e-09,1.990518679944562201e-05,6.343570178292915589e-06,2.802272286153158860e-04,6.780808310576353195e-04,9.583080596729512055e-04,9.515355267439373028e-04,2.022358001563177932e-16,7.499999999999997988e-04
3.019999999999999911e-09,1.990513592562245909e-05,6.346956015674827517e-06,2.809052235249641307e-04,6.779089954973815382e-04,9.588142190223457231e-04,9.520434023512241344e-04,2.022540245922579860e-16,7.499999999999997988e-04
3.025000000000000618e-09,1.990508506469205582e-05,6.350340995036521257e-06,2.815830466208258699e-04,6.777372034827767230e-04,9.593202501036025929e-04,9.525511492554781428e-04,2.022722904772928834e-16,7.499999999999997988e-04
3.030000000000000497e-09,1.990503421665111892e-05,6.353725116595417459e-06,2.822606979464411994e-04,6.775654550027849967e-04,9.598261529492261961e-04,9.530587674893126714e-04,2.022905977775727844e-16,7.499999999999997988e-04
3.035000000000000376e-09,1.990498338149635174e-05,6.357108380568882566e-06,2.829381775453392641e-04,6.773937500463734097e-04,9.603319275917126738e-04,9.535662570853323900e-04,2.023089464592683506e-16,7.499999999999997988e-04
3.040000000000000256e-09,1.990493255922446780e-05,6.360490787174227117e-06,2.836154854610380962e-04,6.772220886025120479e-04,9.608375740635501441e-04,9.540736180761340540e-04,2.023273364885708279e-16,7.499999999999997988e-04
3.045000000000000135e-09,1.990488174983217384e-05,6.363872336628709979e-06,2.842926217370447231e-04,6.770504706601731659e-04,9.613430923972178348e-04,9.545808504943065036e-04,2.023457678316916272e-16,7.499999999999997988e-04
3.050000000000000014e-09,1.990483095331618336e-05,6.367253029149531576e-06,2.849695864168552218e-04,6.768788962083325958e-04,9.618484826251878176e-04,9.550879543724296889e-04,2.023642404548627441e-16,7.499999999999997988e-04
3.054999999999999894e-09,1.990478016967320987e-05,6.370632864953841509e-06,2.856463795439545560e-04,6.767073652359684470e-04,9.623537447799230572e-04,9.555949297430761874e-04,2.023827543243364872e-16,7.499999999999997988e-04
3.060000000000000600e-09,1.990472939889997029e-05,6.374011844258735171e-06,2.863230011618166310e-04,6.765358777320617557e-04,9.628588788938783867e-04,9.561017766388102282e-04,2.024013094063856261e-16,7.499999999999997988e-04
3.065000000000000479e-09,1.990467864099318150e-05,6.377389967281248660e-06,2.869994513139044554e-04,6.763644336855965944e-04,9.633638849995010498e-04,9.566084950921872583e-04,2.024199056673030712e-16,7.499999999999997988e-04
3.070000000000000359e-09,1.990462789594956379e-05,6.380767234238368947e-06,2.876757300436699792e-04,6.761930330855597457e-04,9.638687631292297249e-04,9.571150851357553523e-04,2.024385430734023663e-16,7.499999999999997988e-04
3.075000000000000238e-09,1.990457716376584085e-05,6.384143645347025406e-06,2.883518373945540393e-04,6.760216759209407029e-04,9.643735133154947422e-04,9.576215468020538024e-04,2.024572215910171961e-16,7.499999999999997988e-04
3.080000000000000117e-09,1.990452644443873635e-05,6.387519200824094046e-06,2.890277734099866306e-04,6.758503621807322118e-04,9.648781355907188424e-04,9.581278801236140950e-04,2.024759411865016814e-16,7.499999999999997988e-04
3.084999999999999997e-09,1.990447573796497058e-05,6.390893900886396667e-06,2.897035381333866889e-04,6.756790918539286447e-04,9.653826299873153336e-04,9.586340851329594763e-04,2.024947018262301086e-16,7.499999999999997988e-04
3.089999999999999876e-09,1.990442504434127737e-05,6.394267745750698317e-06,2.903791316081620372e-04,6.755078649295290357e-04,9.658869965376911271e-04,9.591401618626047357e-04,2.025135034765973728e-16,7.499999999999997988e-04
3.095000000000000583e-09,1.990437436356438041e-05,6.397640735633713223e-06,2.910545538777095480e-04,6.753366813965333950e-04,9.663912352742429429e-04,9.596461103450569649e-04,2.025323461040182879e-16,7.499999999999997988e-04
3.100000000000000462e-09,1.990432369563101015e-05,6.401012870752097167e-06,2.917298049854152517e-04,6.751655412439456355e-04,9.668953462293608872e-04,9.601519306128145819e-04,2.025512296749281538e-16,7.499999999999997988e-04
3.105000000000000341e-09,1.990427304053789704e-05,6.404384151322452567e-06,2.924048849746539573e-04,6.749944444607722726e-04,9.673993294354262841e-04,9.606576226983678732e-04,2.025701541557824352e-16,7.499999999999997988e-04
3.110000000000000221e-09,1.990422239828177831e-05,6.407754577561329324e-06,2.930797938887895774e-04,6.748233910360225320e-04,9.679031849248121095e-04,9.611631866341994275e-04,2.025891195130570829e-16,7.499999999999997988e-04
3.115000000000000100e-09,1.990417176885938441e-05,6.411124149685221438e-06,2.937545317711751287e-04,6.746523809587081331e-04,9.684069127298832076e-04,9.616686224527832682e-04,2.026081257132479417e-16,7.499999999999997988e-04
3.119999999999999979e-09,1.990412115226745257e-05,6.414492867910568695e-06,2.944290986651525144e-04,6.744814142178441564e-04,9.689105128829966166e-04,9.621739301865852873e-04,2.026271727228713913e-16,7.499999999999997988e-04
3.125000000000000686e-09,1.990407054850272002e-05,6.417860732453754133e-06,2.951034946140526334e-04,6.743104908024482843e-04,9.694139854165009177e-04,9.626791098680631369e-04,2.026462605084638535e-16,7.499999999999997988e-04
3.130000000000000565e-09,1.990401995756192738e-05,6.421227743531109966e-06,2.957777196611955425e-04,6.741396107015408014e-04,9.699173303627363438e-04,9.631841615296664457e-04,2.026653890365820634e-16,7.499999999999997988e-04
3.135000000000000444e-09,1.990396937944181527e-05,6.424593901358909964e-06,2.964517738498902394e-04,6.739687739041452449e-04,9.704205477540355385e-04,9.636890852038364945e-04,2.026845582738029210e-16,7.499999999999997988e-04
3.140000000000000324e-09,1.990391881413912430e-05,6.427959206153375379e-06,2.971256572234347174e-04,6.737979803992874290e-04,9.709236376227221464e-04,9.641938809230063238e-04,2.027037681867234426e-16,7.499999999999997988e-04
3.145000000000000203e-09,1.990386826165058831e-05,6.431323658130674951e-06,2.977993698251159651e-04,6.736272301759956612e-04,9.714266000011115721e-04,9.646985487196012765e-04,2.027230187419607603e-16,7.499999999999997988e-04
3.150000000000000082e-09,1.990381772197296486e-05,6.434687257506917275e-06,2.984729116982102375e-04,6.734565232233023693e-04,9.719294349215126068e-04,9.652030886260375879e-04,2.027423099061525167e-16,7.499999999999997988e-04
3.154999999999999962e-09,1.990376719510299119e-05,6.438050004498161824e-06,2.991462828859824596e-04,6.732858595302414987e-04,9.724321424162239583e-04,9.657075006747242295e-04,2.027616416459561003e-16,7.499999999999997988e-04
3.160000000000000668e-09,1.990371668103741806e-05,6.441411899320411315e-06,2.998194834316868771e-04,6.731152390858502477e-04,9.729347225175370706e-04,9.662117848980617159e-04,2.027810139280492870e-16,7.499999999999997988e-04
3.165000000000000548e-09,1.990366617977298950e-05,6.444772942189611716e-06,3.004925133785666226e-04,6.729446618791689585e-04,9.734371752577355812e-04,9.667159413284417795e-04,2.028004267191298454e-16,7.499999999999997988e-04
3.170000000000000427e-09,1.990361569130645627e-05,6.448133133321661562e-06,3.011653727698540952e-04,6.727741278992397083e-04,9.739395006690938035e-04,9.672199699982492139e-04,2.028198799859157337e-16,7.499999999999997988e-04
3.175000000000000306e-09,1.990356521563456916e-05,6.451492472932395858e-06,3.018380616487704180e-04,6.726036371351086941e-04,9.744416987838791120e-04,9.677238709398593803e-04,2.028393736951450265e-16,7.499999999999997988e-04
3.180000000000000186e-09,1.990351475275407896e-05,6.454850961237602177e-06,3.025105800585258724e-04,6.724331895758238475e-04,9.749437696343497741e-04,9.682276441856403756e-04,2.028589078135758646e-16,7.499999999999997988e-04
3.185000000000000065e-09,1.990346430266173982e-05,6.458208598453008799e-06,3.031829280423199518e-04,6.722627852104364615e-04,9.754457132527564675e-04,9.687312897679512978e-04,2.028784823079864804e-16,7.499999999999997988e-04
3.189999999999999944e-09,1.990341386535429916e-05,6.461565384794291488e-06,3.038551056433410366e-04,6.720924240280004309e-04,9.759475296713415217e-04,9.692348077191437639e-04,2.028980971451750249e-16,7.499999999999997988e-04
3.195000000000000651e-09,1.990336344082851451e-05,6.464921320477071800e-06,3.045271129047666110e-04,6.719221060175721441e-04,9.764492189223387009e-04,9.697381980715607174e-04,2.029177522919599378e-16,7.499999999999997988e-04
3.200000000000000530e-09,1.990331302908114345e-05,6.468276405716917924e-06,3.051989498697631545e-04,6.717518311682112424e-04,9.769507810379743969e-04,9.702414608575377292e-04,2.029374477151796759e-16,7.499999999999997988e-04
3.205000000000000410e-09,1.990326263010894014e-05,6.471630640729339606e-06,3.058706165814863587e-04,6.715815994689800774e-04,9.774522160504663278e-04,9.707445961094009375e-04,2.029571833816925656e-16,7.499999999999997988e-04
3.210000000000000289e-09,1.990321224390866552e-05,6.474984025729795770e-06,3.065421130830808566e-04,6.714114109089434944e-04,9.779535239920244052e-04,9.712476038594693249e-04,2.029769592583771970e-16,7.499999999999997988e-04
3.215000000000000168e-09,1.990316187047707377e-05,6.478336560933688589e-06,3.072134394176803305e-04,6.712412654771692661e-04,9.784547048948496507e-04,9.717504841400533087e-04,2.029967753121319066e-16,7.499999999999997988e-04
3.220000000000000048e-09,1.990311150981092584e-05,6.481688246556367719e-06,3.078845956284075665e-04,6.710711631627278755e-04,9.789557587911354962e-04,9.722532369834551748e-04,2.030166315098751960e-16,7.499999999999997988e-04
3.224999999999999927e-09,1.990306116190698944e-05,6.485039082813126912e-06,3.085555817583745088e-04,6.709011039546931669e-04,9.794566857130675673e-04,9.727558624219690775e-04,2.030365278185457075e-16,7.499999999999997988e-04
3.230000000000000633e-09,1.990301082676201535e-05,6.488389069919205712e-06,3.092263978506821511e-04,6.707310878421405024e-04,9.799574856928225993e-04,9.732583604878808229e-04,2.030564642051016323e-16,7.499999999999997988e-04
3.235000000000000513e-09,1.990296050437277808e-05,6.491738208089789449e-06,3.098970439484203198e-04,6.705611148141494724e-04,9.804581587625697380e-04,9.737607312134684105e-04,2.030764406365216719e-16,7.499999999999997988e-04
3.240000000000000392e-09,1.990291019473603519e-05,6.495086497540009245e-06,3.105675200946682703e-04,6.703911848598012937e-04,9.809587049544694556e-04,9.742629746310013834e-04,2.030964570798040522e-16,7.499999999999997988e-04
3.245000000000000271e-09,1.990285989784855439e-05,6.498433938484942861e-06,3.112378263324941993e-04,6.702212979681806525e-04,9.814591243006748518e-04,9.747650907727414783e-04,2.031165135019671398e-16,7.499999999999997988e-04
3.250000000000000151e-09,1.990280961370710002e-05,6.501780531139609609e-06,3.119079627049552985e-04,6.700514541283745119e-04,9.819594168333297020e-04,9.752670796709414329e-04,2.031366098700491706e-16,7.499999999999997988e-04
3.255000000000000030e-09,1.990275934230843641e-05,6.505126275718979675e-06,3.125779292550979181e-04,6.698816533294728705e-04,9.824595825845708428e-04,9.757689413578469377e-04,2.031567461511083485e-16,7.499999999999997988e-04
3.259999999999999909e-09,1.990270908364933467e-05,6.508471172437963106e-06,3.132477260259575657e-04,6.697118955605686546e-04,9.829596215865262204e-04,9.762706758656944676e-04,2.031769223122228210e-16,7.499999999999997988e-04
3.265000000000000616e-09,1.990265883772655915e-05,6.511815221511421667e-06,3.139173530605587990e-04,6.695421808107568503e-04,9.834595338713155409e-04,9.767722832267132331e-04,2.031971383204904569e-16,7.499999999999997988e-04
3.270000000000000495e-09,1.990260860453688772e-05,6.515158423154159525e-06,3.145868104019152248e-04,6.693725090691363469e-04,9.839593194710515717e-04,9.772737634731239881e-04,2.032173941430293643e-16,7.499999999999997988e-04
3.275000000000000375e-09,1.990255838407708471e-05,6.518500777580925791e-06,3.152560980930295539e-04,6.692028803248078767e-04,9.844589784178373222e-04,9.777751166371389212e-04,2.032376897469772250e-16,7.499999999999997988e-04
3.280000000000000254e-09,1.990250817634392803e-05,6.521842285006417059e-06,3.159252161768936009e-04,6.690332945668755332e-04,9.849585107437690799e-04,9.782763427509625232e-04,2.032580250994917626e-16,7.499999999999997988e-04
3.285000000000000133e-09,1.990245798133418199e-05,6.525182945645273171e-06,3.165941646964884467e-04,6.688637517844454698e-04,9.854579164809340250e-04,9.787774418467910451e-04,2.032784001677503978e-16,7.499999999999997988e-04
3.290000000000000013e-09,1.990240779904462449e-05,6.528522759712081454e-06,3.172629436947841134e-04,6.686942519666272009e-04,9.859571956614113144e-04,9.792784139568122808e-04,2.032988149189504944e-16,7.499999999999997988e-04
3.294999999999999892e-09,1.990235762947203341e-05,6.531861727421375026e-06,3.179315532147396726e-04,6.685247951025328431e-04,9.864563483172725158e-04,9.797792591132062183e-04,2.033192693203094339e-16,7.499999999999997988e-04
3.300000000000000598e-09,1.990230747261317987e-05,6.535199848987631945e-06,3.185999932993034082e-04,6.683553811812774402e-04,9.869553744805809568e-04,9.802799773481448223e-04,2.033397633390640726e-16,7.499999999999997988e-04
3.305000000000000478e-09,1.990225732846483497e-05,6.538537124625278603e-06,3.192682639914127618e-04,6.681860101919777709e-04,9.874542741833904243e-04,9.807805686937918176e-04,2.033602969424711114e-16,7.499999999999997988e-04
3.310000000000000357e-09,1.990220719702378676e-05,6.541873554548681251e-06,3.199363653339943876e-04,6.680166821237552757e-04,9.879530474577497175e-04,9.812810331823022553e-04,2.033808700978075895e-16,7.499999999999997988e-04
3.315000000000000236e-09,1.990215707828680636e-05,6.545209138972156164e-06,3.206042973699637180e-04,6.678473969657324795e-04,9.884516943356961433e-04,9.817813708458233805e-04,2.034014827723696262e-16,7.499999999999997988e-04
3.320000000000000116e-09,1.990210697225067843e-05,6.548543878109966256e-06,3.212720601422256687e-04,6.676781547070355935e-04,9.889502148492613706e-04,9.822815817164948487e-04,2.034221349334736542e-16,7.499999999999997988e-04
3.324999999999999995e-09,1.990205687891217747e-05,6.551877772176316843e-06,3.219396536936739881e-04,6.675089553367929973e-04,9.894486090304670939e-04,9.827816658264474248e-04,2.034428265484555813e-16,7.499999999999997988e-04
3.330000000000000702e-09,1.990200679826808474e-05,6.555210821385362417e-06,3.226070780671917455e-04,6.673397988441361062e-04,9.899468769113278516e-04,9.832816232078042847e-04,2.034635575846711352e-16,7.499999999999997988e-04
3.335000000000000581e-09,1.990195673031518493e-05,6.558543025951199873e-06,3.232743333056511677e-04,6.671706852181992628e-04,9.904450185238503762e-04,9.837814538926799302e-04,2.034843280094958391e-16,7.499999999999997988e-04
3.340000000000000460e-09,1.990190667505025590e-05,6.561874386087872743e-06,3.239414194519134771e-04,6.670016144481191950e-04,9.909430339000327263e-04,9.842811579131808403e-04,2.035051377903249625e-16,7.499999999999997988e-04
3.345000000000000340e-09,1.990185663247008571e-05,6.565204902009373736e-06,3.246083365488291084e-04,6.668325865230355582e-04,9.914409230718647208e-04,9.847807353014061214e-04,2.035259868945735211e-16,7.499999999999997988e-04
3.350000000000000219e-09,1.990180660257145903e-05,6.568534573929635423e-06,3.252750846392375998e-04,6.666636014320911517e-04,9.919386860713288057e-04,9.852801860894453388e-04,2.035468752896761781e-16,7.499999999999997988e-04
3.355000000000000098e-09,1.990175658535115713e-05,6.571863402062542940e-06,3.259416637659677020e-04,6.664946591644307266e-04,9.924363229303983201e-04,9.857795103093813360e-04,2.035678029430872688e-16,7.499999999999997988e-04
3.359999999999999978e-09,1.990170658080596806e-05,6.575191386621922132e-06,3.266080739718372149e-04,6.663257597092022864e-04,9.929338336810394471e-04,9.862787079932882825e-04,2.035887698222809735e-16,7.499999999999997988e-04
3.365000000000000684e-09,1.990165658893267988e-05,6.578518527821544632e-06,3.272743152996533136e-04,6.661569030555567622e-04,9.934312183552101300e-04,9.867777791732316745e-04,2.036097758947510952e-16,7.499999999999997988e-04
3.370000000000000564e-09,1.990160660972808062e-05,6.581844825875132101e-06,3.279403877922118971e-04,6.659880891926474701e-04,9.939284769848594214e-04,9.872767238812698524e-04,2.036308211280110354e-16,7.499999999999997988e-04
3.375000000000000443e-09,1.990155664318895158e-05,6.585170280996349445e-06,3.286062914922984564e-04,6.658193181096301117e-04,9.944256096019285680e-04,9.877755421494524828e-04,2.036519054895937690e-16,7.499999999999997988e-04
3.380000000000000322e-09,1.990150668931209434e-05,6.588494893398804822e-06,3.292720264426874776e-04,6.656505897956643998e-04,9.949226162383518774e-04,9.882742340098207758e-04,2.036730289470524116e-16,7.499999999999997988e-04
3.385000000000000202e-09,1.990145674809429020e-05,6.591818663296056414e-06,3.299375926861426050e-04,6.654819042399116738e-04,9.954194969260543330e-04,9.887727994944085688e-04,2.036941914679591100e-16,7.499999999999997988e-04
3.390000000000000081e-09,1.990140681953233396e-05,6.595141590901609038e-06,3.306029902654164781e-04,6.653132614315363088e-04,9.959162516969526785e-04,9.892712386352414591e-04,2.037153930199060039e-16,7.499999999999997988e-04
3.394999999999999960e-09,1.990135690362301708e-05,6.598463676428909917e-06,3.312682192232511654e-04,6.651446613597052819e-04,9.964128805829565016e-04,9.897695514643365874e-04,2.037366335705047077e-16,7.499999999999997988e-04
3.400000000000000667e-09,1.990130700036313099e-05,6.601784920091352906e-06,3.319332796023777852e-04,6.649761040135889313e-04,9.969093836159667165e-04,9.902677380137028546e-04,2.037579130873865083e-16,7.499999999999997988e-04
3.405000000000000546e-09,1.990125710974947391e-05,6.605105322102280195e-06,3.325981714455166134e-04,6.648075893823596552e-04,9.974057608278762144e-04,9.907657983153420056e-04,2.037792315382023646e-16,7.499999999999997988e-04
3.410000000000000425e-09,1.990120723177883727e-05,6.608424882674976374e-06,3.332628947953771925e-04,6.646391174551929959e-04,9.979020122505700800e-04,9.912637324012464612e-04,2.038005888906226367e-16,7.499999999999997988e-04
3.415000000000000305e-09,1.990115736644801591e-05,6.611743602022673517e-06,3.339274496946581690e-04,6.644706882212670978e-04,9.983981379159253752e-04,9.917615403034010530e-04,2.038219851123374308e-16,7.499999999999997988e-04
3.420000000000000184e-09,1.990110751375380804e-05,6.615061480358552029e-06,3.345918361860472385e-04,6.643023016697628159e-04,9.988941378558100544e-04,9.922592220537828061e-04,2.038434201710562788e-16,7.499999999999997988e-04
3.425000000000000063e-09,1.990105767369301188e-05,6.618378517895734717e-06,3.352560543122215259e-04,6.641339577898638241e-04,9.993900121020853500e-04,9.927567776843602889e-04,2.038648940345084341e-16,7.499999999999997988e-04
3.429999999999999943e-09,1.990100784626242224e-05,6.621694714847293566e-06,3.359201041158472057e-04,6.639656565707563983e-04,9.998857606866036040e-04,9.932542072270940468e-04,2.038864066704425020e-16,7.499999999999997988e-04
3.435000000000000649e-09,1.990095803145883736e-05,6.625010071426242962e-06,3.365839856395797186e-04,6.637973980016297418e-04,1.000381383641209352e-03,9.937515107139363851e-04,2.039079580466267105e-16,7.499999999999997988e-04
3.440000000000000529e-09,1.990090822927905882e-05,6.628324587845547318e-06,3.372476989260635551e-04,6.636291820716755515e-04,1.000876880997739107e-03,9.942486881768320198e-04,2.039295481308489106e-16,7.499999999999997988e-04
3.445000000000000408e-09,1.990085843971988824e-05,6.631638264318113446e-06,3.379112440179324718e-04,6.634610087700887771e-04,1.001372252788021357e-03,9.947457396477169932e-04,2.039511768909163298e-16,7.499999999999997988e-04
3.450000000000000287e-09,1.990080866277812383e-05,6.634951101056796492e-06,3.385746209578096005e-04,6.632928780860663197e-04,1.001867499043875920e-03,9.952426651585195416e-04,2.039728442946556950e-16,7.499999999999997988e-04
3.455000000000000167e-09,1.990075889845057059e-05,6.638263098274396542e-06,3.392378297883069595e-04,6.631247900088086582e-04,1.002362619797115672e-03,9.957394647411594441e-04,2.039945503099133563e-16,7.499999999999997988e-04
3.460000000000000046e-09,1.990070914673403349e-05,6.641574256183660321e-06,3.399008705520259422e-04,6.629567445275186570e-04,1.002857615079544599e-03,9.962361384275491075e-04,2.040162949045550648e-16,7.499999999999997988e-04
3.464999999999999925e-09,1.990065940762530738e-05,6.644884574997281190e-06,3.405637432915571000e-04,6.627887416314012401e-04,1.003352484922958449e-03,9.967326862495922649e-04,2.040380780464658738e-16,7.499999999999997988e-04
3.470000000000000632e-09,1.990060968112120741e-05,6.648194054927897453e-06,3.412264480494801963e-04,6.626207813096655604e-04,1.003847229359145811e-03,9.972291082391846265e-04,2.040598997035506816e-16,7.499999999999997988e-04
3.475000000000000511e-09,1.990055996721853179e-05,6.651502696188095746e-06,3.418889848683642611e-04,6.624528635515217461e-04,1.004341848419885953e-03,9.977254044282143127e-04,2.040817598437334425e-16,7.499999999999997988e-04
3.480000000000000390e-09,1.990051026591409228e-05,6.654810498990405951e-06,3.425513537907674821e-04,6.622849883461843709e-04,1.004836342136951853e-03,9.982215748485609875e-04,2.041036584349578320e-16,7.499999999999997988e-04
3.485000000000000270e-09,1.990046057720469051e-05,6.658117463547304590e-06,3.432135548592373138e-04,6.621171556828693095e-04,1.005330710542106515e-03,9.987176195320956410e-04,2.041255954451867297e-16,7.499999999999997988e-04
3.490000000000000149e-09,1.990041090108713822e-05,6.661423590071216514e-06,3.438755881163103141e-04,6.619493655507961228e-04,1.005824953667106437e-03,9.992135385106825415e-04,2.041475708424026134e-16,7.499999999999997988e-04
3.495000000000000028e-09,1.990036123755824381e-05,6.664728878774511518e-06,3.445374536045123616e-04,6.617816179391866485e-04,1.006319071543699010e-03,9.997093318161766329e-04,2.041695845946072880e-16,7.499999999999997988e-04
3.499999999999999908e-09,1.990031158661481565e-05,6.668033329869503493e-06,3.451991513663586557e-04,6.616139128372656520e-04,1.006813064203624253e-03,1.000204999480425487e-03,2.041916366698219101e-16,7.499999999999997988e-04
3.505000000000000614e-09,1.990026194825366212e-05,6.671336943568456354e-06,3.458606814443532826e-04,6.614462502342602834e-04,1.007306931678613512e-03,1.000700541535268434e-03,2.042137270360870127e-16,7.499999999999997988e-04
3.510000000000000494e-09,1.990021232247160177e-05,6.674639720083578112e-06,3.465220438809899200e-04,6.612786301194011626e-04,1.007800674000391191e-03,1.001195958012536785e-03,2.042358556614628011e-16,7.499999999999997988e-04
3.515000000000000373e-09,1.990016270926543959e-05,6.677941659627020874e-06,3.471832387187512412e-04,6.611110524819209695e-04,1.008294291200672156e-03,1.001691248944053172e-03,2.042580225140283638e-16,7.499999999999997988e-04
3.520000000000000252e-09,1.990011310863198734e-05,6.681242762410888467e-06,3.478442660001092399e-04,6.609435173110549859e-04,1.008787783311164334e-03,1.002186414361633292e-03,2.042802275618823877e-16,7.499999999999997988e-04
3.525000000000000132e-09,1.990006352056806696e-05,6.684543028647227966e-06,3.485051257675252307e-04,6.607760245960419632e-04,1.009281150363567194e-03,1.002681454297084168e-03,2.043024707731430594e-16,7.499999999999997988e-04
3.530000000000000011e-09,1.990001394507048344e-05,6.687842458548029694e-06,3.491658180634497400e-04,6.606085743261226042e-04,1.009774392389572398e-03,1.003176368782204364e-03,2.043247521159475719e-16,7.499999999999997988e-04
3.535000000000000718e-09,1.989996438213605871e-05,6.691141052325234001e-06,3.498263429303222899e-04,6.604411664905412982e-04,1.010267509420863588e-03,1.003671157848785075e-03,2.043470715584526181e-16,7.499999999999997988e-04
3.540000000000000597e-09,1.989991483176160793e-05,6.694438810190728719e-06,3.504867004105719939e-04,6.602738010785439522e-04,1.010760501489115946e-03,1.004165821528609252e-03,2.043694290688342178e-16,7.499999999999997988e-04
3.545000000000000476e-09,1.989986529394394965e-05,6.697735732356344930e-06,3.511468905466170153e-04,6.601064780793801596e-04,1.011253368625997066e-03,1.004660359853451826e-03,2.043918246152877427e-16,7.499999999999997988e-04
3.550000000000000356e-09,1.989981576867989901e-05,6.701031819033861200e-06,3.518069133808648377e-04,6.599391974823018989e-04,1.011746110863166737e-03,1.005154772855079270e-03,2.044142581660276449e-16,7.499999999999997988e-04
3.555000000000000235e-09,1.989976625596627118e-05,6.704327070435001883e-06,3.524667689557121029e-04,6.597719592765635341e-04,1.012238728232275637e-03,1.005649060565250250e-03,2.044367296892877284e-16,7.499999999999997988e-04
3.560000000000000114e-09,1.989971675579988808e-05,6.707621486771437126e-06,3.531264573135448818e-04,6.596047634514224647e-04,1.012731220764967292e-03,1.006143223015715628e-03,2.044592391533211243e-16,7.499999999999997988e-04
3.564999999999999994e-09,1.989966726817757504e-05,6.710915068254786252e-06,3.537859784967382947e-04,6.594376099961394514e-04,1.013223588492877855e-03,1.006637260238218024e-03,2.044817865264003399e-16,7.499999999999997988e-04
3.570000000000000700e-09,1.989961779309614383e-05,6.714207815096611833e-06,3.544453325476568909e-04,6.592704988999765559e-04,1.013715831447633501e-03,1.007131172264491819e-03,2.045043717768167661e-16,7.499999999999997988e-04
3.575000000000000579e-09,1.989956833055242315e-05,6.717499727508423925e-06,3.551045195086544319e-04,6.591034301521999598e-04,1.014207949660854337e-03,1.007624959126263587e-03,2.045269948728814658e-16,7.499999999999997988e-04
3.580000000000000459e-09,1.989951888054323494e-05,6.720790805701680915e-06,3.557635394220738916e-04,6.589364037420776879e-04,1.014699943164151580e-03,1.008118620855252097e-03,2.045496557829244594e-16,7.499999999999997988e-04
3.585000000000000338e-09,1.989946944306540113e-05,6.724081049887785287e-06,3.564223923302475101e-04,6.587694196588808008e-04,1.015191811989128202e-03,1.008612157483167876e-03,2.045723544752949464e-16,7.499999999999997988e-04
3.590000000000000217e-09,1.989942001811574365e-05,6.727370460278084465e-06,3.570810782754970107e-04,6.586024778918829611e-04,1.015683556167380026e-03,1.009105569041712563e-03,2.045950909183614780e-16,7.499999999999997988e-04
3.595000000000000097e-09,1.989937060569109460e-05,6.730659037083876749e-06,3.577395973001331123e-04,6.584355784303609757e-04,1.016175175730494196e-03,1.009598855562581507e-03,2.046178650805118340e-16,7.499999999999997988e-04
3.599999999999999976e-09,1.989932120578827252e-05,6.733946780516403685e-06,3.583979494464559624e-04,6.582687212635933861e-04,1.016666670710049403e-03,1.010092017077460517e-03,2.046406769301527760e-16,7.499999999999997988e-04
3.605000000000000683e-09,1.989927181840410613e-05,6.737233690786854303e-06,3.590561347567550296e-04,6.581019063808625285e-04,1.017158041137617612e-03,1.010585053618028245e-03,2.046635264357103435e-16,7.499999999999997988e-04
3.610000000000000562e-09,1.989922244353542751e-05,6.740519768106364271e-06,3.597141532733088318e-04,6.579351337714531246e-04,1.017649287044761902e-03,1.011077965215954671e-03,2.046864135656298538e-16,7.499999999999997988e-04
3.615000000000000441e-09,1.989917308117905860e-05,6.743805012686014200e-06,3.603720050383854242e-04,6.577684034246521726e-04,1.018140408463037543e-03,1.011570751902902184e-03,2.047093382883755569e-16,7.499999999999997988e-04
3.620000000000000321e-09,1.989912373133183150e-05,6.747089424736834725e-06,3.610296900942420203e-04,6.576017153297498150e-04,1.018631405423991781e-03,1.012063413710525151e-03,2.047323005724310298e-16,7.499999999999997988e-04
3.625000000000000200e-09,1.989907439399057830e-05,6.750373004469798883e-06,3.616872084831253167e-04,6.574350694760390133e-04,1.019122277959164276e-03,1.012555950670469915e-03,2.047553003862989053e-16,7.499999999999997988e-04
3.630000000000000079e-09,1.989902506915212772e-05,6.753655752095828890e-06,3.623445602472710053e-04,6.572684658528148973e-04,1.019613026100086011e-03,1.013048362814374364e-03,2.047783376985009217e-16,7.499999999999997988e-04
3.634999999999999959e-09,1.989897575681330845e-05,6.756937667825792750e-06,3.630017454289042613e-04,6.571019044493757412e-04,1.020103649878279948e-03,1.013540650173869011e-03,2.048014124775778239e-16,7.499999999999997988e-04
3.640000000000000665e-09,1.989892645697095600e-05,6.760218751870504259e-06,3.636587640702395262e-04,6.569353852550226377e-04,1.020594149325262110e-03,1.014032812780575697e-03,2.048245246920897575e-16,7.499999999999997988e-04
3.645000000000000544e-09,1.989887716962190583e-05,6.763499004440725544e-06,3.643156162134803997e-04,6.567689082590590652e-04,1.021084524472539411e-03,1.014524850666108889e-03,2.048476743106157025e-16,7.499999999999997988e-04
3.650000000000000424e-09,1.989882789476299005e-05,6.766778425747163672e-06,3.649723019008200729e-04,6.566024734507913208e-04,1.021574775351611394e-03,1.015016763862074600e-03,2.048708613017538180e-16,7.499999999999997988e-04
3.655000000000000303e-09,1.989877863239104076e-05,6.770057016000473197e-06,3.656288211744409492e-04,6.564360808195284121e-04,1.022064901993969361e-03,1.015508552400071034e-03,2.048940856341211464e-16,7.499999999999997988e-04
3.660000000000000182e-09,1.989872938250289344e-05,6.773334775411255308e-06,3.662851740765146443e-04,6.562697303545819488e-04,1.022554904431096593e-03,1.016000216311688372e-03,2.049173472763540819e-16,7.499999999999997988e-04
3.665000000000000062e-09,1.989868014509538696e-05,6.776611704190056986e-06,3.669413606492020401e-04,6.561034220452664680e-04,1.023044782694468562e-03,1.016491755628508558e-03,2.049406461971079020e-16,7.499999999999997988e-04
3.669999999999999941e-09,1.989863092016535680e-05,6.779887802547372693e-06,3.675973809346534476e-04,6.559371558808992173e-04,1.023534536815552719e-03,1.016983170382105943e-03,2.049639823650568662e-16,7.499999999999997988e-04
3.675000000000000648e-09,1.989858170770964185e-05,6.783163070693643531e-06,3.682532349750085527e-04,6.557709318507999379e-04,1.024024166825808491e-03,1.017474460604046423e-03,2.049873557488944132e-16,7.499999999999997988e-04
3.680000000000000527e-09,1.989853250772508097e-05,6.786437508839256390e-06,3.689089228123962534e-04,6.556047499442912985e-04,1.024513672756687498e-03,1.017965626325888521e-03,2.050107663173329390e-16,7.499999999999997988e-04
3.685000000000000406e-09,1.989848332020851643e-05,6.789711117194547339e-06,3.695644444889347683e-04,6.554386101506984611e-04,1.025003054639633121e-03,1.018456667579182087e-03,2.050342140391037969e-16,7.499999999999997988e-04
3.690000000000000286e-09,1.989843414515678031e-05,6.792983895969795694e-06,3.702198000467317451e-04,6.552725124593491903e-04,1.025492312506080935e-03,1.018947584395469381e-03,2.050576988829572481e-16,7.499999999999997988e-04
3.695000000000000165e-09,1.989838498256672506e-05,6.796255845375228257e-06,3.708749895278839895e-04,6.551064568595748282e-04,1.025981446387458709e-03,1.019438376806284206e-03,2.050812208176628566e-16,7.499999999999997988e-04
3.700000000000000044e-09,1.989833583243518614e-05,6.799526965621020160e-06,3.715300129744778445e-04,6.549404433407083432e-04,1.026470456315186188e-03,1.019929044843152994e-03,2.051047798120088720e-16,7.499999999999997988e-04
3.704999999999999924e-09,1.989828669475900583e-05,6.802797256917293173e-06,3.721848704285888655e-04,6.547744718920856313e-04,1.026959342320674443e-03,1.020419588537593934e-03,2.051283758348025018e-16,7.499999999999997988e-04
3.710000000000000630e-09,1.989823756953502978e-05,6.806066719474115701e-06,3.728395619322819282e-04,6.546085425030457325e-04,1.027448104435327607e-03,1.020910007921117411e-03,2.051520088548701076e-16,7.499999999999997988e-04
3.715000000000000510e-09,1.989818845676009684e-05,6.809335353501501941e-06,3.734940875276112834e-04,6.544426551629297468e-04,1.027936742690541139e-03,1.021400303025225354e-03,2.051756788410567373e-16,7.499999999999997988e-04
3.720000000000000389e-09,1.989813935643105946e-05,6.812603159209411878e-06,3.741484472566205567e-04,6.542768098610823521e-04,1.028425257117702909e-03,1.021890473881411883e-03,2.051993857622266918e-16,7.499999999999997988e-04
3.725000000000000268e-09,1.989809026854476328e-05,6.815870136807755523e-06,3.748026411613426400e-04,6.541110065868503947e-04,1.028913647748192980e-03,1.022380520521163315e-03,2.052231295872629585e-16,7.499999999999997988e-04
3.730000000000000148e-09,1.989804119309805056e-05,6.819136286506386136e-06,3.754566692837999083e-04,6.539452453295832145e-04,1.029401914613383177e-03,1.022870442975957941e-03,2.052469102850674078e-16,7.499999999999997988e-04
3.735000000000000027e-09,1.989799213008777373e-05,6.822401608515107002e-06,3.761105316660039491e-04,6.537795260786332958e-04,1.029890057744637299e-03,1.023360241277266030e-03,2.052707278245610400e-16,7.499999999999997988e-04
3.740000000000000733e-09,1.989794307951077843e-05,6.825666103043666348e-06,3.767642283499557788e-04,6.536138488233555078e-04,1.030378077173311341e-03,1.023849915456550045e-03,2.052945821746835172e-16,7.499999999999997988e-04
3.745000000000000613e-09,1.989789404136391371e-05,6.828929770301759886e-06,3.774177593776456801e-04,6.534482135531076473e-04,1.030865972930753273e-03,1.024339465545263993e-03,2.053184733043934584e-16,7.499999999999997988e-04
3.750000000000000492e-09,1.989784501564403199e-05,6.832192610499029964e-06,3.780711247910534191e-04,6.532826202572501132e-04,1.031353745048303478e-03,1.024828891574854507e-03,2.053424011826684156e-16,7.499999999999997988e-04
3.755000000000000371e-09,1.989779600234797892e-05,6.835454623845064722e-06,3.787243246321481366e-04,6.531170689251456895e-04,1.031841393557293880e-03,1.025318193576759762e-03,2.053663657785046268e-16,7.499999999999997988e-04
3.760000000000000251e-09,1.989774700147261370e-05,6.838715810549402321e-06,3.793773589428881313e-04,6.529515595461605213e-04,1.032328918489048598e-03,1.025807371582410348e-03,2.053903670609175337e-16,7.499999999999997988e-04
3.765000000000000130e-09,1.989769801301478197e-05,6.841976170821524176e-06,3.800302277652212396e-04,6.527860921096628136e-04,1.032816319874884162e-03,1.026296425623228611e-03,2.054144049989409440e-16,7.499999999999997988e-04
3.770000000000000009e-09,1.989764903697133956e-05,6.845235704870859181e-06,3.806829311410847268e-04,6.526206666050240243e-04,1.033303597746108859e-03,1.026785355730628875e-03,2.054384795616277950e-16,7.499999999999997988e-04
3.775000000000000716e-09,1.989760007333913889e-05,6.848494412906787952e-06,3.813354691124050161e-04,6.524552830216175624e-04,1.033790752134022524e-03,1.027274161936018093e-03,2.054625907180498334e-16,7.499999999999997988e-04
3.780000000000000595e-09,1.989755112211503917e-05,6.851752295138630965e-06,3.819878417210980683e-04,6.522899413488204151e-04,1.034277783069918483e-03,1.027762844270794541e-03,2.054867384372975662e-16,7.499999999999997988e-04
3.785000000000000475e-09,1.989750218329589280e-05,6.855009351775659568e-06,3.826400490090692730e-04,6.521246415760117380e-04,1.034764690585080957e-03,1.028251402766348910e-03,2.055109226884801864e-16,7.499999999999997988e-04
3.790000000000000354e-09,1.989745325687855223e-05,6.858265583027094288e-06,3.832920910182132323e-04,6.519593836925728549e-04,1.035251474710786141e-03,1.028739837454064080e-03,2.055351434407258443e-16,7.499999999999997988e-04
3.795000000000000233e-09,1.989740434285988343e-05,6.861520989102096357e-06,3.839439677904140313e-04,6.517941676878893182e-04,1.035738135478303295e-03,1.029228148365314479e-03,2.055594006631814504e-16,7.499999999999997988e-04
3.800000000000000113e-09,1.989735544123673544e-05,6.864775570209779577e-06,3.845956793675450757e-04,6.516289935513477644e-04,1.036224672918892786e-03,1.029716335531466942e-03,2.055836943250124780e-16,7.499999999999997988e-04
3.804999999999999992e-09,1.989730655200597424e-05,6.868029326559200995e-06,3.852472257914692547e-04,6.514638612723386247e-04,1.036711087063807825e-03,1.030204398983880065e-03,2.056080243954034810e-16,7.499999999999997988e-04
3.810000000000000698e-09,1.989725767516445563e-05,6.871282258359367686e-06,3.858986071040387779e-04,6.512987708402543903e-04,1.037197377944293168e-03,1.030692338753905072e-03,2.056323908435574775e-16,7.499999999999997988e-04
3.815000000000000578e-09,1.989720881070904221e-05,6.874534365819233360e-06,3.865498233470952296e-04,6.511337222444904798e-04,1.037683545591585764e-03,1.031180154872884946e-03,2.056567936386964431e-16,7.499999999999997988e-04
3.820000000000000457e-09,1.989715995863659319e-05,6.877785649147694978e-06,3.872008745624696234e-04,6.509687154744449138e-04,1.038169590036914537e-03,1.031667847372154216e-03,2.056812327500608668e-16,7.499999999999997988e-04
3.825000000000000336e-09,1.989711111894396775e-05,6.881036108553601216e-06,3.878517607919824018e-04,6.508037505195184234e-04,1.038655511311500825e-03,1.032155416283040252e-03,2.057057081469099731e-16,7.499999999999997988e-04
3.830000000000000216e-09,1.989706229162803528e-05,6.884285744245746544e-06,3.885024820774434905e-04,6.506388273691144503e-04,1.039141309446557941e-03,1.032642861636861968e-03,2.057302197985219932e-16,7.499999999999997988e-04
3.835000000000000095e-09,1.989701347668565497e-05,6.887534556432871221e-06,3.891530384606519733e-04,6.504739460126391466e-04,1.039626984473291174e-03,1.033130183464930690e-03,2.057547676741934499e-16,7.499999999999997988e-04
3.839999999999999974e-09,1.989696467411369618e-05,6.890782545323662142e-06,3.898034299833965798e-04,6.503091064395017003e-04,1.040112536422898226e-03,1.033617381798549286e-03,2.057793517432398973e-16,7.499999999999997988e-04
3.845000000000000681e-09,1.989691588390901474e-05,6.894029711126757074e-06,3.904536566874553059e-04,6.501443086391129255e-04,1.040597965326568123e-03,1.034104456669013468e-03,2.058039719749951565e-16,7.499999999999997988e-04
3.850000000000000560e-09,1.989686710606848339e-05,6.897276054050737880e-06,3.911037186145955766e-04,6.499795526008873229e-04,1.041083271215482954e-03,1.034591408107610709e-03,2.058286283388121540e-16,7.499999999999997988e-04
3.855000000000000440e-09,1.989681834058897150e-05,6.900521574304132214e-06,3.917536158065742461e-04,6.498148383142419949e-04,1.041568454120816133e-03,1.035078236145619808e-03,2.058533208040622558e-16,7.499999999999997988e-04
3.860000000000000319e-09,1.989676958746733828e-05,6.903766272095419448e-06,3.924033483051377600e-04,6.496501657685959958e-04,1.042053514073733702e-03,1.035564940814312843e-03,2.058780493401353415e-16,7.499999999999997988e-04
3.865000000000000198e-09,1.989672084670045309e-05,6.907010147633020508e-06,3.930529161520216678e-04,6.494855349533716323e-04,1.042538451105393246e-03,1.036051522144952998e-03,2.059028139164401001e-16,7.499999999999997988e-04
3.870000000000000078e-09,1.989667211828519206e-05,6.910253201125308889e-06,3.937023193889511107e-04,6.493209458579941385e-04,1.043023265246945195e-03,1.036537980168796306e-03,2.059276145024039560e-16,7.499999999999997988e-04
3.874999999999999957e-09,1.989662340221842119e-05,6.913495432780602178e-06,3.943515580576407130e-04,6.491563984718909169e-04,1.043507956529531738e-03,1.037024314917090340e-03,2.059524510674726994e-16,7.499999999999997988e-04
3.880000000000000664e-09,1.989657469849701323e-05,6.916736842807165450e-06,3.950006321997944197e-04,6.489918927844924058e-04,1.043992524984286826e-03,1.037510526421074868e-03,2.059773235811108311e-16,7.499999999999997988e-04
3.885000000000000543e-09,1.989652600711783753e-05,6.919977431413212107e-06,3.956495418571057132e-04,6.488274287852313204e-04,1.044476970642337034e-03,1.037996614711981852e-03,2.060022320128014643e-16,7.499999999999997988e-04
3.890000000000000422e-09,1.989647732807776686e-05,6.923217198806899650e-06,3.962982870712574508e-04,6.486630064635434114e-04,1.044961293534800916e-03,1.038482579821035012e-03,2.060271763320462256e-16,7.499999999999997988e-04
3.895000000000000302e-09,1.989642866137367058e-05,6.926456145196338992e-06,3.969468678839218104e-04,6.484986258088664898e-04,1.045445493692788354e-03,1.038968421779450915e-03,2.060521565083652553e-16,7.499999999999997988e-04
3.900000000000000181e-09,1.989638000700242823e-05,6.929694270789581753e-06,3.975952843367606157e-04,6.483342868106422695e-04,1.045929571147402939e-03,1.039454140618437236e-03,2.060771725112975277e-16,7.499999999999997988e-04
3.905000000000000060e-09,1.989633136496091594e-05,6.932931575794630426e-06,3.982435364714250652e-04,6.481699894583141993e-04,1.046413525929739373e-03,1.039939736369194494e-03,2.061022243104003335e-16,7.499999999999997988e-04
3.910000000000000767e-09,1.989628273524599969e-05,6.936168060419434987e-06,3.988916243295557323e-04,6.480057337413282215e-04,1.046897358070883900e-03,1.040425209062915187e-03,2.061273118752495015e-16,7.499999999999997988e-04
3.915000000000000646e-09,1.989623411785456579e-05,6.939403724871890357e-06,3.995395479527826736e-04,6.478415196491337479e-04,1.047381067601916476e-03,1.040910558730783570e-03,2.061524351754395469e-16,7.499999999999997988e-04
3.920000000000000525e-09,1.989618551278348360e-05,6.942638569359842326e-06,4.001873073827254290e-04,6.476773471711820334e-04,1.047864654553907517e-03,1.041395785403976312e-03,2.061775941805832763e-16,7.499999999999997988e-04
3.925000000000000405e-09,1.989613692002963267e-05,6.945872594091079089e-06,4.008349026609929673e-04,6.475132162969276942e-04,1.048348118957920716e-03,1.041880889113661838e-03,2.062027888603122074e-16,7.499999999999997988e-04
3.930000000000000284e-09,1.989608833958989928e-05,6.949105799273340557e-06,4.014823338291836864e-04,6.473491270158279482e-04,1.048831460845011526e-03,1.042365869891000987e-03,2.062280191842764452e-16,7.499999999999997988e-04
3.935000000000000163e-09,1.989603977146115621e-05,6.952338185114311586e-06,4.021296009288855217e-04,6.471850793173421820e-04,1.049314680246227812e-03,1.042850727767146790e-03,2.062532851221442880e-16,7.499999999999997988e-04
3.940000000000000043e-09,1.989599121564028297e-05,6.955569751821624516e-06,4.027767040016757292e-04,6.470210731909329261e-04,1.049797777192608764e-03,1.043335462773243606e-03,2.062785866436026214e-16,7.499999999999997988e-04
3.945000000000000749e-09,1.989594267212416588e-05,6.958800499602862557e-06,4.034236430891212106e-04,6.468571086260650966e-04,1.050280751715186416e-03,1.043820074940429287e-03,2.063039237183569187e-16,7.499999999999997988e-04
3.950000000000000629e-09,1.989589414090968107e-05,6.962030428665550477e-06,4.040704182327781884e-04,6.466931856122065366e-04,1.050763603844984779e-03,1.044304564299832578e-03,2.063292963161310188e-16,7.499999999999997988e-04
3.955000000000000508e-09,1.989584562199371147e-05,6.965259539217164760e-06,4.047170294741924226e-04,6.465293041388273662e-04,1.051246333613019843e-03,1.044788930882574636e-03,2.063547044066671264e-16,7.499999999999997988e-04
3.960000000000000387e-09,1.989579711537314000e-05,6.968487831465128528e-06,4.053634768548991562e-04,6.463654641954005246e-04,1.051728941050299789e-03,1.045273174719769244e-03,2.063801479597260829e-16,7.499999999999997988e-04
3.965000000000000267e-09,1.989574862104485635e-05,6.971715305616811540e-06,4.060097604164230613e-04,6.462016657714022031e-04,1.052211426187825210e-03,1.045757295842521728e-03,2.064056269450870954e-16,7.499999999999997988e-04
3.970000000000000146e-09,1.989570013900574343e-05,6.974941961879531040e-06,4.066558802002782935e-04,6.460379088563106536e-04,1.052693789056588893e-03,1.046241294281929609e-03,2.064311413325476627e-16,7.499999999999997988e-04
3.975000000000000025e-09,1.989565166925268079e-05,6.978167800460550908e-06,4.073018362479683828e-04,6.458741934396064043e-04,1.053176029687574733e-03,1.046725170069082601e-03,2.064566910919237479e-16,7.499999999999997988e-04
3.980000000000000732e-09,1.989560321178255811e-05,6.981392821567086743e-06,4.079476286009866681e-04,6.457105195107735616e-04,1.053658148111760121e-03,1.047208923235063045e-03,2.064822761930497784e-16,7.499999999999997988e-04
3.985000000000000611e-09,1.989555476659226848e-05,6.984617025406296545e-06,4.085932573008156459e-04,6.455468870592986170e-04,1.054140144360114209e-03,1.047692553810944394e-03,2.065078966057786705e-16,7.499999999999997988e-04
3.990000000000000490e-09,1.989550633367869481e-05,6.987840412185287493e-06,4.092387223889275131e-04,6.453832960746703389e-04,1.054622018463597906e-03,1.048176061827793158e-03,2.065335522999814596e-16,7.499999999999997988e-04
3.995000000000000370e-09,1.989545791303872681e-05,6.991062982111113404e-06,4.098840239067837329e-04,6.452197465463806398e-04,1.055103770453164318e-03,1.048659447316666960e-03,2.065592432455477194e-16,7.499999999999997988e-04
4.000000000000000249e-09,1.989540950466925416e-05,6.994284735390777271e-06,4.105291618958355226e-04,6.450562384639238174e-04,1.055585400359759394e-03,1.049142710308616482e-03,2.065849694123853399e-16,7.499999999999997988e-04
4.005000000000000128e-09,1.989542509028729948e-05,7.515692352771606454e-06,4.111611298122982831e-04,6.189866368757847206e-04,1.030147766688082949e-03,0.000000000000000000e+00,2.066490716527505044e-16,7.314824340212492662e-04
4.010000000000000008e-09,1.989556247392309848e-05,8.024533939981214373e-06,4.117673466289175754e-04,5.935514266970942122e-04,1.005318773326011788e-03,0.000000000000000000e+00,2.067162861891489831e-16,7.134220683755352829e-04
4.014999999999999887e-09,1.989581278370403732e-05,8.521110089624787701e-06,4.123484389674031609e-04,5.687351347039625114e-04,9.810835736713656181e-04,0.000000000000000000e+00,2.067862915038407032e-16,6.958076147464144733e-04
4.020000000000000594e-09,1.989616765192191728e-05,9.005714065531216403e-06,4.129050181729615942e-04,5.445226793195350606e-04,9.574276974924966549e-04,0.000000000000000000e+00,2.068587857474632546e-16,6.786280635269694057e-04
4.025000000000000473e-09,1.989661918863422433e-05,9.478631988371672730e-06,4.134376807006156715e-04,5.208993600131276141e-04,9.343370407137432856e-04,0.000000000000000000e+00,2.069334856817739304e-16,6.618726769384462513e-04
4.030000000000000352e-09,1.989715995660193873e-05,9.940143016248335764e-06,4.139470084910830665e-04,4.978508470176801551e-04,9.117978555087632216e-04,0.000000000000000000e+00,2.070101256771550332e-16,6.455309823187931019e-04
4.035000000000000232e-09,1.989778294749723668e-05,1.039051952040453230e-05,4.144335693365275969e-04,4.753631713546352020e-04,8.897967406911627989e-04,0.000000000000000000e+00,2.070884567620261553e-16,6.295927655769051464e-04
4.040000000000000111e-09,1.989848155931767871e-05,1.083002725620238947e-05,4.148979172364838236e-04,4.534227151557644522e-04,8.683206323922482758e-04,0.000000000000000000e+00,2.071682457214619038e-16,6.140480648084860110e-04
4.044999999999999990e-09,1.989924957494673173e-05,1.125892552950910965e-05,4.153405927442488030e-04,4.320162022718811211e-04,8.473567950161299241e-04,0.000000000000000000e+00,2.072492742424611598e-16,5.988871640695324697e-04
4.049999999999999870e-09,1.990008114180334843e-05,1.167746735862816045e-05,4.157621233040208783e-04,4.111306891587594129e-04,8.268928124627802911e-04,0.000000000000000000e+00,2.073313381034511691e-16,5.841005873035532781e-04
4.055000000000000576e-09,1.990097075252619075e-05,1.208589963190709163e-05,4.161630235790598131e-04,3.907535560309549801e-04,8.069165796100147931e-04,0.000000000000000000e+00,2.074142464057373405e-16,5.696790924187259027e-04
4.060000000000000456e-09,1.990191322664086544e-05,1.248446326114927102e-05,4.165437957711308611e-04,3.708724982745797006e-04,7.874162940457105075e-04,0.000000000000000000e+00,2.074978208447373208e-16,5.556136655112879456e-04
4.065000000000000335e-09,1.990290369316093563e-05,1.287339333095252371e-05,4.169049299314873426e-04,3.514755181104205792e-04,7.683804480419079760e-04,0.000000000000000000e+00,2.075818950189455711e-16,5.418955152315536308e-04
4.070000000000000214e-09,1.990393757407608416e-05,1.325291924409362310e-05,4.172469042636376248e-04,3.325509164991230461e-04,7.497978207627606709e-04,0.000000000000000000e+00,2.076663137746906592e-16,5.285160672890346209e-04
4.075000000000000094e-09,1.990501056868300693e-05,1.362326486307359678e-05,4.175701854181361689e-04,3.140872852804705282e-04,7.316574706986067513e-04,0.000000000000000000e+00,2.077509325848451983e-16,5.154669590932285704e-04
4.079999999999999973e-09,1.990611863871683714e-05,1.398464864793505733e-05,4.178752287796264888e-04,2.960734995390890177e-04,7.139487283187155066e-04,0.000000000000000000e+00,2.078356169597471458e-16,5.027400345267289163e-04
4.084999999999999852e-09,1.990725799424307289e-05,1.433728379045905861e-05,4.181624787463603977e-04,2.784987101892007037e-04,6.966611889355611015e-04,0.000000000000000000e+00,2.079202418886832017e-16,4.903273388473847584e-04
4.090000000000000559e-09,1.990842508027181051e-05,1.468137834484553196e-05,4.184323690024087015e-04,2.613523367713139209e-04,6.797847057737225682e-04,0.000000000000000000e+00,2.080046913103687109e-16,4.782211137163292413e-04
4.095000000000000438e-09,1.990961656405814572e-05,1.501713535497795872e-05,4.186853227827719401e-04,2.446240604540093466e-04,6.633093832367812324e-04,0.000000000000000000e+00,2.080888576109435771e-16,4.664137923487643943e-04
4.100000000000000317e-09,1.991082932305431575e-05,1.534475297836964552e-05,4.189217531315914838e-04,2.283038172342335048e-04,6.472255703658249615e-04,0.000000000000000000e+00,2.081726411480780185e-16,4.548979947844743643e-04
4.105000000000000197e-09,1.991206043348083292e-05,1.566442460688585332e-05,4.191420631536590664e-04,2.123817913297489730e-04,6.315238544834080123e-04,0.000000000000000000e+00,2.082559497998558025e-16,4.436665232751105833e-04
4.110000000000000076e-09,1.991330715948561820e-05,1.597633898433304975e-05,4.193466462594113483e-04,1.968484087576284223e-04,6.161950550170397977e-04,0.000000000000000000e+00,2.083386985371729815e-16,4.327123577853642425e-04
4.114999999999999955e-09,1.991456694286148547e-05,1.628068032100359302e-05,4.195358864035937142e-04,1.816943310928946227e-04,6.012302174964883911e-04,0.000000000000000000e+00,2.084208090184517522e-16,4.220286516052160382e-04
4.119999999999999835e-09,1.991583739329401740e-05,1.657762840526135362e-05,4.197101583177706820e-04,1.669104494016331887e-04,5.866206077194038165e-04,0.000000000000000000e+00,2.085022092055351820e-16,4.116087270705191272e-04
4.125000000000000541e-09,1.991711627911307015e-05,1.686735871225113236e-05,4.198698277368540627e-04,1.524878783430968826e-04,5.723577060799509182e-04,0.000000000000000000e+00,2.085828329996829735e-16,4.014460713892419757e-04
4.130000000000000421e-09,1.991840151852264173e-05,1.715004250981208697e-05,4.200152516198153523e-04,1.384179504355277516e-04,5.584332020553430496e-04,0.000000000000000000e+00,2.086626198966471608e-16,3.915343325707612088e-04
4.135000000000000300e-09,1.991969117128494643e-05,1.742584696167284028e-05,4.201467783647443340e-04,1.246922104806053077e-04,5.448389888453496416e-04,0.000000000000000000e+00,2.087415146598555915e-16,3.818673154556610858e-04
4.140000000000000179e-09,1.992098343083584255e-05,1.769493522800363216e-05,4.202647480184088240e-04,1.113024101416105197e-04,5.315671581600193030e-04,0.000000000000000000e+00,2.088194670107831334e-16,3.724389778435563988e-04
4.145000000000000059e-09,1.992227661680987162e-05,1.795746656339839047e-05,4.203694924804674579e-04,9.824050267057406432e-05,5.186099951510414951e-04,0.000000000000000000e+00,2.088964313356368456e-16,3.632434267165211318e-04
4.149999999999999938e-09,1.992356916795423152e-05,1.821359641235748570e-05,4.204613357024827511e-04,8.549863777983728432e-05,5.059599734823199812e-04,0.000000000000000000e+00,2.089723664075252080e-16,3.542749145557602414e-04
4.155000000000000644e-09,1.992485963541202883e-05,1.846347650233970088e-05,4.205405938818752723e-04,7.306915665361639030e-05,4.936097505354917168e-04,0.000000000000000000e+00,2.090472351233240499e-16,3.455278357492235571e-04
4.160000000000000524e-09,1.992614667635619939e-05,1.870725493444979379e-05,4.206075756509583584e-04,6.094458709532028047e-05,4.815521627462786389e-04,0.000000000000000000e+00,2.091210042544919078e-16,3.369967230879153874e-04
4.165000000000000403e-09,1.992742904795630275e-05,1.894507627182614776e-05,4.206625822611858049e-04,4.911763880650774967e-05,4.697802210676935478e-04,0.000000000000000000e+00,2.091936442111253022e-16,3.286762443487111548e-04
4.170000000000000282e-09,1.992870560166142577e-05,1.917708162579093089e-05,4.207059077627430714e-04,3.758119879352474414e-05,4.582871065562678088e-04,0.000000000000000000e+00,2.092651288185806690e-16,3.205611989615442573e-04
4.175000000000000162e-09,1.992997527778308172e-05,1.940340873982333980e-05,4.207378391796067385e-04,2.632832689798709623e-05,4.470661660775938212e-04,0.000000000000000000e+00,2.093354351060218941e-16,3.126465147588805148e-04
4.180000000000000041e-09,1.993123710036303765e-05,1.962419207141469528e-05,4.207586566801957612e-04,1.535225144741711895e-05,4.361109081276129005e-04,0.000000000000000000e+00,2.094045431062889896e-16,3.049272448054485122e-04
4.184999999999999920e-09,1.993249017231148756e-05,1.983956287186241534e-05,4.207686337437309626e-04,4.646365022453611193e-06,4.254149987661846009e-04,0.000000000000000000e+00,2.094724356665082191e-16,2.973985643062437563e-04
4.190000000000000627e-09,1.993373367080191044e-05,2.004964926405812281e-05,4.207680373224193188e-04,-5.795779662810618762e-06,4.149722576596087068e-04,0.000000000000000000e+00,2.095390982688976842e-16,2.900557675908750849e-04
4.195000000000000506e-09,1.993496684290958922e-05,2.025457631832359271e-05,4.207571279995732448e-04,-1.598047377070017445e-05,4.047766542288730907e-04,0.000000000000000000e+00,2.096045188612487580e-16,2.828942651723668719e-04
4.200000000000000386e-09,1.993618900148134938e-05,2.045446612634659121e-05,4.207361601437739520e-04,-2.591385624326209144e-05,3.948223039005118742e-04,0.000000000000000000e+00,2.096686876965886269e-16,2.759095808785808762e-04
4.205000000000000265e-09,1.993739952122478747e-05,2.064943787326719112e-05,4.207053820591833402e-04,-3.560191760212018267e-05,3.851034644570631711e-04,0.000000000000000000e+00,2.097315971815549633e-16,2.690973490544627854e-04
4.210000000000000144e-09,1.993859783500576138e-05,2.083960790796356976e-05,4.206650361321062300e-04,-4.505050364789041909e-05,3.756145324842158177e-04,0.000000000000000000e+00,2.097932417330378105e-16,2.624533118333656641e-04
4.215000000000000024e-09,1.993978343034359500e-05,2.102508981158500084e-05,4.206153589739025211e-04,-5.426531906207029211e-05,3.663500399118322357e-04,0.000000000000000000e+00,2.098536176426658029e-16,2.559733164757443708e-04
4.219999999999999903e-09,1.994095584609381598e-05,2.120599446437825119e-05,4.205565815603450638e-04,-6.325193091422176095e-05,3.573046506461233164e-04,0.000000000000000000e+00,2.099127229487339077e-16,2.496533127735589140e-04
4.225000000000000610e-09,1.994211466930890931e-05,2.138243011085225808e-05,4.204889293675163789e-04,-7.201577207716743838e-05,3.484731572903489540e-04,0.000000000000000000e+00,2.099705573151922110e-16,2.434893505187614221e-04
4.230000000000000489e-09,1.994325953226795239e-05,2.155450242332483803e-05,4.204126225043350253e-04,-8.056214455284428232e-05,3.398504779514907159e-04,0.000000000000000000e+00,2.100271219173324540e-16,2.374775770342890473e-04
4.235000000000000368e-09,1.994439010966645782e-05,2.172231456389362987e-05,4.203278758418000347e-04,-8.889622271135860256e-05,3.314316531304414186e-04,0.000000000000000000e+00,2.100824193338283013e-16,2.316142347660141328e-04
4.240000000000000248e-09,1.994550611595828917e-05,2.188596724487256628e-05,4.202348991390381420e-04,-9.702305644571386218e-05,3.232118426933243069e-04,0.000000000000000000e+00,2.101364534448027777e-16,2.258956589341507514e-04
4.245000000000000127e-09,1.994660730284172816e-05,2.204555878773378294e-05,4.201338971662381080e-04,-1.049475742446027391e-04,3.151863229216353554e-04,0.000000000000000000e+00,2.101892293356111499e-16,2.203182752426487416e-04
4.250000000000000006e-09,1.994769345688239871e-05,2.220118518059384735e-05,4.200250698245516627e-04,-1.126745861855724389e-04,3.073504836389791967e-04,0.000000000000000000e+00,2.102407532060455016e-16,2.148785976451417343e-04
4.255000000000000713e-09,1.994876439726589532e-05,2.235294013428203741e-05,4.199086122630405382e-04,-1.202087868508070975e-04,2.996998254122334136e-04,0.000000000000000000e+00,2.102910322846792798e-16,2.095732261660546148e-04
4.260000000000000592e-09,1.994981997367355331e-05,2.250091513702738729e-05,4.197847149927452716e-04,-1.275547581676917059e-04,2.922299568250535657e-04,0.000000000000000000e+00,2.103400747480876912e-16,2.043988447755087185e-04
4.265000000000000471e-09,1.995086006427489590e-05,2.264519950780014338e-05,4.196535639979503680e-04,-1.347169721762623738e-04,2.849365918216879671e-04,0.000000000000000000e+00,2.103878896446889016e-16,1.993522193166941711e-04
4.270000000000000351e-09,1.995188457383077857e-05,2.278588044834229791e-05,4.195153408447173837e-04,-1.416997937255759738e-04,2.778155471191413829e-04,0.000000000000000000e+00,2.104344868229670112e-16,1.944301954844178718e-04
4.275000000000000230e-09,1.995289343190152469e-05,2.292304309392088839e-05,4.193702227867571056e-04,-1.485074831009681713e-04,2.708627396857889343e-04,0.000000000000000000e+00,2.104798768638490004e-16,1.896296968535591469e-04
4.280000000000000109e-09,1.995388659115458418e-05,2.305677056283681581e-05,4.192183828687072889e-04,-1.551441985841115747e-04,2.640741842845957142e-04,0.000000000000000000e+00,2.105240710170185339e-16,1.849477229562041284e-04
4.284999999999999989e-09,1.995486402576652119e-05,2.318714400472110144e-05,4.190599900268835538e-04,-1.616139989477290194e-04,2.574459910791545344e-04,0.000000000000000000e+00,2.105670811409603629e-16,1.803813474062558554e-04
4.290000000000000695e-09,1.995582572991451951e-05,2.331424264764944443e-05,4.188952091875678416e-04,-1.679208458867462324e-04,2.509743633008216092e-04,0.000000000000000000e+00,2.106089196465413378e-16,1.759277160703475601e-04
4.295000000000000575e-09,1.995677171635262869e-05,2.343814384410531618e-05,4.187242013628961765e-04,-1.740686063876343745e-04,2.446555949752618020e-04,0.000000000000000000e+00,2.106495994439407282e-16,1.715840452839160915e-04
4.300000000000000454e-09,1.995770201506844762e-05,2.355892311582081386e-05,4.185471237444079117e-04,-1.800610550376183119e-04,2.384860687067895998e-04,0.000000000000000000e+00,2.106891338927551893e-16,1.673476201113215946e-04
4.305000000000000333e-09,1.995861667201594299e-05,2.367665419752382848e-05,4.183641297943143560e-04,-1.859018762753942677e-04,2.324622535189200883e-04,0.000000000000000000e+00,2.107275367551096831e-16,1.632157926489239026e-04
4.310000000000000213e-09,1.995951574792049582e-05,2.379140907961918466e-05,4.181753693345463042e-04,-1.915946665849344488e-04,2.265807027496118554e-04,0.000000000000000000e+00,2.107648221516162622e-16,1.591859803700566487e-04
4.315000000000000092e-09,1.996039931715235443e-05,2.390325804983080304e-05,4.179809886336343554e-04,-1.971429366339224167e-04,2.208380519997119387e-04,0.000000000000000000e+00,2.108010045200295978e-16,1.552556645108638187e-04
4.319999999999999971e-09,1.996126746666489560e-05,2.401226973383107553e-05,4.177811304914789948e-04,-2.025501133583090037e-04,2.152310171331699910e-04,0.000000000000000000e+00,2.108360985764554106e-16,1.514223884959908990e-04
4.325000000000000678e-09,1.996212029499430570e-05,2.411851113488298646e-05,4.175759343220615582e-04,-2.078195419944340444e-04,2.097563923276275137e-04,0.000000000000000000e+00,2.108701192789762673e-16,1.476837564031448875e-04
4.330000000000000557e-09,1.996295791131742943e-05,2.422204767251983138e-05,4.173655362341494230e-04,-2.129544880601201041e-04,2.044110481740293189e-04,0.000000000000000000e+00,2.109030817935656646e-16,1.440374314655649534e-04
4.335000000000000436e-09,1.996378043456473989e-05,2.432294322028676910e-05,4.171500691100445395e-04,-2.179581392861014541e-04,1.991919298239430854e-04,0.000000000000000000e+00,2.109350014621671921e-16,1.404811346114671271e-04
4.340000000000000316e-09,1.996458799258543857e-05,2.442126014256763565e-05,4.169296626824252295e-04,-2.228336074991098541e-04,1.940960551833153754e-04,0.000000000000000000e+00,2.109658937728221693e-16,1.370126430395504494e-04
4.345000000000000195e-09,1.996538072136203558e-05,2.451705933052003580e-05,4.167044436093280367e-04,-2.275839304579000246e-04,1.891205131514280121e-04,0.000000000000000000e+00,2.109957743317365739e-16,1.336297888296732845e-04
4.350000000000000074e-09,1.996615876427167255e-05,2.461040023714091134e-05,4.164745355473168449e-04,-2.322120736434619395e-04,1.842624619038549054e-04,0.000000000000000000e+00,2.110246588371802478e-16,1.303304575878331650e-04
4.354999999999999954e-09,1.996692227139174533e-05,2.470134091148441221e-05,4.162400592228844760e-04,-2.367209320046333512e-04,1.795191272182511248e-04,0.000000000000000000e+00,2.110525630551202160e-16,1.271125871246019730e-04
4.360000000000000660e-09,1.996767139884746839e-05,2.478993803205307035e-05,4.160011325021298095e-04,-2.411133316602800979e-04,1.748878008418497116e-04,0.000000000000000000e+00,2.110795027964934809e-16,1.239741661661892364e-04
4.365000000000000540e-09,1.996840630819911427e-05,2.487624693938294366e-05,4.157578704587544440e-04,-2.453920315591914423e-04,1.703658388995630017e-04,0.000000000000000000e+00,2.111054938960288186e-16,1.209132330973318952e-04
4.370000000000000419e-09,1.996912716586679351e-05,2.496032166784276437e-05,4.155103854404203689e-04,-2.495597250987985501e-04,1.659506603416218188e-04,0.000000000000000000e+00,2.111305521925327998e-16,1.179278747352199651e-04
4.375000000000000298e-09,1.996983414259077941e-05,2.504221497666651565e-05,4.152587871335080595e-04,-2.536190417037868122e-04,1.616397454297212473e-04,0.000000000000000000e+00,2.111546935105597192e-16,1.150162251336956466e-04
4.380000000000000178e-09,1.997052741292543301e-05,2.512197838023856272e-05,4.150031826263167901e-04,-2.575725483656565056e-04,1.574306342606602844e-04,0.000000000000000000e+00,2.111779336433875581e-16,1.121764644169755706e-04
4.385000000000000057e-09,1.997120715476492900e-05,2.519966217764972913e-05,4.147436764707438110e-04,-2.614227511442399933e-04,1.533209253265038177e-04,0.000000000000000000e+00,2.112002883372287361e-16,1.094068176421698744e-04
4.389999999999999936e-09,1.997187354889903434e-05,2.527531548154240751e-05,4.144803707424803379e-04,-2.651720966321686719e-04,1.493082741103116660e-04,0.000000000000000000e+00,2.112217732766051474e-16,1.067055536898845933e-04
4.395000000000000643e-09,1.997252677859732693e-05,2.534898624626221109e-05,4.142133650997623529e-04,-2.688229733832442282e-04,1.453903917165181247e-04,0.000000000000000000e+00,2.112424040708230673e-16,1.040709841822157840e-04
4.400000000000000522e-09,1.997316702922027535e-05,2.542072129533332043e-05,4.139427568407091787e-04,-2.723777133056522540e-04,1.415650435350569248e-04,0.000000000000000000e+00,2.112621962414853108e-16,1.015014624274589579e-04
4.405000000000000402e-09,1.997379448785573970e-05,2.549056634827412342e-05,4.136686409592872302e-04,-2.758385930209191926e-04,1.378300479383680376e-04,0.000000000000000000e+00,2.112811652109821714e-16,9.899538239087212366e-05
4.410000000000000281e-09,1.997440934297946055e-05,2.555856604676942889e-05,4.133911101999310353e-04,-2.792078351894984102e-04,1.341832750104326251e-04,0.000000000000000000e+00,2.112993262919045131e-16,9.655117769085256913e-05
4.415000000000000160e-09,1.997501178413823127e-05,2.562476398021498465e-05,4.131102551108550825e-04,-2.824876098038376824e-04,1.306226453070174001e-04,0.000000000000000000e+00,2.113166946773269768e-16,9.416732061989742039e-05
4.420000000000000040e-09,1.997560200165448687e-05,2.568920271064979404e-05,4.128261640960885861e-04,-2.856800354497653722e-04,1.271461286463232139e-04,0.000000000000000000e+00,2.113332854319101953e-16,9.184232118973593311e-05
4.424999999999999919e-09,1.997618018635114701e-05,2.575192379709119974e-05,4.125389234662642864e-04,-2.887871805370026499e-04,1.237517429292616365e-04,0.000000000000000000e+00,2.113491134837752312e-16,8.957472620003915573e-05
4.430000000000000625e-09,1.997674652929554102e-05,2.581296781928731386e-05,4.122486174881916424e-04,-2.918110644995886146e-04,1.204375529886030278e-04,0.000000000000000000e+00,2.113641936171048003e-16,8.736311833012206491e-05
4.435000000000000505e-09,1.997730122156135438e-05,2.587237440090112630e-05,4.119553284332449919e-04,-2.947536589669885894e-04,1.172016694662564025e-04,0.000000000000000000e+00,2.113785404654275513e-16,8.520611525307216546e-05
4.440000000000000384e-09,1.997784445400763438e-05,2.593018223214011816e-05,4.116591366245942168e-04,-2.976168889066242024e-04,1.140422477179700144e-04,0.000000000000000000e+00,2.113921685055470663e-16,8.310236877174989037e-05
4.445000000000000263e-09,1.997837641707381841e-05,2.598642909184493621e-05,4.113601204833070252e-04,-3.004026337385558971e-04,1.109574867447511281e-04,0.000000000000000000e+00,2.114050920520751281e-16,8.105056397612141043e-05
4.450000000000000143e-09,1.997889730058988666e-05,2.604115186905031504e-05,4.110583565733506601e-04,-3.031127284230214123e-04,1.079456281503292478e-04,0.000000000000000000e+00,2.114173252525328207e-16,7.904941842139760885e-05
4.455000000000000022e-09,1.997940729360085698e-05,2.609438658403110816e-05,4.107539196455188384e-04,-3.057489645215125725e-04,1.050049551240062658e-04,0.000000000000000000e+00,2.114288820829877336e-16,7.709768132646414342e-05
4.459999999999999901e-09,1.997990658420468644e-05,2.614616840884595746e-05,4.104468826803106996e-04,-3.083130912320635711e-04,1.021337914482471285e-04,0.000000000000000000e+00,2.114397763441908116e-16,7.519413279210220989e-05
4.465000000000000608e-09,1.998039535940286830e-05,2.619653168739079823e-05,4.101373169297871900e-04,-3.108068163993964964e-04,9.933050053039069356e-05,0.000000000000000000e+00,2.114500216581844008e-16,7.333758303851198009e-05
4.470000000000000487e-09,1.998087380496299582e-05,2.624550995497414974e-05,4.098252919584293840e-04,-3.132318075005577091e-04,9.659348445787167489e-05,0.000000000000000000e+00,2.114596314653520318e-16,7.152687166166163857e-05
4.475000000000000367e-09,1.998134210529257468e-05,2.629313595742575156e-05,4.095108756830235716e-04,-3.155896926066588371e-04,9.392118307636473451e-05,0.000000000000000000e+00,2.114686190218811476e-16,6.976086690799700369e-05
4.480000000000000246e-09,1.998180044332341653e-05,2.633944166974987576e-05,4.091941344115959341e-04,-3.178820613213229822e-04,9.131207309027295198e-05,0.000000000000000000e+00,2.114769973976134573e-16,6.803846496705883459e-05
4.485000000000000125e-09,1.998224900040602075e-05,2.638445831433437362e-05,4.088751328814201188e-04,-3.201104656964176500e-04,8.876466718500246886e-05,0.000000000000000000e+00,2.114847794742578705e-16,6.635858928156495467e-05
4.490000000000000005e-09,1.998268795621332785e-05,2.642821637872619055e-05,4.085539342961207513e-04,-3.222764211256431218e-04,8.627751317047762953e-05,0.000000000000000000e+00,2.114919779439423952e-16,6.472018987452731896e-05
4.494999999999999884e-09,1.998311748865329540e-05,2.647074563298380508e-05,4.082306003618934860e-04,-3.243814072165254704e-04,8.384919314536801562e-05,0.000000000000000000e+00,2.114986053080828374e-16,6.312224269298233846e-05
4.500000000000000590e-09,1.998353777378975477e-05,2.651207514661690180e-05,4.079051913228640917e-04,-3.264268686413573516e-04,8.147832268150674009e-05,0.000000000000000000e+00,2.115046738765473969e-16,6.156374896792361664e-05
4.505000000000000470e-09,1.998394898577107731e-05,2.655223330512315486e-05,4.075777659956069548e-04,-3.284142159676038978e-04,7.916355002800305697e-05,0.000000000000000000e+00,2.115101957670973657e-16,6.004373459003998868e-05
4.510000000000000349e-09,1.998435129676613535e-05,2.659124782613191023e-05,4.072483818028428963e-04,-3.303448264682887648e-04,7.690355533455413154e-05,0.000000000000000000e+00,2.115151829050846731e-16,5.856124950086457302e-05
4.515000000000000228e-09,1.998474487690712740e-05,2.662914577516421285e-05,4.069170948063364677e-04,-3.322200449128542930e-04,7.469704989348217470e-05,0.000000000000000000e+00,2.115196470233890238e-16,5.711536709895737702e-05
4.520000000000000108e-09,1.998512989423886129e-05,2.666595358101844860e-05,4.065839597390123500e-04,-3.340411843389793928e-04,7.254277540003295716e-05,0.000000000000000000e+00,2.115235996625777653e-16,5.570518366075008357e-05
4.524999999999999987e-09,1.998550651467404768e-05,2.670169705079059321e-05,4.062490300363088549e-04,-3.358095268058272696e-04,7.043950323048158530e-05,0.000000000000000000e+00,2.115270521712724863e-16,5.432981777568823893e-05
4.529999999999999866e-09,1.998587490195428580e-05,2.673640138453788740e-05,4.059123578667871201e-04,-3.375263241291800867e-04,6.838603373760703333e-05,0.000000000000000000e+00,2.115300157067074317e-16,5.298840979532187079e-05
4.535000000000000573e-09,1.998623521761631083e-05,2.677009118959450008e-05,4.055739941620147026e-04,-3.391927985989094826e-04,6.638119556310522005e-05,0.000000000000000000e+00,2.115325012354657566e-16,5.168012129599657570e-05
4.540000000000000452e-09,1.998658762096322192e-05,2.680279049454753129e-05,4.052339886457397250e-04,-3.408101436792154823e-04,6.442384496652424266e-05,0.000000000000000000e+00,2.115345195343799364e-16,5.040413455481202224e-05
4.545000000000000332e-09,1.998693226904034849e-05,2.683452276288152380e-05,4.048923898623734622e-04,-3.423795246920587586e-04,6.251286517031470367e-05,0.000000000000000000e+00,2.115360811915844283e-16,4.915965203851786611e-05
4.550000000000000211e-09,1.998726931661542970e-05,2.686531090629949269e-05,4.045492452047977968e-04,-3.439020794842031700e-04,6.064716572059462678e-05,0.000000000000000000e+00,2.115371966077075662e-16,4.794589590503028670e-05
4.555000000000000090e-09,1.998759891616285961e-05,2.689517729772813041e-05,4.042046009415134781e-04,-3.453789190782635536e-04,5.882568186324992456e-05,0.000000000000000000e+00,2.115378759971929270e-16,4.676210751725472649e-05
4.559999999999999970e-09,1.998792121785168303e-05,2.692414378401484072e-05,4.038585022431451796e-04,-3.468111283081578644e-04,5.704737393498731518e-05,0.000000000000000000e+00,2.115381293897380896e-16,4.560754696891312026e-05
4.564999999999999849e-09,1.998823636953716586e-05,2.695223169832396771e-05,4.035109932083192361e-04,-3.481997664393400994e-04,5.531122676897913667e-05,0.000000000000000000e+00,2.115379666318430461e-16,4.448149262207864426e-05
4.570000000000000556e-09,1.998854451675555365e-05,2.697946187223940239e-05,4.031621168889277769e-04,-3.495458677741924438e-04,5.361624911473533315e-05,0.000000000000000000e+00,2.115373973884554448e-16,4.338324065612846953e-05
4.575000000000000435e-09,1.998884580272195738e-05,2.700585464758061777e-05,4.028119153147951387e-04,-3.508504422429330194e-04,5.196147307186211933e-05,0.000000000000000000e+00,2.115364311447075633e-16,4.231210462783279613e-05
4.580000000000000314e-09,1.998914036833103114e-05,2.703142988793901032e-05,4.024604295177608144e-04,-3.521144759803989722e-04,5.034595353736184224e-05,0.000000000000000000e+00,2.115350772077344358e-16,4.126741504230505209e-05
4.585000000000000194e-09,1.998942835216029244e-05,2.705620698994114093e-05,4.021076995551918411e-04,-3.533389318890424111e-04,4.876876766614943008e-05,0.000000000000000000e+00,2.115333447085659852e-16,4.024851893454728873e-05
4.590000000000000073e-09,1.998970989047588545e-05,2.708020489424554691e-05,4.017537645329396427e-04,-3.545247501884830530e-04,4.722901434445658971e-05,0.000000000000000000e+00,2.115312426040857649e-16,3.925477946132395680e-05
4.594999999999999952e-09,1.998998511724056683e-05,2.710344209627936227e-05,4.013986626277532533e-04,-3.556728489519397993e-04,4.572581367581345394e-05,0.000000000000000000e+00,2.115287796790489633e-16,3.828557550311537479e-05
4.600000000000000659e-09,1.999025416412382946e-05,2.712593665672102469e-05,4.010424311091630167e-04,-3.567841246298597817e-04,4.425830647930323498e-05,0.000000000000000000e+00,2.115259645481546675e-16,3.734030127589762647e-05
4.605000000000000538e-09,1.999051716051392015e-05,2.714770621173512370e-05,4.006851063608466877e-04,-3.578594525610601638e-04,4.282565379978652388e-05,0.000000000000000000e+00,2.115228056581643251e-16,3.641836595250714435e-05
4.610000000000000417e-09,1.999077423353161917e-05,2.716876798296528883e-05,4.003267239014907824e-04,-3.588996874716835102e-04,4.142703642980727222e-05,0.000000000000000000e+00,2.115193112900618666e-16,3.551919329335535114e-05
4.615000000000000297e-09,1.999102550804568673e-05,2.718913878729086736e-05,3.999673184051584008e-04,-3.599056639622590244e-04,4.006165444289937639e-05,0.000000000000000000e+00,2.115154895612501161e-16,3.464222128625974736e-05
4.620000000000000176e-09,1.999127110668977316e-05,2.720883504635308709e-05,3.996069237211763133e-04,-3.608781969831656965e-04,3.872872673801061680e-05,0.000000000000000000e+00,2.115113484277780419e-16,3.378690179516799784e-05
4.625000000000000055e-09,1.999151114988072161e-05,2.722787279585612533e-05,3.992455728935522083e-04,-3.618180822987701996e-04,3.742749059478200869e-05,0.000000000000000000e+00,2.115068956865942360e-16,3.295270021755529688e-05
4.630000000000000762e-09,1.999174575583810058e-05,2.724626769464850138e-05,3.988832981799334313e-04,-3.627260969405200200e-04,3.615720123941341133e-05,0.000000000000000000e+00,2.115021389778226545e-16,3.213909515027986549e-05
4.635000000000000641e-09,1.999197504060488853e-05,2.726403503358996322e-05,3.985201310701170802e-04,-3.636029996492537615e-04,3.491713142086331871e-05,0.000000000000000000e+00,2.114970857870556882e-16,3.134557806368973548e-05
4.640000000000000521e-09,1.999219911806919515e-05,2.728118974420903488e-05,3.981561023041247944e-04,-3.644495313069919798e-04,3.370657099713281462e-05,0.000000000000000000e+00,2.114917434476616800e-16,3.057165298377448299e-05
4.645000000000000400e-09,1.999241809998691103e-05,2.729774640715615461e-05,3.977912418898493373e-04,-3.652664153584621928e-04,3.252482653138714453e-05,0.000000000000000000e+00,2.114861191431025973e-16,2.981683618216573881e-05
4.650000000000000279e-09,1.999263209600518742e-05,2.731371926045728926e-05,3.974255791202855508e-04,-3.660543582226051052e-04,3.137122089768044561e-05,0.000000000000000000e+00,2.114802199092584855e-16,2.908065587379131894e-05
4.655000000000000159e-09,1.999284121368669526e-05,2.732912220757279542e-05,3.970591425903545165e-04,-3.668140496943050151e-04,3.024509289604950142e-05,0.000000000000000000e+00,2.114740526367562588e-16,2.836265192199357888e-05
4.660000000000000038e-09,1.999304555853452791e-05,2.734396882526605066e-05,3.966919602133305738e-04,-3.675461633365761514e-04,2.914579687675442239e-05,0.000000000000000000e+00,2.114676240732989354e-16,2.766237555092971022e-05
4.665000000000000744e-09,1.999324523401773416e-05,2.735827237128652341e-05,3.963240592368811699e-04,-3.682513568634394560e-04,2.807270237344171391e-05,0.000000000000000000e+00,2.114609408259938620e-16,2.697938906507203679e-05
4.670000000000000624e-09,1.999344034159732889e-05,2.737204579187156432e-05,3.959554662587280510e-04,-3.689302725137117442e-04,2.702519374501630676e-05,0.000000000000000000e+00,2.114540093636756625e-16,2.631326557563348268e-05
4.675000000000000503e-09,1.999363098075280183e-05,2.738530172907126597e-05,3.955862072419391758e-04,-3.695835374159232205e-04,2.600266982601595524e-05,0.000000000000000000e+00,2.114468360192236155e-16,2.566358873374931406e-05
4.680000000000000382e-09,1.999381724900900576e-05,2.739805252790062615e-05,3.952163075298606183e-04,-3.702117639445809990e-04,2.500454358527961921e-05,0.000000000000000000e+00,2.114394269918698860e-16,2.502995247024439253e-05
4.685000000000000262e-09,1.999399924196335981e-05,2.741031024332304307e-05,3.948457918606954010e-04,-3.708155500679841425e-04,2.403024179271125854e-05,0.000000000000000000e+00,2.114317883494967625e-16,2.441196074182720645e-05
4.690000000000000141e-09,1.999417705331335096e-05,2.742208664706920508e-05,3.944746843817398285e-04,-3.713954796877926923e-04,2.307920469394713616e-05,0.000000000000000000e+00,2.114239260309215677e-16,2.380922728355059070e-05
4.695000000000000020e-09,1.999435077488426248e-05,2.743339323429521345e-05,3.941030086632831215e-04,-3.719521229705475282e-04,2.215088569273559321e-05,0.000000000000000000e+00,2.114158458481673947e-16,2.322137536738226452e-05
4.700000000000000727e-09,1.999452049665707520e-05,2.744424123008380419e-05,3.937307877121804900e-04,-3.724860366713364295e-04,2.124475104084406043e-05,0.000000000000000000e+00,2.114075534887178193e-16,2.264803756673865079e-05
4.705000000000000606e-09,1.999468630679648398e-05,2.745464159579239923e-05,3.933580439851057701e-04,-3.729977644497957487e-04,2.036027953531002136e-05,0.000000000000000000e+00,2.113990545177538878e-16,2.208885552683018821e-05
4.710000000000000486e-09,1.999484829167905311e-05,2.746460503525152068e-05,3.929847994014920272e-04,-3.734878371786233922e-04,1.949696222286863507e-05,0.000000000000000000e+00,2.113903543803737498e-16,2.154347974067922329e-05
4.715000000000000365e-09,1.999500653592137500e-05,2.747414200081721059e-05,3.926110753561672280e-04,-3.739567732447917595e-04,1.865430211137546852e-05,0.000000000000000000e+00,2.113814584037908928e-16,2.101156933066597801e-05
4.720000000000000244e-09,1.999516112240826967e-05,2.748326269928090518e-05,3.922368927316925691e-04,-3.744050788436317822e-04,1.783181388806078698e-05,0.000000000000000000e+00,2.113723717995126556e-16,2.049279183546910108e-05
4.725000000000000124e-09,1.999531213232095706e-05,2.749197709764002973e-05,3.918622719104096442e-04,-3.748332482659536198e-04,1.702902364445602447e-05,0.000000000000000000e+00,2.113630996654960129e-16,1.998682300226646303e-05
4.730000000000000003e-09,1.999545964516520898e-05,2.750029492873278363e-05,3.914872327862045252e-04,-3.752417641783787326e-04,1.624546860782579262e-05,0.000000000000000000e+00,2.113536469882816161e-16,1.949334658406626063e-05
4.735000000000000710e-09,1.999560373879937235e-05,2.750822569674016825e-05,3.911117947759942880e-04,-3.756310978970397812e-04,1.548069687895450679e-05,0.000000000000000000e+00,2.113440186451026656e-16,1.901205414204357766e-05
4.740000000000000589e-09,1.999574448946232134e-05,2.751577868255848991e-05,3.907359768309437344e-04,-3.760017096548084353e-04,1.473426717613529916e-05,0.000000000000000000e+00,2.113342194059706585e-16,1.854264485275433091e-05
4.745000000000000468e-09,1.999588197180128405e-05,2.752296294904538055e-05,3.903597974474173524e-04,-3.763540488622048319e-04,1.400574858521252053e-05,0.000000000000000000e+00,2.113242539357358443e-16,1.808482532011242117e-05
4.750000000000000348e-09,1.999601625889950999e-05,2.752978734614232767e-05,3.899832746776738315e-04,-3.766885543621409046e-04,1.329472031553292693e-05,0.000000000000000000e+00,2.113141267961219437e-16,1.763830939200659197e-05
4.755000000000000227e-09,1.999614742230374786e-05,2.753626051587659368e-05,3.896064261403089360e-04,-3.770056546786422708e-04,1.260077146166666516e-05,0.000000000000000000e+00,2.113038424477347360e-16,1.720281798144654282e-05
4.760000000000000106e-09,1.999627553205155387e-05,2.754239089724545855e-05,3.892292690304523716e-04,-3.773057682596952069e-04,1.192350077075716476e-05,0.000000000000000000e+00,2.112934052520441714e-16,1.677807889212394761e-05
4.764999999999999986e-09,1.999640065669837987e-05,2.754818673098547612e-05,3.888518201297249365e-04,-3.775893037143548329e-04,1.126251641537010352e-05,0.000000000000000000e+00,2.112828194733399072e-16,1.636382664828199085e-05
4.770000000000000692e-09,1.999652286334443105e-05,2.755365606422952222e-05,3.884740958159609947e-04,-3.778566600442545857e-04,1.061743577170640900e-05,0.000000000000000000e+00,2.112720892806589391e-16,1.595980232878279909e-05
4.775000000000000571e-09,1.999664221766129328e-05,2.755880675505426722e-05,3.880961120727027271e-04,-3.781082268696487106e-04,9.987885203054016475e-06,0.000000000000000000e+00,2.112612187496864848e-16,1.556575340527485072e-05
4.780000000000000451e-09,1.999675878391829278e-05,2.756364647692063446e-05,3.877178844984705474e-04,-3.783443846501170641e-04,9.373499848353483363e-06,0.000000000000000000e+00,2.112502118646284438e-16,1.518143358435329902e-05
4.785000000000000330e-09,1.999687262500860505e-05,2.756818272300981952e-05,3.873394283158155941e-04,-3.785655049000607032e-04,8.773923415754890896e-06,0.000000000000000000e+00,2.112390725200566912e-16,1.480660265361952670e-05
4.790000000000000209e-09,1.999698380247506228e-05,2.757242281045730971e-05,3.869607583801593391e-04,-3.787719503991123513e-04,8.188807981046987775e-06,0.000000000000000000e+00,2.112278045227255530e-16,1.444102633154015143e-05
4.795000000000000089e-09,1.999709237653569987e-05,2.757637388448729601e-05,3.865818891884250296e-04,-3.789640753975798072e-04,7.617813790845222397e-06,0.000000000000000000e+00,2.112164115933608686e-16,1.408447612101332519e-05
4.799999999999999968e-09,1.999719840610898104e-05,2.758004292244984210e-05,3.862028348874667100e-04,-3.791422258170430801e-04,7.060609070423629844e-06,0.000000000000000000e+00,2.112048973684204574e-16,1.373672916655050899e-05
4.805000000000000675e-09,1.999730194883874031e-05,2.758343673776314175e-05,3.858236092822993455e-04,-3.793067394462200652e-04,6.516869836079280248e-06,0.000000000000000000e+00,2.111932654018267533e-16,1.339756811498546229e-05
4.810000000000000554e-09,1.999740306111878806e-05,2.758656198376301927e-05,3.854442258441357965e-04,-3.794579461322115672e-04,5.986279711924229370e-06,0.000000000000000000e+00,2.111815191666708177e-16,1.306678097962015318e-05
4.815000000000000433e-09,1.999750179811723055e-05,2.758942515746197024e-05,3.850646977182344368e-04,-3.795961679672369641e-04,5.468529750997472728e-06,0.000000000000000000e+00,2.111696620568886446e-16,1.274416100772678265e-05
4.820000000000000313e-09,1.999759821380043423e-05,2.759203260321975174e-05,3.846850377315628360e-04,-3.797217194709658961e-04,4.963318260596939844e-06,0.000000000000000000e+00,2.111576973889095594e-16,1.242950655132088055e-05
4.825000000000000192e-09,1.999769236095667142e-05,2.759439051632772417e-05,3.843052584002809233e-04,-3.798349077685526107e-04,4.470350631728312561e-06,0.000000000000000000e+00,2.111456284032757259e-16,1.212262094112432774e-05
4.830000000000000071e-09,1.999778429121947139e-05,2.759650494650890324e-05,3.839253719370479137e-04,-3.799360327644715719e-04,3.989339172576341838e-06,0.000000000000000000e+00,2.111334582662355953e-16,1.182331236364088546e-05
4.834999999999999951e-09,1.999787405509055799e-05,2.759838180133573448e-05,3.835453902581581476e-04,-3.800253873122588517e-04,3.520002945899295896e-06,0.000000000000000000e+00,2.111211900713076515e-16,1.153139374126613552e-05
4.840000000000000657e-09,1.999796170196253996e-05,2.760002684956752511e-05,3.831653249905086068e-04,-3.801032573802492370e-04,3.062067610259369861e-06,0.000000000000000000e+00,2.111088268408185653e-16,1.124668261535830888e-05
4.845000000000000536e-09,1.999804728014119805e-05,2.760144572440945062e-05,3.827851874784030431e-04,-3.801699222134126486e-04,2.615265264990394509e-06,0.000000000000000000e+00,2.110963715274127549e-16,1.096900103219563313e-05
4.850000000000000416e-09,1.999813083686744354e-05,2.760264392669492203e-05,3.824049887901955890e-04,-3.802256544913739517e-04,2.179334298821637358e-06,0.000000000000000000e+00,2.110838270155352711e-16,1.069817543174938682e-05
4.855000000000000295e-09,1.999821241833896158e-05,2.760362682799319387e-05,3.820247397247794911e-04,-3.802707204827116211e-04,1.754019242067869980e-06,0.000000000000000000e+00,2.110711961228881334e-16,1.043403653920320411e-05
4.860000000000000174e-09,1.999829206973148532e-05,2.760439967364394781e-05,3.816444508179216697e-04,-3.803053801956231381e-04,1.339070622298531646e-06,0.000000000000000000e+00,2.110584816018596225e-16,1.017641925915086691e-05
4.865000000000000054e-09,1.999836983521973452e-05,2.760496758572053580e-05,3.812641323484496645e-04,-3.803298875250400572e-04,9.342448234096072980e-07,0.000000000000000000e+00,2.110456861409274917e-16,9.925162572405838509e-06
4.869999999999999933e-09,1.999844575799801540e-05,2.760533556592358688e-05,3.808837943442928086e-04,-3.803444903962785602e-04,5.393039480142483577e-07,0.000000000000000000e+00,2.110328123660359231e-16,9.680109435360027435e-06
4.875000000000000640e-09,1.999851988030048171e-05,2.760550849840666849e-05,3.805034465883812647e-04,-3.803494309053093592e-04,1.540156830719054300e-07,0.000000000000000000e+00,2.110198628419466742e-16,9.441106681825713238e-06
4.880000000000000519e-09,1.999859224342103993e-05,2.760549115253550640e-05,3.801230986244066618e-04,-3.803449454557233304e-04,-2.218468313166686509e-07,0.000000000000000000e+00,2.110068400735646845e-16,9.208004927301511071e-06
4.885000000000000398e-09,1.999866288773293274e-05,2.760528818558241352e-05,3.797427597624473700e-04,-3.803312648924740322e-04,-5.885051300266621981e-07,0.000000000000000000e+00,2.109937465072385372e-16,8.980658475602744069e-06
4.890000000000000278e-09,1.999873185270798357e-05,2.760490414535739779e-05,3.793624390844617194e-04,-3.803086146324707244e-04,-9.461755480090049825e-07,0.000000000000000000e+00,2.109805845320358750e-16,8.758925227796592386e-06
4.895000000000000157e-09,1.999879917693549563e-05,2.760434347277745032e-05,3.789821454496517103e-04,-3.802772147920977278e-04,-1.295069342446017544e-06,0.000000000000000000e+00,2.109673564809943363e-16,8.542666593385098248e-06
4.900000000000000036e-09,1.999886489814082220e-05,2.760361050437552132e-05,3.786018874997013907e-04,-3.802372803117349360e-04,-1.635392812033545275e-06,0.000000000000000000e+00,2.109540646323477158e-16,8.331747403681816948e-06
4.904999999999999916e-09,1.999892905320360163e-05,2.760270947475050875e-05,3.782216736638913633e-04,-3.801890210773453422e-04,-1.967347413453978885e-06,0.000000000000000000e+00,2.109407112107287067e-16,8.126035827327226027e-06
4.910000000000000622e-09,1.999899167817568052e-05,2.760164451895971295e-05,3.778415121640943549e-04,-3.801326420392016282e-04,-2.291129875107273360e-06,0.000000000000000000e+00,2.109272983883476065e-16,7.925403287889529571e-06
4.915000000000000502e-09,1.999905280829869473e-05,2.760041967485511624e-05,3.774614110196517413e-04,-3.800683433278210957e-04,-2.606932308169354357e-06,0.000000000000000000e+00,2.109138282861479245e-16,7.729724383500543867e-06
4.920000000000000381e-09,1.999911247802133531e-05,2.759903888536477799e-05,3.770813780521373149e-04,-3.799963203671721476e-04,-2.914942315034832650e-06,0.000000000000000000e+00,2.109003029749386434e-16,7.538876808475164818e-06
4.925000000000000260e-09,1.999917072101628238e-05,2.759750600072064653e-05,3.767014208900078612e-04,-3.799167639852181868e-04,-3.215343095210325582e-06,0.000000000000000000e+00,2.108867244765040484e-16,7.352741276866305638e-06
4.930000000000000140e-09,1.999922757019684426e-05,2.759582478063402769e-05,3.763215469731452613e-04,-3.798298605218591579e-04,-3.508313548713896685e-06,0.000000000000000000e+00,2.108730947646910975e-16,7.171201447907532176e-06
4.935000000000000846e-09,1.999928305773327128e-05,2.759399889642001803e-05,3.759417635572913125e-04,-3.797357919343373575e-04,-3.794028377046045064e-06,0.000000000000000000e+00,2.108594157664749758e-16,6.994143853296300834e-06
4.939999999999999898e-09,1.999933721506875800e-05,2.759203193307200030e-05,3.755620777183790076e-04,-3.796347359001621012e-04,-4.072658181783093620e-06,0.000000000000000000e+00,2.108456893630026845e-16,6.821457826271889893e-06
4.945000000000000605e-09,1.999939007293515390e-05,2.758992739128745826e-05,3.751824963567617363e-04,-3.795268659176152110e-04,-4.344369560853474609e-06,0.000000000000000000e+00,2.108319173906157246e-16,6.653035432446180821e-06
4.950000000000000484e-09,1.999944166136834555e-05,2.758768868944616793e-05,3.748030262013431744e-04,-3.794123514038910986e-04,-4.609325202547924234e-06,0.000000000000000000e+00,2.108181016418510882e-16,6.488771402340533343e-06
4.955000000000000363e-09,1.999949200972337443e-05,2.758531916554201547e-05,3.744236738136103525e-04,-3.792913577909320520e-04,-4.867683977321699516e-06,0.000000000000000000e+00,2.108042438664226995e-16,6.328563065588774315e-06
4.960000000000000243e-09,1.999954114668923630e-05,2.758282207906939714e-05,3.740444455915720211e-04,-3.791640466190080556e-04,-5.119601027436034447e-06,0.000000000000000000e+00,2.107903457721812121e-16,6.172310286765134613e-06
4.965000000000000122e-09,1.999958910030339256e-05,2.758020061286533978e-05,3.736653477736040442e-04,-3.790305756280973608e-04,-5.365227854493316573e-06,0.000000000000000000e+00,2.107764090260550216e-16,6.019915402796476435e-06
4.970000000000000829e-09,1.999963589796601736e-05,2.757745787490838873e-05,3.732863864422055096e-04,-3.788910988471185480e-04,-5.604712404913038404e-06,0.000000000000000000e+00,2.107624352549711869e-16,5.871283161919508707e-06
4.974999999999999881e-09,1.999968156645393297e-05,2.757459690007524913e-05,3.729075675276655004e-04,-3.787457666810657947e-04,-5.838199153400294283e-06,0.000000000000000000e+00,2.107484260467568265e-16,5.726320664145043507e-06
4.980000000000000587e-09,1.999972613193427750e-05,2.757162065185617334e-05,3.725288968116446486e-04,-3.785947259960947852e-04,-6.065829184450136601e-06,0.000000000000000000e+00,2.107343829510217556e-16,5.584937303193379307e-06
4.985000000000000467e-09,1.999976961997791176e-05,2.756853202403010069e-05,3.721503799306720124e-04,-3.784381202026094603e-04,-6.287740271937447816e-06,0.000000000000000000e+00,2.107203074800227329e-16,5.447044709861169906e-06
4.990000000000000346e-09,1.999981205557254486e-05,2.756533384230046451e-05,3.717720223795603130e-04,-3.782760893363960094e-04,-6.504066956835696366e-06,0.000000000000000000e+00,2.107062011095092418e-16,5.312556696789285846e-06
4.995000000000000225e-09,1.999985346313558541e-05,2.756202886589257761e-05,3.713938295147408320e-04,-3.781087701378495897e-04,-6.714940623108757705e-06,0.000000000000000000e+00,2.106920652795509325e-16,5.181389204591010749e-06
5.000000000000000105e-09,1.999989386652675213e-05,2.755861978911355533e-05,3.710158065575196499e-04,-3.779362961293401737e-04,-6.920489571820523812e-06,0.000000000000000000e+00,2.106779013953481266e-16,5.053460249314145137e-06
5.005000000000000811e-09,1.999993328906041006e-05,2.755510924287559246e-05,3.706379585972580451e-04,-3.777587976907591065e-04,-7.120839093501061395e-06,0.000000000000000000e+00,2.106637108280245735e-16,4.928689871197376596e-06
5.009999999999999863e-09,1.999997175351766278e-05,2.755149979618350215e-05,3.702602905944777029e-04,-3.775764021332919619e-04,-7.316111538814258977e-06,0.000000000000000000e+00,2.106494949154030480e-16,4.807000084692286570e-06
5.015000000000000570e-09,2.000000928215819055e-05,2.754779395758729952e-05,3.698828073838935542e-04,-3.773892337714554283e-04,-7.506426387561874157e-06,0.000000000000000000e+00,2.106352549627648023e-16,4.688314829721517037e-06
5.020000000000000449e-09,2.000004589673184450e-05,2.754399417660076838e-05,3.695055136773750027e-04,-3.771974139934462008e-04,-7.691900316071198073e-06,0.000000000000000000e+00,2.106209922435922777e-16,4.572559924136844055e-06
5.025000000000000328e-09,2.000008161849000027e-05,2.754010284508664132e-05,3.691284140668375465e-04,-3.770010613298320728e-04,-7.872647262994526308e-06,0.000000000000000000e+00,2.106067080002954734e-16,4.459663017354288303e-06
5.030000000000000208e-09,2.000011646819668462e-05,2.753612229860933166e-05,3.687515130270669619e-04,-3.768002915206323383e-04,-8.048778493565376425e-06,0.000000000000000000e+00,2.105924034449234991e-16,4.349553545131703647e-06
5.035000000000000087e-09,2.000015046613944794e-05,2.753205481775588130e-05,3.683748149184768632e-04,-3.765952175808216546e-04,-8.220402662344791344e-06,0.000000000000000000e+00,2.105780797598596596e-16,4.242162685464957424e-06
5.040000000000000794e-09,2.000018363214002331e-05,2.752790262942592757e-05,3.679983239898018611e-04,-3.763859498642952058e-04,-8.387625874493344607e-06,0.000000000000000000e+00,2.105637380985017739e-16,4.137423315570684591e-06
5.044999999999999846e-09,2.000021598556477216e-05,2.752366790809138687e-05,3.676220443807271324e-04,-3.761725961263307286e-04,-8.550551745603596210e-06,0.000000000000000000e+00,2.105493795859280476e-16,4.035269969933254067e-06
5.050000000000000552e-09,2.000024754533487570e-05,2.751935277702656678e-05,3.672459801244561356e-04,-3.759552615845845338e-04,-8.709281460128398197e-06,0.000000000000000000e+00,2.105350053195476857e-16,3.935638799386131708e-06
5.055000000000000432e-09,2.000027832993635026e-05,2.751495930950941798e-05,3.668701351502190217e-04,-3.757340489786533994e-04,-8.863913828434377695e-06,0.000000000000000000e+00,2.105206163697375775e-16,3.838467531204600627e-06
5.060000000000000311e-09,2.000030835742980177e-05,2.751048952999459360e-05,3.664945132857206538e-04,-3.755090586282395777e-04,-9.014545342518923924e-06,0.000000000000000000e+00,2.105062137804647573e-16,3.743695430182733791e-06
5.065000000000000190e-09,2.000033764546003444e-05,2.750594541525898672e-05,3.661191182595327368e-04,-3.752803884899475937e-04,-9.161270230414856903e-06,0.000000000000000000e+00,2.104917985698958237e-16,3.651263260672257241e-06
5.070000000000000070e-09,2.000036621126539862e-05,2.750132889552035258e-05,3.657439537034286466e-04,-3.750481342127476910e-04,-9.304180509319044407e-06,0.000000000000000000e+00,2.104773717309920122e-16,3.561113249558739966e-06
5.075000000000000776e-09,2.000039407168696930e-05,2.749664185552974053e-05,3.653690231546639412e-04,-3.748123891921385613e-04,-9.443366037474620108e-06,0.000000000000000000e+00,2.104629342320916459e-16,3.473189050149868857e-06
5.080000000000000656e-09,2.000042124317750089e-05,2.749188613563823715e-05,3.649943300582032574e-04,-3.745732446230367859e-04,-9.578914564833528478e-06,0.000000000000000000e+00,2.104484870174792242e-16,3.387435706959545702e-06
5.085000000000000535e-09,2.000044774181022623e-05,2.748706353283868127e-05,3.646198777688953291e-04,-3.743307895514227522e-04,-9.710911782527423090e-06,0.000000000000000000e+00,2.104340310079426299e-16,3.303799621356296606e-06
5.090000000000000414e-09,2.000047358328742853e-05,2.748217580178297084e-05,3.642456695535960178e-04,-3.740851109247770884e-04,-9.839441371181070674e-06,0.000000000000000000e+00,2.104195671013169998e-16,3.222228518064135369e-06
5.095000000000000294e-09,2.000049878294885076e-05,2.747722465577546997e-05,3.638717085932424993e-04,-3.738362936413309806e-04,-9.964585048088481310e-06,0.000000000000000000e+00,2.104050961730172796e-16,3.142671412488436946e-06
5.100000000000000173e-09,2.000052335577992538e-05,2.747221176774309879e-05,3.634979979848782287e-04,-3.735844205981586705e-04,-1.008642261328044189e-05,0.000000000000000000e+00,2.103906190765584775e-16,3.065078578848016880e-06
5.105000000000000052e-09,2.000054731641978729e-05,2.746713877118269243e-05,3.631245407436305248e-04,-3.733295727381452569e-04,-1.020503199451473211e-05,0.000000000000000000e+00,2.103761366440640112e-16,2.989401519096137206e-06
5.110000000000000759e-09,2.000057067916917496e-05,2.746200726108608968e-05,3.627513398046419138e-04,-3.730718290958457361e-04,-1.032048929120382231e-05,0.000000000000000000e+00,2.103616496867637258e-16,2.915592932607060750e-06
5.115000000000000638e-09,2.000059345799809097e-05,2.745681879484356482e-05,3.623783980249556651e-04,-3.728112668422736654e-04,-1.043286881731800026e-05,0.000000000000000000e+00,2.103471589954790431e-16,2.843606686611382538e-06
5.120000000000000517e-09,2.000061566655335419e-05,2.745157489312600565e-05,3.620057181853575802e-04,-3.725479613286325660e-04,-1.054224314327498581e-05,0.000000000000000000e+00,2.103326653410990885e-16,2.773397787362011835e-06
5.125000000000000397e-09,2.000063731816593507e-05,2.744627704074644424e-05,3.616333029921744123e-04,-3.722819861290254653e-04,-1.064868313685105299e-05,0.000000000000000000e+00,2.103181694750444178e-16,2.704922352011661856e-06
5.130000000000000276e-09,2.000065842585817911e-05,2.744092668750134701e-05,3.612611550790297867e-04,-3.720134130821584084e-04,-1.075225800312862171e-05,0.000000000000000000e+00,2.103036721297217220e-16,2.638137581184059463e-06
5.135000000000000155e-09,2.000067900235082713e-05,2.743552524899216214e-05,3.608892770085594622e-04,-3.717423123320667778e-04,-1.085303532350731558e-05,0.000000000000000000e+00,2.102891740189670680e-16,2.573001732223120027e-06
5.140000000000000035e-09,2.000069906006990327e-05,2.743007410742758515e-05,3.605176712740856652e-04,-3.714687523678841005e-04,-1.095108109379843526e-05,0.000000000000000000e+00,2.102746758384798710e-16,2.509474093103316217e-06
5.145000000000000741e-09,2.000071861115346083e-05,2.742457461240706772e-05,3.601463403012530960e-04,-3.711928000626803377e-04,-1.104645976142724180e-05,0.000000000000000000e+00,2.102601782662469072e-16,2.447514956981928353e-06
5.150000000000000621e-09,2.000073766745814164e-05,2.741902808168583420e-05,3.597752864496251996e-04,-3.709145207113846211e-04,-1.113923426175942146e-05,0.000000000000000000e+00,2.102456819629563670e-16,2.387085597382164893e-06
5.155000000000000500e-09,2.000075624056563386e-05,2.741343580192204929e-05,3.594045120142443333e-04,-3.706339780678207852e-04,-1.122946605357645188e-05,0.000000000000000000e+00,2.102311875724029353e-16,2.328148243986824279e-06
5.160000000000000379e-09,2.000077434178896375e-05,2.740779902940638455e-05,3.590340192271544197e-04,-3.703512343808710401e-04,-1.131721515371662042e-05,0.000000000000000000e+00,2.102166957218837504e-16,2.270666059031656097e-06
5.165000000000000259e-09,2.000079198217863155e-05,2.740211899077451871e-05,3.586638102588880382e-04,-3.700663504297943443e-04,-1.140254017090630611e-05,0.000000000000000000e+00,2.102022070225845019e-16,2.214603114279956259e-06
5.170000000000000138e-09,2.000080917252865595e-05,2.739639688370289737e-05,3.582938872199192566e-04,-3.697793855587120575e-04,-1.148549833879280091e-05,0.000000000000000000e+00,2.101877220699580346e-16,2.159924368566029499e-06
5.175000000000000017e-09,2.000082592338242872e-05,2.739063387758817875e-05,3.579242521620811164e-04,-3.694903977102874880e-04,-1.156614554820637169e-05,0.000000000000000000e+00,2.101732414440929440e-16,2.106595645893966681e-06
5.180000000000000724e-09,2.000084224503849493e-05,2.738483111421073497e-05,3.575549070799514603e-04,-3.691994434586120220e-04,-1.164453637866056171e-05,0.000000000000000000e+00,2.101587657100750963e-16,2.054583614076151490e-06
5.185000000000000603e-09,2.000085814755614671e-05,2.737898970838257120e-05,3.571858539122046072e-04,-3.689065780413211971e-04,-1.172072412911658989e-05,0.000000000000000000e+00,2.101442954183396578e-16,2.003855763899468662e-06
5.190000000000000482e-09,2.000087364076093914e-05,2.737311074858008982e-05,3.568170945429323978e-04,-3.686118553909575272e-04,-1.179476084802512934e-05,0.000000000000000000e+00,2.101298311050160239e-16,1.954380388806169417e-06
5.195000000000000362e-09,2.000088873425006044e-05,2.736719529756196707e-05,3.564486308029337996e-04,-3.683153281655953109e-04,-1.186669736266151133e-05,0.000000000000000000e+00,2.101153732922642932e-16,1.906126565076519226e-06
5.200000000000000241e-09,2.000090343739758359e-05,2.736124439297254541e-05,3.560804644709748032e-04,-3.680170477787480772e-04,-1.193658330777327406e-05,0.000000000000000000e+00,2.101009224886043212e-16,1.859064132499505949e-06
5.205000000000000120e-09,2.000091775935958576e-05,2.735525904793109403e-05,3.557125972750175831e-04,-3.677170644285754201e-04,-1.200446715355783702e-05,0.000000000000000000e+00,2.100864791892368359e-16,1.813163675523138038e-06
5.210000000000000000e-09,2.000093170907920006e-05,2.734924025160721190e-05,3.553450308934220643e-04,-3.674154271264006054e-04,-1.207039623297854114e-05,0.000000000000000000e+00,2.100720438763579220e-16,1.768396504867561535e-06
5.215000000000000706e-09,2.000094529529149442e-05,2.734318896978274940e-05,3.549777669561187039e-04,-3.671121837245627491e-04,-1.213441676844404524e-05,0.000000000000000000e+00,2.100576170194653456e-16,1.724734639593541985e-06
5.220000000000000586e-09,2.000095852652826578e-05,2.733710614540055692e-05,3.546108070457536796e-04,-3.668073809436145707e-04,-1.219657389786089115e-05,0.000000000000000000e+00,2.100431990756583706e-16,1.682150789614283396e-06
5.225000000000000465e-09,2.000097141112275643e-05,2.733099269910034166e-05,3.542441526988074070e-04,-3.665010643988792752e-04,-1.225691170007186821e-05,0.000000000000000000e+00,2.100287904899310917e-16,1.640618338637031711e-06
5.230000000000000344e-09,2.000098395721419404e-05,2.732484952974197130e-05,3.538778054066868189e-04,-3.661932786263888428e-04,-1.231547321970202389e-05,0.000000000000000000e+00,2.100143916954576076e-16,1.600111327528194760e-06
5.235000000000000224e-09,2.000099617275229454e-05,2.731867751491648226e-05,3.535117666167917326e-04,-3.658840671082093658e-04,-1.237230049141763329e-05,0.000000000000000000e+00,2.100000031138722393e-16,1.560604438087070901e-06
5.240000000000000103e-09,2.000100806550163954e-05,2.731247751144511758e-05,3.531460377335568219e-04,-3.655734722971739226e-04,-1.242743456361710070e-05,0.000000000000000000e+00,2.099856251555423278e-16,1.522072977221748907e-06
5.244999999999999982e-09,2.000101964304594541e-05,2.730625035586667923e-05,3.527806201194682201e-04,-3.652615356410367047e-04,-1.248091552156848456e-05,0.000000000000000000e+00,2.099712582198350420e-16,1.484492861514812414e-06
5.250000000000000689e-09,2.000103091279223068e-05,2.729999686491336747e-05,3.524155150960570819e-04,-3.649482976060568532e-04,-1.253278250999977127e-05,0.000000000000000000e+00,2.099569026953775792e-16,1.447840602170717412e-06
5.255000000000000568e-09,2.000104188197493260e-05,2.729371783597557156e-05,3.520507239448693489e-04,-3.646337977000319551e-04,-1.258307375516260623e-05,0.000000000000000000e+00,2.099425589603122386e-16,1.412093290334170178e-06
5.260000000000000448e-09,2.000105255765985432e-05,2.728741404755565919e-05,3.516862479084131789e-04,-3.643180744947902504e-04,-1.263182658637707154e-05,0.000000000000000000e+00,2.099282273825444439e-16,1.377228582771712921e-06
5.265000000000000327e-09,2.000106294674811207e-05,2.728108625971119492e-05,3.513220881910836084e-04,-3.640011656481541291e-04,-1.267907745707052072e-05,0.000000000000000000e+00,2.099139083199863289e-16,1.343224687906013958e-06
5.270000000000000206e-09,2.000107305597990956e-05,2.727473521448768937e-05,3.509582459600658552e-04,-3.636831079253890109e-04,-1.272486196532315568e-05,0.000000000000000000e+00,2.098996021207931246e-16,1.310060352195747328e-06
5.275000000000000086e-09,2.000108289193829197e-05,2.726836163634128212e-05,3.505947223462175339e-04,-3.633639372201494808e-04,-1.276921487393194686e-05,0.000000000000000000e+00,2.098853091235957992e-16,1.277714846851913896e-06
5.279999999999999965e-09,2.000109246105276115e-05,2.726196623255142644e-05,3.502315184449296750e-04,-3.630436885749332510e-04,-1.281217013000357594e-05,0.000000000000000000e+00,2.098710296577267214e-16,1.246167954880439540e-06
5.285000000000000671e-09,2.000110176960285006e-05,2.725554969362395827e-05,3.498686353169681742e-04,-3.627223962010554174e-04,-1.285376088408724318e-05,0.000000000000000000e+00,2.098567640434410348e-16,1.215399958446984684e-06
5.290000000000000551e-09,2.000111082372158885e-05,2.724911269368467527e-05,3.495060739892950756e-04,-3.624000934981543411e-04,-1.289401950885926554e-05,0.000000000000000000e+00,2.098425125921326085e-16,1.185391626552106687e-06
5.295000000000000430e-09,2.000111962939890993e-05,2.724265589086369318e-05,3.491438354558706100e-04,-3.620768130732391829e-04,-1.293297761736857295e-05,0.000000000000000000e+00,2.098282756065450572e-16,1.156124203011692924e-06
5.300000000000000309e-09,2.000112819248495475e-05,2.723617992767078650e-05,3.487819206784364772e-04,-3.617525867592915603e-04,-1.297066608085508310e-05,0.000000000000000000e+00,2.098140533809774864e-16,1.127579394733177758e-06
5.305000000000000189e-09,2.000113651869332308e-05,2.722968543136193689e-05,3.484203305872810756e-04,-3.614274456334307041e-04,-1.300711504614962847e-05,0.000000000000000000e+00,2.097998462014859470e-16,1.099739360282122409e-06
5.310000000000000895e-09,2.000114461360424087e-05,2.722317301429726222e-05,3.480590660819859214e-04,-3.611014200346510604e-04,-1.304235395266513907e-05,0.000000000000000000e+00,2.097856543460799614e-16,1.072586698730856804e-06
5.314999999999999947e-09,2.000115248266766380e-05,2.721664327429055313e-05,3.476981280321554788e-04,-3.607745395811444802e-04,-1.307641154898900142e-05,0.000000000000000000e+00,2.097714780849146098e-16,1.046104438781898902e-06
5.320000000000000654e-09,2.000116013120628591e-05,2.721009679495064770e-05,3.473375172781294814e-04,-3.604468331872181098e-04,-1.310931590908862845e-05,0.000000000000000000e+00,2.097573176804775655e-16,1.020276028160899909e-06
5.325000000000000533e-09,2.000116756441850088e-05,2.720353414601473549e-05,3.469772346316781224e-04,-3.601183290798117237e-04,-1.314109444813360127e-05,0.000000000000000000e+00,2.097431733877726519e-16,9.950853232701368329e-07
5.330000000000000413e-09,2.000117478738129204e-05,2.719695588367389600e-05,3.466172808766818493e-04,-3.597890548146302184e-04,-1.317177393794836905e-05,0.000000000000000000e+00,2.097290454544982983e-16,9.705165790993336341e-07
5.335000000000000292e-09,2.000118180505306152e-05,2.719036255089098681e-05,3.462576567697942995e-04,-3.594590372918962575e-04,-1.320138052210195799e-05,0.000000000000000000e+00,2.097149341212227159e-16,9.465544393834771975e-07
5.340000000000000171e-09,2.000118862227636107e-05,2.718375467771106416e-05,3.458983630410902193e-04,-3.591283027717351545e-04,-1.322993973064493520e-05,0.000000000000000000e+00,2.097008396215538486e-16,9.231839270050870051e-07
5.345000000000000878e-09,2.000119524378061268e-05,2.717713278156453944e-05,3.455394003946981500e-04,-3.587968768891963310e-04,-1.325747649449818093e-05,0.000000000000000000e+00,2.096867621823064135e-16,9.003904346333152227e-07
5.349999999999999930e-09,2.000120167418472091e-05,2.717049736756320028e-05,3.451807695094178275e-04,-3.584647846689239820e-04,-1.328401515950615452e-05,0.000000000000000000e+00,2.096727020236643330e-16,8.781597155932703417e-07
5.355000000000000636e-09,2.000120791799965119e-05,2.716384892878932322e-05,3.448224710393235940e-04,-3.581320505394836149e-04,-1.330957950016002081e-05,0.000000000000000000e+00,2.096586593593396652e-16,8.564778749621762446e-07
5.360000000000000516e-09,2.000121397963094386e-05,2.715718794657798299e-05,3.444645056143534460e-04,-3.577986983473519433e-04,-1.333419273299849732e-05,0.000000000000000000e+00,2.096446343967280095e-16,8.353313608835575502e-07
5.365000000000000395e-09,2.000121986338115358e-05,2.715051489079272791e-05,3.441068738408842569e-04,-3.574647513705787026e-04,-1.335787752969444563e-05,0.000000000000000000e+00,2.096306273370595000e-16,8.147069560979265808e-07
5.370000000000000274e-09,2.000122557345225836e-05,2.714383022009482786e-05,3.437495763022933946e-04,-3.571302323321284616e-04,-1.338065602983506703e-05,0.000000000000000000e+00,2.096166383755472585e-16,7.945917696806545881e-07
5.375000000000000154e-09,2.000123111394799729e-05,2.713713438220616630e-05,3.433926135595076522e-04,-3.567951634129084507e-04,-1.340254985340079853e-05,0.000000000000000000e+00,2.096026677015317814e-16,7.749732289856719851e-07
5.380000000000000860e-09,2.000123648887615758e-05,2.713042781416600638e-05,3.430359861515382483e-04,-3.564595662644924330e-04,-1.342358011295418469e-05,0.000000000000000000e+00,2.095887154986217755e-16,7.558390717863578486e-07
5.384999999999999912e-09,2.000124170215080056e-05,2.712371094258168560e-05,3.426796945960044962e-04,-3.561234620215442516e-04,-1.344376742553975547e-05,0.000000000000000000e+00,2.095747819448322830e-16,7.371773386115858121e-07
5.390000000000000619e-09,2.000124675759446395e-05,2.711698418387347949e-05,3.423237393896445173e-04,-3.557868713139507571e-04,-1.346313192430623976e-05,0.000000000000000000e+00,2.095608672127192067e-16,7.189763652704889000e-07
5.395000000000000498e-09,2.000125165894028282e-05,2.711024794451368517e-05,3.419681210088137578e-04,-3.554498142786701310e-04,-1.348169326985637325e-05,0.000000000000000000e+00,2.095469714695107046e-16,7.012247755623857636e-07
5.400000000000000378e-09,2.000125640983405639e-05,2.710350262126013130e-05,3.416128399099726078e-04,-3.551123105713037387e-04,-1.349947066133113088e-05,0.000000000000000000e+00,2.095330948772350596e-16,6.839114741659390890e-07
5.405000000000000257e-09,2.000126101383631816e-05,2.709674860138417234e-05,3.412578965301615538e-04,-3.547743793773927025e-04,-1.351648284723114875e-05,0.000000000000000000e+00,2.095192375928468971e-16,6.670256397038192312e-07
5.410000000000000136e-09,2.000126547442428743e-05,2.708998626289337006e-05,3.409032912874661921e-04,-3.544360394234541585e-04,-1.353274813598796637e-05,0.000000000000000000e+00,2.095053997683485954e-16,6.505567179801625705e-07
5.415000000000000843e-09,2.000126979499383789e-05,2.708321597474892692e-05,3.405490245814703719e-04,-3.540973089877544311e-04,-1.354828440628405919e-05,0.000000000000000000e+00,2.094915815509104395e-16,6.344944153826930725e-07
5.419999999999999895e-09,2.000127397886138474e-05,2.707643809707804741e-05,3.401950967936995794e-04,-3.537582059108331130e-04,-1.356310911713353362e-05,0.000000000000000000e+00,2.094777830829869778e-16,6.188286924493376475e-07
5.425000000000000602e-09,2.000127802926572447e-05,2.706965298138128151e-05,3.398415082880533174e-04,-3.534187476057778316e-04,-1.357723931772451429e-05,0.000000000000000000e+00,2.094640045024308645e-16,6.035497575934060770e-07
5.430000000000000481e-09,2.000128194936987122e-05,2.706286097073503676e-05,3.394882594112275651e-04,-3.530789510682582700e-04,-1.359069165703070481e-05,0.000000000000000000e+00,2.094502459426044345e-16,5.886480609831003436e-07
5.435000000000000360e-09,2.000128574226280509e-05,2.705606239998932316e-05,3.391353504931271545e-04,-3.527388328863258898e-04,-1.360348239319873536e-05,0.000000000000000000e+00,2.094365075324880482e-16,5.741142885731510782e-07
5.440000000000000240e-09,2.000128941096120341e-05,2.704925759596087668e-05,3.387827818472687134e-04,-3.523984092499836429e-04,-1.361562740271492948e-05,0.000000000000000000e+00,2.094227893967863164e-16,5.599393562824824867e-07
5.445000000000000119e-09,2.000129295841112810e-05,2.704244687762173252e-05,3.384305537711740147e-04,-3.520576959605302208e-04,-1.362714218935620614e-05,0.000000000000000000e+00,2.094090916560314418e-16,5.461144043170587247e-07
5.450000000000000825e-09,2.000129638748968241e-05,2.703563055628339039e-05,3.380786665467539463e-04,-3.517167084396854060e-04,-1.363804189293145973e-05,0.000000000000000000e+00,2.093954144266846853e-16,5.326307916319824882e-07
5.455000000000000705e-09,2.000129970100660338e-05,2.702880893577665319e-05,3.377271204406839702e-04,-3.513754617385024840e-04,-1.364834129781851381e-05,0.000000000000000000e+00,2.093817578212348018e-16,5.194800905299659091e-07
5.460000000000000584e-09,2.000130290170584068e-05,2.702198231262725755e-05,3.373759157047700411e-04,-3.510339705460708637e-04,-1.365805484130082261e-05,0.000000000000000000e+00,2.093681219482945272e-16,5.066540813953267219e-07
5.465000000000000463e-09,2.000130599226711180e-05,2.701515097622736076e-05,3.370250525763065011e-04,-3.506922491980124274e-04,-1.366719662170592627e-05,0.000000000000000000e+00,2.093545069126950448e-16,4.941447475543617467e-07
5.470000000000000343e-09,2.000130897530735553e-05,2.700831520900304322e-05,3.366745312784253014e-04,-3.503503116847844052e-04,-1.367578040635910371e-05,0.000000000000000000e+00,2.093409128155769756e-16,4.819442702665022583e-07
5.475000000000000222e-09,2.000131185338225321e-05,2.700147528657785697e-05,3.363243520204371468e-04,-3.500081716597802086e-04,-1.368381963934306184e-05,0.000000000000000000e+00,2.093273397544814175e-16,4.700450238362562550e-07
5.480000000000000101e-09,2.000131462898762809e-05,2.699463147793253204e-05,3.359745149981646162e-04,-3.496658424472451907e-04,-1.369132744908057447e-05,0.000000000000000000e+00,2.093137878234367692e-16,4.584395708469540635e-07
5.485000000000000808e-09,2.000131730456083102e-05,2.698778404556095246e-05,3.356250203942674239e-04,-3.493233370500060855e-04,-1.369831665573866160e-05,0.000000000000000000e+00,2.093002571130440508e-16,4.471206575130785583e-07
5.490000000000000687e-09,2.000131988248214318e-05,2.698093324562248334e-05,3.352758683785597650e-04,-3.489806681570170013e-04,-1.370479977845723632e-05,0.000000000000000000e+00,2.092867477105612872e-16,4.360812091450813545e-07
5.495000000000000567e-09,2.000132236507608046e-05,2.697407932809069286e-05,3.349270591083210484e-04,-3.486378481507306404e-04,-1.371078904240959203e-05,0.000000000000000000e+00,2.092732596999843908e-16,4.253143257283790437e-07
5.500000000000000446e-09,2.000132475461270472e-05,2.696722253689862522e-05,3.345785927285983884e-04,-3.482948891142960456e-04,-1.371629638569765719e-05,0.000000000000000000e+00,2.092597931621270089e-16,4.148132776106002394e-07
5.505000000000000325e-09,2.000132705330889092e-05,2.696036311008062446e-05,3.342304693725023216e-04,-3.479518028385866703e-04,-1.372133346608434869e-05,0.000000000000000000e+00,2.092463481746981778e-16,4.045715012945423346e-07
5.510000000000000205e-09,2.000132926332959089e-05,2.695350127991087173e-05,3.338826891614960174e-04,-3.476086008290640286e-04,-1.372591166756801121e-05,0.000000000000000000e+00,2.092329248123787184e-16,3.945825953368379711e-07
5.515000000000000084e-09,2.000133138678901920e-05,2.694663727303864636e-05,3.335352522056768995e-04,-3.472652943124813715e-04,-1.373004210680447198e-05,0.000000000000000000e+00,2.092195231468945758e-16,3.848403163457243641e-07
5.520000000000000790e-09,2.000133342575184916e-05,2.693977131062042567e-05,3.331881586040521962e-04,-3.469218942434287986e-04,-1.373373563937660240e-05,0.000000000000000000e+00,2.092061432470896907e-16,3.753385750802871730e-07
5.525000000000000670e-09,2.000133538223437831e-05,2.693290360844889151e-05,3.328414084448083100e-04,-3.465784113107256599e-04,-1.373700286591734987e-05,0.000000000000000000e+00,2.091927851789966017e-16,3.660714326423697776e-07
5.530000000000000549e-09,2.000133725820565673e-05,2.692603437707888743e-05,3.324950018055727614e-04,-3.462348559436615489e-04,-1.373985413808878750e-05,0.000000000000000000e+00,2.091794490059054715e-16,3.570330967665689688e-07
5.535000000000000428e-09,2.000133905558857794e-05,2.691916382195045531e-05,3.321489387536710899e-04,-3.458912383180938552e-04,-1.374229956442276539e-05,0.000000000000000000e+00,2.091661347884310162e-16,3.482179181984914728e-07
5.540000000000000308e-09,2.000134077626098349e-05,2.691229214350896834e-05,3.318032193463772510e-04,-3.455475683623992220e-04,-1.374434901602197097e-05,0.000000000000000000e+00,2.091528425845790409e-16,3.396203871648288469e-07
5.545000000000000187e-09,2.000134242205668279e-05,2.690541953732242814e-05,3.314578436311581039e-04,-3.452038557632872541e-04,-1.374601213212915023e-05,0.000000000000000000e+00,2.091395724498096720e-16,3.312351299286438893e-07
5.550000000000000066e-09,2.000134399476651692e-05,2.689854619419605478e-05,3.311128116459122607e-04,-3.448601099714769134e-04,-1.374729832556465274e-05,0.000000000000000000e+00,2.091263244371008850e-16,3.230569054313932233e-07
5.555000000000000773e-09,2.000134549613934127e-05,2.689167230028415611e-05,3.307681234192034071e-04,-3.445163402072407488e-04,-1.374821678803734171e-05,0.000000000000000000e+00,2.091130985970091484e-16,3.150806020164344506e-07
5.560000000000000652e-09,2.000134692788301143e-05,2.688479803719937466e-05,3.304237789704877136e-04,-3.441725554658181551e-04,-1.374877649533044147e-05,0.000000000000000000e+00,2.090998949777294507e-16,3.073012342345260938e-07
5.565000000000000532e-09,2.000134829166535559e-05,2.687792358211939012e-05,3.300797783103365853e-04,-3.438287645227017264e-04,-1.374898621236514103e-05,0.000000000000000000e+00,2.090867136251536273e-16,2.997139397274239773e-07
5.570000000000000411e-09,2.000134958911508598e-05,2.687104910789109755e-05,3.297361214406535558e-04,-3.434849759388006055e-04,-1.374885449814704967e-05,0.000000000000000000e+00,2.090735545829268621e-16,2.923139761894046388e-07
5.575000000000000290e-09,2.000135082182273396e-05,2.686417478313236998e-05,3.293928083548865204e-04,-3.431411980654818080e-04,-1.374838971059528766e-05,0.000000000000000000e+00,2.090604178925038697e-16,2.850967184018029805e-07
5.580000000000000170e-09,2.000135199134154111e-05,2.685730077233140182e-05,3.290498390382345473e-04,-3.427974390494930418e-04,-1.374760001125849458e-05,0.000000000000000000e+00,2.090473035932028581e-16,2.780576553441216998e-07
5.585000000000000049e-09,2.000135309918831984e-05,2.685042723594373811e-05,3.287072134678505151e-04,-3.424537068377709269e-04,-1.374649336992041183e-05,0.000000000000000000e+00,2.090342117222586044e-16,2.711923873723951352e-07
5.590000000000000756e-09,2.000135414684431730e-05,2.684355433048704742e-05,3.283649316130382210e-04,-3.421100091821365125e-04,-1.374507756909829157e-05,0.000000000000000000e+00,2.090211423148739771e-16,2.644966234709061653e-07
5.595000000000000635e-09,2.000135513575604216e-05,2.683668220863362459e-05,3.280229934354450430e-04,-3.417663536438791212e-04,-1.374336020843407820e-05,0.000000000000000000e+00,2.090080954042707933e-16,2.579661785692940524e-07
5.600000000000000514e-09,2.000135606733608110e-05,2.682981101930077253e-05,3.276813988892508084e-04,-3.414227475982345916e-04,-1.374134870898378316e-05,0.000000000000000000e+00,2.089950710217387277e-16,2.515969709265778874e-07
5.605000000000000394e-09,2.000135694296389504e-05,2.682294090773904274e-05,3.273401479213511323e-04,-3.410791982387573781e-04,-1.373905031740624587e-05,0.000000000000000000e+00,2.089820691966839265e-16,2.453850195810791993e-07
5.610000000000000273e-09,2.000135776398658484e-05,2.681607201561839887e-05,3.269992404715371778e-04,-3.407357125815906810e-04,-1.373647211005350321e-05,0.000000000000000000e+00,2.089690899566755005e-16,2.393264418606533099e-07
5.615000000000000152e-09,2.000135853171965028e-05,2.680920448111237794e-05,3.266586764726709725e-04,-3.403922974696363965e-04,-1.373362099696542405e-05,0.000000000000000000e+00,2.089561333274915505e-16,2.334174509571257860e-07
5.620000000000000032e-09,2.000135924744773539e-05,2.680233843898023895e-05,3.263184558508563861e-04,-3.400489595766251574e-04,-1.373050372576877128e-05,0.000000000000000000e+00,2.089431993331640585e-16,2.276543535588353520e-07
5.625000000000000738e-09,2.000135991242535019e-05,2.679547402064726163e-05,3.259785785256066946e-04,-3.397057054110955718e-04,-1.372712688548887719e-05,0.000000000000000000e+00,2.089302879960225952e-16,2.220335475422997016e-07
5.630000000000000617e-09,2.000136052787757876e-05,2.678861135428306988e-05,3.256390444100075356e-04,-3.393625413202745831e-04,-1.372349691026704746e-05,0.000000000000000000e+00,2.089173993367368940e-16,2.165515197209713313e-07
5.635000000000000497e-09,2.000136109500075349e-05,2.678175056487818660e-05,3.252998534108762318e-04,-3.390194734938716350e-04,-1.371962008299540316e-05,0.000000000000000000e+00,2.089045333743585128e-16,2.112048436485422943e-07
5.640000000000000376e-09,2.000136161496314627e-05,2.677489177431875215e-05,3.249610054289179162e-04,-3.386765079677803007e-04,-1.371550253886238448e-05,0.000000000000000000e+00,2.088916901263616328e-16,2.059901774788307563e-07
5.645000000000000255e-09,2.000136208890561222e-05,2.676803510145952844e-05,3.246225003588770492e-04,-3.383336506276958316e-04,-1.371115026881878241e-05,0.000000000000000000e+00,2.088788696086826493e-16,2.009042618756424949e-07
5.650000000000000135e-09,2.000136251794224361e-05,2.676118066219513781e-05,3.242843380896859545e-04,-3.379909072126447236e-04,-1.370656912295876908e-05,0.000000000000000000e+00,2.088660718357589743e-16,1.959439179759954745e-07
5.655000000000000014e-09,2.000136290316097294e-05,2.675432856952969924e-05,3.239465185046099395e-04,-3.376482833184363285e-04,-1.370176481382638905e-05,0.000000000000000000e+00,2.088532968205666053e-16,1.911060454036581785e-07
5.660000000000000721e-09,2.000136324562422688e-05,2.674747893364476048e-05,3.236090414813886209e-04,-3.373057844010267001e-04,-1.369674291963807926e-05,0.000000000000000000e+00,2.088405445746578681e-16,1.863876203307994125e-07
5.665000000000000600e-09,2.000136354636947847e-05,2.674063186196568500e-05,3.232719068923742690e-04,-3.369634157798103401e-04,-1.369150888743607105e-05,0.000000000000000000e+00,2.088278151081963725e-16,1.817856935879189864e-07
5.670000000000000479e-09,2.000136380640986383e-05,2.673378745922647384e-05,3.229351146046667369e-04,-3.366211826408305207e-04,-1.368606803616378379e-05,0.000000000000000000e+00,2.088151084299931525e-16,1.772973888213816469e-07
5.675000000000000359e-09,2.000136402673473437e-05,2.672694582753304564e-05,3.225986644802451364e-04,-3.362790900399155567e-04,-1.368042555967042022e-05,0.000000000000000000e+00,2.088024245475404393e-16,1.729199006943190980e-07
5.680000000000000238e-09,2.000136420831021588e-05,2.672010706642505997e-05,3.222625563760966416e-04,-3.359371429057422180e-04,-1.367458652964557639e-05,0.000000000000000000e+00,2.087897634670454094e-16,1.686504931341188326e-07
5.685000000000000117e-09,2.000136435207976754e-05,2.671327127293627346e-05,3.219267901443418766e-04,-3.355953460428253094e-04,-1.366855589848343282e-05,0.000000000000000000e+00,2.087771251934629970e-16,1.644864976220952063e-07
5.689999999999999997e-09,2.000136445896468675e-05,2.670643854165347973e-05,3.215913656323581352e-04,-3.352537041344396491e-04,-1.366233850208151395e-05,0.000000000000000000e+00,2.087645097305276940e-16,1.604253115256815631e-07
5.695000000000000703e-09,2.000136452986465803e-05,2.669960896477409075e-05,3.212562826828985890e-04,-3.349122217454716293e-04,-1.365593906257304025e-05,0.000000000000000000e+00,2.087519170807849575e-16,1.564643964712799447e-07
5.700000000000000582e-09,2.000136456565823072e-05,2.669278263216231877e-05,3.209215411342096523e-04,-3.345709033252044226e-04,-1.364936219099477030e-05,0.000000000000000000e+00,2.087393472456214817e-16,1.526012767579377864e-07
5.705000000000000462e-09,2.000136456720333063e-05,2.668595963140409799e-05,3.205871408201451484e-04,-3.342297532100383544e-04,-1.364261238989320597e-05,0.000000000000000000e+00,2.087268002252948790e-16,1.488335378101575358e-07
5.710000000000000341e-09,2.000136453533774448e-05,2.667914004786067460e-05,3.202530815702778742e-04,-3.338887756261464928e-04,-1.363569405586861861e-05,0.000000000000000000e+00,2.087142760189630157e-16,1.451588246684839406e-07
5.715000000000000220e-09,2.000136447087958751e-05,2.667232396472096363e-05,3.199193632100083453e-04,-3.335479746920688195e-04,-1.362861148206047411e-05,0.000000000000000000e+00,2.087017746247121645e-16,1.415748405175301932e-07
5.720000000000000927e-09,2.000136437462775410e-05,2.666551146305267919e-05,3.195859855606714823e-04,-3.332073544212462270e-04,-1.362136886057474473e-05,0.000000000000000000e+00,2.086892960395843929e-16,1.380793452505958978e-07
5.724999999999999979e-09,2.000136424736238193e-05,2.665870262185223151e-05,3.192529484396400426e-04,-3.328669187244924998e-04,-1.361397028485245714e-05,0.000000000000000000e+00,2.086768402596049758e-16,1.346701540693522026e-07
5.730000000000000686e-09,2.000136408984529580e-05,2.665189751809349914e-05,3.189202516604264822e-04,-3.325266714124101874e-04,-1.360641975198370515e-05,0.000000000000000000e+00,2.086644072798087243e-16,1.313451361182552818e-07
5.735000000000000565e-09,2.000136390282041088e-05,2.664509622677543212e-05,3.185878950327816718e-04,-3.321866161977510756e-04,-1.359872116496940384e-05,0.000000000000000000e+00,2.086519970942652284e-16,1.281022131528411359e-07
5.740000000000000444e-09,2.000136368701418328e-05,2.663829882096853722e-05,3.182558783627917158e-04,-3.318467566977176763e-04,-1.359087833492596048e-05,0.000000000000000000e+00,2.086396096961044711e-16,1.249393582407158643e-07
5.745000000000000324e-09,2.000136344313600310e-05,2.663150537186029240e-05,3.179242014529723328e-04,-3.315070964362144650e-04,-1.358289498324213211e-05,0.000000000000000000e+00,2.086272450775412828e-16,1.218545944947331885e-07
5.750000000000000203e-09,2.000136317187858743e-05,2.662471594879946363e-05,3.175928641023611750e-04,-3.311676388460438238e-04,-1.357477474368264884e-05,0.000000000000000000e+00,2.086149032298988345e-16,1.188459938368345700e-07
5.755000000000000910e-09,2.000136287391838694e-05,2.661793061933942213e-05,3.172618661066074915e-04,-3.308283872710517321e-04,-1.356652116444424057e-05,0.000000000000000000e+00,2.086025841436325994e-16,1.159116757939071714e-07
5.759999999999999962e-09,2.000136254991596198e-05,2.661114944928040450e-05,3.169312072580606540e-04,-3.304893449682221192e-04,-1.355813771016146528e-05,0.000000000000000000e+00,2.085902878083526385e-16,1.130498063215939065e-07
5.765000000000000668e-09,2.000136220051635524e-05,2.660437250271081752e-05,3.166008873458552660e-04,-3.301505151097231341e-04,-1.354962776386786812e-05,0.000000000000000000e+00,2.085780142128463294e-16,1.102585966584272693e-07
5.770000000000000548e-09,2.000136182634944075e-05,2.659759984204755005e-05,3.162709061559956770e-04,-3.298119007849054920e-04,-1.354099462890981506e-05,0.000000000000000000e+00,2.085657633450994684e-16,1.075363022072376232e-07
5.775000000000000427e-09,2.000136142803029995e-05,2.659083152807534319e-05,3.159412634714371887e-04,-3.294735050022521415e-04,-1.353224153081495273e-05,0.000000000000000000e+00,2.085535351923179889e-16,1.048812214455300184e-07
5.780000000000000306e-09,2.000136100615955713e-05,2.658406761998525231e-05,3.156119590721663949e-04,-3.291353306912847792e-04,-1.352337161911838434e-05,0.000000000000000000e+00,2.085413297409482991e-16,1.022916948616108099e-07
5.785000000000000186e-09,2.000136056132372162e-05,2.657730817541219774e-05,3.152829927352790267e-04,-3.287973807044237994e-04,-1.351438796914477278e-05,0.000000000000000000e+00,2.085291469766978664e-16,9.976610391663348360e-08
5.790000000000000892e-09,2.000136009409552321e-05,2.657055325047161419e-05,3.149543642350562805e-04,-3.284596578188045488e-04,-1.350529358374826829e-05,0.000000000000000000e+00,2.085169868845545939e-16,9.730287003425775729e-08
5.794999999999999944e-09,2.000135960503422050e-05,2.656380289979528699e-05,3.146260733430389779e-04,-3.281221647380533043e-04,-1.349609139501432636e-05,0.000000000000000000e+00,2.085048494488061718e-16,9.490045361334797707e-08
5.800000000000000651e-09,2.000135909468593289e-05,2.655705717656628716e-05,3.142981198281004774e-04,-3.277849040940177135e-04,-1.348678426591723607e-05,0.000000000000000000e+00,2.084927346530588381e-16,9.255735306506606298e-08
5.805000000000000530e-09,2.000135856358393877e-05,2.655031613255314746e-05,3.139705034565173653e-04,-3.274478784484604276e-04,-1.347737499194306228e-05,0.000000000000000000e+00,2.084806424802557929e-16,9.027210387554484954e-08
5.810000000000000409e-09,2.000135801224898045e-05,2.654357981814319824e-05,3.136432239920388981e-04,-3.271110902947108826e-04,-1.346786630267198448e-05,0.000000000000000000e+00,2.084685729126949481e-16,8.804327768939843686e-08
5.815000000000000289e-09,2.000135744118955214e-05,2.653684828237513755e-05,3.133162811959544405e-04,-3.267745420592792433e-04,-1.345826086332480281e-05,0.000000000000000000e+00,2.084565259320464305e-16,8.586948141796590375e-08
5.820000000000000168e-09,2.000135685090220487e-05,2.653012157297081856e-05,3.129896748271597095e-04,-3.264382361034306643e-04,-1.344856127627095483e-05,0.000000000000000000e+00,2.084445015193698868e-16,8.374935636771440499e-08
5.825000000000000875e-09,2.000135624187179725e-05,2.652339973636631541e-05,3.126634046422210682e-04,-3.261021747247258877e-04,-1.343877008250481944e-05,0.000000000000000000e+00,2.084324996551306067e-16,8.168157739134275161e-08
5.829999999999999927e-09,2.000135561457179698e-05,2.651668281774225707e-05,3.123374703954386804e-04,-3.257663601585230250e-04,-1.342888976308434469e-05,0.000000000000000000e+00,2.084205203192161621e-16,7.966485205989140821e-08
5.835000000000000633e-09,2.000135496946453157e-05,2.650997086105343290e-05,3.120118718389076049e-04,-3.254307945794450798e-04,-1.341892274053747489e-05,0.000000000000000000e+00,2.084085634909521851e-16,7.769791985433424815e-08
5.840000000000000513e-09,2.000135430700145266e-05,2.650326390905770354e-05,3.116866087225782407e-04,-3.250954801028125576e-04,-1.340887138023431685e-05,0.000000000000000000e+00,2.083966291491176518e-16,7.577955137800731914e-08
5.845000000000000392e-09,2.000135362762339345e-05,2.649656200334426473e-05,3.113616807943147104e-04,-3.247604187860435505e-04,-1.339873799172884008e-05,0.000000000000000000e+00,2.083847172719600925e-16,7.390854758801114694e-08
5.850000000000000271e-09,2.000135293176081609e-05,2.648986518436120637e-05,3.110370877999519439e-04,-3.244256126300195070e-04,-1.338852483006756303e-05,0.000000000000000000e+00,2.083728278372103829e-16,7.208373904609479679e-08
5.855000000000000151e-09,2.000135221983406238e-05,2.648317349144246169e-05,3.107128294833518944e-04,-3.240910635804199929e-04,-1.337823409706809848e-05,0.000000000000000000e+00,2.083609608220972395e-16,7.030398518766643994e-08
5.860000000000000857e-09,2.000135149225357398e-05,2.647648696283410599e-05,3.103889055864577479e-04,-3.237567735290266071e-04,-1.336786794256885919e-05,0.000000000000000000e+00,2.083491162033607040e-16,6.856817360859161206e-08
5.864999999999999909e-09,2.000135074942013978e-05,2.646980563572002166e-05,3.100653158493474294e-04,-3.234227443149941005e-04,-1.335742846564667114e-05,0.000000000000000000e+00,2.083372939572665402e-16,6.687521937028738329e-08
5.870000000000000616e-09,2.000134999172511612e-05,2.646312954624700770e-05,3.097420600102854271e-04,-3.230889777260945520e-04,-1.334691771580912489e-05,0.000000000000000000e+00,2.083254940596191764e-16,6.522406432091015435e-08
5.875000000000000495e-09,2.000134921955065375e-05,2.645645872954925553e-05,3.094191378057737501e-04,-3.227554754999301025e-04,-1.333633769415635238e-05,0.000000000000000000e+00,2.083137164857749181e-16,6.361367643500877083e-08
5.880000000000000374e-09,2.000134843326990120e-05,2.644979321977226246e-05,3.090965489706012600e-04,-3.224222393251180430e-04,-1.332569035451678296e-05,0.000000000000000000e+00,2.083019612106544722e-16,6.204304916757719763e-08
5.885000000000000254e-09,2.000134763324722830e-05,2.644313305009620638e-05,3.087742932378922424e-04,-3.220892708424489040e-04,-1.331497760455666165e-05,0.000000000000000000e+00,2.082902282087556911e-16,6.051120082555607209e-08
5.890000000000000133e-09,2.000134681983841602e-05,2.643647825275875131e-05,3.084523703391537329e-04,-3.217565716460167374e-04,-1.330420130686300450e-05,0.000000000000000000e+00,2.082785174541652091e-16,5.901717395390322380e-08
5.895000000000000840e-09,2.000134599339088338e-05,2.642982885907730061e-05,3.081307800043214329e-04,-3.214241432843208818e-04,-1.329336327999944885e-05,0.000000000000000000e+00,2.082668289205709158e-16,5.756003473724960072e-08
5.899999999999999892e-09,2.000134515424386030e-05,2.642318489947078269e-05,3.078095219618049751e-04,-3.210919872613460994e-04,-1.328246529954112435e-05,0.000000000000000000e+00,2.082551625812730003e-16,5.613887241595475527e-08
5.905000000000000598e-09,2.000134430272859426e-05,2.641654640348086412e-05,3.074885959385317792e-04,-3.207601050376134933e-04,-1.327150909908171410e-05,0.000000000000000000e+00,2.082435184091955377e-16,5.475279871740892359e-08
5.910000000000000478e-09,2.000134343916851971e-05,2.640991339979270868e-05,3.071680016599901493e-04,-3.204284980312094690e-04,-1.326049637121931970e-05,0.000000000000000000e+00,2.082318963768971140e-16,5.340094730037941214e-08
5.915000000000000357e-09,2.000134256387947490e-05,2.640328591625523162e-05,3.068477388502709072e-04,-3.200971676187878631e-04,-1.324942876851695596e-05,0.000000000000000000e+00,2.082202964565821904e-16,5.208247321375654437e-08
5.920000000000000236e-09,2.000134167716983066e-05,2.639666397990087960e-05,3.065278072321087001e-04,-3.197661151365524469e-04,-1.323830790444374683e-05,0.000000000000000000e+00,2.082087186201106194e-16,5.079655236834391486e-08
5.925000000000000116e-09,2.000134077934071397e-05,2.639004761696492945e-05,3.062082065269217373e-04,-3.194353418812107535e-04,-1.322713535428901620e-05,0.000000000000000000e+00,2.081971628390089843e-16,4.954238102169295074e-08
5.930000000000000822e-09,2.000133987068614352e-05,2.638343685290440074e-05,3.058889364548507666e-04,-3.191048491109128339e-04,-1.321591265606206732e-05,0.000000000000000000e+00,2.081856290844795480e-16,4.831917527581237404e-08
5.934999999999999874e-09,2.000133895149321944e-05,2.637683171241641947e-05,3.055699967347975639e-04,-3.187746380461599816e-04,-1.320464131136241765e-05,0.000000000000000000e+00,2.081741173274108039e-16,4.712617058758315812e-08
5.940000000000000581e-09,2.000133802204226557e-05,2.637023221945624968e-05,3.052513870844615791e-04,-3.184447098706991988e-04,-1.319332278623761966e-05,0.000000000000000000e+00,2.081626275383864247e-16,4.596262129001550591e-08
5.945000000000000460e-09,2.000133708260700910e-05,2.636363839725484399e-05,3.049331072203766905e-04,-3.181150657323917512e-04,-1.318195851201506069e-05,0.000000000000000000e+00,2.081511596876948519e-16,4.482780012688894868e-08
5.950000000000000340e-09,2.000133613345471262e-05,2.635705026833599430e-05,3.046151568579463873e-04,-3.177857067440641040e-04,-1.317054988611771667e-05,0.000000000000000000e+00,2.081397137453380472e-16,4.372099779823446653e-08
5.955000000000001046e-09,2.000133517484635378e-05,2.635046785453310308e-05,3.042975357114786265e-04,-3.174566339843374447e-04,-1.315909827285881815e-05,0.000000000000000000e+00,2.081282896810408355e-16,4.264152251648922407e-08
5.960000000000000098e-09,2.000133420703673363e-05,2.634389117700552431e-05,3.039802434942193892e-04,-3.171278484984395339e-04,-1.314760500422014478e-05,0.000000000000000000e+00,2.081168874642586706e-16,4.158869957434036067e-08
5.965000000000000805e-09,2.000133323027466641e-05,2.633732025625454189e-05,3.036632799183858027e-04,-3.167993512989937879e-04,-1.313607138060798527e-05,0.000000000000000000e+00,2.081055070641869778e-16,4.056187092324139596e-08
5.969999999999999857e-09,2.000133224480309132e-05,2.633075511213897881e-05,3.033466446951985042e-04,-3.164711433667943743e-04,-1.312449867159587013e-05,0.000000000000000000e+00,2.080941484497688703e-16,3.956039476175421746e-08
5.975000000000000563e-09,2.000133125085920471e-05,2.632419576389043351e-05,3.030303375349127572e-04,-3.161432256515614133e-04,-1.311288811664865607e-05,0.000000000000000000e+00,2.080828115897027911e-16,3.858364513490249647e-08
5.980000000000000443e-09,2.000133024867461925e-05,2.631764223012814709e-05,3.027143581468495683e-04,-3.158155990726763921e-04,-1.310124092582682373e-05,0.000000000000000000e+00,2.080714964524512152e-16,3.763101154233424676e-08
5.985000000000000322e-09,2.000132923847548598e-05,2.631109452887353493e-05,3.023987062394250689e-04,-3.154882645199024544e-04,-1.308955828047738551e-05,0.000000000000000000e+00,2.080602030062476753e-16,3.670189855681818504e-08
5.990000000000001029e-09,2.000132822048260604e-05,2.630455267756438639e-05,3.020833815201804393e-04,-3.151612228540890239e-04,-1.307784133390858458e-05,0.000000000000000000e+00,2.080489312191040837e-16,3.579572545273508035e-08
5.995000000000000081e-09,2.000132719491157644e-05,2.629801669306869175e-05,3.017683836958100435e-04,-3.148344749078557723e-04,-1.306609121204572880e-05,0.000000000000000000e+00,2.080376810588183740e-16,3.491192584236180651e-08
6.000000000000000787e-09,2.000132616197290518e-05,2.629148659169820834e-05,3.014537124721895106e-04,-3.145080214862651510e-04,-1.305430901407564044e-05,0.000000000000000000e+00,2.080264524929814037e-16,3.404994732198097672e-08
6.004999999999999839e-09,2.000132512187212651e-05,2.628496238922164709e-05,3.011393675544028932e-04,-3.141818633674760015e-04,-1.304249581307310828e-05,0.000000000000000000e+00,2.080152454889837833e-16,3.320925112730794063e-08
6.010000000000000546e-09,2.000132407480991948e-05,2.627844410087757456e-05,3.008253486467693397e-04,-3.138560013033827472e-04,-1.303065265661340752e-05,0.000000000000000000e+00,2.080040600140226793e-16,3.238931179552463841e-08
6.015000000000000425e-09,2.000132302098223667e-05,2.627193174138702357e-05,3.005116554528688977e-04,-3.135304360202393519e-04,-1.301878056737045420e-05,0.000000000000000000e+00,2.079928960351086684e-16,3.158961683798606991e-08
6.020000000000000305e-09,2.000132196058038557e-05,2.626542532496580569e-05,3.001982876755678303e-04,-3.132051682192710262e-04,-1.300688054370319592e-05,0.000000000000000000e+00,2.079817535190715053e-16,3.080966641919480765e-08
6.025000000000001011e-09,2.000132089379116066e-05,2.625892486533649501e-05,2.998852450170436611e-04,-3.128801985772666902e-04,-1.299495356022302905e-05,0.000000000000000000e+00,2.079706324325669516e-16,3.004897304492346564e-08
6.030000000000000063e-09,2.000131982079694169e-05,2.625243037574018839e-05,2.995725271788090812e-04,-3.125555277471623282e-04,-1.298300056835324703e-05,0.000000000000000000e+00,2.079595327420826431e-16,2.930706125711343181e-08
6.035000000000000770e-09,2.000131874177579869e-05,2.624594186894795394e-05,2.992601338617352589e-04,-3.122311563586077556e-04,-1.297102249687249673e-05,0.000000000000000000e+00,2.079484544139440552e-16,2.858346733639689687e-08
6.040000000000000649e-09,2.000131765690159026e-05,2.623945935727202202e-05,2.989480647660754217e-04,-3.119070850185215677e-04,-1.295902025244614593e-05,0.000000000000000000e+00,2.079373974143203949e-16,2.787773901325861937e-08
6.045000000000000528e-09,2.000131656634407198e-05,2.623298285257670182e-05,2.986363195914868655e-04,-3.115833143116315059e-04,-1.294699472014464040e-05,0.000000000000000000e+00,2.079263617092302709e-16,2.718943518461870148e-08
6.050000000000000408e-09,2.000131547026897091e-05,2.622651236628907766e-05,2.983248980370530718e-04,-3.112598448010053375e-04,-1.293494676395226571e-05,0.000000000000000000e+00,2.079153472645468947e-16,2.651812563786925484e-08
6.055000000000000287e-09,2.000131436883810762e-05,2.622004790940938684e-05,2.980137998013051757e-04,-3.109366770285639544e-04,-1.292287722725877878e-05,0.000000000000000000e+00,2.079043540460041207e-16,2.586339078304258259e-08
6.060000000000000994e-09,2.000131326220946391e-05,2.621358949252124168e-05,2.977030245822425108e-04,-3.106138115155888881e-04,-1.291078693334637723e-05,0.000000000000000000e+00,2.078933820192009575e-16,2.522482138938393278e-08
6.065000000000000046e-09,2.000131215053729467e-05,2.620713712580152618e-05,2.973925720773535350e-04,-3.102912487632115556e-04,-1.289867668585802053e-05,0.000000000000000000e+00,2.078824311496074103e-16,2.460201833022517470e-08
6.070000000000000752e-09,2.000131103397219555e-05,2.620069081903013021e-05,2.970824419836351287e-04,-3.099689892528967056e-04,-1.288654726926157694e-05,0.000000000000000000e+00,2.078715014025689673e-16,2.399459233344889255e-08
6.075000000000000632e-09,2.000130991266119455e-05,2.619425058159939552e-05,2.967726339976127069e-04,-3.096470334469100349e-04,-1.287439944929732799e-05,0.000000000000000000e+00,2.078605927433116291e-16,2.340216373788170986e-08
6.080000000000000511e-09,2.000130878674785019e-05,2.618781642252338915e-05,2.964631478153585426e-04,-3.093253817887769682e-04,-1.286223397341842555e-05,0.000000000000000000e+00,2.078497051369468635e-16,2.282436225646387743e-08
6.085000000000000390e-09,2.000130765637230578e-05,2.618138835044693275e-05,2.961539831325106314e-04,-3.090040347037313552e-04,-1.285005157122072385e-05,0.000000000000000000e+00,2.078388385484758705e-16,2.226082674433165235e-08
6.090000000000000270e-09,2.000130652167139440e-05,2.617496637365443205e-05,2.958451396442907436e-04,-3.086829925991518625e-04,-1.283785295486111885e-05,0.000000000000000000e+00,2.078279929427945122e-16,2.171120497367594066e-08
6.095000000000000976e-09,2.000130538277871008e-05,2.616855050007848614e-05,2.955366170455219345e-04,-3.083622558649888232e-04,-1.282563881946688876e-05,0.000000000000000000e+00,2.078171682846976521e-16,2.117515341300551125e-08
6.100000000000000028e-09,2.000130423982467558e-05,2.616214073730830015e-05,2.952284150306460535e-04,-3.080418248741812219e-04,-1.281340984353516836e-05,0.000000000000000000e+00,2.078063645388832718e-16,2.065233701233944045e-08
6.105000000000000735e-09,2.000130309293661349e-05,2.615573709259790490e-05,2.949205332937401163e-04,-3.077216999830645707e-04,-1.280116668932445440e-05,0.000000000000000000e+00,2.077955816699565874e-16,2.014242899466760044e-08
6.110000000000000614e-09,2.000130194223884793e-05,2.614933957287420032e-05,2.946129715285331096e-04,-3.074018815317676196e-04,-1.278891000323451000e-05,0.000000000000000000e+00,2.077848196424347588e-16,1.964511065079927940e-08
6.115000000000000494e-09,2.000130078785273500e-05,2.614294818474474812e-05,2.943057294284217120e-04,-3.070823698446006628e-04,-1.277664041617895081e-05,0.000000000000000000e+00,2.077740784207502418e-16,1.916007114047984551e-08
6.120000000000000373e-09,2.000129962989676105e-05,2.613656293450546627e-05,2.939988066864860153e-04,-3.067631652304352811e-04,-1.276435854394926579e-05,0.000000000000000000e+00,2.077633579692548804e-16,1.868700729858960860e-08
6.125000000000000252e-09,2.000129846848659691e-05,2.613018382814807610e-05,2.936922029955049739e-04,-3.064442679830739458e-04,-1.275206498756897193e-05,0.000000000000000000e+00,2.077526582522238266e-16,1.822562344439200045e-08
6.130000000000000959e-09,2.000129730373516901e-05,2.612381087136740712e-05,2.933859180479710419e-04,-3.061256783816119261e-04,-1.273976033364088416e-05,0.000000000000000000e+00,2.077419792338592629e-16,1.777563119823564498e-08
6.135000000000000011e-09,2.000129613575272376e-05,2.611744406956852566e-05,2.930799515361046472e-04,-3.058073966907900879e-04,-1.272744515468544066e-05,0.000000000000000000e+00,2.077313208782938532e-16,1.733674930028930757e-08
6.140000000000000717e-09,2.000129496464688857e-05,2.611108342787369065e-05,2.927743031518687737e-04,-3.054894231613401040e-04,-1.271512000947133030e-05,0.000000000000000000e+00,2.077206831495944902e-16,1.690870343486726175e-08
6.145000000000000597e-09,2.000129379052273279e-05,2.610472895112913336e-05,2.924689725869822972e-04,-3.051717580303200147e-04,-1.270278544333771752e-05,0.000000000000000000e+00,2.077100660117654509e-16,1.649122605949804050e-08
6.150000000000000476e-09,2.000129261348282872e-05,2.609838064391172853e-05,2.921639595329339175e-04,-3.048544015214450179e-04,-1.269044198851110045e-05,0.000000000000000000e+00,2.076994694287519955e-16,1.608405623738131925e-08
6.155000000000000355e-09,2.000129143362730920e-05,2.609203851053543192e-05,2.918592636809949517e-04,-3.045373538454061160e-04,-1.267809016441116430e-05,0.000000000000000000e+00,2.076888933644435477e-16,1.568693947391055707e-08
6.160000000000000235e-09,2.000129025105393200e-05,2.608570255505764655e-05,2.915548847222326702e-04,-3.042206152001857272e-04,-1.266573047795305695e-05,0.000000000000000000e+00,2.076783377826769486e-16,1.529962755827783552e-08
6.165000000000000941e-09,2.000128906585812386e-05,2.607937278128536198e-05,2.912508223475223854e-04,-3.039041857713619126e-04,-1.265336342383952721e-05,0.000000000000000000e+00,2.076678026472394891e-16,1.492187840795860957e-08
6.169999999999999993e-09,2.000128787813303807e-05,2.607304919278122251e-05,2.909470762475599198e-04,-3.035880657324092425e-04,-1.264098948484932263e-05,0.000000000000000000e+00,2.076572879218719172e-16,1.455345591726221657e-08
6.175000000000000700e-09,2.000128668796961548e-05,2.606673179286940557e-05,2.906436461128735871e-04,-3.032722552449895249e-04,-1.262860913211593782e-05,0.000000000000000000e+00,2.076467935702714950e-16,1.419412981045636325e-08
6.180000000000000579e-09,2.000128549545663529e-05,2.606042058464137133e-05,2.903405316338359007e-04,-3.029567544592367883e-04,-1.261622282540088768e-05,0.000000000000000000e+00,2.076363195560949076e-16,1.384367549675508515e-08
6.185000000000000459e-09,2.000128430068074900e-05,2.605411557096149724e-05,2.900377325006747958e-04,-3.026415635140373853e-04,-1.260383101336258948e-05,0.000000000000000000e+00,2.076258658429608268e-16,1.350187393089712345e-08
6.190000000000000338e-09,2.000128310372655484e-05,2.604781675447253626e-05,2.897352484034848509e-04,-3.023266825372990913e-04,-1.259143413381424038e-05,0.000000000000000000e+00,2.076154323944530174e-16,1.316851147575718098e-08
6.195000000000000217e-09,2.000128190467662499e-05,2.604152413760100061e-05,2.894330790322381837e-04,-3.020121116462187944e-04,-1.257903261398061068e-05,0.000000000000000000e+00,2.076050191741226541e-16,1.284337976902293630e-08
6.200000000000000924e-09,2.000128070361157666e-05,2.603523772256239645e-05,2.891312240767948054e-04,-3.016978509475409689e-04,-1.256662687074616355e-05,0.000000000000000000e+00,2.075946261454913544e-16,1.252627559275196981e-08
6.204999999999999976e-09,2.000127950061008565e-05,2.602895751136630604e-05,2.888296832269133000e-04,-3.013839005378109994e-04,-1.255421731089769941e-05,0.000000000000000000e+00,2.075842532720531254e-16,1.221700074631682171e-08
6.210000000000000682e-09,2.000127829574896768e-05,2.602268350582139547e-05,2.885284561722604741e-04,-3.010702605036214030e-04,-1.254180433136092886e-05,0.000000000000000000e+00,2.075739005172775195e-16,1.191536192324640139e-08
6.215000000000000562e-09,2.000127708910319534e-05,2.601641570754029009e-05,2.882275426024217104e-04,-3.007569309218547445e-04,-1.252938831943303409e-05,0.000000000000000000e+00,2.075635678446114834e-16,1.162117058925324310e-08
6.220000000000000441e-09,2.000127588074594549e-05,2.601015411794432475e-05,2.879269422069100754e-04,-3.004439118599189630e-04,-1.251696965300888760e-05,0.000000000000000000e+00,2.075532552174818970e-16,1.133424286500414602e-08
6.225000000000000320e-09,2.000127467074865691e-05,2.600389873826819566e-05,2.876266546751758062e-04,-3.001312033759769514e-04,-1.250454870080114529e-05,0.000000000000000000e+00,2.075429625992980391e-16,1.105439941160131978e-08
6.230000000000000200e-09,2.000127345918105055e-05,2.599764956956448017e-05,2.873266796966155801e-04,-2.998188055191714743e-04,-1.249212582255589425e-05,0.000000000000000000e+00,2.075326899534536081e-16,1.078146531758818931e-08
6.235000000000000906e-09,2.000127224611118721e-05,2.599140661270809554e-05,2.870270169605814597e-04,-2.995067183298454234e-04,-1.247970136926396375e-05,0.000000000000000000e+00,2.075224372433289659e-16,1.051526999052917761e-08
6.239999999999999959e-09,2.000127103160550138e-05,2.598516986840060191e-05,2.867276661563893493e-04,-2.991949418397550262e-04,-1.246727568336567686e-05,0.000000000000000000e+00,2.075122044322933563e-16,1.025564704943652140e-08
6.245000000000000665e-09,2.000126981572882497e-05,2.597893933717443740e-05,2.864286269733276147e-04,-2.988834760722806146e-04,-1.245484909895299992e-05,0.000000000000000000e+00,2.075019914837067049e-16,1.000243422160165818e-08
6.250000000000000544e-09,2.000126859854444827e-05,2.597271501939703474e-05,2.861298991006653225e-04,-2.985723210426293166e-04,-1.244242194196399417e-05,0.000000000000000000e+00,2.074917983609219852e-16,9.755473240612459393e-09
6.255000000000000424e-09,2.000126738011414370e-05,2.596649691527486329e-05,2.858314822276605350e-04,-2.982614767580359593e-04,-1.242999453037542433e-05,0.000000000000000000e+00,2.074816250272870185e-16,9.514609748266815090e-09
6.260000000000000303e-09,2.000126616049819291e-05,2.596028502485734913e-05,2.855333760435676822e-04,-2.979509432179577909e-04,-1.241756717439010871e-05,0.000000000000000000e+00,2.074714714461461011e-16,9.279693196486218671e-09
6.265000000000000182e-09,2.000126493975544435e-05,2.595407934804072733e-05,2.852355802376457480e-04,-2.976407204142641626e-04,-1.240514017661841460e-05,0.000000000000000000e+00,2.074613375808424444e-16,9.050576755158582214e-09
6.270000000000000889e-09,2.000126371794332686e-05,2.594787988457179263e-05,2.849380944991654254e-04,-2.973308083314232819e-04,-1.239271383225785646e-05,0.000000000000000000e+00,2.074512233947196542e-16,8.827117218795205687e-09
6.274999999999999941e-09,2.000126249511789369e-05,2.594168663405153831e-05,2.846409185174167064e-04,-2.970212069466822446e-04,-1.238028842926553819e-05,0.000000000000000000e+00,2.074411288511234319e-16,8.609174918100537255e-09
6.280000000000000648e-09,2.000126127133384623e-05,2.593549959593877808e-05,2.843440519817158206e-04,-2.967119162302465788e-04,-1.236786424853075815e-05,0.000000000000000000e+00,2.074310539134033490e-16,8.396613632050153354e-09
6.285000000000000527e-09,2.000126004664457805e-05,2.592931876955359858e-05,2.840474945814122285e-04,-2.964029361454510064e-04,-1.235544156403877792e-05,0.000000000000000000e+00,2.074209985449148199e-16,8.189300502848650791e-09
6.290000000000000406e-09,2.000125882110218844e-05,2.592314415408078821e-05,2.837512460058953432e-04,-2.960942666489299884e-04,-1.234302064303464518e-05,0.000000000000000000e+00,2.074109627090202104e-16,7.987105952920417907e-09
6.295000000000000286e-09,2.000125759475753667e-05,2.591697574857317101e-05,2.834553059446014156e-04,-2.957859076907817103e-04,-1.233060174618029470e-05,0.000000000000000000e+00,2.074009463690910570e-16,7.789903604272098003e-09
6.300000000000000165e-09,2.000125636766024190e-05,2.591081355195484233e-05,2.831596740870196598e-04,-2.954778592147300079e-04,-1.231818512771034810e-05,0.000000000000000000e+00,2.073909494885088803e-16,7.597570199040898885e-09
6.305000000000000871e-09,2.000125513985874089e-05,2.590465756302436388e-05,2.828643501226987041e-04,-2.951701211582811427e-04,-1.230577103558243854e-05,0.000000000000000000e+00,2.073809720306674281e-16,7.409985522414594666e-09
6.309999999999999924e-09,2.000125391140029129e-05,2.589850778045786042e-05,2.825693337412526086e-04,-2.948626934528784634e-04,-1.229335971162585483e-05,0.000000000000000000e+00,2.073710139589736370e-16,7.227032328092626405e-09
6.315000000000000630e-09,2.000125268233101912e-05,2.589236420281203525e-05,2.822746246323672614e-04,-2.945555760240507791e-04,-1.228095139168351767e-05,0.000000000000000000e+00,2.073610752368493581e-16,7.048596264086015931e-09
6.320000000000000509e-09,2.000125145269592556e-05,2.588622682852714156e-05,2.819802224858056379e-04,-2.942487687915607865e-04,-1.226854630575514860e-05,0.000000000000000000e+00,2.073511558277324661e-16,6.874565802244224626e-09
6.325000000000000389e-09,2.000125022253894451e-05,2.588009565592986578e-05,2.816861269914138714e-04,-2.939422716695460703e-04,-1.225614467813219890e-05,0.000000000000000000e+00,2.073412556950786345e-16,6.704832167782012221e-09
6.330000000000001095e-09,2.000124899190292566e-05,2.587397068323614305e-05,2.813923378391267830e-04,-2.936360845666608627e-04,-1.224374672753407965e-05,0.000000000000000000e+00,2.073313748023621982e-16,6.539289271686207598e-09
6.335000000000000147e-09,2.000124776082969552e-05,2.586785190855392201e-05,2.810988547189730317e-04,-2.933302073862113519e-04,-1.223135266723832017e-05,0.000000000000000000e+00,2.073215131130777313e-16,6.377833644308325729e-09
6.340000000000000854e-09,2.000124652936006750e-05,2.586173932988583459e-05,2.808056773210807519e-04,-2.930246400262883342e-04,-1.221896270520758231e-05,0.000000000000000000e+00,2.073116705907414277e-16,6.220364370651250505e-09
6.344999999999999906e-09,2.000124529753385217e-05,2.585563294513184895e-05,2.805128053356824866e-04,-2.927193823798998661e-04,-1.220657704421737946e-05,0.000000000000000000e+00,2.073018471988916680e-16,6.066783027011170282e-09
6.350000000000000613e-09,2.000124406538991478e-05,2.584953275209180039e-05,2.802202384531202834e-04,-2.924144343350942670e-04,-1.219419588197398355e-05,0.000000000000000000e+00,2.072920429010911641e-16,5.916993620330018855e-09
6.355000000000000492e-09,2.000124283296616514e-05,2.584343874846792909e-05,2.799279763638505732e-04,-2.921097957750882178e-04,-1.218181941123764461e-05,0.000000000000000000e+00,2.072822576609272801e-16,5.770902527378509849e-09
6.360000000000000371e-09,2.000124160029959148e-05,2.583735093186729581e-05,2.796360187584489405e-04,-2.918054665783852098e-04,-1.216944781993626939e-05,0.000000000000000000e+00,2.072724914420135600e-16,5.628418436310863356e-09
6.365000000000001078e-09,2.000124036742629096e-05,2.583126929980419090e-05,2.793443653276146774e-04,-2.915014466188949700e-04,-1.215708129128029256e-05,0.000000000000000000e+00,2.072627442079909118e-16,5.489452289913598470e-09
6.370000000000000130e-09,2.000123913438147305e-05,2.582519384970244835e-05,2.790530157621755000e-04,-2.911977357660487653e-04,-1.214472000387326533e-05,0.000000000000000000e+00,2.072530159225282479e-16,5.353917230040171945e-09
6.375000000000000836e-09,2.000123790119949339e-05,2.581912457889773280e-05,2.787619697530919387e-04,-2.908943338849119976e-04,-1.213236413182005886e-05,0.000000000000000000e+00,2.072433065493239396e-16,5.221728542553836627e-09
6.379999999999999889e-09,2.000123666791387756e-05,2.581306148463976215e-05,2.784712269914614590e-04,-2.905912408362942498e-04,-1.212001384483279076e-05,0.000000000000000000e+00,2.072336160521067789e-16,5.092803605489225078e-09
6.385000000000000595e-09,2.000123543455732442e-05,2.580700456409446242e-05,2.781807871685228520e-04,-2.902884564768568932e-04,-1.210766930833404118e-05,0.000000000000000000e+00,2.072239443946366437e-16,4.967061836536306851e-09
6.390000000000000474e-09,2.000123420116173322e-05,2.580095381434611580e-05,2.778906499756603546e-04,-2.899859806592191224e-04,-1.209533068355876781e-05,0.000000000000000000e+00,2.072142915407058045e-16,4.844424642726631418e-09
6.395000000000000354e-09,2.000123296775823412e-05,2.579490923239940713e-05,2.776008151044074982e-04,-2.896838132320586233e-04,-1.208299812765112509e-05,0.000000000000000000e+00,2.072046574541395900e-16,4.724815372152450180e-09
6.400000000000001060e-09,2.000123173437718478e-05,2.578887081518144316e-05,2.773112822464510662e-04,-2.893819540402129461e-04,-1.207067179376187984e-05,0.000000000000000000e+00,2.071950420987975952e-16,4.608159265008212116e-09
6.405000000000000113e-09,2.000123050104820764e-05,2.578283855954374484e-05,2.770220510936348890e-04,-2.890804029247768668e-04,-1.205835183114197786e-05,0.000000000000000000e+00,2.071854454385742479e-16,4.494383407342564859e-09
6.410000000000000819e-09,2.000122926780018991e-05,2.577681246226416496e-05,2.767331213379635294e-04,-2.887791597231987727e-04,-1.204603838523524324e-05,0.000000000000000000e+00,2.071758674373997462e-16,4.383416685657388727e-09
6.415000000000000698e-09,2.000122803466131746e-05,2.577079252004875161e-05,2.764444926716058616e-04,-2.884782242693717351e-04,-1.203373159776587346e-05,0.000000000000000000e+00,2.071663080592409701e-16,4.275189742015050517e-09
6.420000000000000578e-09,2.000122680165908497e-05,2.576477872953362528e-05,2.761561647868987024e-04,-2.881775963937270222e-04,-1.202143160682831976e-05,0.000000000000000000e+00,2.071567672681024428e-16,4.169634931178536376e-09
6.425000000000000457e-09,2.000122556882030612e-05,2.575877108728672363e-05,2.758681373763499558e-04,-2.878772759233208891e-04,-1.200913854697093332e-05,0.000000000000000000e+00,2.071472450280265779e-16,4.066686277920991254e-09
6.430000000000000336e-09,2.000122433617113730e-05,2.575276958980960410e-05,2.755804101326423533e-04,-2.875772626819233201e-04,-1.199685254928096675e-05,0.000000000000000000e+00,2.071377413030951577e-16,3.966279436029324264e-09
6.435000000000001043e-09,2.000122310373708435e-05,2.574677423353911079e-05,2.752929827486362189e-04,-2.872775564901013491e-04,-1.198457374146513028e-05,0.000000000000000000e+00,2.071282560574292846e-16,3.868351647816033797e-09
6.440000000000000095e-09,2.000122187154302971e-05,2.574078501484907192e-05,2.750058549173731008e-04,-2.869781571653021103e-04,-1.197230224792900956e-05,0.000000000000000000e+00,2.071187892551907858e-16,3.772841705325098542e-09
6.445000000000000802e-09,2.000122063961324597e-05,2.573480193005191940e-05,2.747190263320784822e-04,-2.866790645219336646e-04,-1.196003818985518245e-05,0.000000000000000000e+00,2.071093408605827310e-16,3.679689911707275090e-09
6.450000000000000681e-09,2.000121940797139583e-05,2.572882497540028460e-05,2.744324966861649254e-04,-2.863802783714444180e-04,-1.194778168527949264e-05,0.000000000000000000e+00,2.070999108378498027e-16,3.588838044120054842e-09
6.455000000000000560e-09,2.000121817664055925e-05,2.572285414708854674e-05,2.741462656732350533e-04,-2.860817985223993950e-04,-1.193553284916434171e-05,0.000000000000000000e+00,2.070904991512793060e-16,3.500229317135840693e-09
6.460000000000000440e-09,2.000121694564324019e-05,2.571688944125436095e-05,2.738603329870843684e-04,-2.857836247805560243e-04,-1.192329179347165593e-05,0.000000000000000000e+00,2.070811057652014655e-16,3.413808347335969828e-09
6.465000000000000319e-09,2.000121571500139376e-05,2.571093085398014564e-05,2.735746983217038548e-04,-2.854857569489375937e-04,-1.191105862723373888e-05,0.000000000000000000e+00,2.070717306439906571e-16,3.329521118921176075e-09
6.470000000000001025e-09,2.000121448473641939e-05,2.570497838129450551e-05,2.732893613712829056e-04,-2.851881948279043192e-04,-1.189883345662141358e-05,0.000000000000000000e+00,2.070623737520652356e-16,3.247314949660865414e-09
6.475000000000000078e-09,2.000121325486918798e-05,2.569903201917367154e-05,2.730043218302118167e-04,-2.848909382152241981e-04,-1.188661638501238137e-05,0.000000000000000000e+00,2.070530350538887182e-16,3.167138457858831042e-09
6.480000000000000784e-09,2.000121202542005203e-05,2.569309176354286637e-05,2.727195793930844970e-04,-2.845939869061407169e-04,-1.187440751305621992e-05,0.000000000000000000e+00,2.070437145139700557e-16,3.088941530674221142e-09
6.485000000000000663e-09,2.000121079640884906e-05,2.568715761027765620e-05,2.724351337547006912e-04,-2.842973406934403433e-04,-1.186220693873965212e-05,0.000000000000000000e+00,2.070344120968642483e-16,3.012675292611913247e-09
6.490000000000000543e-09,2.000120956785492190e-05,2.568122955520527211e-05,2.721509846100686361e-04,-2.840009993675175239e-04,-1.185001475744888776e-05,0.000000000000000000e+00,2.070251277671728641e-16,2.938292074521108369e-09
6.495000000000000422e-09,2.000120833977713907e-05,2.567530759410588067e-05,2.718671316544073375e-04,-2.837049627164370800e-04,-1.183783106202974250e-05,0.000000000000000000e+00,2.070158614895447778e-16,2.865745384796210792e-09
6.500000000000000301e-09,2.000120711219388457e-05,2.566939172271385107e-05,2.715835745831488468e-04,-2.834092305259983385e-04,-1.182565594284949164e-05,0.000000000000000000e+00,2.070066132286762946e-16,2.794989879053048562e-09
6.505000000000001008e-09,2.000120588512307822e-05,2.566348193671898499e-05,2.713003130919405381e-04,-2.831138025797953588e-04,-1.181348948785482071e-05,0.000000000000000000e+00,2.069973829493117415e-16,2.725981333023819175e-09
6.510000000000000060e-09,2.000120465858220618e-05,2.565757823176769234e-05,2.710173468766473846e-04,-2.828186786592742875e-04,-1.180133178262690293e-05,0.000000000000000000e+00,2.069881706162444781e-16,2.658676614266189137e-09
6.515000000000000767e-09,2.000120343258829380e-05,2.565168060346417365e-05,2.707346756333536397e-04,-2.825238585437940195e-04,-1.178918291044037982e-05,0.000000000000000000e+00,2.069789761943164038e-16,2.593033654719426474e-09
6.520000000000000646e-09,2.000120220715794972e-05,2.564578904737156194e-05,2.704522990583655469e-04,-2.822293420106806246e-04,-1.177704295231507764e-05,0.000000000000000000e+00,2.069697996484192393e-16,2.529011425632225491e-09
6.525000000000000525e-09,2.000120098230735225e-05,2.563990355901303396e-05,2.701702168482129668e-04,-2.819351288352841059e-04,-1.176491198707113909e-05,0.000000000000000000e+00,2.069606409434942557e-16,2.466569910965872234e-09
6.530000000000000405e-09,2.000119975805227655e-05,2.563402413387288429e-05,2.698884286996512194e-04,-2.816412187910303871e-04,-1.175279009137916763e-05,0.000000000000000000e+00,2.069515000445334330e-16,2.405670082999695602e-09
6.535000000000000284e-09,2.000119853440809455e-05,2.562815076739761625e-05,2.696069343096633075e-04,-2.813476116494760646e-04,-1.174067733981275707e-05,0.000000000000000000e+00,2.069423769165793123e-16,2.346273876920078934e-09
6.540000000000000990e-09,2.000119731138979537e-05,2.562228345499694486e-05,2.693257333754614340e-04,-2.810543071803574679e-04,-1.172857380489603389e-05,0.000000000000000000e+00,2.069332715247257354e-16,2.288344168458790202e-09
6.545000000000000043e-09,2.000119608901197507e-05,2.561642219204484034e-05,2.690448255944891164e-04,-2.807613051516432432e-04,-1.171647955715412678e-05,0.000000000000000000e+00,2.069241838341178199e-16,2.231844749667839713e-09
6.550000000000000749e-09,2.000119486728885025e-05,2.561056697388048694e-05,2.687642106644225963e-04,-2.804686053295818416e-04,-1.170439466515924530e-05,0.000000000000000000e+00,2.069151138099525018e-16,2.176740306388403722e-09
6.555000000000000628e-09,2.000119364623429531e-05,2.560471779580926555e-05,2.684838882831728449e-04,-2.801762074787485192e-04,-1.169231919557567421e-05,0.000000000000000000e+00,2.069060614174792750e-16,2.122996396736187563e-09
6.560000000000000508e-09,2.000119242586181873e-05,2.559887465310369895e-05,2.682038581488870271e-04,-2.798841113620940176e-04,-1.168025321320699051e-05,0.000000000000000000e+00,2.068970266220000432e-16,2.070579429078569025e-09
6.565000000000000387e-09,2.000119120618457325e-05,2.559303754100434965e-05,2.679241199599501273e-04,-2.795923167409887999e-04,-1.166819678103867258e-05,0.000000000000000000e+00,2.068880093888694899e-16,2.019456640858774670e-09
6.570000000000000267e-09,2.000118998721538632e-05,2.558720645472074829e-05,2.676446734149866302e-04,-2.793008233752680984e-04,-1.165614996028146826e-05,0.000000000000000000e+00,2.068790096834957686e-16,1.969596078605902276e-09
6.575000000000000973e-09,2.000118876896674660e-05,2.558138138943224401e-05,2.673655182128616592e-04,-2.790096310232748501e-04,-1.164411281041319085e-05,0.000000000000000000e+00,2.068700274713403056e-16,1.920966578283756464e-09
6.580000000000000025e-09,2.000118755145082088e-05,2.557556234028887524e-05,2.670866540526831449e-04,-2.787187394419027384e-04,-1.163208538921959353e-05,0.000000000000000000e+00,2.068610627179185394e-16,1.873537744453838191e-09
6.585000000000000732e-09,2.000118633467945744e-05,2.556974930241220654e-05,2.668080806338024753e-04,-2.784281483866374481e-04,-1.162006775283497273e-05,0.000000000000000000e+00,2.068521153887998469e-16,1.827279932657059451e-09
6.590000000000000611e-09,2.000118511866420305e-05,2.556394227089614176e-05,2.665297976558165020e-04,-2.781378576115969424e-04,-1.160805995578044047e-05,0.000000000000000000e+00,2.068431854496082338e-16,1.782164230440205256e-09
6.595000000000000490e-09,2.000118390341629613e-05,2.555814124080770672e-05,2.662518048185682986e-04,-2.778478668695705494e-04,-1.159606205100225090e-05,0.000000000000000000e+00,2.068342728660221862e-16,1.738162438721208795e-09
6.600000000000000370e-09,2.000118268894668375e-05,2.555234620718784875e-05,2.659741018221491670e-04,-2.775581759120582638e-04,-1.158407408990909685e-05,0.000000000000000000e+00,2.068253776037751149e-16,1.695247055356712256e-09
6.605000000000000249e-09,2.000118147526603173e-05,2.554655716505219233e-05,2.656966883668992335e-04,-2.772687844893080436e-04,-1.157209612240881012e-05,0.000000000000000000e+00,2.068164996286557740e-16,1.653391256337935402e-09
6.610000000000000956e-09,2.000118026238472131e-05,2.554077410939176068e-05,2.654195641534092920e-04,-2.769796923503519684e-04,-1.156012819694267639e-05,0.000000000000000000e+00,2.068076389065082367e-16,1.612568880713489104e-09
6.615000000000000008e-09,2.000117905031285591e-05,2.553499703517373137e-05,2.651427288825213458e-04,-2.766908992430437524e-04,-1.154817036052240660e-05,0.000000000000000000e+00,2.067987954032320921e-16,1.572754413309903222e-09
6.620000000000000714e-09,2.000117783906027805e-05,2.552922593734212068e-05,2.648661822553303969e-04,-2.764024049140921383e-04,-1.153622265876174139e-05,0.000000000000000000e+00,2.067899690847829632e-16,1.533922968468594012e-09
6.625000000000000594e-09,2.000117662863656597e-05,2.552346081081847821e-05,2.645899239731851508e-04,-2.761142091090955917e-04,-1.152428513591044089e-05,0.000000000000000000e+00,2.067811599171725067e-16,1.496050275476897441e-09
6.630000000000000473e-09,2.000117541905104381e-05,2.551770165050256108e-05,2.643139537376893713e-04,-2.758263115725758568e-04,-1.151235783488648544e-05,0.000000000000000000e+00,2.067723678664686103e-16,1.459112662643849770e-09
6.635000000000000352e-09,2.000117421031279177e-05,2.551194845127300820e-05,2.640382712507026940e-04,-2.755387120480108079e-04,-1.150044079730811386e-05,0.000000000000000000e+00,2.067635928987958119e-16,1.423087042561814279e-09
6.640000000000000232e-09,2.000117300243064270e-05,2.550620120798795010e-05,2.637628762143418189e-04,-2.752514102778653494e-04,-1.148853406352353052e-05,0.000000000000000000e+00,2.067548349803351513e-16,1.387950898384547518e-09
6.645000000000000938e-09,2.000117179541319230e-05,2.550045991548566626e-05,2.634877683309815402e-04,-2.749644060036236706e-04,-1.147663767264213040e-05,0.000000000000000000e+00,2.067460940773245652e-16,1.353682268580606255e-09
6.649999999999999990e-09,2.000117058926880248e-05,2.549472456858517124e-05,2.632129473032556680e-04,-2.746776989658184648e-04,-1.146475166256279675e-05,0.000000000000000000e+00,2.067373701560590838e-16,1.320259734227853272e-09
6.655000000000000697e-09,2.000116938400561492e-05,2.548899516208684486e-05,2.629384128340578417e-04,-2.743912889040615042e-04,-1.145287607000366244e-05,0.000000000000000000e+00,2.067286631828908807e-16,1.287662405291523614e-09
6.660000000000000576e-09,2.000116817963154767e-05,2.548327169077298113e-05,2.626641646265425053e-04,-2.741051755570716661e-04,-1.144101093052916083e-05,0.000000000000000000e+00,2.067199731242294943e-16,1.255869907241104026e-09
6.665000000000000455e-09,2.000116697615430197e-05,2.547755414940838786e-05,2.623902023841261002e-04,-2.738193586627043151e-04,-1.142915627857821496e-05,0.000000000000000000e+00,2.067112999465420006e-16,1.224862368683651923e-09
6.670000000000000335e-09,2.000116577358136897e-05,2.547184253274092209e-05,2.621165258104872281e-04,-2.735338379579776492e-04,-1.141731214749042113e-05,0.000000000000000000e+00,2.067026436163531364e-16,1.194620408997114358e-09
6.675000000000000214e-09,2.000116457192003316e-05,2.546613683550203887e-05,2.618431346095682227e-04,-2.732486131791002923e-04,-1.140547856953206965e-05,0.000000000000000000e+00,2.066940041002453238e-16,1.165125125963646993e-09
6.680000000000000921e-09,2.000116337117738928e-05,2.546043705240732665e-05,2.615700284855753126e-04,-2.729636840614968821e-04,-1.139365557592156948e-05,0.000000000000000000e+00,2.066853813648592377e-16,1.136358084249966018e-09
6.684999999999999973e-09,2.000116217136032202e-05,2.545474317815701887e-05,2.612972071429799223e-04,-2.726790503398348491e-04,-1.138184319685492689e-05,0.000000000000000000e+00,2.066767753768932875e-16,1.108301303040667117e-09
6.690000000000000679e-09,2.000116097247552972e-05,2.544905520743650555e-05,2.610246702865190514e-04,-2.723947117480488120e-04,-1.137004146152976059e-05,0.000000000000000000e+00,2.066681861031041843e-16,1.080937246382049875e-09
6.695000000000000559e-09,2.000115977452952774e-05,2.544337313491682121e-05,2.607524176211960341e-04,-2.721106680193646462e-04,-1.135825039816861209e-05,0.000000000000000000e+00,2.066596135103070151e-16,1.054248810646030154e-09
6.700000000000000438e-09,2.000115857752864175e-05,2.543769695525512596e-05,2.604804488522816769e-04,-2.718269188863242040e-04,-1.134647003404252704e-05,0.000000000000000000e+00,2.066510575653750699e-16,1.028219314873964497e-09
6.705000000000000317e-09,2.000115738147902457e-05,2.543202666309517986e-05,2.602087636853141510e-04,-2.715434640808077576e-04,-1.133470039549360668e-05,0.000000000000000000e+00,2.066425182352403349e-16,1.002832489426408631e-09
6.710000000000000197e-09,2.000115618638665966e-05,2.542636225306779690e-05,2.599373618261004008e-04,-2.712603033340568758e-04,-1.132294150795647505e-05,0.000000000000000000e+00,2.066339954868934680e-16,9.780724671739748216e-10
6.715000000000000903e-09,2.000115499225734749e-05,2.542070371979129228e-05,2.596662429807161448e-04,-2.709774363766972462e-04,-1.131119339598110141e-05,0.000000000000000000e+00,2.066254892873835766e-16,9.539237718082771954e-10
6.719999999999999955e-09,2.000115379909673608e-05,2.541505105787193297e-05,2.593954068555071220e-04,-2.706948629387598716e-04,-1.129945608325274957e-05,0.000000000000000000e+00,2.066169996038187846e-16,9.303713100492286281e-10
6.725000000000000662e-09,2.000115260691030743e-05,2.540940426190435450e-05,2.591248531570889291e-04,-2.704125827497023743e-04,-1.128772959261344511e-05,0.000000000000000000e+00,2.066085264033660604e-16,9.074003604642058400e-10
6.730000000000000541e-09,2.000115141570338429e-05,2.540376332647196754e-05,2.588545815923483763e-04,-2.701305955384291626e-04,-1.127601394608078629e-05,0.000000000000000000e+00,2.066000696532512407e-16,8.849965658447528707e-10
6.735000000000000421e-09,2.000115022548113017e-05,2.539812824614738474e-05,2.585845918684433783e-04,-2.698489010333127353e-04,-1.126430916486935701e-05,0.000000000000000000e+00,2.065916293207591546e-16,8.631459227033725333e-10
6.740000000000001127e-09,2.000114903624856968e-05,2.539249901549280706e-05,2.583148836928037136e-04,-2.695674989622118961e-04,-1.125261526940818249e-05,0.000000000000000000e+00,2.065832053732338942e-16,8.418347739890430677e-10
6.745000000000000179e-09,2.000114784801057156e-05,2.538687562906040657e-05,2.580454567731317833e-04,-2.692863890524917572e-04,-1.124093227935997388e-05,0.000000000000000000e+00,2.065747977780785682e-16,8.210497994310425422e-10
6.750000000000000886e-09,2.000114666077185886e-05,2.538125808139271610e-05,2.577763108174026653e-04,-2.690055710310428755e-04,-1.122926021364021015e-05,0.000000000000000000e+00,2.065664065027554745e-16,8.007780075768391494e-10
6.754999999999999938e-09,2.000114547453702590e-05,2.537564636702300535e-05,2.575074455338648735e-04,-2.687250446242989794e-04,-1.121759909043410592e-05,0.000000000000000000e+00,2.065580315147863223e-16,7.810067279993880909e-10
6.760000000000000644e-09,2.000114428931052128e-05,2.537004048047561628e-05,2.572388606310405199e-04,-2.684448095582547497e-04,-1.120594892721422974e-05,0.000000000000000000e+00,2.065496727817520838e-16,7.617236031656152845e-10
6.765000000000000524e-09,2.000114310509666489e-05,2.536444041626633242e-05,2.569705558177262910e-04,-2.681648655584833833e-04,-1.119430974075709233e-05,0.000000000000000000e+00,2.065413302712930930e-16,7.429165803049010697e-10
6.770000000000000403e-09,2.000114192189964105e-05,2.535884616890271770e-05,2.567025308029931220e-04,-2.678852123501538327e-04,-1.118268154716071071e-05,0.000000000000000000e+00,2.065330039511090703e-16,7.245739046328166302e-10
6.775000000000001110e-09,2.000114073972350537e-05,2.535325773288445189e-05,2.564347852961871730e-04,-2.676058496580473395e-04,-1.117106436186016648e-05,0.000000000000000000e+00,2.065246937889590734e-16,7.066841112196077003e-10
6.780000000000000162e-09,2.000113955857220162e-05,2.534767510270366934e-05,2.561673190069300998e-04,-2.673267772065733724e-04,-1.115945819964327254e-05,0.000000000000000000e+00,2.065163997526619160e-16,6.892360183833375759e-10
6.785000000000000868e-09,2.000113837844953469e-05,2.534209827284526740e-05,2.559001316451191082e-04,-2.670479947197866490e-04,-1.114786307466754086e-05,0.000000000000000000e+00,2.065081218100956259e-16,6.722187204054037683e-10
6.789999999999999920e-09,2.000113719935920779e-05,2.533652723778720788e-05,2.556332229209277128e-04,-2.667695019213999841e-04,-1.113627900047227132e-05,0.000000000000000000e+00,2.064998599291980362e-16,6.556215810930876055e-10
6.795000000000000627e-09,2.000113602130479203e-05,2.533096199200084237e-05,2.553665925448056831e-04,-2.664912985348025037e-04,-1.112470598999682056e-05,0.000000000000000000e+00,2.064916140779662432e-16,6.394342264950708850e-10
6.800000000000000506e-09,2.000113484428976362e-05,2.532540252995119681e-05,2.551002402274797480e-04,-2.662133842830716798e-04,-1.111314405559193181e-05,0.000000000000000000e+00,2.064833842244572476e-16,6.236465393110184226e-10
6.805000000000000386e-09,2.000113366831747681e-05,2.531984884609726964e-05,2.548341656799535957e-04,-2.659357588889896479e-04,-1.110159320903605223e-05,0.000000000000000000e+00,2.064751703367874361e-16,6.082486512682815268e-10
6.810000000000001092e-09,2.000113249339117405e-05,2.531430093489230965e-05,2.545683686135083619e-04,-2.656584220750567594e-04,-1.109005346154839748e-05,0.000000000000000000e+00,2.064669723831327055e-16,5.932309385479200836e-10
6.815000000000000144e-09,2.000113131951400291e-05,2.530875879078409380e-05,2.543028487397026838e-04,-2.653813735635045376e-04,-1.107852482380185374e-05,0.000000000000000000e+00,2.064587903317288071e-16,5.785840146696257999e-10
6.820000000000000851e-09,2.000113014668900593e-05,2.530322240821519488e-05,2.540376057703731881e-04,-2.651046130763094473e-04,-1.106700730593625920e-05,0.000000000000000000e+00,2.064506241508710514e-16,5.642987243930849828e-10
6.825000000000000730e-09,2.000112897491912741e-05,2.529769178162323562e-05,2.537726394176346534e-04,-2.648281403352054173e-04,-1.105550091757076395e-05,0.000000000000000000e+00,2.064424738089143819e-16,5.503661391440006247e-10
6.830000000000000609e-09,2.000112780420720319e-05,2.529216690544118005e-05,2.535079493938802273e-04,-2.645519550616988566e-04,-1.104400566781862936e-05,0.000000000000000000e+00,2.064343392742732022e-16,5.367775509154551830e-10
6.835000000000000489e-09,2.000112663455598785e-05,2.528664777409754023e-05,2.532435354117815889e-04,-2.642760569770775990e-04,-1.103252156529601008e-05,0.000000000000000000e+00,2.064262205154217463e-16,5.235244658304601811e-10
6.840000000000000368e-09,2.000112546596813088e-05,2.528113438201665063e-05,2.529793971842894370e-04,-2.640004458024259736e-04,-1.102104861813653662e-05,0.000000000000000000e+00,2.064181175008936840e-16,5.105986007538244192e-10
6.845000000000001075e-09,2.000112429844619713e-05,2.527562672361889515e-05,2.527155344246331098e-04,-2.637251212586348877e-04,-1.100958683400177782e-05,0.000000000000000000e+00,2.064100301992823918e-16,4.979918763464838069e-10
6.850000000000000127e-09,2.000112313199266329e-05,2.527012479332094093e-05,2.524519468463215619e-04,-2.634500830664138617e-04,-1.099813622009229979e-05,0.000000000000000000e+00,2.064019585792409533e-16,4.856964131691498057e-10
6.855000000000000833e-09,2.000112196660991802e-05,2.526462858553597211e-05,2.521886341631428751e-04,-2.631753309463026841e-04,-1.098669678315980893e-05,0.000000000000000000e+00,2.063939026094819124e-16,4.737045260918919774e-10
6.860000000000000713e-09,2.000112080230025845e-05,2.525913809467389987e-05,2.519255960891647475e-04,-2.629008646186820910e-04,-1.097526852951734343e-05,0.000000000000000000e+00,2.063858622587771253e-16,4.620087195507534793e-10
6.865000000000000592e-09,2.000111963906591738e-05,2.525365331514158948e-05,2.516628323387345469e-04,-2.626266838037836322e-04,-1.096385146504908533e-05,0.000000000000000000e+00,2.063778374959586486e-16,4.506016836513995066e-10
6.870000000000000471e-09,2.000111847690901916e-05,2.524817424134307375e-05,2.514003426264795277e-04,-2.623527882217027360e-04,-1.095244559522320828e-05,0.000000000000000000e+00,2.063698282899173332e-16,4.394762884092932517e-10
6.875000000000000351e-09,2.000111731583164071e-05,2.524270086767975286e-05,2.511381266673068315e-04,-2.620791775924055937e-04,-1.094105092509876226e-05,0.000000000000000000e+00,2.063618346096041563e-16,4.286255801921575251e-10
6.880000000000001057e-09,2.000111615583575732e-05,2.523723318855058419e-05,2.508761841764038658e-04,-2.618058516357413571e-04,-1.092966745933749134e-05,0.000000000000000000e+00,2.063538564240291363e-16,4.180427769765902510e-10
6.885000000000000109e-09,2.000111499692328667e-05,2.523177119835230927e-05,2.506145148692379252e-04,-2.615328100714511372e-04,-1.091829520221321206e-05,0.000000000000000000e+00,2.063458937022619740e-16,4.077212639434931417e-10
6.890000000000000816e-09,2.000111383909605495e-05,2.522631489147961643e-05,2.503531184615568955e-04,-2.612600526191780873e-04,-1.090693415762119178e-05,0.000000000000000000e+00,2.063379464134316084e-16,3.976545900899399084e-10
6.895000000000000695e-09,2.000111268235583078e-05,2.522086426232534066e-05,2.500919946693889832e-04,-2.609875789984754803e-04,-1.089558432908649703e-05,0.000000000000000000e+00,2.063300145267265132e-16,3.878364633163851674e-10
6.900000000000000574e-09,2.000111152670431500e-05,2.521541930528065341e-05,2.498311432090428779e-04,-2.607153889288169003e-04,-1.088424571977402236e-05,0.000000000000000000e+00,2.063220980113945730e-16,3.782607468691260612e-10
6.905000000000000454e-09,2.000111037214313052e-05,2.520998001473522519e-05,2.495705637971078607e-04,-2.604434821296047536e-04,-1.087291833249689295e-05,0.000000000000000000e+00,2.063141968367427877e-16,3.689214557827638803e-10
6.910000000000000333e-09,2.000110921867384267e-05,2.520454638507740172e-05,2.493102561504537498e-04,-2.601718583201779664e-04,-1.086160216972421660e-05,0.000000000000000000e+00,2.063063109721376915e-16,3.598127524756327376e-10
6.915000000000001040e-09,2.000110806629793543e-05,2.519911841069438695e-05,2.490502199862311720e-04,-2.599005172198225557e-04,-1.085029723359138372e-05,0.000000000000000000e+00,2.062984403870046381e-16,3.509289440392941370e-10
6.920000000000000092e-09,2.000110691501685216e-05,2.519369608597240225e-05,2.487904550218713456e-04,-2.596294585477774844e-04,-1.083900352590613878e-05,0.000000000000000000e+00,2.062905850508286388e-16,3.422644774951524686e-10
6.925000000000000798e-09,2.000110576483195827e-05,2.518827940529682876e-05,2.485309609750864057e-04,-2.593586820232435513e-04,-1.082772104815714559e-05,0.000000000000000000e+00,2.062827449331535737e-16,3.338139374227627569e-10
6.930000000000000678e-09,2.000110461574456497e-05,2.518286836305239367e-05,2.482717375638692956e-04,-2.590881873653914143e-04,-1.081644980152211876e-05,0.000000000000000000e+00,2.062749200035825613e-16,3.255720420634791029e-10
6.935000000000000557e-09,2.000110346775592249e-05,2.517746295362330582e-05,2.480127845064936587e-04,-2.588179742933691802e-04,-1.080518978687552154e-05,0.000000000000000000e+00,2.062671102317775889e-16,3.175336395935097165e-10
6.940000000000000436e-09,2.000110232086722682e-05,2.517206317139341828e-05,2.477541015215142177e-04,-2.585480425263095598e-04,-1.079394100479534211e-05,0.000000000000000000e+00,2.062593155874599070e-16,3.096937060910378431e-10
6.945000000000000316e-09,2.000110117507961638e-05,2.516666901074636391e-05,2.474956883277663411e-04,-2.582783917833373494e-04,-1.078270345557100825e-05,0.000000000000000000e+00,2.062515360404096349e-16,3.020473413010570270e-10
6.950000000000001022e-09,2.000110003039417200e-05,2.516128046606569762e-05,2.472375446443664769e-04,-2.580090217835762610e-04,-1.077147713920978411e-05,0.000000000000000000e+00,2.062437715604657111e-16,2.945897657554590911e-10
6.955000000000000074e-09,2.000109888681192365e-05,2.515589753173504549e-05,2.469796701907117187e-04,-2.577399322461560783e-04,-1.076026205544435965e-05,0.000000000000000000e+00,2.062360221175260171e-16,2.873163185707484739e-10
6.960000000000000781e-09,2.000109774433384712e-05,2.515052020213823686e-05,2.467220646864802937e-04,-2.574711228902194868e-04,-1.074905820373919319e-05,0.000000000000000000e+00,2.062282876815470565e-16,2.802224533822840827e-10
6.965000000000000660e-09,2.000109660296087416e-05,2.514514847165942298e-05,2.464647278516310207e-04,-2.572025934349274410e-04,-1.073786558329642036e-05,0.000000000000000000e+00,2.062205682225443988e-16,2.733037364808068095e-10
6.970000000000000540e-09,2.000109546269387888e-05,2.513978233468322940e-05,2.462076594064037979e-04,-2.569343435994675125e-04,-1.072668419306371454e-05,0.000000000000000000e+00,2.062128637105920632e-16,2.665558432549011529e-10
6.975000000000000419e-09,2.000109432353368462e-05,2.513442178559486447e-05,2.459508590713190609e-04,-2.566663731030589856e-04,-1.071551403173992469e-05,0.000000000000000000e+00,2.062051741158226173e-16,2.599745559887095547e-10
6.980000000000000298e-09,2.000109318548107742e-05,2.512906681878025478e-05,2.456943265671782161e-04,-2.563986816649588751e-04,-1.070435509778065904e-05,0.000000000000000000e+00,2.061974994084273739e-16,2.535557613208335587e-10
6.985000000000001005e-09,2.000109204853679250e-05,2.512371742862615028e-05,2.454380616150632615e-04,-2.561312690044678891e-04,-1.069320738940462761e-05,0.000000000000000000e+00,2.061898395586560958e-16,2.472954473644217895e-10
6.990000000000000057e-09,2.000109091270151765e-05,2.511837360952025295e-05,2.451820639363368952e-04,-2.558641348409367716e-04,-1.068207090459987645e-05,0.000000000000000000e+00,2.061821945368169460e-16,2.411897009966645217e-10
6.995000000000000763e-09,2.000108977797589662e-05,2.511303535585132865e-05,2.449263332526425692e-04,-2.555972788937716151e-04,-1.067094564112904594e-05,0.000000000000000000e+00,2.061745643132763644e-16,2.352347059953211958e-10
7.000000000000000643e-09,2.000108864436053589e-05,2.510770266200931217e-05,2.446708692859040561e-04,-2.553307008824387938e-04,-1.065983159653473766e-05,0.000000000000000000e+00,2.061669488584593149e-16,2.294267404976215764e-10
7.005000000000000522e-09,2.000108751185599110e-05,2.510237552238542576e-05,2.444156717583258285e-04,-2.550644005264717396e-04,-1.064872876814591113e-05,0.000000000000000000e+00,2.061593481428487918e-16,2.237621741203537316e-10
7.010000000000000401e-09,2.000108638046278742e-05,2.509705393137227742e-05,2.441607403923927878e-04,-2.547983775454745205e-04,-1.063763715308173275e-05,0.000000000000000000e+00,2.061517621369861157e-16,2.182374662657981385e-10
7.015000000000000281e-09,2.000108525018139919e-05,2.509173788336396596e-05,2.439060749108700203e-04,-2.545326316591283453e-04,-1.062655674825832498e-05,0.000000000000000000e+00,2.061441908114705146e-16,2.128491640888486094e-10
7.020000000000000987e-09,2.000108412101227025e-05,2.508642737275618934e-05,2.436516750368030414e-04,-2.542671625871959547e-04,-1.061548755039291338e-05,0.000000000000000000e+00,2.061366341369594444e-16,2.075938994476936826e-10
7.025000000000000039e-09,2.000108299295580379e-05,2.508112239394632607e-05,2.433975404935175241e-04,-2.540019700495261211e-04,-1.060442955600859709e-05,0.000000000000000000e+00,2.061290920841681942e-16,2.024683878873770847e-10
7.030000000000000746e-09,2.000108186601236233e-05,2.507582294133354020e-05,2.431436710046192722e-04,-2.537370537660589066e-04,-1.059338276143963436e-05,0.000000000000000000e+00,2.061215646238699606e-16,1.974694254210725315e-10
7.035000000000000625e-09,2.000108074018228471e-05,2.507052900931888633e-05,2.428900662939939765e-04,-2.534724134568301082e-04,-1.058234716283613171e-05,0.000000000000000000e+00,2.061140517268958720e-16,1.925938880218639598e-10
7.040000000000000505e-09,2.000107961546585889e-05,2.506524059230538082e-05,2.426367260858074582e-04,-2.532080488419760828e-04,-1.057132275616862464e-05,0.000000000000000000e+00,2.061065533641346684e-16,1.878387278958005592e-10
7.045000000000000384e-09,2.000107849186334578e-05,2.505995768469809662e-05,2.423836501045051274e-04,-2.529439596417375419e-04,-1.056030953723241452e-05,0.000000000000000000e+00,2.060990695065327259e-16,1.832009731430835932e-10
7.050000000000000263e-09,2.000107736937496898e-05,2.505468028090425812e-05,2.421308380748122809e-04,-2.526801455764644301e-04,-1.054930750165214925e-05,0.000000000000000000e+00,2.060916001250939829e-16,1.786777250475609681e-10
7.055000000000000970e-09,2.000107624800092162e-05,2.504940837533330898e-05,2.418782897217336956e-04,-2.524166063666193408e-04,-1.053831664488564515e-05,0.000000000000000000e+00,2.060841451908799397e-16,1.742661562132547491e-10
7.060000000000000022e-09,2.000107512774136972e-05,2.504414196239701707e-05,2.416260047705537102e-04,-2.521533417327823405e-04,-1.052733696222863031e-05,0.000000000000000000e+00,2.060767046750096592e-16,1.699635095479216235e-10
7.065000000000000728e-09,2.000107400859644542e-05,2.503888103650953555e-05,2.413739829468359264e-04,-2.518903513956544929e-04,-1.051636844881856641e-05,0.000000000000000000e+00,2.060692785486594704e-16,1.657670955525474693e-10
7.070000000000000608e-09,2.000107289056624358e-05,2.503362559208749088e-05,2.411222239764231827e-04,-2.516276350760623579e-04,-1.050541109963917526e-05,0.000000000000000000e+00,2.060618667830628702e-16,1.616742914743144084e-10
7.075000000000000487e-09,2.000107177365083536e-05,2.502837562355005063e-05,2.408707275854375803e-04,-2.513651924949607567e-04,-1.049446490952317640e-05,0.000000000000000000e+00,2.060544693495105724e-16,1.576825389349085539e-10
7.080000000000000367e-09,2.000107065785026479e-05,2.502313112531900818e-05,2.406194935002800236e-04,-2.511030233734371626e-04,-1.048352987315713893e-05,0.000000000000000000e+00,2.060470862193505080e-16,1.537893430834870630e-10
7.085000000000000246e-09,2.000106954316454205e-05,2.501789209181884370e-05,2.403685214476303819e-04,-2.508411274327150618e-04,-1.047260598508467991e-05,0.000000000000000000e+00,2.060397173639875786e-16,1.499922707332056529e-10
7.090000000000000952e-09,2.000106842959365359e-05,2.501265851747680544e-05,2.401178111544471645e-04,-2.505795043941575861e-04,-1.046169323971042164e-05,0.000000000000000000e+00,2.060323627548836069e-16,1.462889483283395277e-10
7.095000000000000005e-09,2.000106731713755534e-05,2.500743039672297078e-05,2.398673623479674665e-04,-2.503181539792707650e-04,-1.045079163130329856e-05,0.000000000000000000e+00,2.060250223635572876e-16,1.426770614360636097e-10
7.100000000000000711e-09,2.000106620579618295e-05,2.500220772399031730e-05,2.396171747557068331e-04,-2.500570759097067242e-04,-1.043990115399989109e-05,0.000000000000000000e+00,2.060176961615841873e-16,1.391543522053536978e-10
7.105000000000000590e-09,2.000106509556944155e-05,2.499699049371478723e-05,2.393672481054590160e-04,-2.497962699072672635e-04,-1.042902180180824753e-05,0.000000000000000000e+00,2.060103841205964736e-16,1.357186190281732888e-10
7.110000000000000470e-09,2.000106398645721593e-05,2.499177870033534836e-05,2.391175821252959188e-04,-2.495357356939066217e-04,-1.041815356861070289e-05,0.000000000000000000e+00,2.060030862122829638e-16,1.323677143371879139e-10
7.115000000000001176e-09,2.000106287845935702e-05,2.498657233829405512e-05,2.388681765435674345e-04,-2.492754729917348914e-04,-1.040729644816745683e-05,0.000000000000000000e+00,2.059958024083889283e-16,1.290995437587321923e-10
7.120000000000000228e-09,2.000106177157570219e-05,2.498137140203611286e-05,2.386190310889012560e-04,-2.490154815230205131e-04,-1.039645043411925704e-05,0.000000000000000000e+00,2.059885326807161151e-16,1.259120647575571149e-10
7.125000000000000935e-09,2.000106066580606171e-05,2.497617588600994229e-05,2.383701454902027402e-04,-2.487557610101940155e-04,-1.038561551999127525e-05,0.000000000000000000e+00,2.059812770011227247e-16,1.228032847733575607e-10
7.129999999999999987e-09,2.000105956115022550e-05,2.497098578466723027e-05,2.381215194766546914e-04,-2.484963111758502381e-04,-1.037479169919554669e-05,0.000000000000000000e+00,2.059740353415232383e-16,1.197712608819591178e-10
7.135000000000000694e-09,2.000105845760795302e-05,2.496580109246297386e-05,2.378731527777172799e-04,-2.482371317427510419e-04,-1.036397896503376192e-05,0.000000000000000000e+00,2.059668076738879980e-16,1.168140979318455994e-10
7.140000000000000573e-09,2.000105735517899354e-05,2.496062180385555826e-05,2.376250451231277981e-04,-2.479782224338282362e-04,-1.035317731070043812e-05,0.000000000000000000e+00,2.059595939702438236e-16,1.139299475277195071e-10
7.145000000000000452e-09,2.000105625386306584e-05,2.495544791330678731e-05,2.373771962429005249e-04,-2.477195829721860732e-04,-1.034238672928554825e-05,0.000000000000000000e+00,2.059523942026732974e-16,1.111170071834690840e-10
7.150000000000001159e-09,2.000105515365987517e-05,2.495027941528195459e-05,2.371296058673265361e-04,-2.474612130811039575e-04,-1.033160721377742136e-05,0.000000000000000000e+00,2.059452083433150356e-16,1.083735184586958299e-10
7.155000000000000211e-09,2.000105405456910302e-05,2.494511630424987736e-05,2.368822737269735959e-04,-2.472031124840387236e-04,-1.032083875706512775e-05,0.000000000000000000e+00,2.059380363643633675e-16,1.056977667893079127e-10
7.160000000000000917e-09,2.000105295659041738e-05,2.493995857468295753e-05,2.366351995526858856e-04,-2.469452809046270209e-04,-1.031008135194113533e-05,0.000000000000000000e+00,2.059308782380686318e-16,1.030880796240476842e-10
7.164999999999999970e-09,2.000105185972346248e-05,2.493480622105721890e-05,2.363883830755838687e-04,-2.466877180666878075e-04,-1.029933499110393877e-05,0.000000000000000000e+00,2.059237339367365104e-16,1.005428259162719114e-10
7.170000000000000676e-09,2.000105076396785546e-05,2.492965923785236479e-05,2.361418240270640192e-04,-2.464304236942254939e-04,-1.028859966716147477e-05,0.000000000000000000e+00,2.059166034327282016e-16,9.806041459929247181e-11
7.175000000000000555e-09,2.000104966932321346e-05,2.492451761955181871e-05,2.358955221387988761e-04,-2.461733975114302692e-04,-1.027787537263139309e-05,0.000000000000000000e+00,2.059094866984606660e-16,9.563929441696976397e-11
7.180000000000000435e-09,2.000104857578912314e-05,2.491938136064275819e-05,2.356494771427364743e-04,-2.459166392426817322e-04,-1.026716209994525783e-05,0.000000000000000000e+00,2.059023837064060601e-16,9.327795189083363386e-11
7.185000000000001141e-09,2.000104748336515759e-05,2.491425045561617243e-05,2.354036887711005884e-04,-2.456601486125507350e-04,-1.025645984145014664e-05,0.000000000000000000e+00,2.058952944290917605e-16,9.097491098127019615e-11
7.190000000000000193e-09,2.000104639205087635e-05,2.490912489896689953e-05,2.351581567563902175e-04,-2.454039253458011722e-04,-1.024576858941095465e-05,0.000000000000000000e+00,2.058882188391004874e-16,8.872873240989547633e-11
7.195000000000000900e-09,2.000104530184581187e-05,2.490400468519365362e-05,2.349128808313795044e-04,-2.451479691673920944e-04,-1.023508833601258997e-05,0.000000000000000000e+00,2.058811569090698606e-16,8.653801213489610566e-11
7.200000000000000779e-09,2.000104421274949317e-05,2.489888980879909601e-05,2.346678607291175726e-04,-2.448922798024801483e-04,-1.022441907336257578e-05,0.000000000000000000e+00,2.058741086116925972e-16,8.440138118162273176e-11
7.205000000000000659e-09,2.000104312476142900e-05,2.489378026428983178e-05,2.344230961829282280e-04,-2.446368569764201186e-04,-1.021376079349189058e-05,0.000000000000000000e+00,2.058670739197164372e-16,8.231750360971094513e-11
7.210000000000000538e-09,2.000104203788111452e-05,2.488867604617648097e-05,2.341785869264099323e-04,-2.443817004147683428e-04,-1.020311348835841055e-05,0.000000000000000000e+00,2.058600528059438477e-16,8.028507719070763701e-11
7.215000000000000417e-09,2.000104095210802457e-05,2.488357714897370226e-05,2.339343326934353146e-04,-2.441268098432838776e-04,-1.019247714984856295e-05,0.000000000000000000e+00,2.058530452432319000e-16,7.830283154459851541e-11
7.220000000000001124e-09,2.000103986744162721e-05,2.487848356720022685e-05,2.336903332181512803e-04,-2.438721849879299888e-04,-1.018185176977870845e-05,0.000000000000000000e+00,2.058460512044924910e-16,7.636952763158833674e-11
7.225000000000000176e-09,2.000103878388137356e-05,2.487339529537889237e-05,2.334465882349786583e-04,-2.436178255748759408e-04,-1.017123733989728248e-05,0.000000000000000000e+00,2.058390706626919246e-16,7.448395741328772690e-11
7.230000000000000882e-09,2.000103770142670119e-05,2.486831232803668015e-05,2.332030974786119572e-04,-2.433637313304989479e-04,-1.016063385188699071e-05,0.000000000000000000e+00,2.058321035908510099e-16,7.264494181983410792e-11
7.235000000000000762e-09,2.000103662007703074e-05,2.486323465970475245e-05,2.329598606840192299e-04,-2.431099019813860989e-04,-1.015004129736686903e-05,0.000000000000000000e+00,2.058251499620447902e-16,7.085133176633123461e-11
7.240000000000000641e-09,2.000103553983177606e-05,2.485816228491847282e-05,2.327168775864418295e-04,-2.428563372543348449e-04,-1.013945966789301539e-05,0.000000000000000000e+00,2.058182097494027401e-16,6.910200628937671063e-11
7.245000000000000521e-09,2.000103446069032728e-05,2.485309519821743659e-05,2.324741479213942197e-04,-2.426030368763554658e-04,-1.012888895496124610e-05,0.000000000000000000e+00,2.058112829261081990e-16,6.739587170002904123e-11
7.250000000000000400e-09,2.000103338265208131e-05,2.484803339414551153e-05,2.322316714246636766e-04,-2.423500005746715043e-04,-1.011832915000782768e-05,0.000000000000000000e+00,2.058043694653989618e-16,6.573186158380763325e-11
7.255000000000001106e-09,2.000103230571640797e-05,2.484297686725086494e-05,2.319894478323102343e-04,-2.420972280767228553e-04,-1.010778024441262102e-05,0.000000000000000000e+00,2.057974693405665157e-16,6.410893612306643730e-11
7.260000000000000159e-09,2.000103122988267028e-05,2.483792561208598737e-05,2.317474768806663870e-04,-2.418447191101658479e-04,-1.009724222949946086e-05,0.000000000000000000e+00,2.057905825249562614e-16,6.252608091114782163e-11
7.265000000000000865e-09,2.000103015515022111e-05,2.483287962320770620e-05,2.315057583063367909e-04,-2.415924734028742477e-04,-1.008671509653745685e-05,0.000000000000000000e+00,2.057837089919674394e-16,6.098230644416280377e-11
7.270000000000000744e-09,2.000102908151839639e-05,2.482783889517724998e-05,2.312642918461981824e-04,-2.413404906829426724e-04,-1.007619883674449007e-05,0.000000000000000000e+00,2.057768487150528834e-16,5.947664795158446108e-11
7.275000000000000624e-09,2.000102800898652866e-05,2.482280342256023827e-05,2.310230772373990263e-04,-2.410887706786854804e-04,-1.006569344128645412e-05,0.000000000000000000e+00,2.057700016677189958e-16,5.800816421040180457e-11
7.280000000000000503e-09,2.000102693755393351e-05,2.481777319992672232e-05,2.307821142173594072e-04,-2.408373131186394541e-04,-1.005519890128004691e-05,0.000000000000000000e+00,2.057631678235257474e-16,5.657593754511977893e-11
7.285000000000000382e-09,2.000102586721991976e-05,2.481274822185120538e-05,2.305414025237707311e-04,-2.405861177315642878e-04,-1.004471520779355673e-05,0.000000000000000000e+00,2.057563471560864313e-16,5.517907281131972583e-11
7.290000000000001089e-09,2.000102479798378607e-05,2.480772848291267320e-05,2.303009418945956173e-04,-2.403351842464443498e-04,-1.003424235184873252e-05,0.000000000000000000e+00,2.057495396390676378e-16,5.381669654862643662e-11
7.295000000000000141e-09,2.000102372984482093e-05,2.480271397769460420e-05,2.300607320680674646e-04,-2.400845123924891700e-04,-1.002378032442170536e-05,0.000000000000000000e+00,2.057427452461892054e-16,5.248795748892792074e-11
7.300000000000000848e-09,2.000102266280230607e-05,2.479770470078500671e-05,2.298207727826904513e-04,-2.398341018991350391e-04,-1.001332911644458776e-05,0.000000000000000000e+00,2.057359639512240235e-16,5.119202520112269006e-11
7.305000000000000727e-09,2.000102159685551302e-05,2.479270064677642919e-05,2.295810637772391014e-04,-2.395839524960458218e-04,-1.000288871880672045e-05,0.000000000000000000e+00,2.057291957279980817e-16,4.992808958289999058e-11
7.310000000000000606e-09,2.000102053200369641e-05,2.478770181026599743e-05,2.293416047907583118e-04,-2.393340639131150442e-04,-9.992459122356732362e-06,0.000000000000000000e+00,2.057224405503900507e-16,4.869536069133321293e-11
7.315000000000000486e-09,2.000101946824611761e-05,2.478270818585540783e-05,2.291023955625627834e-04,-2.390844358804645109e-04,-9.982040317901727479e-06,0.000000000000000000e+00,2.057156983923316768e-16,4.749306806525353461e-11
7.320000000000000365e-09,2.000101840558201431e-05,2.477771976815096804e-05,2.288634358322371560e-04,-2.388350681284476934e-04,-9.971632296210537457e-06,0.000000000000000000e+00,2.057089692278071655e-16,4.632046004762356214e-11
7.325000000000001071e-09,2.000101734401062416e-05,2.477273655176361728e-05,2.286247253396354667e-04,-2.385859603876496491e-04,-9.961235048014182398e-06,0.000000000000000000e+00,2.057022530308535267e-16,4.517680378553733112e-11
7.330000000000000124e-09,2.000101628353117468e-05,2.476775853130892634e-05,2.283862638248811497e-04,-2.383371123888875897e-04,-9.950848564006440061e-06,0.000000000000000000e+00,2.056955497755601556e-16,4.406138438318735889e-11
7.335000000000000830e-09,2.000101522414288660e-05,2.476278570140713826e-05,2.281480510283666297e-04,-2.380885238632125898e-04,-9.940472834845960051e-06,0.000000000000000000e+00,2.056888594360689312e-16,4.297350490186464464e-11
7.340000000000000709e-09,2.000101416584497047e-05,2.475781805668317168e-05,2.279100866907532138e-04,-2.378401945419100468e-04,-9.930107851156833032e-06,0.000000000000000000e+00,2.056821819865740686e-16,4.191248534351913260e-11
7.345000000000000589e-09,2.000101310863663687e-05,2.475285559176663782e-05,2.276723705529707926e-04,-2.375921241565000339e-04,-9.919753603529241244e-06,0.000000000000000000e+00,2.056755174013220202e-16,4.087766231194653321e-11
7.350000000000000468e-09,2.000101205251707603e-05,2.474789830129186757e-05,2.274349023562176244e-04,-2.373443124387395766e-04,-9.909410082521952169e-06,0.000000000000000000e+00,2.056688656546111802e-16,3.986838918219491254e-11
7.355000000000000347e-09,2.000101099748548497e-05,2.474294617989791824e-05,2.271976818419600632e-04,-2.370967591206216770e-04,-9.899077278661613799e-06,0.000000000000000000e+00,2.056622267207923278e-16,3.888403525353174503e-11
7.360000000000001054e-09,2.000100994354104376e-05,2.473799922222859733e-05,2.269607087519323965e-04,-2.368494639343776719e-04,-9.888755182445275408e-06,0.000000000000000000e+00,2.056556005742677155e-16,3.792398490241096626e-11
7.365000000000000106e-09,2.000100889068293246e-05,2.473305742293245571e-05,2.267239828281364931e-04,-2.366024266124761759e-04,-9.878443784339682818e-06,0.000000000000000000e+00,2.056489871894918578e-16,3.698763842950592018e-11
7.370000000000000813e-09,2.000100783891031422e-05,2.472812077666283168e-05,2.264875038128417214e-04,-2.363556468876258729e-04,-9.868143074784151538e-06,0.000000000000000000e+00,2.056423865409706191e-16,3.607441036564346462e-11
7.375000000000000692e-09,2.000100678822236571e-05,2.472318927807784758e-05,2.262512714485845702e-04,-2.361091244927740799e-04,-9.857853044189509662e-06,0.000000000000000000e+00,2.056357986032619288e-16,3.518372998002373964e-11
7.380000000000000571e-09,2.000100573861823651e-05,2.471826292184041996e-05,2.260152854781684317e-04,-2.358628591611091588e-04,-9.847573682940727064e-06,0.000000000000000000e+00,2.056292233509748441e-16,3.431504060259380970e-11
7.385000000000000451e-09,2.000100469009708637e-05,2.471334170261829007e-05,2.257795456446634391e-04,-2.356168506260601918e-04,-9.837304981396752766e-06,0.000000000000000000e+00,2.056226607587701913e-16,3.346779911582789535e-11
7.390000000000000330e-09,2.000100364265805809e-05,2.470842561508401370e-05,2.255440516914061951e-04,-2.353710986212977671e-04,-9.827046929891572035e-06,0.000000000000000000e+00,2.056161108013599247e-16,3.264147629354055211e-11
7.395000000000001036e-09,2.000100259630029447e-05,2.470351465391500183e-05,2.253088033619994471e-04,-2.351256028807353611e-04,-9.816799518735914000e-06,0.000000000000000000e+00,2.056095734535072993e-16,3.183555544563395484e-11
7.400000000000000089e-09,2.000100155102292815e-05,2.469860881379350368e-05,2.250738004003119245e-04,-2.348803631385287696e-04,-9.806562738216845080e-06,0.000000000000000000e+00,2.056030486900267229e-16,3.104953275691107670e-11
7.405000000000000795e-09,2.000100050682509178e-05,2.469370808940663046e-05,2.248390425504780946e-04,-2.346353791290769477e-04,-9.796336578598853180e-06,0.000000000000000000e+00,2.055965364857836817e-16,3.028291711766909963e-11
7.410000000000000675e-09,2.000099946370591459e-05,2.468881247544637905e-05,2.246045295568979184e-04,-2.343906505870232298e-04,-9.786121030125311373e-06,0.000000000000000000e+00,2.055900368156946669e-16,2.953522910725987771e-11
7.415000000000000554e-09,2.000099842166450889e-05,2.468392196660961507e-05,2.243702611642365804e-04,-2.341461772472553022e-04,-9.775916083018721834e-06,0.000000000000000000e+00,2.055835496547268049e-16,2.880600167171629492e-11
7.420000000000000433e-09,2.000099738070000056e-05,2.467903655759810341e-05,2.241362371174242707e-04,-2.339019588449051492e-04,-9.765721727480878482e-06,0.000000000000000000e+00,2.055770749778983743e-16,2.809477893790613898e-11
7.425000000000000313e-09,2.000099634081149174e-05,2.467415624311850817e-05,2.239024571616558335e-04,-2.336579951153508147e-04,-9.755537953694981166e-06,0.000000000000000000e+00,2.055706127602777963e-16,2.740111638293869084e-11
7.430000000000001019e-09,2.000099530199809134e-05,2.466928101788241979e-05,2.236689210423907666e-04,-2.334142857942164294e-04,-9.745364751825662773e-06,0.000000000000000000e+00,2.055641629769844716e-16,2.672458049535154576e-11
7.435000000000000071e-09,2.000099426425890490e-05,2.466441087660633814e-05,2.234356285053526524e-04,-2.331708306173716687e-04,-9.735202112019016333e-06,0.000000000000000000e+00,2.055577256031881899e-16,2.606474826689084492e-11
7.440000000000000778e-09,2.000099322759302779e-05,2.465954581401169957e-05,2.232025792965291848e-04,-2.329276293209335959e-04,-9.725050024404411058e-06,0.000000000000000000e+00,2.055513006141089812e-16,2.542120736191786495e-11
7.445000000000000657e-09,2.000099219199954860e-05,2.465468582482488374e-05,2.229697731621718443e-04,-2.326846816412667432e-04,-9.714908479094898916e-06,0.000000000000000000e+00,2.055448879850170421e-16,2.479355560918924950e-11
7.450000000000000536e-09,2.000099115747755931e-05,2.464983090377720340e-05,2.227372098487955183e-04,-2.324419873149822179e-04,-9.704777466186699638e-06,0.000000000000000000e+00,2.055384876912331059e-16,2.418140049363724092e-11
7.454999999999999589e-09,2.000099012402614852e-05,2.464498104560494511e-05,2.225048891031784467e-04,-2.321995460789398158e-04,-9.694656975761369120e-06,0.000000000000000000e+00,2.055320997081278011e-16,2.358435949518285918e-11
7.460000000000000295e-09,2.000098909164439465e-05,2.464013624504935224e-05,2.222728106723618157e-04,-2.319573576702478861e-04,-9.684546997886070473e-06,0.000000000000000000e+00,2.055257240111215776e-16,2.300205974992272293e-11
7.465000000000001002e-09,2.000098806033137613e-05,2.463529649685663179e-05,2.220409743036497034e-04,-2.317154218262627895e-04,-9.674447522613086135e-06,0.000000000000000000e+00,2.055193605756850029e-16,2.243413669487633391e-11
7.470000000000000054e-09,2.000098703008617139e-05,2.463046179577796791e-05,2.218093797446085106e-04,-2.314737382845898192e-04,-9.664358539981308645e-06,0.000000000000000000e+00,2.055130093773383919e-16,2.188023593145856094e-11
7.475000000000000760e-09,2.000098600090784870e-05,2.462563213656953549e-05,2.215780267430670963e-04,-2.312323067830843399e-04,-9.654280040017243535e-06,0.000000000000000000e+00,2.055066703916516591e-16,2.134001102319397700e-11
7.480000000000001467e-09,2.000098497279547292e-05,2.462080751399250012e-05,2.213469150471162358e-04,-2.309911270598513536e-04,-9.644212012735117745e-06,0.000000000000000000e+00,2.055003435942442693e-16,2.081312417334321707e-11
7.485000000000000519e-09,2.000098394574811571e-05,2.461598792281302151e-05,2.211160444051085119e-04,-2.307501988532452831e-04,-9.634154448136771206e-06,0.000000000000000000e+00,2.054940289607854104e-16,2.029924639430956759e-11
7.489999999999999571e-09,2.000098291976483178e-05,2.461117335780225006e-05,2.208854145656579900e-04,-2.305095219018709208e-04,-9.624107336212930778e-06,0.000000000000000000e+00,2.054877264669933767e-16,1.979805615238625083e-11
7.495000000000000278e-09,2.000098189484468263e-05,2.460636381373636081e-05,2.206550252776400553e-04,-2.302690959445839161e-04,-9.614070666943860767e-06,0.000000000000000000e+00,2.054814360886359389e-16,1.930924038419596159e-11
7.500000000000000984e-09,2.000098087098671956e-05,2.460155928539653304e-05,2.204248762901910876e-04,-2.300289207204906673e-04,-9.604044430299579771e-06,0.000000000000000000e+00,2.054751578015300482e-16,1.883249348025133052e-11
7.505000000000000036e-09,2.000097984818999730e-05,2.459675976756896387e-05,2.201949673527082171e-04,-2.297889959689483218e-04,-9.594028616240104623e-06,0.000000000000000000e+00,2.054688915815416885e-16,1.836751762376810301e-11
7.510000000000000743e-09,2.000097882645356377e-05,2.459196525504487161e-05,2.199652982148491082e-04,-2.295493214295653988e-04,-9.584023214716290645e-06,0.000000000000000000e+00,2.054626374045859257e-16,1.791402211303878139e-11
7.515000000000001449e-09,2.000097780577647031e-05,2.458717574262050259e-05,2.197358686265317147e-04,-2.293098968422016006e-04,-9.574028215669885865e-06,0.000000000000000000e+00,2.054563952466268336e-16,1.747172336143262492e-11
7.520000000000000501e-09,2.000097678615775468e-05,2.458239122509713449e-05,2.195066783379339824e-04,-2.290707219469690042e-04,-9.564043609035021787e-06,0.000000000000000000e+00,2.054501650836770010e-16,1.704034489739564978e-11
7.525000000000001208e-09,2.000097576759646821e-05,2.457761169728107977e-05,2.192777270994935776e-04,-2.288317964842305713e-04,-9.554069384736993669e-06,0.000000000000000000e+00,2.054439468917981972e-16,1.661961736445062912e-11
7.530000000000000260e-09,2.000097475009163849e-05,2.457283715398369240e-05,2.190490146619078059e-04,-2.285931201946026956e-04,-9.544105532694889711e-06,0.000000000000000000e+00,2.054377406471002873e-16,1.620927750475755630e-11
7.535000000000000967e-09,2.000097373364231009e-05,2.456806759002135777e-05,2.188205407761330702e-04,-2.283546928189523844e-04,-9.534152042819314232e-06,0.000000000000000000e+00,2.054315463257420705e-16,1.580906900614659216e-11
7.540000000000000019e-09,2.000097271824751398e-05,2.456330300021552650e-05,2.185923051933848433e-04,-2.281165140984006191e-04,-9.524208905015775798e-06,0.000000000000000000e+00,2.054253639039305406e-16,1.541874165508511779e-11
7.545000000000000725e-09,2.000097170390628795e-05,2.455854337939267719e-05,2.183643076651374244e-04,-2.278785837743194554e-04,-9.514276109182030934e-06,0.000000000000000000e+00,2.054191933579213047e-16,1.503805167549091340e-11
7.550000000000001432e-09,2.000097069061765621e-05,2.455378872238436389e-05,2.181365479431235052e-04,-2.276409015883353840e-04,-9.504353645211878823e-06,0.000000000000000000e+00,2.054130346640178195e-16,1.466676088169921108e-11
7.555000000000000484e-09,2.000096967838064976e-05,2.454903902402717539e-05,2.179090257793340883e-04,-2.274034672823262680e-04,-9.494441502992179756e-06,0.000000000000000000e+00,2.054068877985720317e-16,1.430463718668246315e-11
7.560000000000001190e-09,2.000096866719429958e-05,2.454429427916276574e-05,2.176817409260181082e-04,-2.271662805984232944e-04,-9.484539672405186165e-06,0.000000000000000000e+00,2.054007527379838610e-16,1.395145460205034216e-11
7.565000000000000243e-09,2.000096765705762313e-05,2.453955448263785087e-05,2.174546931356824040e-04,-2.269293412790113803e-04,-9.474648143328976303e-06,0.000000000000000000e+00,2.053946294587009527e-16,1.360699188279702529e-11
7.570000000000000949e-09,2.000096664796964462e-05,2.453481962930420518e-05,2.172278821610910688e-04,-2.266926490667280352e-04,-9.464766905636966352e-06,0.000000000000000000e+00,2.053885179372191223e-16,1.327103405196049940e-11
7.575000000000000001e-09,2.000096563992938826e-05,2.453008971401867173e-05,2.170013077552655854e-04,-2.264562037044641734e-04,-9.454895949198588055e-06,0.000000000000000000e+00,2.053824181500817880e-16,1.294337104536984542e-11
7.580000000000000708e-09,2.000096463293587150e-05,2.452536473164315881e-05,2.167749696714843923e-04,-2.262200049353643586e-04,-9.445035263879966335e-06,0.000000000000000000e+00,2.053763300738800694e-16,1.262379805045841727e-11
7.585000000000001414e-09,2.000096362698811179e-05,2.452064467704463322e-05,2.165488676632826401e-04,-2.259840525028260715e-04,-9.435184839543431408e-06,0.000000000000000000e+00,2.053702536852525904e-16,1.231211550626384182e-11
7.590000000000000467e-09,2.000096262208512994e-05,2.451592954509514393e-05,2.163230014844519746e-04,-2.257483461505006860e-04,-9.425344666048711406e-06,0.000000000000000000e+00,2.053641889608857009e-16,1.200812825639507170e-11
7.595000000000001173e-09,2.000096161822593325e-05,2.451121933067180859e-05,2.160973708890402386e-04,-2.255128856222937672e-04,-9.415514733253528687e-06,0.000000000000000000e+00,2.053581358775127127e-16,1.171164656547192193e-11
7.600000000000000225e-09,2.000096061540953914e-05,2.450651402865680330e-05,2.158719756313512818e-04,-2.252776706623632011e-04,-9.405695031011919319e-06,0.000000000000000000e+00,2.053520944119146391e-16,1.142248493327894382e-11
7.605000000000000932e-09,2.000095961363496168e-05,2.450181363393739314e-05,2.156468154659446092e-04,-2.250427010151215799e-04,-9.395885549176970697e-06,0.000000000000000000e+00,2.053460645409195537e-16,1.114046277239178276e-11
7.609999999999999984e-09,2.000095861290120813e-05,2.449711814140591862e-05,2.154218901476352449e-04,-2.248079764252355244e-04,-9.386086277600279434e-06,0.000000000000000000e+00,2.053400462414024676e-16,1.086540373055082040e-11
7.615000000000000690e-09,2.000095761320728918e-05,2.449242754595977873e-05,2.151971994314933801e-04,-2.245734966376244641e-04,-9.376297206131084007e-06,0.000000000000000000e+00,2.053340394902856740e-16,1.059713602947435357e-11
7.620000000000001397e-09,2.000095661455220870e-05,2.448774184250145805e-05,2.149727430728441831e-04,-2.243392613974624808e-04,-9.366518324618297630e-06,0.000000000000000000e+00,2.053280442645380090e-16,1.033549178723223647e-11
7.625000000000000449e-09,2.000095561693498075e-05,2.448306102593852333e-05,2.147485208272675015e-04,-2.241052704501771153e-04,-9.356749622909613789e-06,0.000000000000000000e+00,2.053220605411756157e-16,1.008030752646564901e-11
7.630000000000001156e-09,2.000095462035460583e-05,2.447838509118360661e-05,2.145245324505976449e-04,-2.238715235414500456e-04,-9.346991090852400713e-06,0.000000000000000000e+00,2.053160882972608843e-16,9.831423835573917941e-12
7.635000000000000208e-09,2.000095362481009461e-05,2.447371403315442212e-05,2.143007776989231143e-04,-2.236380204172163820e-04,-9.337242718293267685e-06,0.000000000000000000e+00,2.053101275099032898e-16,9.588685199307927370e-12
7.640000000000000914e-09,2.000095263030044420e-05,2.446904784677375610e-05,2.140772563285863036e-04,-2.234047608236655884e-04,-9.327504495079284776e-06,0.000000000000000000e+00,2.053041781562584065e-16,9.351939659956939876e-12
7.644999999999999966e-09,2.000095163682466526e-05,2.446438652696947364e-05,2.138539680961833373e-04,-2.231717445072404257e-04,-9.317776411057088377e-06,0.000000000000000000e+00,2.052982402135286474e-16,9.121039494974954309e-12
7.650000000000000673e-09,2.000095064438175491e-05,2.445973006867452199e-05,2.136309127585638262e-04,-2.229389712146383608e-04,-9.308058456074534606e-06,0.000000000000000000e+00,2.052923136589624257e-16,8.895840200541169085e-12
7.655000000000001379e-09,2.000094965297071704e-05,2.445507846682691707e-05,2.134080900728304339e-04,-2.227064406928099948e-04,-9.298350619979560893e-06,0.000000000000000000e+00,2.052863984698546977e-16,8.676201169186339990e-12
7.660000000000000432e-09,2.000094866259055214e-05,2.445043171636975698e-05,2.131854997963388227e-04,-2.224741526889602284e-04,-9.288652892621405716e-06,0.000000000000000000e+00,2.052804946235464197e-16,8.461984842759832925e-12
7.665000000000001138e-09,2.000094767324025734e-05,2.444578981225120509e-05,2.129631416866973551e-04,-2.222421069505473945e-04,-9.278965263850039386e-06,0.000000000000000000e+00,2.052746020974246722e-16,8.253057728869160614e-12
7.670000000000000190e-09,2.000094668491883313e-05,2.444115274942450358e-05,2.127410155017666878e-04,-2.220103032252835294e-04,-9.269287723516841677e-06,0.000000000000000000e+00,2.052687208689224619e-16,8.049289045627266992e-12
7.675000000000000897e-09,2.000094569762527323e-05,2.443652052284797343e-05,2.125191209996597167e-04,-2.217787412611349962e-04,-9.259620261475279453e-06,0.000000000000000000e+00,2.052628509155186975e-16,7.850551399278885012e-12
7.679999999999999949e-09,2.000094471135858154e-05,2.443189312748500426e-05,2.122974579387412796e-04,-2.215474208063211291e-04,-9.249962867579849569e-06,0.000000000000000000e+00,2.052569922147382140e-16,7.656720614793947194e-12
7.685000000000000655e-09,2.000094372611775517e-05,2.442727055830405775e-05,2.120760260776278030e-04,-2.213163416093151287e-04,-9.240315531687325707e-06,0.000000000000000000e+00,2.052511447441514772e-16,7.467675397054406722e-12
7.690000000000001362e-09,2.000094274190179124e-05,2.442265281027867436e-05,2.118548251751871403e-04,-2.210855034188441426e-04,-9.230678243657002317e-06,0.000000000000000000e+00,2.052453084813744851e-16,7.283298008480595248e-12
7.695000000000000414e-09,2.000094175870968007e-05,2.441803987838744966e-05,2.116338549905382729e-04,-2.208549059838884796e-04,-9.221050993350206728e-06,0.000000000000000000e+00,2.052394834040687182e-16,7.103472744371917835e-12
7.700000000000001121e-09,2.000094077654042217e-05,2.441343175761405803e-05,2.114131152830511209e-04,-2.206245490536817996e-04,-9.211433770630678619e-06,0.000000000000000000e+00,2.052336694899412878e-16,6.928087288159568563e-12
7.705000000000000173e-09,2.000093979539301127e-05,2.440882844294724248e-05,2.111926058123461908e-04,-2.203944323777115469e-04,-9.201826565365356066e-06,0.000000000000000000e+00,2.052278667167445168e-16,6.757032203186762176e-12
7.710000000000000879e-09,2.000093881526644448e-05,2.440422992938080790e-05,2.109723263382943853e-04,-2.201645557057181645e-04,-9.192229367423779230e-06,0.000000000000000000e+00,2.052220750622759397e-16,6.590200424488965730e-12
7.714999999999999931e-09,2.000093783615971213e-05,2.439963621191362106e-05,2.107522766210167598e-04,-2.199349187876954465e-04,-9.182642166678686669e-06,0.000000000000000000e+00,2.052162945043782533e-16,6.427487936420256398e-12
7.720000000000000638e-09,2.000093685807180795e-05,2.439504728554961734e-05,2.105324564208842242e-04,-2.197055213738904563e-04,-9.173064953006232177e-06,0.000000000000000000e+00,2.052105250209392426e-16,6.268792586807195311e-12
7.725000000000001344e-09,2.000093588100172566e-05,2.439046314529779065e-05,2.103128654985173798e-04,-2.194763632148032562e-04,-9.163497716285876364e-06,0.000000000000000000e+00,2.052047665898916578e-16,6.114015442201543166e-12
7.730000000000000397e-09,2.000093490494845899e-05,2.438588378617219333e-05,2.100935036147861406e-04,-2.192474440611867170e-04,-9.153940446400576393e-06,0.000000000000000000e+00,2.051990191892130662e-16,5.963059940847312973e-12
7.734999999999999449e-09,2.000093392991100845e-05,2.438130920319193625e-05,2.098743705308095159e-04,-2.190187636640463832e-04,-9.144393133236867295e-06,0.000000000000000000e+00,2.051932827969261235e-16,5.815831553867591153e-12
7.740000000000001810e-09,2.000093295588835758e-05,2.437673939138118194e-05,2.096554660079554477e-04,-2.187903217746412312e-04,-9.134855766685783538e-06,0.000000000000000000e+00,2.051875573910977109e-16,5.672238124077716437e-12
7.745000000000000862e-09,2.000093198287950351e-05,2.437217434576916498e-05,2.094367898078404856e-04,-2.185621181444830736e-04,-9.125328336642587980e-06,0.000000000000000000e+00,2.051818429498396005e-16,5.532190035391869321e-12
7.749999999999999914e-09,2.000093101088343657e-05,2.436761406139013780e-05,2.092183416923294888e-04,-2.183341525253350681e-04,-9.115810833005579244e-06,0.000000000000000000e+00,2.051761394513080615e-16,5.395599704603303709e-12
7.755000000000000621e-09,2.000093003989915388e-05,2.436305853328343837e-05,2.090001214235354360e-04,-2.181064246692142111e-04,-9.106303245678775121e-06,0.000000000000000000e+00,2.051704468737037609e-16,5.262381920197525820e-12
7.760000000000001327e-09,2.000092906992564237e-05,2.435850775649342590e-05,2.087821287638192357e-04,-2.178789343283891696e-04,-9.096805564569933897e-06,0.000000000000000000e+00,2.051647651952716651e-16,5.132453164725936379e-12
7.765000000000000379e-09,2.000092810096190256e-05,2.435396172606951468e-05,2.085643634757893201e-04,-2.176516812553806063e-04,-9.087317779591286195e-06,0.000000000000000000e+00,2.051590943943010895e-16,5.005732461838777875e-12
7.769999999999999431e-09,2.000092713300692139e-05,2.434942043706616395e-05,2.083468253223015631e-04,-2.174246652029621280e-04,-9.077839880660564962e-06,0.000000000000000000e+00,2.051534344491253776e-16,4.882140529252187305e-12
7.775000000000001792e-09,2.000092616605968581e-05,2.434488388454286091e-05,2.081295140664588201e-04,-2.171978859241587684e-04,-9.068371857699948375e-06,0.000000000000000000e+00,2.051477853381218768e-16,4.761599948154785628e-12
7.780000000000000844e-09,2.000092520011919294e-05,2.434035206356414448e-05,2.079124294716109005e-04,-2.169713431722475837e-04,-9.058913700636683254e-06,0.000000000000000000e+00,2.051421470397121350e-16,4.644035671427446110e-12
7.784999999999999897e-09,2.000092423518443988e-05,2.433582496919958494e-05,2.076955713013541613e-04,-2.167450367007572464e-04,-9.049465399403085067e-06,0.000000000000000000e+00,2.051365195323615069e-16,4.529374176610347080e-12
7.790000000000000603e-09,2.000092327125441020e-05,2.433130259652378397e-05,2.074789393195312903e-04,-2.165189662634686956e-04,-9.040026943937405288e-06,0.000000000000000000e+00,2.051309027945790055e-16,4.417543465902971922e-12
7.795000000000001310e-09,2.000092230832810439e-05,2.432678494061636445e-05,2.072625332902311164e-04,-2.162931316144129962e-04,-9.030598324181879832e-06,0.000000000000000000e+00,2.051252968049176228e-16,4.308473913197056332e-12
7.800000000000000362e-09,2.000092134640450942e-05,2.432227199656199080e-05,2.070463529777882838e-04,-2.160675325078740758e-04,-9.021179530085791931e-06,0.000000000000000000e+00,2.051197015419736397e-16,4.202097417043641064e-12
7.804999999999999414e-09,2.000092038548261899e-05,2.431776375945034525e-05,2.068303981467830362e-04,-2.158421686983863128e-04,-9.011770551603276620e-06,0.000000000000000000e+00,2.051141169843871187e-16,4.098347231246482480e-12
7.810000000000001775e-09,2.000091942556143023e-05,2.431326022437612787e-05,2.066146685620409175e-04,-2.156170399407348888e-04,-9.002371378693971261e-06,0.000000000000000000e+00,2.051085431108415097e-16,3.997158642488410352e-12
7.815000000000000827e-09,2.000091846663992669e-05,2.430876138643905994e-05,2.063991639886325830e-04,-2.153921459899566556e-04,-8.992982001324072638e-06,0.000000000000000000e+00,2.051029799000634527e-16,3.898468631518148958e-12
7.819999999999999879e-09,2.000091750871711566e-05,2.430426724074388395e-05,2.061838841918735819e-04,-2.151674866013384281e-04,-8.983602409464846181e-06,0.000000000000000000e+00,2.050974273308232958e-16,3.802215026117369834e-12
7.825000000000000586e-09,2.000091655179197730e-05,2.429977778240035005e-05,2.059688289373240054e-04,-2.149430615304186371e-04,-8.974232593094631739e-06,0.000000000000000000e+00,2.050918853819339359e-16,3.708338025759996825e-12
7.830000000000001292e-09,2.000091559586350873e-05,2.429529300652320925e-05,2.057539979907882424e-04,-2.147188705329850259e-04,-8.964872542196783596e-06,0.000000000000000000e+00,2.050863540322517807e-16,3.616778846359490485e-12
7.835000000000000344e-09,2.000091464093071045e-05,2.429081290823224059e-05,2.055393911183148441e-04,-2.144949133650765204e-04,-8.955522246761676245e-06,0.000000000000000000e+00,2.050808332606763048e-16,3.527480228488616421e-12
7.839999999999999396e-09,2.000091368699257279e-05,2.428633748265220701e-05,2.053250080861961449e-04,-2.142711897829817109e-04,-8.946181696785565976e-06,0.000000000000000000e+00,2.050753230461496058e-16,3.440386437379445300e-12
7.845000000000001757e-09,2.000091273404808949e-05,2.428186672491287914e-05,2.051108486609680719e-04,-2.140476995432394759e-04,-8.936850882271404027e-06,0.000000000000000000e+00,2.050698233676567744e-16,3.355442924110173947e-12
7.850000000000000809e-09,2.000091178209625764e-05,2.427740063014902509e-05,2.048969126094099015e-04,-2.138244424026383857e-04,-8.927529793228484219e-06,0.000000000000000000e+00,2.050643342042256723e-16,3.272596833824893692e-12
7.854999999999999862e-09,2.000091083113606083e-05,2.427293919350040368e-05,2.046831996985440155e-04,-2.136014181182171361e-04,-8.918218419673120583e-06,0.000000000000000000e+00,2.050588555349264144e-16,3.191795989294053670e-12
7.860000000000000568e-09,2.000090988116650970e-05,2.426848241011176786e-05,2.044697096956356026e-04,-2.133786264472628947e-04,-8.908916751627292104e-06,0.000000000000000000e+00,2.050533873388724538e-16,3.112990246167176428e-12
7.865000000000001275e-09,2.000090893218659459e-05,2.426403027513285112e-05,2.042564423681924419e-04,-2.131560671473128193e-04,-8.899624779120377449e-06,0.000000000000000000e+00,2.050479295952190779e-16,3.036130307126731764e-12
7.870000000000000327e-09,2.000090798419530924e-05,2.425958278371838443e-05,2.040433974839646585e-04,-2.129337399761537593e-04,-8.890342492189100753e-06,0.000000000000000000e+00,2.050424822831641972e-16,2.961168060701315635e-12
7.875000000000001033e-09,2.000090703719165075e-05,2.425513993102805901e-05,2.038305748109445344e-04,-2.127116446918204127e-04,-8.881069880875878215e-06,0.000000000000000000e+00,2.050370453819480002e-16,2.888056411859060701e-12
7.880000000000001740e-09,2.000090609117461624e-05,2.425070171222656017e-05,2.036179741173659930e-04,-2.124897810525971963e-04,-8.871806935231203338e-06,0.000000000000000000e+00,2.050316188708528794e-16,2.816750129040583583e-12
7.885000000000000792e-09,2.000090514614320960e-05,2.424626812248354023e-05,2.034055951717047889e-04,-2.122681488170165384e-04,-8.862553645311749577e-06,0.000000000000000000e+00,2.050262027292035548e-16,2.747204319499679803e-12
7.889999999999999844e-09,2.000090420209642115e-05,2.424183915697361851e-05,2.031934377426778304e-04,-2.120467477438598542e-04,-8.853310001182023749e-06,0.000000000000000000e+00,2.050207969363663832e-16,2.679375445742860490e-12
7.895000000000000551e-09,2.000090325903324803e-05,2.423741481087638133e-05,2.029815015992432340e-04,-2.118255775921566784e-04,-8.844075992913444460e-06,0.000000000000000000e+00,2.050154014717500243e-16,2.613221494935941830e-12
7.900000000000001257e-09,2.000090231695269072e-05,2.423299507937637861e-05,2.027697865105999170e-04,-2.116046381211843946e-04,-8.834851610584477629e-06,0.000000000000000000e+00,2.050100163148048488e-16,2.548700793057918912e-12
7.905000000000000309e-09,2.000090137585374973e-05,2.422857995766312391e-05,2.025582922461874086e-04,-2.113839290904687227e-04,-8.825636844281314116e-06,0.000000000000000000e+00,2.050046414450231847e-16,2.485773190747091882e-12
7.910000000000001016e-09,2.000090043573542556e-05,2.422416944093107406e-05,2.023470185756855784e-04,-2.111634502597824182e-04,-8.816431684096839730e-06,0.000000000000000000e+00,2.049992768419388988e-16,2.424399216268118690e-12
7.915000000000001722e-09,2.000089949659671532e-05,2.421976352437965287e-05,2.021359652690144198e-04,-2.109432013891468711e-04,-8.807236120132451267e-06,0.000000000000000000e+00,2.049939224851275194e-16,2.364540583731783441e-12
7.920000000000000775e-09,2.000089855843662290e-05,2.421536220321322071e-05,2.019251320963338057e-04,-2.107231822388298836e-04,-8.798050142496077839e-06,0.000000000000000000e+00,2.049885783542062118e-16,2.306159854281817495e-12
7.924999999999999827e-09,2.000089762125414542e-05,2.421096547264108456e-05,2.017145188280431367e-04,-2.105033925693469438e-04,-8.788873741303807182e-06,0.000000000000000000e+00,2.049832444288334089e-16,2.249220436094899467e-12
7.930000000000000533e-09,2.000089668504828676e-05,2.420657332787748796e-05,2.015041252347812590e-04,-2.102838321414600604e-04,-8.779706906678801451e-06,0.000000000000000000e+00,2.049779206887090570e-16,2.193687092600423577e-12
7.935000000000001240e-09,2.000089574981805081e-05,2.420218576414162110e-05,2.012939510874260044e-04,-2.100645007161785214e-04,-8.770549628752516945e-06,0.000000000000000000e+00,2.049726071135743207e-16,2.139524587227784047e-12
7.940000000000000292e-09,2.000089481556243808e-05,2.419780277665759712e-05,2.010839961570942442e-04,-2.098453980547579454e-04,-8.761401897663701225e-06,0.000000000000000000e+00,2.049673036832115825e-16,2.086699546878859057e-12
7.945000000000000998e-09,2.000089388228045584e-05,2.419342436065445890e-05,2.008742602151413739e-04,-2.096265239187001465e-04,-8.752263703558772583e-06,0.000000000000000000e+00,2.049620103774444427e-16,2.035178767862116239e-12
7.950000000000001705e-09,2.000089294997110120e-05,2.418905051136618244e-05,2.006647430331611511e-04,-2.094078780697540554e-04,-8.743135036592904240e-06,0.000000000000000000e+00,2.049567271761372022e-16,1.984930062925559929e-12
7.955000000000000757e-09,2.000089201863337806e-05,2.418468122403165315e-05,2.004554443829854784e-04,-2.091894602699137409e-04,-8.734015886928262525e-06,0.000000000000000000e+00,2.049514540591953057e-16,1.935921922443552268e-12
7.959999999999999809e-09,2.000089108826629707e-05,2.418031649389467937e-05,2.002463640366841863e-04,-2.089712702814191148e-04,-8.724906244734928441e-06,0.000000000000000000e+00,2.049461910065652681e-16,1.888123853229992100e-12
7.965000000000000516e-09,2.000089015886886214e-05,2.417595631620397548e-05,2.000375017665646815e-04,-2.087533078667556604e-04,-8.715806100190978982e-06,0.000000000000000000e+00,2.049409379982340579e-16,1.841505870318546623e-12
7.970000000000001222e-09,2.000088923044008053e-05,2.417160068621317543e-05,1.998288573451717834e-04,-2.085355727886547585e-04,-8.706715443482975023e-06,0.000000000000000000e+00,2.049356950142295659e-16,1.796039005182419740e-12
7.975000000000000274e-09,2.000088830297895953e-05,2.416724959918081577e-05,1.996204305452874811e-04,-2.083180648100928191e-04,-8.697634264805337908e-06,0.000000000000000000e+00,2.049304620346200874e-16,1.751694628107994256e-12
7.980000000000000981e-09,2.000088737648449963e-05,2.416290305037033232e-05,1.994122211399306616e-04,-2.081007836942916345e-04,-8.688562554360972860e-06,0.000000000000000000e+00,2.049252390395144700e-16,1.708445125821189681e-12
7.985000000000001687e-09,2.000088645095571488e-05,2.415856103505004994e-05,1.992042289023568120e-04,-2.078837292047167528e-04,-8.679500302359940836e-06,0.000000000000000000e+00,2.049200260090622616e-16,1.666263393267693876e-12
7.990000000000000740e-09,2.000088552639161935e-05,2.415422354849319276e-05,1.989964536060578838e-04,-2.076669011050786705e-04,-8.670447499020786679e-06,0.000000000000000000e+00,2.049148229234531681e-16,1.625123341832731411e-12
7.994999999999999792e-09,2.000088460279121353e-05,2.414989058597788075e-05,1.987888950247620220e-04,-2.074502991593333472e-04,-8.661404134571325155e-06,0.000000000000000000e+00,2.049096297629171026e-16,1.584998882901526851e-12
8.000000000000000498e-09,2.000088368015351148e-05,2.414556214278710261e-05,1.985815529324332128e-04,-2.072339231316795499e-04,-8.652370199246337034e-06,0.000000000000000000e+00,2.049044465077243580e-16,1.545864944298841470e-12
8.005000000000001205e-09,2.000088275847752386e-05,2.414123821420873615e-05,1.983744271032711749e-04,-2.070177727865606142e-04,-8.643345683289439330e-06,0.000000000000000000e+00,2.048992731381851387e-16,1.507697470288973246e-12
8.010000000000000257e-09,2.000088183776226134e-05,2.413691879553553804e-05,1.981675173117110073e-04,-2.068018478886638487e-04,-8.634330576952841362e-06,0.000000000000000000e+00,2.048941096346498810e-16,1.470472235729630706e-12
8.015000000000000963e-09,2.000088091800673797e-05,2.413260388206513375e-05,1.979608233324231352e-04,-2.065861482029198023e-04,-8.625324870496667122e-06,0.000000000000000000e+00,2.048889559775088833e-16,1.434166201324648532e-12
8.020000000000001670e-09,2.000087999920996442e-05,2.412829346910001744e-05,1.977543449403127134e-04,-2.063706734945026445e-04,-8.616328554189931063e-06,0.000000000000000000e+00,2.048838121471922568e-16,1.398756497184450859e-12
8.025000000000000722e-09,2.000087908137095473e-05,2.412398755194754190e-05,1.975480819105198164e-04,-2.061554235288293516e-04,-8.607341618309535206e-06,0.000000000000000000e+00,2.048786781241699995e-16,1.364221100452409074e-12
8.029999999999999774e-09,2.000087816448872297e-05,2.411968612591991847e-05,1.973420340184188688e-04,-2.059403980715597614e-04,-8.598364053140892561e-06,0.000000000000000000e+00,2.048735538889516758e-16,1.330538327085073469e-12
8.035000000000000481e-09,2.000087724856228658e-05,2.411538918633422725e-05,1.971362010396185643e-04,-2.057255968885970336e-04,-8.589395848978469226e-06,0.000000000000000000e+00,2.048684394220867120e-16,1.297687340071941586e-12
8.040000000000001187e-09,2.000087633359065960e-05,2.411109672851238659e-05,1.969305827499615133e-04,-2.055110197460863490e-04,-8.580436996124835708e-06,0.000000000000000000e+00,2.048633347041638544e-16,1.265647302402510971e-12
8.045000000000000239e-09,2.000087541957285610e-05,2.410680874778116663e-05,1.967251789255241071e-04,-2.052966664104155330e-04,-8.571487484891425869e-06,0.000000000000000000e+00,2.048582397158113169e-16,1.234398393505815872e-12
8.050000000000000946e-09,2.000087450650789352e-05,2.410252523947216901e-05,1.965199893426161930e-04,-2.050825366482137812e-04,-8.562547305597588247e-06,0.000000000000000000e+00,2.048531544376967564e-16,1.203920962217479990e-12
8.055000000000001652e-09,2.000087359439479268e-05,2.409824619892185393e-05,1.963150137777808842e-04,-2.048686302263530695e-04,-8.553616448572185253e-06,0.000000000000000000e+00,2.048480788505271745e-16,1.174196034999484828e-12
8.060000000000000705e-09,2.000087268323257441e-05,2.409397162147149614e-05,1.961102520077942892e-04,-2.046549469119460934e-04,-8.544694904151804238e-06,0.000000000000000000e+00,2.048430129350488922e-16,1.145204977126990792e-12
8.064999999999999757e-09,2.000087177302024938e-05,2.408970150246720525e-05,1.959057038096653216e-04,-2.044414864723477867e-04,-8.535782662682465114e-06,0.000000000000000000e+00,2.048379566720469343e-16,1.116929831501516091e-12
8.070000000000000463e-09,2.000087086375684859e-05,2.408543583725992573e-05,1.957013689606354565e-04,-2.042282486751538571e-04,-8.526879714518400622e-06,0.000000000000000000e+00,2.048329100423459657e-16,1.089352810431168384e-12
8.075000000000001170e-09,2.000086995544138270e-05,2.408117462120540982e-05,1.954972472381782966e-04,-2.040152332882013558e-04,-8.517986050023059223e-06,0.000000000000000000e+00,2.048278730268090836e-16,1.062456634443823683e-12
8.080000000000000222e-09,2.000086904807288270e-05,2.407691784966423104e-05,1.952933384199995995e-04,-2.038024400795674035e-04,-8.509101659567804054e-06,0.000000000000000000e+00,2.048228456063387544e-16,1.036224362880536903e-12
8.085000000000000929e-09,2.000086814165036943e-05,2.407266551800177072e-05,1.950896422840369521e-04,-2.035898688175700577e-04,-8.500226533533105549e-06,0.000000000000000000e+00,2.048178277618759753e-16,1.010640071521899663e-12
8.090000000000001635e-09,2.000086723617285693e-05,2.406841762158822806e-05,1.948861586084593646e-04,-2.033775192707685565e-04,-8.491360662309191962e-06,0.000000000000000000e+00,2.048128194744003979e-16,9.856871585221457788e-13
8.095000000000000687e-09,2.000086633163938299e-05,2.406417415579859990e-05,1.946828871716673782e-04,-2.031653912079608526e-04,-8.482504036293474388e-06,0.000000000000000000e+00,2.048078207249307468e-16,9.613503772882246723e-13
8.099999999999999739e-09,2.000086542804896503e-05,2.405993511601267048e-05,1.944798277522924424e-04,-2.029534843981852660e-04,-8.473656645892823584e-06,0.000000000000000000e+00,2.048028314945239079e-16,9.376146506336752173e-13
8.105000000000000446e-09,2.000086452540062389e-05,2.405570049761503521e-05,1.942769801291968873e-04,-2.027417986107205657e-04,-8.464818481523678391e-06,0.000000000000000000e+00,2.047978517642753473e-16,9.144649013720362873e-13
8.110000000000001152e-09,2.000086362369339057e-05,2.405147029599507012e-05,1.940743440814736800e-04,-2.025303336150839910e-04,-8.455989533610311013e-06,0.000000000000000000e+00,2.047928815153191360e-16,8.918865605366151084e-13
8.115000000000000205e-09,2.000086272292629606e-05,2.404724450654694548e-05,1.938719193884461806e-04,-2.023190891810324713e-04,-8.447169792586290684e-06,0.000000000000000000e+00,2.047879207288276047e-16,8.698659061936661607e-13
8.120000000000000911e-09,2.000086182309836457e-05,2.404302312466959866e-05,1.936697058296677626e-04,-2.021080650785617042e-04,-8.438359248893941575e-06,0.000000000000000000e+00,2.047829693860112946e-16,8.483888775962650231e-13
8.125000000000001618e-09,2.000086092420862372e-05,2.403880614576675443e-05,1.934677031849217589e-04,-2.018972610779065353e-04,-8.429557892984776467e-06,0.000000000000000000e+00,2.047780274681189327e-16,8.274419222172556265e-13
8.130000000000000670e-09,2.000086002625610449e-05,2.403459356524690807e-05,1.932659112342211905e-04,-2.016866769495401722e-04,-8.420765715318981760e-06,0.000000000000000000e+00,2.047730949564374317e-16,8.070123345624291566e-13
8.134999999999999722e-09,2.000085912923984128e-05,2.403038537852331859e-05,1.930643297578083872e-04,-2.014763124641738589e-04,-8.411982706365471680e-06,0.000000000000000000e+00,2.047681718322916436e-16,7.870872397309873481e-13
8.140000000000000428e-09,2.000085823315886168e-05,2.402618158101400868e-05,1.928629585361548793e-04,-2.012661673927573368e-04,-8.403208856602457488e-06,0.000000000000000000e+00,2.047632580770445325e-16,7.676539322287213862e-13
8.145000000000001135e-09,2.000085733801220346e-05,2.402198216814176816e-05,1.926617973499611803e-04,-2.010562415064782484e-04,-8.394444156517068007e-06,0.000000000000000000e+00,2.047583536720967550e-16,7.487005535943697110e-13
8.150000000000000187e-09,2.000085644379889086e-05,2.401778713533412682e-05,1.924608459801564352e-04,-2.008465345767617848e-04,-8.385688596605349624e-06,0.000000000000000000e+00,2.047534585988867837e-16,7.302150759600813112e-13
8.155000000000000894e-09,2.000085555051796162e-05,2.401359647802338157e-05,1.922601042078982570e-04,-2.006370463752710112e-04,-8.376942167372754180e-06,0.000000000000000000e+00,2.047485728388908580e-16,7.121861490843629794e-13
8.160000000000001600e-09,2.000085465816844676e-05,2.400941019164655238e-05,1.920595718145724838e-04,-2.004277766739052946e-04,-8.368204859332810819e-06,0.000000000000000000e+00,2.047436963736227869e-16,6.946020839125426061e-13
8.165000000000000652e-09,2.000085376674938742e-05,2.400522827164542968e-05,1.918592485817929882e-04,-2.002187252448021199e-04,-8.359476663009131770e-06,0.000000000000000000e+00,2.047388291846340966e-16,6.774523772360742380e-13
8.169999999999999704e-09,2.000085287625981800e-05,2.400105071346650328e-05,1.916591342914012982e-04,-2.000098918603342710e-04,-8.350757568932972883e-06,0.000000000000000000e+00,2.047339712535137350e-16,6.607258482200541183e-13
8.175000000000000411e-09,2.000085198669877625e-05,2.399687751256103006e-05,1.914592287254665700e-04,-1.998012762931126768e-04,-8.342047567646106773e-06,0.000000000000000000e+00,2.047291225618879977e-16,6.444125018757046464e-13
8.180000000000001117e-09,2.000085109806529657e-05,2.399270866438496625e-05,1.912595316662850462e-04,-1.995928783159834838e-04,-8.333346649698437567e-06,0.000000000000000000e+00,2.047242830914204785e-16,6.285018349944798688e-13
8.185000000000000170e-09,2.000085021035842350e-05,2.398854416439901485e-05,1.910600428963801908e-04,-1.993846977020295741e-04,-8.324654805649383269e-06,0.000000000000000000e+00,2.047194528238122422e-16,6.129841914007810866e-13
8.190000000000000876e-09,2.000084932357719481e-05,2.398438400806857142e-05,1.908607621985021203e-04,-1.991767342245688306e-04,-8.315972026066710239e-06,0.000000000000000000e+00,2.047146317408012820e-16,5.978494066992412481e-13
8.195000000000001583e-09,2.000084843772065166e-05,2.398022819086377154e-05,1.906616893556276309e-04,-1.989689876571559802e-04,-8.307298301528349234e-06,0.000000000000000000e+00,2.047098198241628897e-16,5.830885023406194578e-13
8.200000000000000635e-09,2.000084755278782843e-05,2.397607670825943992e-05,1.904628241509598459e-04,-1.987614577735805879e-04,-8.298633622620741994e-06,0.000000000000000000e+00,2.047050170557090881e-16,5.686919915559064675e-13
8.204999999999999687e-09,2.000084666877777645e-05,2.397192955573511759e-05,1.902641663679278635e-04,-1.985541443478670571e-04,-8.289977979939193616e-06,0.000000000000000000e+00,2.047002234172892726e-16,5.546508957958613817e-13
8.210000000000000393e-09,2.000084578568953687e-05,2.396778672877503135e-05,1.900657157901867295e-04,-1.983470471542747105e-04,-8.281331364087980967e-06,0.000000000000000000e+00,2.046954388907894711e-16,5.409565753244222064e-13
8.215000000000001100e-09,2.000084490352214747e-05,2.396364822286811751e-05,1.898674722016170581e-04,-1.981401659672984950e-04,-8.272693765681436891e-06,0.000000000000000000e+00,2.046906634581323690e-16,5.276002209989374969e-13
8.220000000000000152e-09,2.000084402227465956e-05,2.395951403350800153e-05,1.896694353863249776e-04,-1.979335005616671118e-04,-8.264065175342134167e-06,0.000000000000000000e+00,2.046858971012776787e-16,5.145737013031136120e-13
8.225000000000000859e-09,2.000084314194612109e-05,2.395538415619298791e-05,1.894716051286416151e-04,-1.977270507123433409e-04,-8.255445583701725770e-06,0.000000000000000000e+00,2.046811398022216717e-16,5.018688847206569104e-13
8.230000000000001565e-09,2.000084226253556982e-05,2.395125858642607031e-05,1.892739812131231242e-04,-1.975208161945250177e-04,-8.246834981401893541e-06,0.000000000000000000e+00,2.046763915429970054e-16,4.894776397352737507e-13
8.235000000000000617e-09,2.000084138404206385e-05,2.394713731971491802e-05,1.890765634245502507e-04,-1.973147967836427015e-04,-8.238233359092450841e-06,0.000000000000000000e+00,2.046716523056731425e-16,4.773925124570282952e-13
8.239999999999999669e-09,2.000084050646463757e-05,2.394302035157187255e-05,1.888793515479282787e-04,-1.971089922553617355e-04,-8.229640707433456739e-06,0.000000000000000000e+00,2.046669220723555378e-16,4.656055407762163534e-13
8.245000000000000376e-09,2.000083962980235246e-05,2.393890767751393072e-05,1.886823453684866785e-04,-1.969034023855789129e-04,-8.221057017092234459e-06,0.000000000000000000e+00,2.046622008251864756e-16,4.541097790226704400e-13
8.250000000000001083e-09,2.000083875405425646e-05,2.393479929306277512e-05,1.884855446716788890e-04,-1.966980269504259196e-04,-8.212482278747030564e-06,0.000000000000000000e+00,2.046574885463442816e-16,4.428977733064547173e-13
8.255000000000000135e-09,2.000083787921939750e-05,2.393069519374473348e-05,1.882889492431821560e-04,-1.964928657262668128e-04,-8.203916483084656812e-06,0.000000000000000000e+00,2.046527852180433964e-16,4.319625779574016999e-13
8.260000000000000841e-09,2.000083700529683029e-05,2.392659537509079221e-05,1.880925588688971790e-04,-1.962879184896981028e-04,-8.195359620800923839e-06,0.000000000000000000e+00,2.046480908225345976e-16,4.212972473053439026e-13
8.265000000000001548e-09,2.000083613228560616e-05,2.392249983263658285e-05,1.878963733349479491e-04,-1.960831850175488343e-04,-8.186811682600885105e-06,0.000000000000000000e+00,2.046434053421045066e-16,4.108955133064716436e-13
8.270000000000000600e-09,2.000083526018477982e-05,2.391840856192238883e-05,1.877003924276815592e-04,-1.958786650868804503e-04,-8.178272659198891105e-06,0.000000000000000000e+00,2.046387287590758598e-16,4.007504302906174376e-13
8.274999999999999652e-09,2.000083438899340259e-05,2.391432155849312856e-05,1.875046159336679055e-04,-1.956743584749863051e-04,-8.169742541318399630e-06,0.000000000000000000e+00,2.046340610558072129e-16,3.908558996205610536e-13
8.280000000000000359e-09,2.000083351871053257e-05,2.391023881789836218e-05,1.873090436396994711e-04,-1.954702649593914739e-04,-8.161221319692002875e-06,0.000000000000000000e+00,2.046294022146929655e-16,3.812056532524928099e-13
8.285000000000001065e-09,2.000083264933522786e-05,2.390616033569227126e-05,1.871136753327911088e-04,-1.952663843178521568e-04,-8.152708985061047969e-06,0.000000000000000000e+00,2.046247522181633855e-16,3.717935925491924753e-13
8.290000000000000117e-09,2.000083178086654656e-05,2.390208610743367571e-05,1.869185108001797434e-04,-1.950627163283564646e-04,-8.144205528176721174e-06,0.000000000000000000e+00,2.046201110486843384e-16,3.626139576866187209e-13
8.295000000000000824e-09,2.000083091330353999e-05,2.389801612868601346e-05,1.867235498293242626e-04,-1.948592607691236600e-04,-8.135710939799397365e-06,0.000000000000000000e+00,2.046154786887571390e-16,3.536609888407302171e-13
8.300000000000001530e-09,2.000083004664527641e-05,2.389395039501733030e-05,1.865287922079052467e-04,-1.946560174186026942e-04,-8.127225210697447411e-06,0.000000000000000000e+00,2.046108551209189460e-16,3.449290955940750858e-13
8.305000000000000582e-09,2.000082918089080716e-05,2.388988890200030360e-05,1.863342377238245886e-04,-1.944529860554748083e-04,-8.118748331650219724e-06,0.000000000000000000e+00,2.046062403277421211e-16,3.364128569357908993e-13
8.309999999999999635e-09,2.000082831603920049e-05,2.388583164521220503e-05,1.861398861652054939e-04,-1.942501664586502273e-04,-8.110280293444733449e-06,0.000000000000000000e+00,2.046016342918345986e-16,3.281066824484257793e-13
8.315000000000000341e-09,2.000082745208951450e-05,2.388177862023491753e-05,1.859457373203921016e-04,-1.940475584072701653e-04,-8.101821086878063707e-06,0.000000000000000000e+00,2.045970369958395156e-16,3.200058287474751018e-13
8.320000000000001048e-09,2.000082658904081068e-05,2.387772982265491832e-05,1.857517909779493213e-04,-1.938451616807053890e-04,-8.093370702756067653e-06,0.000000000000000000e+00,2.045924484224352617e-16,3.121047054154869882e-13
8.325000000000000100e-09,2.000082572689215391e-05,2.387368524806328233e-05,1.855580469266625353e-04,-1.936429760585564076e-04,-8.084929131893872373e-06,0.000000000000000000e+00,2.045878685543353553e-16,3.043989078811357163e-13
8.330000000000000806e-09,2.000082486564260567e-05,2.386964489205567540e-05,1.853645049555374355e-04,-1.934410013206534730e-04,-8.076496365116037513e-06,0.000000000000000000e+00,2.045832973742885423e-16,2.968831845401483094e-13
8.335000000000001513e-09,2.000082400529123422e-05,2.386560875023234751e-05,1.851711648537997799e-04,-1.932392372470556575e-04,-8.068072393255877649e-06,0.000000000000000000e+00,2.045787348650785006e-16,2.895531308211990451e-13
8.340000000000000565e-09,2.000082314583710106e-05,2.386157681819812602e-05,1.849780264108951485e-04,-1.930376836180512342e-04,-8.059657207156085707e-06,0.000000000000000000e+00,2.045741810095238888e-16,2.824041727463727502e-13
8.344999999999999617e-09,2.000082228727928122e-05,2.385754909156242580e-05,1.847850894164886721e-04,-1.928363402141572425e-04,-8.051250797668570332e-06,0.000000000000000000e+00,2.045696357904783715e-16,2.754315669311648007e-13
8.350000000000000324e-09,2.000082142961684298e-05,2.385352556593921540e-05,1.845923536604648701e-04,-1.926352068161186213e-04,-8.042853155653751154e-06,0.000000000000000000e+00,2.045650991908302245e-16,2.686310782108389250e-13
8.355000000000001030e-09,2.000082057284884780e-05,2.384950623694704748e-05,1.843998189329274602e-04,-1.924342832049099976e-04,-8.034464271982537462e-06,0.000000000000000000e+00,2.045605711935025566e-16,2.619986408272483025e-13
8.360000000000000082e-09,2.000081971697437075e-05,2.384549110020903176e-05,1.842074850241990063e-04,-1.922335691617330577e-04,-8.026084137534051375e-06,0.000000000000000000e+00,2.045560517814531127e-16,2.555298502090672108e-13
8.365000000000000789e-09,2.000081886199248007e-05,2.384148015135282821e-05,1.840153517248208103e-04,-1.920330644680174139e-04,-8.017712743196603624e-06,0.000000000000000000e+00,2.045515409376743229e-16,2.492208100047382802e-13
8.370000000000001495e-09,2.000081800790225081e-05,2.383747338601066400e-05,1.838234188255525865e-04,-1.918327689054206595e-04,-8.009350079868073026e-06,0.000000000000000000e+00,2.045470386451930311e-16,2.430676238627041408e-13
8.375000000000000547e-09,2.000081715470275123e-05,2.383347079981931317e-05,1.836316861173722991e-04,-1.916326822558280971e-04,-8.000996138455798061e-06,0.000000000000000000e+00,2.045425448870705943e-16,2.370662260248179720e-13
8.379999999999999600e-09,2.000081630239304960e-05,2.382947238842007294e-05,1.834401533914759182e-04,-1.914328043013511669e-04,-7.992650909875248727e-06,0.000000000000000000e+00,2.045380596464025614e-16,2.312130589527013058e-13
8.385000000000000306e-09,2.000081545097223451e-05,2.382547814745880770e-05,1.832488204392770947e-04,-1.912331348243286662e-04,-7.984314385051571525e-06,0.000000000000000000e+00,2.045335829063193391e-16,2.255043957013862232e-13
8.390000000000001013e-09,2.000081460043937084e-05,2.382148807258590840e-05,1.830576870524071873e-04,-1.910336736073268852e-04,-7.975986554919697880e-06,0.000000000000000000e+00,2.045291146499849594e-16,2.199366787324942563e-13
8.395000000000000065e-09,2.000081375079353700e-05,2.381750215945628577e-05,1.828667530227148287e-04,-1.908344204331374381e-04,-7.967667410422609418e-06,0.000000000000000000e+00,2.045246548605979670e-16,2.145063505076469368e-13
8.400000000000000771e-09,2.000081290203381144e-05,2.381352040372938721e-05,1.826760181422656547e-04,-1.906353750847787816e-04,-7.959356942513126903e-06,0.000000000000000000e+00,2.045202035213909259e-16,2.092101923016446985e-13
8.405000000000001478e-09,2.000081205415927258e-05,2.380954280106917993e-05,1.824854822033422229e-04,-1.904365373454953742e-04,-7.951055142153151288e-06,0.000000000000000000e+00,2.045157606156304696e-16,2.040448159826985242e-13
8.410000000000000530e-09,2.000081120716899885e-05,2.380556934714414750e-05,1.822951449984437687e-04,-1.902379069987574325e-04,-7.942762000313663721e-06,0.000000000000000000e+00,2.045113261266171273e-16,1.990070028256088475e-13
8.414999999999999582e-09,2.000081036106207206e-05,2.380160003762728308e-05,1.821050063202859614e-04,-1.900394838282605514e-04,-7.934477507974590019e-06,0.000000000000000000e+00,2.045069000376854238e-16,1.940933646985866512e-13
8.420000000000000289e-09,2.000080951583757064e-05,2.379763486819608947e-05,1.819150659618005246e-04,-1.898412676179259486e-04,-7.926201656125424081e-06,0.000000000000000000e+00,2.045024823322035580e-16,1.893011910962007216e-13
8.425000000000000995e-09,2.000080867149457302e-05,2.379367383453257566e-05,1.817253237161353175e-04,-1.896432581519001388e-04,-7.917934435764821316e-06,0.000000000000000000e+00,2.044980729935735513e-16,1.846274326998409432e-13
8.430000000000000047e-09,2.000080782803216779e-05,2.378971693232323991e-05,1.815357793766537932e-04,-1.894454552145536058e-04,-7.909675837899812594e-06,0.000000000000000000e+00,2.044936720052311983e-16,1.800690401908972005e-13
8.435000000000000754e-09,2.000080698544943339e-05,2.378576415725908671e-05,1.813464327369350795e-04,-1.892478585904826727e-04,-7.901425853547593180e-06,0.000000000000000000e+00,2.044892793506457707e-16,1.756231336573488289e-13
8.440000000000001460e-09,2.000080614374545840e-05,2.378181550503560303e-05,1.811572835907734641e-04,-1.890504680645072250e-04,-7.893184473733760908e-06,0.000000000000000000e+00,2.044848950133201657e-16,1.712868331871751637e-13
8.445000000000000513e-09,2.000080530291931786e-05,2.377787097135275837e-05,1.809683317321783677e-04,-1.888532834216720391e-04,-7.884951689493671428e-06,0.000000000000000000e+00,2.044805189767906342e-16,1.670577670881238930e-13
8.449999999999999565e-09,2.000080446297011053e-05,2.377393055191500470e-05,1.807795769553739642e-04,-1.886563044472446948e-04,-7.876727491870730595e-06,0.000000000000000000e+00,2.044761512246271265e-16,1.629330554481743520e-13
8.455000000000001926e-09,2.000080362389692162e-05,2.376999424243126971e-05,1.805910190547992079e-04,-1.884595309267173913e-04,-7.868511871918183395e-06,0.000000000000000000e+00,2.044717917404327248e-16,1.589103265750742289e-13
8.460000000000000978e-09,2.000080278569883293e-05,2.376606203861496023e-05,1.804026578251073187e-04,-1.882629626458063514e-04,-7.860304820699032637e-06,0.000000000000000000e+00,2.044674405078436930e-16,1.549868699633923097e-13
8.465000000000000030e-09,2.000080194837493985e-05,2.376213393618393846e-05,1.802144930611657278e-04,-1.880665993904499236e-04,-7.852106329284195803e-06,0.000000000000000000e+00,2.044630975105297723e-16,1.511601445142868316e-13
8.470000000000000736e-09,2.000080111192432757e-05,2.375820993086053215e-05,1.800265245580558605e-04,-1.878704409468102358e-04,-7.843916388754375302e-06,0.000000000000000000e+00,2.044587627321935153e-16,1.474281173486843843e-13
8.475000000000001443e-09,2.000080027634609147e-05,2.375429001837152108e-05,1.798387521110727573e-04,-1.876744871012714876e-04,-7.835734990198730317e-06,0.000000000000000000e+00,2.044544361565708535e-16,1.437880779611537541e-13
8.480000000000000495e-09,2.000079944163932013e-05,2.375037419444815057e-05,1.796511755157250735e-04,-1.874787376404415224e-04,-7.827562124716448905e-06,0.000000000000000000e+00,2.044501177674304808e-16,1.402379934726215305e-13
8.484999999999999547e-09,2.000079860780310553e-05,2.374646245482610779e-05,1.794637945677346729e-04,-1.872831923511501199e-04,-7.819397783415446947e-06,0.000000000000000000e+00,2.044458075485741246e-16,1.367754921908354016e-13
8.490000000000001908e-09,2.000079777483654305e-05,2.374255479524552175e-05,1.792766090630365462e-04,-1.870878510204489415e-04,-7.811241957412395258e-06,0.000000000000000000e+00,2.044415054838363979e-16,1.333985412367219570e-13
8.495000000000000960e-09,2.000079694273872806e-05,2.373865121145095651e-05,1.790896187977784860e-04,-1.868927134356114224e-04,-7.803094637832936427e-06,0.000000000000000000e+00,2.044372115570847007e-16,1.301049383246183355e-13
8.500000000000000012e-09,2.000079611150875253e-05,2.373475169919142476e-05,1.789028235683208696e-04,-1.866977793841336115e-04,-7.794955815812741910e-06,0.000000000000000000e+00,2.044329257522190476e-16,1.268926505754511269e-13
8.505000000000000719e-09,2.000079528114571183e-05,2.373085625422036409e-05,1.787162231712365241e-04,-1.865030486537325996e-04,-7.786825482496075469e-06,0.000000000000000000e+00,2.044286480531721907e-16,1.237596451101469208e-13
8.510000000000001425e-09,2.000079445164870811e-05,2.372696487229562684e-05,1.785298174033104004e-04,-1.863085210323459496e-04,-7.778703629035549219e-06,0.000000000000000000e+00,2.044243784439095956e-16,1.207040584562217578e-13
8.515000000000000478e-09,2.000079362301683335e-05,2.372307754917949360e-05,1.783436060615394112e-04,-1.861141963081330256e-04,-7.770590246593614414e-06,0.000000000000000000e+00,2.044201169084289721e-16,1.177238577346022275e-13
8.519999999999999530e-09,2.000079279524919309e-05,2.371919428063866989e-05,1.781575889431322407e-04,-1.859200742694738263e-04,-7.762485326341585657e-06,0.000000000000000000e+00,2.044158634307609160e-16,1.148173488793938213e-13
8.525000000000001891e-09,2.000079196834488268e-05,2.371531506244425901e-05,1.779717658455090470e-04,-1.857261547049688234e-04,-7.754388859459776431e-06,0.000000000000000000e+00,2.044116179949679963e-16,1.119824990115231289e-13
8.530000000000000943e-09,2.000079114230300428e-05,2.371143989037178241e-05,1.777861365663012990e-04,-1.855324374034389066e-04,-7.746300837137607516e-06,0.000000000000000000e+00,2.044073805851452982e-16,1.092174446585061909e-13
8.534999999999999995e-09,2.000079031712265665e-05,2.370756876020115931e-05,1.776007009033514787e-04,-1.853389221539251399e-04,-7.738221250573661201e-06,0.000000000000000000e+00,2.044031511854201267e-16,1.065208305676274003e-13
8.540000000000000701e-09,2.000078949280294869e-05,2.370370166771671350e-05,1.774154586547129994e-04,-1.851456087456882470e-04,-7.730150090975247603e-06,0.000000000000000000e+00,2.043989297799521056e-16,1.038909626729922486e-13
8.545000000000001408e-09,2.000078866934297580e-05,2.369983860870715302e-05,1.772304096186498265e-04,-1.849524969682088545e-04,-7.722087349559028082e-06,0.000000000000000000e+00,2.043947163529327087e-16,1.013258080955273255e-13
8.550000000000000460e-09,2.000078784674184687e-05,2.369597957896558372e-05,1.770455535936364233e-04,-1.847595866111868422e-04,-7.714033017550418932e-06,0.000000000000000000e+00,2.043905108885858028e-16,9.882401158251702400e-14
8.554999999999999512e-09,2.000078702499867085e-05,2.369212457428949566e-05,1.768608903783573444e-04,-1.845668774645412339e-04,-7.705987086183889532e-06,0.000000000000000000e+00,2.043863133711671045e-16,9.638404847465628644e-14
8.560000000000001873e-09,2.000078620411254647e-05,2.368827359048075639e-05,1.766764197717071543e-04,-1.843743693184104961e-04,-7.697949546703341823e-06,0.000000000000000000e+00,2.043821237849641318e-16,9.400439411264005507e-14
8.565000000000000925e-09,2.000078538408258945e-05,2.368442662334560754e-05,1.764921415727902106e-04,-1.841820619631509115e-04,-7.689920390360700840e-06,0.000000000000000000e+00,2.043779421142965732e-16,9.168335443057382128e-14
8.569999999999999977e-09,2.000078456490789514e-05,2.368058366869466141e-05,1.763080555809203660e-04,-1.839899551893383136e-04,-7.681899608417947596e-06,0.000000000000000000e+00,2.043737683435154250e-16,8.941974358233142905e-14
8.575000000000000684e-09,2.000078374658758603e-05,2.367674472234291118e-05,1.761241615956207784e-04,-1.837980487877662441e-04,-7.673887192145465667e-06,0.000000000000000000e+00,2.043696024570040271e-16,8.721203690860782065e-14
8.580000000000001391e-09,2.000078292912076426e-05,2.367290978010969359e-05,1.759404594166237210e-04,-1.836063425494464669e-04,-7.665883132822745930e-06,0.000000000000000000e+00,2.043654444391769778e-16,8.505870975009793833e-14
8.585000000000000443e-09,2.000078211250654213e-05,2.366907883781871609e-05,1.757569488438703658e-04,-1.834148362656086982e-04,-7.657887421738332348e-06,0.000000000000000000e+00,2.043612942744805285e-16,8.295857626067562607e-14
8.589999999999999495e-09,2.000078129674403196e-05,2.366525189129803310e-05,1.755736296775105396e-04,-1.832235297277000634e-04,-7.649900050189523820e-06,0.000000000000000000e+00,2.043571519473926329e-16,8.091045059421472785e-14
8.595000000000001856e-09,2.000078048183234606e-05,2.366142893638004937e-05,1.753905017179024526e-04,-1.830324227273851792e-04,-7.641921009482726540e-06,0.000000000000000000e+00,2.043530174424225527e-16,7.891263868482073507e-14
8.600000000000000908e-09,2.000077966777060012e-05,2.365760996890152346e-05,1.752075647656125906e-04,-1.828415150565461801e-04,-7.633950290933589527e-06,0.000000000000000000e+00,2.043488907441110794e-16,7.696429349954639343e-14
8.604999999999999960e-09,2.000077885455790307e-05,2.365379498470353373e-05,1.750248186214154703e-04,-1.826508065072815262e-04,-7.625987885866055945e-06,0.000000000000000000e+00,2.043447718370301643e-16,7.506405978567609605e-14
8.610000000000000667e-09,2.000077804219337738e-05,2.364998397963151913e-05,1.748422630862933960e-04,-1.824602968719070872e-04,-7.618033785613691255e-06,0.000000000000000000e+00,2.043406607057833381e-16,7.321075169708368691e-14
8.615000000000001373e-09,2.000077723067612858e-05,2.364617694953522826e-05,1.746598979614361882e-04,-1.822699859429549769e-04,-7.610087981518788743e-06,0.000000000000000000e+00,2.043365573350049462e-16,7.140318338764300998e-14
8.620000000000000425e-09,2.000077642000528254e-05,2.364237389026874994e-05,1.744777230482410753e-04,-1.820798735131733636e-04,-7.602150464932288208e-06,0.000000000000000000e+00,2.043324617093608884e-16,6.964033841781736012e-14
8.624999999999999477e-09,2.000077561017995494e-05,2.363857479769048610e-05,1.742957381483124497e-04,-1.818899593755265510e-04,-7.594221227214101224e-06,0.000000000000000000e+00,2.043283738135479288e-16,6.792086153489113043e-14
8.630000000000001838e-09,2.000077480119926828e-05,2.363477966766316528e-05,1.741139430634615966e-04,-1.817002433231948433e-04,-7.586300259733246660e-06,0.000000000000000000e+00,2.043242936322940406e-16,6.624390570591706662e-14
8.635000000000000890e-09,2.000077399306233824e-05,2.363098849605381558e-05,1.739323375957065043e-04,-1.815107251495738671e-04,-7.578387553867362795e-06,0.000000000000000000e+00,2.043202211503578890e-16,6.460828508476901266e-14
8.639999999999999943e-09,2.000077318576828390e-05,2.362720127873379512e-05,1.737509215472716475e-04,-1.813214046482755745e-04,-7.570483101003927040e-06,0.000000000000000000e+00,2.043161563525290770e-16,6.301315263849971426e-14
8.645000000000000649e-09,2.000077237931622776e-05,2.362341801157874803e-05,1.735696947205878787e-04,-1.811322816131260205e-04,-7.562586892538141750e-06,0.000000000000000000e+00,2.043120992236282443e-16,6.145732252098301540e-14
8.650000000000001356e-09,2.000077157370529226e-05,2.361963869046862472e-05,1.733886569182919676e-04,-1.809433558381666365e-04,-7.554698919874668940e-06,0.000000000000000000e+00,2.043080497485066980e-16,5.994011710586111263e-14
8.655000000000000408e-09,2.000077076893460668e-05,2.361586331128766840e-05,1.732078079432266822e-04,-1.807546271176530927e-04,-7.546819174426410565e-06,0.000000000000000000e+00,2.043040079120465103e-16,5.846018114041839908e-14
8.660000000000001114e-09,2.000076996500329009e-05,2.361209186992442179e-05,1.730271475984403282e-04,-1.805660952460565985e-04,-7.538947647616270342e-06,0.000000000000000000e+00,2.042999736991601988e-16,5.701666759170762044e-14
8.665000000000001821e-09,2.000076916191046158e-05,2.360832436227170344e-05,1.728466756871866405e-04,-1.803777600180620866e-04,-7.531084330875446138e-06,0.000000000000000000e+00,2.042959470947909972e-16,5.560889883337097328e-14
8.670000000000000873e-09,2.000076835965525717e-05,2.360456078422662468e-05,1.726663920129246747e-04,-1.801896212285683757e-04,-7.523229215643701014e-06,0.000000000000000000e+00,2.042919280839127077e-16,5.423602783246120329e-14
8.674999999999999925e-09,2.000076755823680273e-05,2.360080113169056587e-05,1.724862963793182924e-04,-1.800016786726881435e-04,-7.515382293369851120e-06,0.000000000000000000e+00,2.042879166515295775e-16,5.289686874285215445e-14
8.680000000000000632e-09,2.000076675765422073e-05,2.359704540056918319e-05,1.723063885902362963e-04,-1.798139321457481162e-04,-7.507543555511819906e-06,0.000000000000000000e+00,2.042839127826761509e-16,5.159091334477547419e-14
8.685000000000001338e-09,2.000076595790664381e-05,2.359329358677240187e-05,1.721266684497519696e-04,-1.796263814432879030e-04,-7.499712993535933387e-06,0.000000000000000000e+00,2.042799164624173437e-16,5.031714519869445734e-14
8.690000000000000390e-09,2.000076515899320122e-05,2.358954568621441958e-05,1.719471357621429680e-04,-1.794390263610609181e-04,-7.491890598917950138e-06,0.000000000000000000e+00,2.042759276758484178e-16,4.907471727166184960e-14
8.695000000000001097e-09,2.000076436091302221e-05,2.358580169481367593e-05,1.717677903318911019e-04,-1.792518666950326995e-04,-7.484076363141597618e-06,0.000000000000000000e+00,2.042719464080946366e-16,4.786312134390929840e-14
8.700000000000001803e-09,2.000076356366524281e-05,2.358206160849288295e-05,1.715886319636820664e-04,-1.790649022413820209e-04,-7.476270277699954532e-06,0.000000000000000000e+00,2.042679726443117580e-16,4.668134097590009857e-14
8.705000000000000855e-09,2.000076276724899226e-05,2.357832542317900141e-05,1.714096604624053863e-04,-1.788781327965004576e-04,-7.468472334095071358e-06,0.000000000000000000e+00,2.042640063696852700e-16,4.552886794786589753e-14
8.709999999999999908e-09,2.000076197166340320e-05,2.357459313480322723e-05,1.712308756331539557e-04,-1.786915581569911943e-04,-7.460682523837238508e-06,0.000000000000000000e+00,2.042600475694308839e-16,4.440468582026999012e-14
8.715000000000000614e-09,2.000076117690760828e-05,2.357086473930101520e-05,1.710522772812239840e-04,-1.785051781196703526e-04,-7.452900838446368690e-06,0.000000000000000000e+00,2.042560962287940657e-16,4.330828637334402376e-14
8.720000000000001321e-09,2.000076038298074013e-05,2.356714023261204514e-05,1.708738652121148595e-04,-1.783189924815652572e-04,-7.445127269450397709e-06,0.000000000000000000e+00,2.042521523330503323e-16,4.223916138731964587e-14
8.725000000000000373e-09,2.000075958988194156e-05,2.356341961068023880e-05,1.706956392315286898e-04,-1.781330010399148687e-04,-7.437361808386178932e-06,0.000000000000000000e+00,2.042482158675051770e-16,4.119629442266015129e-14
8.730000000000001079e-09,2.000075879761034519e-05,2.355970286945374291e-05,1.705175991453703821e-04,-1.779472035921698925e-04,-7.429604446799510393e-06,0.000000000000000000e+00,2.042442868174936019e-16,4.017900785300773658e-14
8.735000000000001786e-09,2.000075800616509046e-05,2.355599000488493261e-05,1.703397447597471831e-04,-1.777615999359921011e-04,-7.421855176244917954e-06,0.000000000000000000e+00,2.042403651683804374e-16,3.918713227177295089e-14
8.740000000000000838e-09,2.000075721554531337e-05,2.355228101293039788e-05,1.701620758809685701e-04,-1.775761898692542254e-04,-7.414113988285655306e-06,0.000000000000000000e+00,2.042364509055601704e-16,3.821948183282963818e-14
8.744999999999999890e-09,2.000075642575015335e-05,2.354857588955095029e-05,1.699845923155461429e-04,-1.773909731900398469e-04,-7.406380874493703964e-06,0.000000000000000000e+00,2.042325440144568207e-16,3.727588712958834760e-14
8.750000000000000597e-09,2.000075563677875998e-05,2.354487463071161288e-05,1.698072938701931901e-04,-1.772059496966426381e-04,-7.398655826449448015e-06,0.000000000000000000e+00,2.042286444805241878e-16,3.635550112910182485e-14
8.755000000000001303e-09,2.000075484863026251e-05,2.354117723238160996e-05,1.696301803518247429e-04,-1.770211191875673657e-04,-7.390938835742622785e-06,0.000000000000000000e+00,2.042247522892451108e-16,3.545781561160171735e-14
8.760000000000000355e-09,2.000075406130380373e-05,2.353748369053437729e-05,1.694532515675570338e-04,-1.768364814615286710e-04,-7.383229893971637219e-06,0.000000000000000000e+00,2.042208674261320360e-16,3.458249176390912338e-14
8.765000000000001062e-09,2.000075327479853323e-05,2.353379400114754852e-05,1.692765073247076582e-04,-1.766520363174507713e-04,-7.375528992743113094e-06,0.000000000000000000e+00,2.042169898767269426e-16,3.372851314648733778e-14
8.770000000000001768e-09,2.000075248911359382e-05,2.353010816020294506e-05,1.690999474307950605e-04,-1.764677835544675689e-04,-7.367836123672508435e-06,0.000000000000000000e+00,2.042131196266009237e-16,3.289587975933636055e-14
8.775000000000000821e-09,2.000075170424812828e-05,2.352642616368657940e-05,1.689235716935385330e-04,-1.762837229719225692e-04,-7.360151278384036199e-06,0.000000000000000000e+00,2.042092566613543096e-16,3.208357516291948652e-14
8.779999999999999873e-09,2.000075092020128282e-05,2.352274800758865516e-05,1.687473799208578647e-04,-1.760998543693686102e-04,-7.352474448510745589e-06,0.000000000000000000e+00,2.042054009666165196e-16,3.129142995064726485e-14
8.785000000000000579e-09,2.000075013697220363e-05,2.351907368790356033e-05,1.685713719208731774e-04,-1.759161775465678350e-04,-7.344805625694657584e-06,0.000000000000000000e+00,2.042015525280462599e-16,3.051876649616189208e-14
8.790000000000001286e-09,2.000074935456003689e-05,2.351540320062984687e-05,1.683955475019048185e-04,-1.757326923034904992e-04,-7.337144801585680732e-06,0.000000000000000000e+00,2.041977113313311283e-16,2.976524598628446650e-14
8.795000000000000338e-09,2.000074857296393218e-05,2.351173654177024774e-05,1.682199064724728993e-04,-1.755493984403157844e-04,-7.329491967842885090e-06,0.000000000000000000e+00,2.041938773621878368e-16,2.903036020124663552e-14
8.800000000000001044e-09,2.000074779218303909e-05,2.350807370733166326e-05,1.680444486412973769e-04,-1.753662957574312015e-04,-7.321847116133824596e-06,0.000000000000000000e+00,2.041900506063619153e-16,2.831360092128004657e-14
8.805000000000001751e-09,2.000074701221650719e-05,2.350441469332515779e-05,1.678691738172977013e-04,-1.751833840554325365e-04,-7.314210238134835227e-06,0.000000000000000000e+00,2.041862310496278844e-16,2.761462933320579793e-14
8.810000000000000803e-09,2.000074623306348945e-05,2.350075949576595970e-05,1.676940818095925992e-04,-1.750006631351234986e-04,-7.306581325530899472e-06,0.000000000000000000e+00,2.041824186777889349e-16,2.693276781066608616e-14
8.814999999999999855e-09,2.000074545472313545e-05,2.349710811067344442e-05,1.675191724274998565e-04,-1.748181327975154486e-04,-7.298960370015592121e-06,0.000000000000000000e+00,2.041786134766771496e-16,2.626784694707146040e-14
8.820000000000000562e-09,2.000074467719459477e-05,2.349346053407114804e-05,1.673444454805362376e-04,-1.746357928438276703e-04,-7.291347363291432633e-06,0.000000000000000000e+00,2.041748154321531336e-16,2.561918911606411720e-14
8.825000000000001268e-09,2.000074390047702376e-05,2.348981676198673335e-05,1.671699007784170784e-04,-1.744536430754854727e-04,-7.283742297068394357e-06,0.000000000000000000e+00,2.041710245301062852e-16,2.498662491105460570e-14
8.830000000000000320e-09,2.000074312456957877e-05,2.348617679045203734e-05,1.669955381310562592e-04,-1.742716832941229284e-04,-7.276145163066669247e-06,0.000000000000000000e+00,2.041672407564545253e-16,2.436964611227457334e-14
8.835000000000001027e-09,2.000074234947141617e-05,2.348254061550301020e-05,1.668213573485658797e-04,-1.740899133015797015e-04,-7.268555953013821833e-06,0.000000000000000000e+00,2.041634640971442967e-16,2.376791390654511837e-14
8.840000000000001733e-09,2.000074157518168892e-05,2.347890823317973902e-05,1.666473582412561234e-04,-1.739083328999025118e-04,-7.260974658646388415e-06,0.000000000000000000e+00,2.041596945381504908e-16,2.318108948068733910e-14
8.845000000000000786e-09,2.000074080169956015e-05,2.347527963952645457e-05,1.664735406196350134e-04,-1.737269418913447278e-04,-7.253401271709714439e-06,0.000000000000000000e+00,2.041559320654764472e-16,2.260883402152233379e-14
8.849999999999999838e-09,2.000074002902417605e-05,2.347165483059149743e-05,1.662999042944082230e-04,-1.735457400783660690e-04,-7.245835783957846072e-06,0.000000000000000000e+00,2.041521766651536085e-16,2.205063930928174987e-14
8.855000000000000544e-09,2.000073925715470315e-05,2.346803380242733832e-05,1.661264490764788587e-04,-1.733647272636317654e-04,-7.238278187152906787e-06,0.000000000000000000e+00,2.041484283232419891e-16,2.150616653078668561e-14
8.860000000000001251e-09,2.000073848609029779e-05,2.346441655109055775e-05,1.659531747769472704e-04,-1.731839032500129911e-04,-7.230728473065720779e-06,0.000000000000000000e+00,2.041446870258296817e-16,2.097507687285823930e-14
8.865000000000000303e-09,2.000073771583012311e-05,2.346080307264185281e-05,1.657800812071107805e-04,-1.730032678405864850e-04,-7.223186633475704548e-06,0.000000000000000000e+00,2.041409527590329810e-16,2.045720092890696007e-14
8.870000000000001009e-09,2.000073694637333885e-05,2.345719336314603041e-05,1.656071681784635754e-04,-1.728228208386345778e-04,-7.215652660171002417e-06,0.000000000000000000e+00,2.041372255089963587e-16,1.995219988575394621e-14
8.875000000000001716e-09,2.000073617771911153e-05,2.345358741867200047e-05,1.654344355026965158e-04,-1.726425620476444603e-04,-7.208126544947944438e-06,0.000000000000000000e+00,2.041335052618922910e-16,1.945956552363084513e-14
8.880000000000000768e-09,2.000073540986660090e-05,2.344998523529276917e-05,1.652618829916967572e-04,-1.724624912713084270e-04,-7.200608279611669807e-06,0.000000000000000000e+00,2.041297920039211601e-16,1.897895902935875512e-14
8.884999999999999820e-09,2.000073464281497008e-05,2.344638680908544233e-05,1.650895104575477227e-04,-1.722826083135236056e-04,-7.193097855975882915e-06,0.000000000000000000e+00,2.041260857213113530e-16,1.851038040293767617e-14
8.890000000000000527e-09,2.000073387656338221e-05,2.344279213613120847e-05,1.649173177125288050e-04,-1.721029129783913059e-04,-7.185595265862500984e-06,0.000000000000000000e+00,2.041223864003190883e-16,1.805332142459925571e-14
8.895000000000001233e-09,2.000073311111101059e-05,2.343920121251535574e-05,1.647453045691152579e-04,-1.719234050702172644e-04,-7.178100501102006436e-06,0.000000000000000000e+00,2.041186940272285894e-16,1.760761268775404287e-14
8.900000000000000285e-09,2.000073234645701834e-05,2.343561403432724145e-05,1.645734708399778712e-04,-1.717440843935111555e-04,-7.170613553533284256e-06,0.000000000000000000e+00,2.041150085883516651e-16,1.717274597263368507e-14
8.905000000000000992e-09,2.000073158260056859e-05,2.343203059766031237e-05,1.644018163379828079e-04,-1.715649507529871888e-04,-7.163134415004380941e-06,0.000000000000000000e+00,2.041113300700277591e-16,1.674889068582763318e-14
8.910000000000001699e-09,2.000073081954083126e-05,2.342845089861208443e-05,1.642303408761914955e-04,-1.713860039535626718e-04,-7.155663077371176347e-06,0.000000000000000000e+00,2.041076584586241223e-16,1.633519979438863290e-14
8.915000000000000751e-09,2.000073005727698303e-05,2.342487493328414608e-05,1.640590442678602472e-04,-1.712072438003581459e-04,-7.148199532497898686e-06,0.000000000000000000e+00,2.041039937405356651e-16,1.593184270490613508e-14
8.919999999999999803e-09,2.000072929580818702e-05,2.342130269778214816e-05,1.638879263264402344e-04,-1.710286700986980637e-04,-7.140743772257829259e-06,0.000000000000000000e+00,2.041003359021846369e-16,1.553865001079068886e-14
8.925000000000000509e-09,2.000072853513360977e-05,2.341773418821580048e-05,1.637169868655771342e-04,-1.708502826541095422e-04,-7.133295788532407989e-06,0.000000000000000000e+00,2.040966849300207492e-16,1.515494408568449081e-14
8.930000000000001216e-09,2.000072777525242795e-05,2.341416940069887521e-05,1.635462256991110754e-04,-1.706720812723223630e-04,-7.125855573211287630e-06,0.000000000000000000e+00,2.040930408105212992e-16,1.478072492958754092e-14
8.935000000000000268e-09,2.000072701616382502e-05,2.341060833134920013e-05,1.633756426410762591e-04,-1.704940657592687555e-04,-7.118423118192496396e-06,0.000000000000000000e+00,2.040894035301911693e-16,1.441582313591038833e-14
8.940000000000000975e-09,2.000072625786695734e-05,2.340705097628864505e-05,1.632052375057009043e-04,-1.703162359210843723e-04,-7.110998415383467958e-06,0.000000000000000000e+00,2.040857730755618908e-16,1.405989989147413133e-14
8.945000000000001681e-09,2.000072550036100836e-05,2.340349733164312862e-05,1.630350101074070040e-04,-1.701385915641060126e-04,-7.103581456699008560e-06,0.000000000000000000e+00,2.040821494331928022e-16,1.371261638309986819e-14
8.950000000000000733e-09,2.000072474364514801e-05,2.339994739354260472e-05,1.628649602608100815e-04,-1.699611324948728421e-04,-7.096172234062760693e-06,0.000000000000000000e+00,2.040785325896702115e-16,1.337414201737704977e-14
8.954999999999999785e-09,2.000072398771855973e-05,2.339640115812106929e-05,1.626950877807190542e-04,-1.697838585201254713e-04,-7.088770739406417051e-06,0.000000000000000000e+00,2.040749225316077652e-16,1.304396857453732350e-14
8.960000000000000492e-09,2.000072323258041343e-05,2.339285862151654677e-05,1.625253924821359907e-04,-1.696067694468066599e-04,-7.081376964670669204e-06,0.000000000000000000e+00,2.040713192456458575e-16,1.272175724140178765e-14
8.965000000000001198e-09,2.000072247822988920e-05,2.338931977987109006e-05,1.623558741802559201e-04,-1.694298650820600435e-04,-7.073990901804123399e-06,0.000000000000000000e+00,2.040677227184522707e-16,1.240767742455989309e-14
8.970000000000000251e-09,2.000072172466617047e-05,2.338578462933077381e-05,1.621865326904665342e-04,-1.692531452332301600e-04,-7.066612542763625821e-06,0.000000000000000000e+00,2.040641329367216576e-16,1.210139031083273808e-14
8.975000000000000957e-09,2.000072097188842718e-05,2.338225316604569434e-05,1.620173678283482420e-04,-1.690766097078633449e-04,-7.059241879515102845e-06,0.000000000000000000e+00,2.040605498871753692e-16,1.180272649363087178e-14
8.980000000000001664e-09,2.000072021989584954e-05,2.337872538616996633e-05,1.618483794096737627e-04,-1.689002583137058330e-04,-7.051878904032070263e-06,0.000000000000000000e+00,2.040569735565619474e-16,1.151117775318594161e-14
8.985000000000000716e-09,2.000071946868761086e-05,2.337520128586170244e-05,1.616795672504078006e-04,-1.687240908587045723e-04,-7.044523608296771695e-06,0.000000000000000000e+00,2.040534039316565335e-16,1.122708290267684927e-14
8.989999999999999768e-09,2.000071871826289798e-05,2.337168086128304381e-05,1.615109311667072348e-04,-1.685481071510072778e-04,-7.037175984300043062e-06,0.000000000000000000e+00,2.040498409992610903e-16,1.094976431574579134e-14
8.995000000000000474e-09,2.000071796862089098e-05,2.336816410860011604e-05,1.613424709749205501e-04,-1.683723069989612664e-04,-7.029836024040716277e-06,0.000000000000000000e+00,2.040462847462042783e-16,1.067939139898221867e-14
9.000000000000001181e-09,2.000071721976078010e-05,2.336465102398304611e-05,1.611741864915878912e-04,-1.681966902111132936e-04,-7.022503719525402402e-06,0.000000000000000000e+00,2.040427351593415054e-16,1.041579474579668041e-14
9.005000000000000233e-09,2.000071647168174201e-05,2.336114160360596237e-05,1.610060775334406558e-04,-1.680212565962110177e-04,-7.015179062770361901e-06,0.000000000000000000e+00,2.040391922255545326e-16,1.015863554301027483e-14
9.010000000000000940e-09,2.000071572438296357e-05,2.335763584364697763e-05,1.608381439174014682e-04,-1.678460059632006960e-04,-7.007862045799227810e-06,0.000000000000000000e+00,2.040356559317517939e-16,9.907913790623001926e-15
9.015000000000001646e-09,2.000071497786363162e-05,2.335413374028819252e-05,1.606703854605838803e-04,-1.676709381212280515e-04,-7.000552660644171260e-06,0.000000000000000000e+00,2.040321262648682491e-16,9.663290675455959988e-15
9.020000000000000698e-09,2.000071423212293641e-05,2.335063528971568873e-05,1.605028019802922095e-04,-1.674960528796376230e-04,-6.993250899345413579e-06,0.000000000000000000e+00,2.040286032118653093e-16,9.424766197509149013e-15
9.024999999999999750e-09,2.000071348716006138e-05,2.334714048811952901e-05,1.603353932940212675e-04,-1.673213500479733883e-04,-6.985956753952120768e-06,0.000000000000000000e+00,2.040250867597305906e-16,9.192001543603667280e-15
9.030000000000000457e-09,2.000071274297419679e-05,2.334364933169374360e-05,1.601681592194563605e-04,-1.671468294359773274e-04,-6.978670216520966923e-06,0.000000000000000000e+00,2.040215768954780867e-16,8.964996713739514789e-15
9.035000000000001163e-09,2.000071199956453624e-05,2.334016181663633703e-05,1.600010995744727466e-04,-1.669724908535900464e-04,-6.971391279117299762e-06,0.000000000000000000e+00,2.040180736061482672e-16,8.743751707916691540e-15
9.040000000000000216e-09,2.000071125693026660e-05,2.333667793914927794e-05,1.598342141771359076e-04,-1.667983341109505603e-04,-6.964119933814652726e-06,0.000000000000000000e+00,2.040145768788075606e-16,8.527927712956295814e-15
9.045000000000000922e-09,2.000071051507057470e-05,2.333319769543849229e-05,1.596675028457008162e-04,-1.666243590183958865e-04,-6.956856172695070244e-06,0.000000000000000000e+00,2.040110867005484767e-16,8.317355322268876749e-15
9.050000000000001629e-09,2.000070977398466434e-05,2.332972108171387020e-05,1.595009653986122081e-04,-1.664505653864602858e-04,-6.949599987848077741e-06,0.000000000000000000e+00,2.040076030584901248e-16,8.112034535854434347e-15
9.055000000000000681e-09,2.000070903367171898e-05,2.332624809418924890e-05,1.593346016545041204e-04,-1.662769530258765096e-04,-6.942351371372389255e-06,0.000000000000000000e+00,2.040041259397770799e-16,7.911626540534066887e-15
9.059999999999999733e-09,2.000070829413093563e-05,2.332277872908241964e-05,1.591684114321997021e-04,-1.661035217475742001e-04,-6.935110315374497974e-06,0.000000000000000000e+00,2.040006553315802202e-16,7.716300742897225229e-15
9.065000000000000439e-09,2.000070755536151131e-05,2.331931298261510723e-05,1.590023945507111603e-04,-1.659302713626797823e-04,-6.927876811968622026e-06,0.000000000000000000e+00,2.039971912210963332e-16,7.525887736354458513e-15
9.070000000000001146e-09,2.000070681736263963e-05,2.331585085101299385e-05,1.588365508292394342e-04,-1.657572016825177108e-04,-6.920650853278276574e-06,0.000000000000000000e+00,2.039937335955480663e-16,7.340048707726865018e-15
9.075000000000000198e-09,2.000070608013351423e-05,2.331239233050568852e-05,1.586708800871740061e-04,-1.655843125186087078e-04,-6.913432431434701720e-06,0.000000000000000000e+00,2.039902824421838527e-16,7.158783657014444746e-15
9.080000000000000905e-09,2.000070534367333550e-05,2.330893741732673050e-05,1.585053821440928466e-04,-1.654116036826697362e-04,-6.906221538576889614e-06,0.000000000000000000e+00,2.039868377482780842e-16,6.982092584217197695e-15
9.085000000000001611e-09,2.000070460798130046e-05,2.330548610771358925e-05,1.583400568197620084e-04,-1.652390749866144331e-04,-6.899018166852424706e-06,0.000000000000000000e+00,2.039833995011306424e-16,6.809636676156222146e-15
9.090000000000000663e-09,2.000070387305660950e-05,2.330203839790766113e-05,1.581749039341355989e-04,-1.650667262425525948e-04,-6.891822308416995857e-06,0.000000000000000000e+00,2.039799676880672938e-16,6.641585339420968959e-15
9.094999999999999715e-09,2.000070313889845965e-05,2.329859428415426251e-05,1.580099233073554825e-04,-1.648945572627901499e-04,-6.884633955434667392e-06,0.000000000000000000e+00,2.039765422964392945e-16,6.477599760832536413e-15
9.100000000000000422e-09,2.000070240550605468e-05,2.329515376270262309e-05,1.578451147597510903e-04,-1.647225678598284273e-04,-6.877453100077336994e-06,0.000000000000000000e+00,2.039731233136235883e-16,6.317679940390924509e-15
9.105000000000001129e-09,2.000070167287858823e-05,2.329171682980588247e-05,1.576804781118393392e-04,-1.645507578463647255e-04,-6.870279734525386230e-06,0.000000000000000000e+00,2.039697107270223869e-16,6.161656471506682387e-15
9.110000000000000181e-09,2.000070094101527086e-05,2.328828348172109691e-05,1.575160131843242252e-04,-1.643791270352913095e-04,-6.863113850967084238e-06,0.000000000000000000e+00,2.039663045240637867e-16,6.009529354179810046e-15
9.115000000000000887e-09,2.000070020991530636e-05,2.328485371470921566e-05,1.573517197980969047e-04,-1.642076752396954653e-04,-6.855955441598560619e-06,0.000000000000000000e+00,2.039629046922010535e-16,5.861129181820856626e-15
9.120000000000001594e-09,2.000069947957789173e-05,2.328142752503509786e-05,1.571875977742352335e-04,-1.640364022728603129e-04,-6.848804498625079380e-06,0.000000000000000000e+00,2.039595112189127462e-16,5.716455954429822128e-15
9.125000000000000646e-09,2.000069875000223756e-05,2.327800490896748544e-05,1.570236469340037674e-04,-1.638653079482623939e-04,-6.841661014258626581e-06,0.000000000000000000e+00,2.039561240917028396e-16,5.575509672006706552e-15
9.129999999999999698e-09,2.000069802118754423e-05,2.327458586277903025e-05,1.568598670988533819e-04,-1.636943920795743009e-04,-6.834524980720918996e-06,0.000000000000000000e+00,2.039527432981005028e-16,5.437782114783157317e-15
9.135000000000000405e-09,2.000069729313302231e-05,2.327117038274625338e-05,1.566962580904213544e-04,-1.635236544806615601e-04,-6.827396390240205717e-06,0.000000000000000000e+00,2.039493688256603210e-16,5.303612095938076143e-15
9.140000000000001111e-09,2.000069656583787898e-05,2.326775846514956888e-05,1.565328197305307942e-04,-1.633530949655845018e-04,-6.820275235053707610e-06,0.000000000000000000e+00,2.039460006619618027e-16,5.172660802292561311e-15
9.145000000000000163e-09,2.000069583930131804e-05,2.326435010627327701e-05,1.563695518411907786e-04,-1.631827133485979622e-04,-6.813161507407183631e-06,0.000000000000000000e+00,2.039426387946095516e-16,5.044928233846612819e-15
9.150000000000000870e-09,2.000069511352255681e-05,2.326094530240553369e-05,1.562064542445960273e-04,-1.630125094441488439e-04,-6.806055199552816636e-06,0.000000000000000000e+00,2.039392832112335140e-16,4.920414390600230670e-15
9.155000000000001576e-09,2.000069438850079570e-05,2.325754404983838104e-05,1.560435267631267399e-04,-1.628424830668792601e-04,-6.798956303752520195e-06,0.000000000000000000e+00,2.039359338994882138e-16,4.798949865963964001e-15
9.160000000000000628e-09,2.000069366423524867e-05,2.325414634486772366e-05,1.558807692193482706e-04,-1.626726340316237427e-04,-6.791864812275472032e-06,0.000000000000000000e+00,2.039325908470534186e-16,4.680534659937812814e-15
9.164999999999999681e-09,2.000069294072512967e-05,2.325075218379333878e-05,1.557181814360111285e-04,-1.625029621534104622e-04,-6.784780717399333753e-06,0.000000000000000000e+00,2.039292540416337699e-16,4.564829959342875387e-15
9.170000000000000387e-09,2.000069221796964926e-05,2.324736156291884576e-05,1.555557632360506787e-04,-1.623334672474598182e-04,-6.777704011409139539e-06,0.000000000000000000e+00,2.039259234709587088e-16,4.452174577358053442e-15
9.175000000000001094e-09,2.000069149596801800e-05,2.324397447855172983e-05,1.553935144425869534e-04,-1.621641491291855777e-04,-6.770634686598624294e-06,0.000000000000000000e+00,2.039225991227824516e-16,4.342229700804445258e-15
9.180000000000000146e-09,2.000069077471944987e-05,2.324059092700333191e-05,1.552314348789245158e-04,-1.619950076141941160e-04,-6.763572735269600227e-06,0.000000000000000000e+00,2.039192809848838667e-16,4.234995329682050835e-15
9.185000000000000852e-09,2.000069005422316557e-05,2.323721090458882830e-05,1.550695243685521895e-04,-1.618260425182831434e-04,-6.756518149730953967e-06,0.000000000000000000e+00,2.039159690450668932e-16,4.130471463990870173e-15
9.190000000000001559e-09,2.000068933447837229e-05,2.323383440762724419e-05,1.549077827351429224e-04,-1.616572536574436018e-04,-6.749470922300679441e-06,0.000000000000000000e+00,2.039126632911595799e-16,4.028488697141452413e-15
9.195000000000000611e-09,2.000068861548429076e-05,2.323046143244145032e-05,1.547462098025535434e-04,-1.614886408478579847e-04,-6.742431045304441307e-06,0.000000000000000000e+00,2.039093637110149727e-16,3.929047029133797553e-15
9.199999999999999663e-09,2.000068789724013493e-05,2.322709197535814262e-05,1.545848053948246806e-04,-1.613202039059003911e-04,-6.735398511075710477e-06,0.000000000000000000e+00,2.039060702925105227e-16,3.831977053378454734e-15
9.205000000000000370e-09,2.000068717974512553e-05,2.322372603270785578e-05,1.544235693361803549e-04,-1.611519426481365256e-04,-6.728373311956170697e-06,0.000000000000000000e+00,2.039027830235481606e-16,3.737278769875423956e-15
9.210000000000001076e-09,2.000068646299848330e-05,2.322036360082494291e-05,1.542625014510280886e-04,-1.609838568913229940e-04,-6.721355440294905391e-06,0.000000000000000000e+00,2.038995018920543947e-16,3.645121585214156079e-15
9.215000000000000128e-09,2.000068574699942218e-05,2.321700467604758910e-05,1.541016015639584170e-04,-1.608159464524083326e-04,-6.714344888449915545e-06,0.000000000000000000e+00,2.038962268859798186e-16,3.554997279626298523e-15
9.220000000000000835e-09,2.000068503174716290e-05,2.321364925471779448e-05,1.539408694997449162e-04,-1.606482111485315722e-04,-6.707341648786656037e-06,0.000000000000000000e+00,2.038929579932996529e-16,3.467244666290753008e-15
9.225000000000001541e-09,2.000068431724093298e-05,2.321029733318137760e-05,1.537803050833439042e-04,-1.604806507970222380e-04,-6.700345713678333790e-06,0.000000000000000000e+00,2.038896952020134496e-16,3.381694338618068674e-15
9.230000000000000593e-09,2.000068360347994974e-05,2.320694890778796188e-05,1.536199081398941977e-04,-1.603132652154006204e-04,-6.693357075506422768e-06,0.000000000000000000e+00,2.038864385001447226e-16,3.298176890018794660e-15
9.234999999999999646e-09,2.000068289046343732e-05,2.320360397489098578e-05,1.534596784947171656e-04,-1.601460542213774230e-04,-6.686375726660257401e-06,0.000000000000000000e+00,2.038831878757414155e-16,3.216692320492930968e-15
9.240000000000002007e-09,2.000068217819061305e-05,2.320026253084768247e-05,1.532996159733162689e-04,-1.599790176328534641e-04,-6.679401659537195215e-06,0.000000000000000000e+00,2.038799433168753845e-16,3.137410036629928456e-15
9.245000000000001059e-09,2.000068146666071121e-05,2.319692457201909337e-05,1.531397204013769517e-04,-1.598121552679191077e-04,-6.672434866542156047e-06,0.000000000000000000e+00,2.038767048116429158e-16,3.059821818661434545e-15
9.250000000000000111e-09,2.000068075587295592e-05,2.319359009477004783e-05,1.529799916047665058e-04,-1.596454669448545886e-04,-6.665475340088082828e-06,0.000000000000000000e+00,2.038734723481641832e-16,2.984435886355801815e-15
9.255000000000000817e-09,2.000068004582656453e-05,2.319025909546917332e-05,1.528204294095338001e-04,-1.594789524821304465e-04,-6.658523072596646318e-06,0.000000000000000000e+00,2.038702459145831003e-16,2.910744019944677685e-15
9.260000000000001524e-09,2.000067933652076792e-05,2.318693157048888522e-05,1.526610336419092259e-04,-1.593126116984058718e-04,-6.651578056496645908e-06,0.000000000000000000e+00,2.038670254990678875e-16,2.838915626017513016e-15
9.265000000000000576e-09,2.000067862795479361e-05,2.318360751620537330e-05,1.525018041283043716e-04,-1.591464444125289775e-04,-6.644640284224605925e-06,0.000000000000000000e+00,2.038638110898104558e-16,2.768781297984856948e-15
9.269999999999999628e-09,2.000067792012787587e-05,2.318028692899861524e-05,1.523427406953118334e-04,-1.589804504435369614e-04,-6.637709748225128006e-06,0.000000000000000000e+00,2.038606026750268255e-16,2.700341035846709481e-15
9.275000000000001989e-09,2.000067721303923544e-05,2.317696980525235973e-05,1.521838431697052150e-04,-1.588146296106562145e-04,-6.630786440950999514e-06,0.000000000000000000e+00,2.038574002429564119e-16,2.633594839603070614e-15
9.280000000000001041e-09,2.000067650668810659e-05,2.317365614135412984e-05,1.520251113784386668e-04,-1.586489817333011556e-04,-6.623870354862488805e-06,0.000000000000000000e+00,2.038542037818626902e-16,2.568542709253940348e-15
9.285000000000000093e-09,2.000067580107372023e-05,2.317034593369521624e-05,1.518665451486468589e-04,-1.584835066310748004e-04,-6.616961482427941542e-06,0.000000000000000000e+00,2.038510132800328016e-16,2.505184644799318683e-15
9.290000000000000800e-09,2.000067509619530724e-05,2.316703917867067719e-05,1.517081443076448454e-04,-1.583182041237684906e-04,-6.610059816123645170e-06,0.000000000000000000e+00,2.038478287257773560e-16,2.443351239649754758e-15
9.295000000000001506e-09,2.000067439205209852e-05,2.316373587267932840e-05,1.515499086829276854e-04,-1.581530740313614872e-04,-6.603165348433801809e-06,0.000000000000000000e+00,2.038446501074307276e-16,2.383042493805248574e-15
9.300000000000000559e-09,2.000067368864332496e-05,2.316043601212372947e-05,1.513918381021703882e-04,-1.579881161740202388e-04,-6.596278071849850629e-06,0.000000000000000000e+00,2.038414774133507592e-16,2.324258407265800130e-15
9.304999999999999611e-09,2.000067298596823102e-05,2.315713959341021098e-05,1.512339323932277780e-04,-1.578233303720990048e-04,-6.589397978871226790e-06,0.000000000000000000e+00,2.038383106319190581e-16,2.266829573441958567e-15
9.310000000000001972e-09,2.000067228402603741e-05,2.315384661294883723e-05,1.510761913841341688e-04,-1.576587164461399910e-04,-6.582525062005822230e-06,0.000000000000000000e+00,2.038351497515402318e-16,2.210925398923174745e-15
9.315000000000001024e-09,2.000067158281598859e-05,2.315055706715343336e-05,1.509186149031032287e-04,-1.574942742168722386e-04,-6.575659313769009881e-06,0.000000000000000000e+00,2.038319947606427016e-16,2.156207070530546943e-15
9.320000000000000076e-09,2.000067088233732223e-05,2.314727095244154467e-05,1.507612027785278715e-04,-1.573300035052111086e-04,-6.568800726683237095e-06,0.000000000000000000e+00,2.038288456476781355e-16,2.103013401442976882e-15
9.325000000000000782e-09,2.000067018258926921e-05,2.314398826523447050e-05,1.506039548389799044e-04,-1.571659041322600713e-04,-6.561949293280166942e-06,0.000000000000000000e+00,2.038257024011213496e-16,2.051005578481562841e-15
9.330000000000001489e-09,2.000066948357107739e-05,2.314070900195723039e-05,1.504468709132100279e-04,-1.570019759193076432e-04,-6.555105006097615341e-06,0.000000000000000000e+00,2.038225650094707765e-16,2.000353008235755681e-15
9.335000000000000541e-09,2.000066878528197425e-05,2.313743315903857756e-05,1.502899508301474565e-04,-1.568382186878301788e-04,-6.548267857682722346e-06,0.000000000000000000e+00,2.038194334612476519e-16,1.951055690705555401e-15
9.339999999999999593e-09,2.000066808772120425e-05,2.313416073291099220e-05,1.501331944188999726e-04,-1.566746322594894040e-04,-6.541437840589431384e-06,0.000000000000000000e+00,2.038163077449966308e-16,1.902774812712060282e-15
9.345000000000001954e-09,2.000066739088800845e-05,2.313089172001067128e-05,1.499766015087534933e-04,-1.565112164561331481e-04,-6.534614947379654764e-06,0.000000000000000000e+00,2.038131878492855410e-16,1.855849187434172043e-15
9.350000000000001006e-09,2.000066669478162791e-05,2.312762611677753871e-05,1.498201719291720156e-04,-1.563479710997955332e-04,-6.527799170623517630e-06,0.000000000000000000e+00,2.038100737627051118e-16,1.809940001692988965e-15
9.355000000000000058e-09,2.000066599940130029e-05,2.312436391965521146e-05,1.496639055097974814e-04,-1.561848960126955654e-04,-6.520990502898084016e-06,0.000000000000000000e+00,2.038069654738691221e-16,1.765216662077961907e-15
9.360000000000000765e-09,2.000066530474627343e-05,2.312110512509103346e-05,1.495078020804493707e-04,-1.560219910172380015e-04,-6.514188936788630792e-06,0.000000000000000000e+00,2.038038629714145237e-16,1.721679168589090869e-15
9.365000000000001471e-09,2.000066461081579177e-05,2.311784972953605184e-05,1.493518614711248640e-04,-1.558592559360129966e-04,-6.507394464888132659e-06,0.000000000000000000e+00,2.038007662440011452e-16,1.679158114636924992e-15
9.370000000000000524e-09,2.000066391760909639e-05,2.311459772944501022e-05,1.491960835119983549e-04,-1.556966905917956984e-04,-6.500607079797343472e-06,0.000000000000000000e+00,2.037976752803115196e-16,1.637653500221464276e-15
9.374999999999999576e-09,2.000066322512542832e-05,2.311134912127635541e-05,1.490404680334212872e-04,-1.555342948075463545e-04,-6.493826774125067286e-06,0.000000000000000000e+00,2.037945900690510078e-16,1.597334731932159579e-15
9.380000000000001937e-09,2.000066253336404219e-05,2.310810390149221715e-05,1.488850148659222089e-04,-1.553720684064087410e-04,-6.487053540486532053e-06,0.000000000000000000e+00,2.037915105989481431e-16,1.557862996590109184e-15
9.385000000000000989e-09,2.000066184232418245e-05,2.310486206655842499e-05,1.487297238402063120e-04,-1.552100112117121410e-04,-6.480287371505829078e-06,0.000000000000000000e+00,2.037884368587538925e-16,1.519407700784763948e-15
9.390000000000000041e-09,2.000066115200509353e-05,2.310162361294449819e-05,1.485745947871554317e-04,-1.550481230469702334e-04,-6.473528259814801712e-06,0.000000000000000000e+00,2.037853688372420009e-16,1.481968844516123873e-15
9.395000000000000747e-09,2.000066046240601988e-05,2.309838853712362533e-05,1.484196275378278033e-04,-1.548864037358802794e-04,-6.466776198052476146e-06,0.000000000000000000e+00,2.037823065232086960e-16,1.445207614605287239e-15
9.400000000000001454e-09,2.000065977352621951e-05,2.309515683557268129e-05,1.482648219234578447e-04,-1.547248531023230958e-04,-6.460031178865251146e-06,0.000000000000000000e+00,2.037792499054731564e-16,1.409632230820606624e-15
9.405000000000000506e-09,2.000065908536494025e-05,2.309192850477222045e-05,1.481101777754559399e-04,-1.545634709703640035e-04,-6.453293194908063567e-06,0.000000000000000000e+00,2.037761989728769446e-16,1.374903879983180310e-15
9.409999999999999558e-09,2.000065839792142993e-05,2.308870354120645977e-05,1.479556949254084660e-04,-1.544022571642514991e-04,-6.446562238843033107e-06,0.000000000000000000e+00,2.037731537142841303e-16,1.340853155503557437e-15
9.415000000000001919e-09,2.000065771119493977e-05,2.308548194136328556e-05,1.478013732050773596e-04,-1.542412115084172827e-04,-6.439838303339923088e-06,0.000000000000000000e+00,2.037701141185811671e-16,1.307818870560639724e-15
9.420000000000000971e-09,2.000065702518472101e-05,2.308226370173425008e-05,1.476472124464000082e-04,-1.540803338274764468e-04,-6.433121381076438612e-06,0.000000000000000000e+00,2.037670801746770403e-16,1.275462211975525451e-15
9.425000000000000023e-09,2.000065633989003163e-05,2.307904881881455800e-05,1.474932124814891691e-04,-1.539196239462263115e-04,-6.426411464737142362e-06,0.000000000000000000e+00,2.037640518715032675e-16,1.243952586337665478e-15
9.430000000000000730e-09,2.000065565531011609e-05,2.307583728910307655e-05,1.473393731426326440e-04,-1.537590816896480231e-04,-6.419708547015379055e-06,0.000000000000000000e+00,2.037610291980132566e-16,1.213289993647059806e-15
9.435000000000001437e-09,2.000065497144423916e-05,2.307262910910231861e-05,1.471856942622932791e-04,-1.535987068829039795e-04,-6.413012620610700470e-06,0.000000000000000000e+00,2.037580121431832189e-16,1.183305027314257574e-15
9.440000000000000489e-09,2.000065428829164867e-05,2.306942427531845962e-05,1.470321756731084498e-04,-1.534384993513405408e-04,-6.406323678232090941e-06,0.000000000000000000e+00,2.037550006960111825e-16,1.153997687339258782e-15
9.445000000000001195e-09,2.000065360585160602e-05,2.306622278426129693e-05,1.468788172078903324e-04,-1.532784589204845322e-04,-6.399641712594199760e-06,0.000000000000000000e+00,2.037519948455177321e-16,1.125537380311514291e-15
9.450000000000001902e-09,2.000065292412336581e-05,2.306302463244428369e-05,1.467256186996253613e-04,-1.531185854160459008e-04,-6.392966716420539573e-06,0.000000000000000000e+00,2.037489945807453185e-16,1.097754699641573239e-15
9.455000000000000954e-09,2.000065224310618604e-05,2.305982981638450511e-05,1.465725799814741751e-04,-1.529588786639159538e-04,-6.386298682441778757e-06,0.000000000000000000e+00,2.037459998907586039e-16,1.070649645329435629e-15
9.460000000000000006e-09,2.000065156279932471e-05,2.305663833260268190e-05,1.464197008867714270e-04,-1.527993384901678731e-04,-6.379637603396446158e-06,0.000000000000000000e+00,2.037430107646443139e-16,1.044222217375101458e-15
9.465000000000000713e-09,2.000065088320204321e-05,2.305345017762315665e-05,1.462669812490255948e-04,-1.526399647210556856e-04,-6.372983472030090829e-06,0.000000000000000000e+00,2.037400271915112132e-16,1.018472415778570728e-15
9.470000000000001419e-09,2.000065020431359615e-05,2.305026534797391082e-05,1.461144209019189268e-04,-1.524807571830157267e-04,-6.366336281096799917e-06,0.000000000000000000e+00,2.037370491604899323e-16,9.934002405398434377e-16
9.475000000000000471e-09,2.000064952613324831e-05,2.304708384018653422e-05,1.459620196793070081e-04,-1.523217157026643094e-04,-6.359696023357301305e-06,0.000000000000000000e+00,2.037340766607331161e-16,9.688362850694687278e-16
9.480000000000001178e-09,2.000064884866026106e-05,2.304390565079622843e-05,1.458097774152187609e-04,-1.521628401067983750e-04,-6.353062691579614138e-06,0.000000000000000000e+00,2.037311096814153005e-16,9.449499559568974583e-16
9.485000000000001884e-09,2.000064817189389242e-05,2.304073077634183046e-05,1.456576939438562269e-04,-1.520041302223969020e-04,-6.346436278540675121e-06,0.000000000000000000e+00,2.037281482117326655e-16,9.215718466126787689e-16
9.490000000000000936e-09,2.000064749583341055e-05,2.303755921336577217e-05,1.455057690995943784e-04,-1.518455858766180877e-04,-6.339816777023709335e-06,0.000000000000000000e+00,2.037251922409035532e-16,8.988713636262635198e-16
9.494999999999999989e-09,2.000064682047807683e-05,2.303439095841408696e-05,1.453540027169809552e-04,-1.516872068968005136e-04,-6.333204179819558379e-06,0.000000000000000000e+00,2.037222417581676299e-16,8.766791004082008509e-16
9.500000000000000695e-09,2.000064614582715603e-05,2.303122600803643018e-05,1.452023946307362480e-04,-1.515289931104637144e-04,-6.326598479727466419e-06,0.000000000000000000e+00,2.037192967527866003e-16,8.549950569584907623e-16
9.505000000000001402e-09,2.000064547187991633e-05,2.302806435878604520e-05,1.450509446757529354e-04,-1.513709443453064435e-04,-6.319999669553508096e-06,0.000000000000000000e+00,2.037163572140436905e-16,8.338192332771332538e-16
9.510000000000000454e-09,2.000064479863561910e-05,2.302490600721976001e-05,1.448996526870959217e-04,-1.512130604292070523e-04,-6.313407742111130623e-06,0.000000000000000000e+00,2.037134231312435736e-16,8.133210359535791856e-16
9.515000000000001160e-09,2.000064412609353591e-05,2.302175094989800761e-05,1.447485185000021470e-04,-1.510553411902235718e-04,-6.306822690221424842e-06,0.000000000000000000e+00,2.037104944937128630e-16,7.933310583983776976e-16
9.520000000000001867e-09,2.000064345425292474e-05,2.301859918338480901e-05,1.445975419498803701e-04,-1.508977864565942272e-04,-6.300244506713857055e-06,0.000000000000000000e+00,2.037075712907991754e-16,7.736798940220779297e-16
9.525000000000000919e-09,2.000064278311306732e-05,2.301545070424775632e-05,1.444467228723110336e-04,-1.507403960567344566e-04,-6.293673184423422993e-06,0.000000000000000000e+00,2.037046535118721910e-16,7.545369494141307420e-16
9.529999999999999971e-09,2.000064211267322165e-05,2.301230550905803644e-05,1.442960611030461005e-04,-1.505831698192407328e-04,-6.287108716194632265e-06,0.000000000000000000e+00,2.037017411463225936e-16,7.359022245745361346e-16
9.535000000000000678e-09,2.000064144293266604e-05,2.300916359439040737e-05,1.441455564780088380e-04,-1.504261075728870667e-04,-6.280551094878228640e-06,0.000000000000000000e+00,2.036988341835626617e-16,7.177757195032941073e-16
9.540000000000001384e-09,2.000064077389066529e-05,2.300602495682319823e-05,1.439952088332936545e-04,-1.502692091466266335e-04,-6.274000313332978983e-06,0.000000000000000000e+00,2.036959326130259487e-16,6.999880276109538002e-16
9.545000000000000436e-09,2.000064010554649093e-05,2.300288959293830579e-05,1.438450180051658559e-04,-1.501124743695907431e-04,-6.267456364424887211e-06,0.000000000000000000e+00,2.036930364241672332e-16,6.827085554869660733e-16
9.550000000000001143e-09,2.000063943789941791e-05,2.299975749932118779e-05,1.436949838300616452e-04,-1.499559030710884871e-04,-6.260919241026841921e-06,0.000000000000000000e+00,2.036901456064627410e-16,6.657678965418800665e-16
9.555000000000001849e-09,2.000063877094871779e-05,2.299662867256087643e-05,1.435451061445876893e-04,-1.497994950806079320e-04,-6.254388936020242699e-06,0.000000000000000000e+00,2.036872601494097997e-16,6.493354573651466399e-16
9.560000000000000901e-09,2.000063810469366210e-05,2.299350310924995128e-05,1.433953847855212000e-04,-1.496432502278144654e-04,-6.247865442293265396e-06,0.000000000000000000e+00,2.036843800425268886e-16,6.334112379567657936e-16
9.564999999999999954e-09,2.000063743913353258e-05,2.299038080598455285e-05,1.432458195898095278e-04,-1.494871683425510133e-04,-6.241348752741485541e-06,0.000000000000000000e+00,2.036815052753536873e-16,6.176564251378358072e-16
9.570000000000000660e-09,2.000063677426759738e-05,2.298726175936436223e-05,1.430964103945702153e-04,-1.493312492548382292e-04,-6.234838860268013868e-06,0.000000000000000000e+00,2.036786358374509037e-16,6.025792386767092612e-16
9.575000000000001367e-09,2.000063611009513144e-05,2.298414596599261469e-05,1.429471570370905917e-04,-1.491754927948741693e-04,-6.228335757783577632e-06,0.000000000000000000e+00,2.036757717184002491e-16,5.876714588050335752e-16
9.580000000000000419e-09,2.000063544661542325e-05,2.298103342247608945e-05,1.427980593548277720e-04,-1.490198987930333168e-04,-6.221839438205544826e-06,0.000000000000000000e+00,2.036729129078047338e-16,5.731024921122596094e-16
9.585000000000001125e-09,2.000063478382773421e-05,2.297792412542509958e-05,1.426491171854083048e-04,-1.488644670798682618e-04,-6.215349894459957060e-06,0.000000000000000000e+00,2.036700593952877062e-16,5.590417451878382238e-16
9.590000000000001832e-09,2.000063412173135280e-05,2.297481807145350212e-05,1.425003303666281726e-04,-1.487091974861074525e-04,-6.208867119479279844e-06,0.000000000000000000e+00,2.036672111704940851e-16,5.451504048528676982e-16
9.595000000000000884e-09,2.000063346032555735e-05,2.297171525717866760e-05,1.423516987364526289e-04,-1.485540898426555194e-04,-6.202391106202890473e-06,0.000000000000000000e+00,2.036643682230892749e-16,5.317672842862497529e-16
9.599999999999999936e-09,2.000063279960961942e-05,2.296861567922152072e-05,1.422032221330157375e-04,-1.483991439805950653e-04,-6.195921847579327754e-06,0.000000000000000000e+00,2.036615305427595601e-16,5.187229768985335276e-16
9.605000000000000643e-09,2.000063213958283088e-05,2.296551933420648949e-05,1.420549003946205079e-04,-1.482443597311829239e-04,-6.189459336562415977e-06,0.000000000000000000e+00,2.036586981192121796e-16,5.058480761002681625e-16
9.610000000000001349e-09,2.000063148024446667e-05,2.296242621876152897e-05,1.419067333597386245e-04,-1.480897369258531149e-04,-6.183003566114490422e-06,0.000000000000000000e+00,2.036558709421749070e-16,4.933119884809045175e-16
9.615000000000000401e-09,2.000063082159380851e-05,2.295933632951811448e-05,1.417587208670102294e-04,-1.479352753962152986e-04,-6.176554529205069205e-06,0.000000000000000000e+00,2.036530490013962732e-16,4.811147140404425926e-16
9.620000000000001108e-09,2.000063016363014151e-05,2.295624966311123486e-05,1.416108627552436789e-04,-1.477809749740546677e-04,-6.170112218810988808e-06,0.000000000000000000e+00,2.036502322866456148e-16,4.692562527788823878e-16
9.625000000000001814e-09,2.000062950635274738e-05,2.295316621617938226e-05,1.414631588634155974e-04,-1.476268354913317575e-04,-6.163676627916160134e-06,0.000000000000000000e+00,2.036474207877126560e-16,4.577366046962239032e-16
9.630000000000000867e-09,2.000062884976091122e-05,2.295008598536456908e-05,1.413156090306704707e-04,-1.474728567801828795e-04,-6.157247749512408759e-06,0.000000000000000000e+00,2.036446144944078284e-16,4.463863632030162787e-16
9.634999999999999919e-09,2.000062819385391475e-05,2.294700896731229075e-05,1.411682130963206195e-04,-1.473190386729187934e-04,-6.150825576598173893e-06,0.000000000000000000e+00,2.036418133965619752e-16,4.353749348887103743e-16
9.640000000000000625e-09,2.000062753863104646e-05,2.294393515867155619e-05,1.410209708998458734e-04,-1.471653810020254931e-04,-6.144410102179619689e-06,0.000000000000000000e+00,2.036390174840266722e-16,4.247023197533061900e-16
9.645000000000001332e-09,2.000062688409159485e-05,2.294086455609486408e-05,1.408738822808935714e-04,-1.470118836001634748e-04,-6.138001319269903401e-06,0.000000000000000000e+00,2.036362267466737341e-16,4.141991112073528658e-16
9.650000000000000384e-09,2.000062623023484164e-05,2.293779715623819610e-05,1.407269470792782363e-04,-1.468585463001677370e-04,-6.131599220889500648e-06,0.000000000000000000e+00,2.036334411743953384e-16,4.040347158403012617e-16
9.655000000000001090e-09,2.000062557706008546e-05,2.293473295576104406e-05,1.405801651349816023e-04,-1.467053689350479432e-04,-6.125203800066340940e-06,0.000000000000000000e+00,2.036306607571043205e-16,3.940397270627005177e-16
9.660000000000001797e-09,2.000062492456660128e-05,2.293167195132636579e-05,1.404335362881521535e-04,-1.465523513379882322e-04,-6.118815049836078728e-06,0.000000000000000000e+00,2.036278854847334349e-16,3.842141448745506338e-16
9.665000000000000849e-09,2.000062427275368774e-05,2.292861413960059876e-05,1.402870603791051246e-04,-1.463994933423455646e-04,-6.112432963240439993e-06,0.000000000000000000e+00,2.036251153472359709e-16,3.747273758653024700e-16
9.669999999999999901e-09,2.000062362162062995e-05,2.292555951725367360e-05,1.401407372483224733e-04,-1.462467947816521892e-04,-6.106057533329715915e-06,0.000000000000000000e+00,2.036223503345854077e-16,3.655794200349560263e-16
9.675000000000000608e-09,2.000062297116671979e-05,2.292250808095897682e-05,1.399945667364523114e-04,-1.460942554896128517e-04,-6.099688753160540256e-06,0.000000000000000000e+00,2.036195904367753900e-16,3.566008707940604427e-16
9.680000000000001314e-09,2.000062232139125591e-05,2.291945982739337795e-05,1.398485486843090674e-04,-1.459418753001060951e-04,-6.093326615797027774e-06,0.000000000000000000e+00,2.036168356438199248e-16,3.477917281426157192e-16
9.685000000000000366e-09,2.000062167229352004e-05,2.291641475323720240e-05,1.397026829328732150e-04,-1.457896540471841247e-04,-6.086971114310909745e-06,0.000000000000000000e+00,2.036140859457526913e-16,3.393213986700727158e-16
9.690000000000001073e-09,2.000062102387281421e-05,2.291337285517424163e-05,1.395569693232910570e-04,-1.456375915650713713e-04,-6.080622241780314239e-06,0.000000000000000000e+00,2.036113413326278544e-16,3.310204757869805725e-16
9.695000000000001779e-09,2.000062037612842014e-05,2.291033412989174642e-05,1.394114076968746435e-04,-1.454856876881663070e-04,-6.074279991291663475e-06,0.000000000000000000e+00,2.036086017945193006e-16,3.227195529038884292e-16
9.700000000000000832e-09,2.000061972905964328e-05,2.290729857408042340e-05,1.392659978951014466e-04,-1.453339422510390062e-04,-6.067944355937559620e-06,0.000000000000000000e+00,2.036058673215212051e-16,3.147574431996980060e-16
9.704999999999999884e-09,2.000061908266578226e-05,2.290426618443443512e-05,1.391207397596143337e-04,-1.451823550884326363e-04,-6.061615328818302680e-06,0.000000000000000000e+00,2.036031379037475628e-16,3.069647400849584429e-16
9.710000000000000590e-09,2.000061843694612220e-05,2.290123695765137969e-05,1.389756331322213772e-04,-1.450309260352628882e-04,-6.055292903041511023e-06,0.000000000000000000e+00,2.036004135313321397e-16,2.995108501491205999e-16
9.715000000000001297e-09,2.000061779189996853e-05,2.289821089043231450e-05,1.388306778548956111e-04,-1.448796549266172988e-04,-6.048977071721687703e-06,0.000000000000000000e+00,2.035976941944288179e-16,2.920569602132827569e-16
9.720000000000000349e-09,2.000061714752661313e-05,2.289518797948172913e-05,1.386858737697748681e-04,-1.447285415977557933e-04,-6.042667827980925188e-06,0.000000000000000000e+00,2.035949798832110773e-16,2.847724768668957740e-16
9.725000000000001055e-09,2.000061650382535804e-05,2.289216822150754531e-05,1.385412207191616982e-04,-1.445775858841093567e-04,-6.036365164947658530e-06,0.000000000000000000e+00,2.035922705878724157e-16,2.778268066994105112e-16
9.730000000000001762e-09,2.000061586079549515e-05,2.288915161322113730e-05,1.383967185455230436e-04,-1.444267876212821213e-04,-6.030069075759077711e-06,0.000000000000000000e+00,2.035895662986257068e-16,2.708811365319252484e-16
9.735000000000000814e-09,2.000061521843633327e-05,2.288613815133729460e-05,1.382523670914902387e-04,-1.442761466450480595e-04,-6.023779553557820831e-06,0.000000000000000000e+00,2.035868670057039899e-16,2.642742795433417058e-16
9.739999999999999866e-09,2.000061457674717107e-05,2.288312783257422532e-05,1.381081661998587390e-04,-1.441256627913527189e-04,-6.017496591493979880e-06,0.000000000000000000e+00,2.035841726993597545e-16,2.576674225547581631e-16
9.745000000000000573e-09,2.000061393572730381e-05,2.288012065365357991e-05,1.379641157135879585e-04,-1.439753358963138182e-04,-6.011220182725859678e-06,0.000000000000000000e+00,2.035814833698649404e-16,2.513993787450763406e-16
9.750000000000001279e-09,2.000061329537603354e-05,2.287711661130042406e-05,1.378202154758011069e-04,-1.438251657962195127e-04,-6.004950320418405785e-06,0.000000000000000000e+00,2.035787990075112585e-16,2.451313349353945181e-16
9.755000000000000331e-09,2.000061265569266908e-05,2.287411570224322856e-05,1.376764653297850543e-04,-1.436751523275279878e-04,-5.998686997742933447e-06,0.000000000000000000e+00,2.035761196026100915e-16,2.390326977151635557e-16
9.760000000000001038e-09,2.000061201667651246e-05,2.287111792321387601e-05,1.375328651189900873e-04,-1.435252953268681907e-04,-5.992430207878103382e-06,0.000000000000000000e+00,2.035734451454921249e-16,2.331034670843834533e-16
9.765000000000001745e-09,2.000061137832686914e-05,2.286812327094767781e-05,1.373894146870297190e-04,-1.433755946310404268e-04,-5.986179944010707821e-06,0.000000000000000000e+00,2.035707756265076177e-16,2.273436430430542110e-16
9.770000000000000797e-09,2.000061074064303775e-05,2.286513174218333689e-05,1.372461138776807162e-04,-1.432260500770149501e-04,-5.979936199334233947e-06,0.000000000000000000e+00,2.035681110360260819e-16,2.217532255911758288e-16
9.774999999999999849e-09,2.000061010362433052e-05,2.286214333366294431e-05,1.371029625348826658e-04,-1.430766615019306894e-04,-5.973698967048023632e-06,0.000000000000000000e+00,2.035654513644366526e-16,2.163322147287483066e-16
9.780000000000000555e-09,2.000060946727004948e-05,2.285915804213201652e-05,1.369599605027380291e-04,-1.429274287430983654e-04,-5.967468240360336313e-06,0.000000000000000000e+00,2.035627966021475454e-16,2.109112038663207844e-16
9.785000000000001262e-09,2.000060883157950007e-05,2.285617586433944795e-05,1.368171076255118705e-04,-1.427783516379974005e-04,-5.961244012485530062e-06,0.000000000000000000e+00,2.035601467395865249e-16,2.056595995933441223e-16
9.790000000000000314e-09,2.000060819655199450e-05,2.285319679703752454e-05,1.366744037476315594e-04,-1.426294300242765154e-04,-5.955026276644956058e-06,0.000000000000000000e+00,2.035575017672006087e-16,2.005774019098183203e-16
9.795000000000001021e-09,2.000060756218683821e-05,2.285022083698192376e-05,1.365318487136869059e-04,-1.424806637397542711e-04,-5.948815026067365156e-06,0.000000000000000000e+00,2.035548616754557226e-16,1.956646108157433783e-16
9.800000000000001727e-09,2.000060692848334000e-05,2.284724798093170443e-05,1.363894423684296458e-04,-1.423320526224182284e-04,-5.942610253988582633e-06,0.000000000000000000e+00,2.035522264548374151e-16,1.907518197216684364e-16
9.805000000000000779e-09,2.000060629544080871e-05,2.284427822564931012e-05,1.362471845567736028e-04,-1.421835965104250839e-04,-5.936411953651481079e-06,0.000000000000000000e+00,2.035495960958499704e-16,1.860084352170443545e-16
9.809999999999999831e-09,2.000060566305855993e-05,2.284131156790055557e-05,1.361050751237942284e-04,-1.420352952420997751e-04,-5.930220118305546718e-06,0.000000000000000000e+00,2.035469705890172708e-16,1.816038638913219927e-16
9.815000000000000538e-09,2.000060503133590926e-05,2.283834800445463012e-05,1.359631139147286555e-04,-1.418871486559360499e-04,-5.924034741207394403e-06,0.000000000000000000e+00,2.035443499248820080e-16,1.770298859761487709e-16
9.820000000000001244e-09,2.000060440027215535e-05,2.283538753208409769e-05,1.358213007749754005e-04,-1.417391565905971168e-04,-5.917855815621716293e-06,0.000000000000000000e+00,2.035417340940055599e-16,1.727947212398772692e-16
9.825000000000000297e-09,2.000060376986662058e-05,2.283243014756487982e-05,1.356796355500942551e-04,-1.415913188849129620e-04,-5.911683334818706873e-06,0.000000000000000000e+00,2.035391230869688779e-16,1.685595565036057675e-16
9.830000000000001003e-09,2.000060314011861378e-05,2.282947584767626588e-05,1.355381180858060148e-04,-1.414436353778825985e-04,-5.905517292076583723e-06,0.000000000000000000e+00,2.035365168943715258e-16,1.644937983567851258e-16
9.835000000000001710e-09,2.000060251102745392e-05,2.282652462920090625e-05,1.353967482279925063e-04,-1.412961059086726302e-04,-5.899357680680123849e-06,0.000000000000000000e+00,2.035339155068321232e-16,1.602586336205136242e-16
9.840000000000000762e-09,2.000060188259245321e-05,2.282357648892480894e-05,1.352555258226962622e-04,-1.411487303166177932e-04,-5.893204493921531039e-06,0.000000000000000000e+00,2.035313189149880743e-16,1.563622820631438426e-16
9.844999999999999814e-09,2.000060125481292048e-05,2.282063142363732606e-05,1.351144507161203582e-04,-1.410015084412202791e-04,-5.887057725099920872e-06,0.000000000000000000e+00,2.035287271094955191e-16,1.524659305057740610e-16
9.850000000000000520e-09,2.000060062768818149e-05,2.281768943013116736e-05,1.349735227546283592e-04,-1.408544401221493005e-04,-5.880917367520941243e-06,0.000000000000000000e+00,2.035261400810297517e-16,1.487389855378551395e-16
9.855000000000001227e-09,2.000060000121755183e-05,2.281475050520237989e-05,1.348327417847439938e-04,-1.407075251992414167e-04,-5.874783414497422888e-06,0.000000000000000000e+00,2.035235578202844816e-16,1.450120405699362180e-16
9.860000000000000279e-09,2.000059937540034371e-05,2.281181464565035480e-05,1.346921076531511544e-04,-1.405607635125005609e-04,-5.868655859349406487e-06,0.000000000000000000e+00,2.035209803179722520e-16,1.414545021914681566e-16
9.865000000000000986e-09,2.000059875023588291e-05,2.280888184827783069e-05,1.345516202066935718e-04,-1.404141549020973892e-04,-5.862534695403817404e-06,0.000000000000000000e+00,2.035184075648243910e-16,1.380663704024509553e-16
9.870000000000001692e-09,2.000059812572348500e-05,2.280595210989086317e-05,1.344112792923747341e-04,-1.402676992083689016e-04,-5.856419915994167530e-06,0.000000000000000000e+00,2.035158395515907157e-16,1.345088320239828938e-16
9.875000000000000744e-09,2.000059750186246899e-05,2.280302542729885530e-05,1.342710847573577509e-04,-1.401213962718193091e-04,-5.850311514461558173e-06,0.000000000000000000e+00,2.035132762690396553e-16,1.312901068244165526e-16
9.879999999999999796e-09,2.000059687865215384e-05,2.280010179731453053e-05,1.341310364489651369e-04,-1.399752459331188412e-04,-5.844209484153704273e-06,0.000000000000000000e+00,2.035107177079583252e-16,1.280713816248502113e-16
9.885000000000000503e-09,2.000059625609186534e-05,2.279718121675393944e-05,1.339911342146785946e-04,-1.398292480331037187e-04,-5.838113818425124139e-06,0.000000000000000000e+00,2.035081638591523789e-16,1.248526564252838700e-16
9.890000000000001209e-09,2.000059563418092585e-05,2.279426368243644960e-05,1.338513779021389873e-04,-1.396834024127761810e-04,-5.832024510637193659e-06,0.000000000000000000e+00,2.035056147134458356e-16,1.218033378151683888e-16
9.895000000000000262e-09,2.000059501291865435e-05,2.279134919118474894e-05,1.337117673591460684e-04,-1.395377089133047297e-04,-5.825941554158661296e-06,0.000000000000000000e+00,2.035030702616811790e-16,1.187540192050529075e-16
9.900000000000000968e-09,2.000059439230437322e-05,2.278843773982483899e-05,1.335723024336583182e-04,-1.393921673760232887e-04,-5.819864942364970459e-06,0.000000000000000000e+00,2.035005304947193568e-16,1.158741071843882864e-16
9.905000000000001675e-09,2.000059377233741499e-05,2.278552932518603826e-05,1.334329829737928089e-04,-1.392467776424311768e-04,-5.813794668638367930e-06,0.000000000000000000e+00,2.034979954034398797e-16,1.129941951637236652e-16
9.910000000000000727e-09,2.000059315301709527e-05,2.278262394410095513e-05,1.332938088278249873e-04,-1.391015395541929996e-04,-5.807730726368012276e-06,0.000000000000000000e+00,2.034954649787402050e-16,1.102836897325099041e-16
9.914999999999999779e-09,2.000059253434274999e-05,2.277972159340552514e-05,1.331547798441886754e-04,-1.389564529531387576e-04,-5.801673108950082276e-06,0.000000000000000000e+00,2.034929392115365253e-16,1.074037777118452830e-16
9.920000000000000485e-09,2.000059191631369473e-05,2.277682226993896352e-05,1.330158958714756359e-04,-1.388115176812634399e-04,-5.795621809787804019e-06,0.000000000000000000e+00,2.034904180927628569e-16,1.048626788700823820e-16
9.925000000000001192e-09,2.000059129892925864e-05,2.277392597054379234e-05,1.328771567584356814e-04,-1.386667335807266715e-04,-5.789576822290990127e-06,0.000000000000000000e+00,2.034879016133717045e-16,1.023215800283194810e-16
9.930000000000000244e-09,2.000059068218876750e-05,2.277103269206582354e-05,1.327385623539762945e-04,-1.385221004938527950e-04,-5.783538139876500533e-06,0.000000000000000000e+00,2.034853897643337664e-16,9.978048118655657994e-17
9.935000000000000951e-09,2.000059006609155384e-05,2.276814243135416230e-05,1.326001125071626008e-04,-1.383776182631304367e-04,-5.777505755967835910e-06,0.000000000000000000e+00,2.034828825366378350e-16,9.723938234479367893e-17
9.940000000000001657e-09,2.000058945063694680e-05,2.276525518526120032e-05,1.324618070672170707e-04,-1.382332867312126691e-04,-5.771479663995598454e-06,0.000000000000000000e+00,2.034803799212909207e-16,9.486769009248163798e-17
9.945000000000000709e-09,2.000058883582427554e-05,2.276237095064260221e-05,1.323236458835196007e-04,-1.380891057409163337e-04,-5.765459857396732944e-06,0.000000000000000000e+00,2.034778819093179558e-16,9.249599784016959703e-17
9.949999999999999762e-09,2.000058822165287260e-05,2.275948972435732587e-05,1.321856288056070530e-04,-1.379450751352226639e-04,-5.759446329615610944e-06,0.000000000000000000e+00,2.034753884917621150e-16,9.012430558785755608e-17
9.955000000000000468e-09,2.000058760812206373e-05,2.275661150326760551e-05,1.320477556831732276e-04,-1.378011947572770957e-04,-5.753439074103868173e-06,0.000000000000000000e+00,2.034728996596843222e-16,8.792201992499637520e-17
9.960000000000001175e-09,2.000058699523118825e-05,2.275373628423893132e-05,1.319100263660688088e-04,-1.376574644503871534e-04,-5.747438084318344520e-06,0.000000000000000000e+00,2.034704154041637687e-16,8.571973426213519431e-17
9.965000000000000227e-09,2.000058638297956854e-05,2.275086406414008339e-05,1.317724407043009314e-04,-1.375138840580257559e-04,-5.741443353724824542e-06,0.000000000000000000e+00,2.034679357162971729e-16,8.351744859927401343e-17
9.970000000000000933e-09,2.000058577136654730e-05,2.274799483984309441e-05,1.316349985480333429e-04,-1.373704534238273417e-04,-5.735454875793998810e-06,0.000000000000000000e+00,2.034654605871996686e-16,8.148456952586369262e-17
9.975000000000001640e-09,2.000058516039145029e-05,2.274512860822326660e-05,1.314976997475859432e-04,-1.372271723915908224e-04,-5.729472644004879149e-06,0.000000000000000000e+00,2.034629900080037441e-16,7.945169045245337180e-17
9.980000000000000692e-09,2.000058455005362021e-05,2.274226536615915143e-05,1.313605441534348116e-04,-1.370840408052765745e-04,-5.723496651841762867e-06,0.000000000000000000e+00,2.034605239698601059e-16,7.741881137904305099e-17
9.984999999999999744e-09,2.000058394035238621e-05,2.273940511053256988e-05,1.312235316162120168e-04,-1.369410585090091769e-04,-5.717526892797160105e-06,0.000000000000000000e+00,2.034580624639370122e-16,7.555533889508359024e-17
9.990000000000000451e-09,2.000058333128708761e-05,2.273654783822858541e-05,1.310866619867053190e-04,-1.367982253470748902e-04,-5.711563360369571220e-06,0.000000000000000000e+00,2.034556054814205943e-16,7.369186641112412950e-17
9.995000000000001157e-09,2.000058272285706371e-05,2.273369354613551406e-05,1.309499351158582240e-04,-1.366555411639225239e-04,-5.705606048064299938e-06,0.000000000000000000e+00,2.034531530135146092e-16,7.199780051661552882e-17
1.000000000000000021e-08,2.000058211506164368e-05,2.273084223114491432e-05,1.308133508547696582e-04,-1.365130058041635181e-04,-5.699654949393859931e-06,0.000000000000000000e+00,2.034507050514404648e-16,7.013432803265606807e-17
1.000500000000000092e-08,2.000058150790017360e-05,2.272799389015159050e-05,1.306769090546938325e-04,-1.363706191125708587e-04,-5.693710057877026135e-06,0.000000000000000000e+00,2.034482615864374418e-16,6.844026213814746740e-17
1.001000000000000162e-08,2.000058090137198262e-05,2.272514852005358600e-05,1.305406095670401346e-04,-1.362283809340801620e-04,-5.687771367040027381e-06,0.000000000000000000e+00,2.034458226097620278e-16,6.674619624363886672e-17
1.001500000000000067e-08,2.000058029547642361e-05,2.272230611775218322e-05,1.304044522433729658e-04,-1.360862911137879672e-04,-5.681838870415001396e-06,0.000000000000000000e+00,2.034433881126887802e-16,6.505213034913026604e-17
1.001999999999999973e-08,2.000057969021282910e-05,2.271946668015187995e-05,1.302684369354114701e-04,-1.359443494969525491e-04,-5.675912561541079015e-06,0.000000000000000000e+00,2.034409580865093648e-16,6.352747104407252543e-17
1.002500000000000209e-08,2.000057908558053842e-05,2.271663020416042655e-05,1.301325634950294531e-04,-1.358025559289944065e-04,-5.669992433964953383e-06,0.000000000000000000e+00,2.034385325225330982e-16,6.200281173901478482e-17
1.003000000000000114e-08,2.000057848157889764e-05,2.271379668668877856e-05,1.299968317742553005e-04,-1.356609102554940391e-04,-5.664078481238738654e-06,0.000000000000000000e+00,2.034361114120867754e-16,6.047815243395704421e-17
1.003500000000000019e-08,2.000057787820724948e-05,2.271096612465112042e-05,1.298612416252716798e-04,-1.355194123221935471e-04,-5.658170696921867348e-06,0.000000000000000000e+00,2.034336947465146939e-16,5.895349312889930360e-17
1.004000000000000090e-08,2.000057727546492985e-05,2.270813851496485868e-05,1.297257929004155136e-04,-1.353780619749964413e-04,-5.652269074580927718e-06,0.000000000000000000e+00,2.034312825171783091e-16,5.742883382384156299e-17
1.004500000000000160e-08,2.000057667335128486e-05,2.270531385455061522e-05,1.295904854521775997e-04,-1.352368590599665045e-04,-5.646373607788904812e-06,0.000000000000000000e+00,2.034288747154565548e-16,5.607358110823468245e-17
1.005000000000000066e-08,2.000057607186566058e-05,2.270249214033221710e-05,1.294553191332027469e-04,-1.350958034233278190e-04,-5.640484290125072049e-06,0.000000000000000000e+00,2.034264713327458179e-16,5.471832839262780190e-17
1.005499999999999971e-08,2.000057547100739973e-05,2.269967336923670332e-05,1.293202937962893413e-04,-1.349548949114651728e-04,-5.634601115175831478e-06,0.000000000000000000e+00,2.034240723604595201e-16,5.336307567702092136e-17
1.006000000000000207e-08,2.000057487077585517e-05,2.269685753819432485e-05,1.291854092943893733e-04,-1.348141333709234908e-04,-5.628724076534117465e-06,0.000000000000000000e+00,2.034216777900286845e-16,5.200782296141404082e-17
1.006500000000000112e-08,2.000057427117036621e-05,2.269404464413852086e-05,1.290506654806081394e-04,-1.346735186484077258e-04,-5.622853167799586431e-06,0.000000000000000000e+00,2.034192876129011715e-16,5.065257024580716028e-17
1.007000000000000017e-08,2.000057367219028234e-05,2.269123468400593573e-05,1.289160622082042695e-04,-1.345330505907826695e-04,-5.616988382578400009e-06,0.000000000000000000e+00,2.034169018205421715e-16,4.946672411965113980e-17
1.007500000000000088e-08,2.000057307383494963e-05,2.268842765473641897e-05,1.287815993305892659e-04,-1.343927290450734667e-04,-5.611129714484200826e-06,0.000000000000000000e+00,2.034145204044340576e-16,4.828087799349511933e-17
1.008000000000000159e-08,2.000057247610371420e-05,2.268562355327299142e-05,1.286472767013277475e-04,-1.342525538584638542e-04,-5.605277157136106733e-06,0.000000000000000000e+00,2.034121433560762126e-16,4.709503186733909885e-17
1.008500000000000064e-08,2.000057187899593228e-05,2.268282237656188245e-05,1.285130941741369074e-04,-1.341125248782975155e-04,-5.599430704160608153e-06,0.000000000000000000e+00,2.034097706669852509e-16,4.590918574118307838e-17
1.008999999999999969e-08,2.000057128251094658e-05,2.268002412155249275e-05,1.283790516028865132e-04,-1.339726419520773223e-04,-5.593590349190809144e-06,0.000000000000000000e+00,2.034074023286946244e-16,4.489274620447791797e-17
1.009500000000000205e-08,2.000057068664811335e-05,2.267722878519741123e-05,1.282451488415988525e-04,-1.338329049274649004e-04,-5.587756085866047925e-06,0.000000000000000000e+00,2.034050383327550163e-16,4.370690007832189750e-17
1.010000000000000110e-08,2.000057009140678209e-05,2.267443636445240824e-05,1.281113857444484349e-04,-1.336933136522813076e-04,-5.581927907832872661e-06,0.000000000000000000e+00,2.034026786707338735e-16,4.269046054161673709e-17
1.010500000000000016e-08,2.000056949678629886e-05,2.267164685627642205e-05,1.279777621657618295e-04,-1.335538679745061662e-04,-5.576105808744336728e-06,0.000000000000000000e+00,2.034003233342156277e-16,4.167402100491157668e-17
1.011000000000000086e-08,2.000056890278602333e-05,2.266886025763156562e-05,1.278442779600175562e-04,-1.334145677422771212e-04,-5.570289782259565036e-06,0.000000000000000000e+00,2.033979723148017206e-16,4.065758146820641628e-17
1.011500000000000157e-08,2.000056830940530496e-05,2.266607656548311978e-05,1.277109329818459774e-04,-1.332754128038907344e-04,-5.564479822044756914e-06,0.000000000000000000e+00,2.033956256041102587e-16,3.964114193150125587e-17
1.012000000000000062e-08,2.000056771664350340e-05,2.266329577679952653e-05,1.275777270860290271e-04,-1.331364030078011562e-04,-5.558675921772129012e-06,0.000000000000000000e+00,2.033932831937765059e-16,3.862470239479609546e-17
1.012499999999999967e-08,2.000056712449996475e-05,2.266051788855240589e-05,1.274446601275000480e-04,-1.329975382026220504e-04,-5.552878075122002393e-06,0.000000000000000000e+00,2.033909450754520953e-16,3.760826285809093505e-17
1.013000000000000204e-08,2.000056653297404525e-05,2.265774289771652211e-05,1.273117319613438459e-04,-1.328588182371238566e-04,-5.547086275780010707e-06,0.000000000000000000e+00,2.033886112408056942e-16,3.676122991083663472e-17
1.013500000000000109e-08,2.000056594206510793e-05,2.265497080126979376e-05,1.271789424427962559e-04,-1.327202429602343048e-04,-5.541300517438048877e-06,0.000000000000000000e+00,2.033862816815226841e-16,3.591419696358233438e-17
1.014000000000000014e-08,2.000056535177250228e-05,2.265220159619329716e-05,1.270462914272441697e-04,-1.325818122210397439e-04,-5.535520793795574131e-06,0.000000000000000000e+00,2.033839563893050864e-16,3.489775742687717397e-17
1.014500000000000085e-08,2.000056476209558456e-05,2.264943527947125960e-05,1.269137787702252372e-04,-1.324435258687837590e-04,-5.529747098558521808e-06,0.000000000000000000e+00,2.033816353558714640e-16,3.405072447962287363e-17
1.015000000000000155e-08,2.000056417303371439e-05,2.264667184809104916e-05,1.267814043274278124e-04,-1.323053837528667383e-04,-5.523979425438925884e-06,0.000000000000000000e+00,2.033793185729571923e-16,3.320369153236857329e-17
1.015500000000000060e-08,2.000056358458625482e-05,2.264391129904317810e-05,1.266491679546908721e-04,-1.321673857228461706e-04,-5.518217768155298441e-06,0.000000000000000000e+00,2.033770060323143115e-16,3.235665858511427295e-17
1.015999999999999966e-08,2.000056299675255871e-05,2.264115362932130288e-05,1.265170695080036366e-04,-1.320295316284372149e-04,-5.512462120433578349e-06,0.000000000000000000e+00,2.033746977257111567e-16,3.167903222731083268e-17
1.016500000000000202e-08,2.000056240953198571e-05,2.263839883592220042e-05,1.263851088435055149e-04,-1.318918213195107488e-04,-5.506712476005233906e-06,0.000000000000000000e+00,2.033723936449326043e-16,3.083199928005653234e-17
1.017000000000000107e-08,2.000056182292390562e-05,2.263564691584579183e-05,1.262532858174861055e-04,-1.317542546460943171e-04,-5.500968828608211519e-06,0.000000000000000000e+00,2.033700937817803928e-16,3.015437292225309207e-17
1.017500000000000012e-08,2.000056123692767131e-05,2.263289786609512546e-05,1.261216002863847893e-04,-1.316168314583727008e-04,-5.495231171987911487e-06,0.000000000000000000e+00,2.033677981280722349e-16,2.930733997499879173e-17
1.018000000000000083e-08,2.000056065154264581e-05,2.263015168367638031e-05,1.259900521067906754e-04,-1.314795516066867250e-04,-5.489499499896049583e-06,0.000000000000000000e+00,2.033655066756425821e-16,2.846030702774449139e-17
1.018500000000000153e-08,2.000056006676819554e-05,2.262740836559885244e-05,1.258586411354425472e-04,-1.313424149415328519e-04,-5.483773806090304695e-06,0.000000000000000000e+00,2.033632194163421562e-16,2.778268066994105112e-17
1.019000000000000059e-08,2.000055948260368014e-05,2.262466790887495162e-05,1.257273672292285368e-04,-1.312054213135635874e-04,-5.478054084335050658e-06,0.000000000000000000e+00,2.033609363420380478e-16,2.727446090158847092e-17
1.019499999999999964e-08,2.000055889904846264e-05,2.262193031052021146e-05,1.255962302451860710e-04,-1.310685705735874272e-04,-5.472340328401356256e-06,0.000000000000000000e+00,2.033586574446135683e-16,2.659683454378503065e-17
1.020000000000000200e-08,2.000055831610190947e-05,2.261919556755327928e-05,1.254652300405017086e-04,-1.309318625725684770e-04,-5.466632532066768380e-06,0.000000000000000000e+00,2.033563827159685214e-16,2.591920818598159038e-17
1.020500000000000105e-08,2.000055773376338366e-05,2.261646367699591271e-05,1.253343664725108965e-04,-1.307952971616264525e-04,-5.460930689115555976e-06,0.000000000000000000e+00,2.033541121480188085e-16,2.524158182817815010e-17
1.021000000000000010e-08,2.000055715203225500e-05,2.261373463587296949e-05,1.252036393986979696e-04,-1.306588741920357310e-04,-5.455234793337761364e-06,0.000000000000000000e+00,2.033518457326966506e-16,2.456395547037470983e-17
1.021500000000000081e-08,2.000055657090788315e-05,2.261100844121241430e-05,1.250730486766958799e-04,-1.305225935152265438e-04,-5.449544838530663918e-06,0.000000000000000000e+00,2.033495834619502922e-16,2.405573570202212963e-17
1.022000000000000152e-08,2.000055599038964130e-05,2.260828509004531196e-05,1.249425941642860608e-04,-1.303864549827835398e-04,-5.443860818497479014e-06,0.000000000000000000e+00,2.033473253277443715e-16,2.337810934421868936e-17
1.022500000000000057e-08,2.000055541047689249e-05,2.260556457940581727e-05,1.248122757193982917e-04,-1.302504584464462460e-04,-5.438182727047954348e-06,0.000000000000000000e+00,2.033450713220594272e-16,2.286988957586610915e-17
1.023000000000000128e-08,2.000055483116900990e-05,2.260284690633119193e-05,1.246820932001105353e-04,-1.301146037581090949e-04,-5.432510557998559671e-06,0.000000000000000000e+00,2.033428214368922928e-16,2.236166980751352895e-17
1.023500000000000198e-08,2.000055425246535996e-05,2.260013206786178424e-05,1.245520464646487479e-04,-1.299788907698212076e-04,-5.426844305172459680e-06,0.000000000000000000e+00,2.033405756642556530e-16,2.168404344971008868e-17
1.024000000000000103e-08,2.000055367436531586e-05,2.259742006104101215e-05,1.244221353713867982e-04,-1.298433193337848214e-04,-5.421183962398023245e-06,0.000000000000000000e+00,2.033383339961784383e-16,2.117582368135750848e-17
1.024500000000000009e-08,2.000055309686824402e-05,2.259471088291540051e-05,1.242923597788463043e-04,-1.297078893023578382e-04,-5.415529523511533909e-06,0.000000000000000000e+00,2.033360964247053314e-16,2.066760391300492827e-17
1.025000000000000079e-08,2.000055251997351764e-05,2.259200453053454384e-05,1.241627195456963633e-04,-1.295726005280513034e-04,-5.409880982354940172e-06,0.000000000000000000e+00,2.033338629418971130e-16,2.015938414465234807e-17
1.025500000000000150e-08,2.000055194368050991e-05,2.258930100095111307e-05,1.240332145307535504e-04,-1.294374528635301648e-04,-5.404238332776614435e-06,0.000000000000000000e+00,2.033316335398305381e-16,1.965116437629976787e-17
1.026000000000000055e-08,2.000055136798858726e-05,2.258660029122086234e-05,1.239038445929817301e-04,-1.293024461616137607e-04,-5.398601568632030619e-06,0.000000000000000000e+00,2.033294082105980403e-16,1.914294460794718766e-17
1.026500000000000126e-08,2.000055079289712965e-05,2.258390239840260186e-05,1.237746095914917844e-04,-1.291675802752735970e-04,-5.392970683781812607e-06,0.000000000000000000e+00,2.033271869463081756e-16,1.880413142904546753e-17
1.027000000000000197e-08,2.000055021840550689e-05,2.258120731955822169e-05,1.236455093855416134e-04,-1.290328550576357329e-04,-5.387345672094119488e-06,0.000000000000000000e+00,2.033249697390851293e-16,1.829591166069288732e-17
1.027500000000000102e-08,2.000054964451309218e-05,2.257851505175266794e-05,1.235165438345358637e-04,-1.288982703619788017e-04,-5.381726527442937938e-06,0.000000000000000000e+00,2.033227565810689378e-16,1.795709848179116719e-17
1.028000000000000007e-08,2.000054907121926549e-05,2.257582559205395642e-05,1.233877127980258204e-04,-1.287638260417345532e-04,-5.376113243708732737e-06,0.000000000000000000e+00,2.033205474644154889e-16,1.744887871343858698e-17
1.028500000000000078e-08,2.000054849852339663e-05,2.257313893753315899e-05,1.232590161357093527e-04,-1.286295219504881248e-04,-5.370505814778772039e-06,0.000000000000000000e+00,2.033183423812962747e-16,1.694065894508600678e-17
1.029000000000000148e-08,2.000054792642486895e-05,2.257045508526439684e-05,1.231304537074305887e-04,-1.284953579419763879e-04,-5.364904234545799216e-06,0.000000000000000000e+00,2.033161413238986141e-16,1.660184576618428665e-17
1.029500000000000053e-08,2.000054735492305566e-05,2.256777403232484389e-05,1.230020253731798610e-04,-1.283613338700894117e-04,-5.359308496909550744e-06,0.000000000000000000e+00,2.033139442844254059e-16,1.609362599783170644e-17
1.030000000000000124e-08,2.000054678401732655e-05,2.256509577579473351e-05,1.228737309930934903e-04,-1.282274495888703549e-04,-5.353718595776864623e-06,0.000000000000000000e+00,2.033117512550950056e-16,1.558540622947912624e-17
1.030500000000000195e-08,2.000054621370707177e-05,2.256242031275732809e-05,1.227455704274537848e-04,-1.280937049525128089e-04,-5.348134525059024084e-06,0.000000000000000000e+00,2.033095622281418173e-16,1.524659305057740610e-17
1.031000000000000100e-08,2.000054564399166113e-05,2.255974764029894947e-05,1.226175435366887157e-04,-1.279600998153644035e-04,-5.342556278675687819e-06,0.000000000000000000e+00,2.033073771958153564e-16,1.490777987167568597e-17
1.031500000000000005e-08,2.000054507487048476e-05,2.255707775550894512e-05,1.224896501813718349e-04,-1.278266340319230115e-04,-5.336983850551176587e-06,0.000000000000000000e+00,2.033051961503811129e-16,1.473837328222482590e-17
1.032000000000000076e-08,2.000054450634291924e-05,2.255441065547970165e-05,1.223618902222220863e-04,-1.276933074568391345e-04,-5.331417234617048199e-06,0.000000000000000000e+00,2.033030190841198118e-16,1.439956010332310576e-17
1.032500000000000147e-08,2.000054393840833777e-05,2.255174633730664484e-05,1.222342635201037237e-04,-1.275601199449153604e-04,-5.325856424811636729e-06,0.000000000000000000e+00,2.033008459893274867e-16,1.406074692442138563e-17
1.033000000000000052e-08,2.000054337106613048e-05,2.254908479808821249e-05,1.221067699360261756e-04,-1.274270713511041139e-04,-5.320301415077938320e-06,0.000000000000000000e+00,2.032986768583159978e-16,1.372193374551966549e-17
1.033500000000000122e-08,2.000054280431567396e-05,2.254642603492589513e-05,1.219794093311437743e-04,-1.272941615305110447e-04,-5.314752199367270367e-06,0.000000000000000000e+00,2.032965116834123911e-16,1.338312056661794536e-17
1.034000000000000193e-08,2.000054223815635497e-05,2.254377004492418178e-05,1.218521815667556742e-04,-1.271613903383913408e-04,-5.309208771635666544e-06,0.000000000000000000e+00,2.032943504569591935e-16,1.304430738771622522e-17
1.034500000000000098e-08,2.000054167258755346e-05,2.254111682519059723e-05,1.217250865043057031e-04,-1.270287576301521956e-04,-5.303671125846492443e-06,0.000000000000000000e+00,2.032921931713141426e-16,1.270549420881450509e-17
1.035000000000000003e-08,2.000054110760865619e-05,2.253846637283568171e-05,1.215981240053822264e-04,-1.268962632613512896e-04,-5.298139255969063215e-06,0.000000000000000000e+00,2.032900398188504819e-16,1.236668102991278495e-17
1.035500000000000074e-08,2.000054054321904313e-05,2.253581868497297731e-05,1.214712939317179438e-04,-1.267639070876967094e-04,-5.292613155978765542e-06,0.000000000000000000e+00,2.032878903919565170e-16,1.202786785101106481e-17
1.036000000000000145e-08,2.000053997941810441e-05,2.253317375871905515e-05,1.213445961451898220e-04,-1.266316889650475437e-04,-5.287092819857721715e-06,0.000000000000000000e+00,2.032857448830360352e-16,1.168905467210934468e-17
1.036500000000000050e-08,2.000053941620522340e-05,2.253053159119347464e-05,1.212180305078188500e-04,-1.264996087494125554e-04,-5.281578241593705425e-06,0.000000000000000000e+00,2.032836032845079106e-16,1.135024149320762454e-17
1.037000000000000121e-08,2.000053885357979023e-05,2.252789217951881406e-05,1.210915968817699177e-04,-1.263676662969511844e-04,-5.276069415181266630e-06,0.000000000000000000e+00,2.032814655888063756e-16,1.101142831430590441e-17
1.037500000000000191e-08,2.000053829154119166e-05,2.252525552082065014e-05,1.209652951293517617e-04,-1.262358614639729241e-04,-5.270566334621162342e-06,0.000000000000000000e+00,2.032793317883805767e-16,1.084202172485504434e-17
1.038000000000000096e-08,2.000053773008881442e-05,2.252262161222755475e-05,1.208391251130166533e-04,-1.261041941069370234e-04,-5.265068993920370187e-06,0.000000000000000000e+00,2.032772018756949694e-16,1.050320854595332420e-17
1.038500000000000002e-08,2.000053716922204865e-05,2.251999045087109148e-05,1.207130866953603712e-04,-1.259726640824521344e-04,-5.259577387091763138e-06,0.000000000000000000e+00,2.032750758432290470e-16,1.033380195650246414e-17
1.039000000000000072e-08,2.000053660894028111e-05,2.251736203388581562e-05,1.205871797391219719e-04,-1.258412712472767184e-04,-5.254091508154746485e-06,0.000000000000000000e+00,2.032729536834773649e-16,1.016439536705160407e-17
1.039500000000000143e-08,2.000053604924289854e-05,2.251473635840928436e-05,1.204614041071837348e-04,-1.257100154583192908e-04,-5.248611351135555993e-06,0.000000000000000000e+00,2.032708353889494669e-16,9.825582188149883933e-18
1.040000000000000048e-08,2.000053549012929786e-05,2.251211342158201950e-05,1.203357596625709048e-04,-1.255788965726360891e-04,-5.243136910065184365e-06,0.000000000000000000e+00,2.032687209521700579e-16,9.656175598699023865e-18
1.040500000000000119e-08,2.000053493159886580e-05,2.250949322054754813e-05,1.202102462684516247e-04,-1.254479144474341095e-04,-5.237668178982484769e-06,0.000000000000000000e+00,2.032666103656786830e-16,9.486769009248163798e-18
1.041000000000000190e-08,2.000053437365099590e-05,2.250687575245236531e-05,1.200848637881367457e-04,-1.253170689400684770e-04,-5.232205151931731382e-06,0.000000000000000000e+00,2.032645036220299004e-16,9.147955830346443662e-18
1.041500000000000095e-08,2.000053381628508507e-05,2.250426101444593751e-05,1.199596120850796911e-04,-1.251863599080426086e-04,-5.226747822962917551e-06,0.000000000000000000e+00,2.032624007137932814e-16,8.978549240895583594e-18
1.042000000000000000e-08,2.000053325950052006e-05,2.250164900368071278e-05,1.198344910228763352e-04,-1.250557872090096224e-04,-5.221296186133287222e-06,0.000000000000000000e+00,2.032603016335530650e-16,8.809142651444723526e-18
1.042500000000000071e-08,2.000053270329669438e-05,2.249903971731210712e-05,1.197095004652647316e-04,-1.249253507007706300e-04,-5.215850235505898377e-06,0.000000000000000000e+00,2.032582063739083802e-16,8.470329472543003391e-18
1.043000000000000141e-08,2.000053214767300497e-05,2.249643315249849780e-05,1.195846402761251679e-04,-1.247950502412746555e-04,-5.210409965149487505e-06,0.000000000000000000e+00,2.032561149274733440e-16,8.300922883092143323e-18
1.043500000000000046e-08,2.000053159262884194e-05,2.249382930640123009e-05,1.194599103194798808e-04,-1.246648856886194211e-04,-5.204975369139540255e-06,0.000000000000000000e+00,2.032540272868766924e-16,8.131516293641283255e-18
1.044000000000000117e-08,2.000053103816360899e-05,2.249122817618461723e-05,1.193353104594928934e-04,-1.245348569010504259e-04,-5.199546441557532494e-06,0.000000000000000000e+00,2.032519434447621001e-16,7.962109704190423187e-18
1.044500000000000188e-08,2.000053048427669286e-05,2.248862975901592018e-05,1.192108405604699477e-04,-1.244049637369613794e-04,-5.194123176491431747e-06,0.000000000000000000e+00,2.032498633937878113e-16,7.623296525288703052e-18
1.045000000000000093e-08,2.000052993096750403e-05,2.248603405206536110e-05,1.190865004868582876e-04,-1.242752060548928464e-04,-5.188705568034558788e-06,0.000000000000000000e+00,2.032477871266270092e-16,7.453889935837842984e-18
1.045499999999999998e-08,2.000052937823542585e-05,2.248344105250610643e-05,1.189622901032465777e-04,-1.241455837135340356e-04,-5.183293610287457889e-06,0.000000000000000000e+00,2.032457146359671996e-16,7.284483346386982916e-18
1.046000000000000069e-08,2.000052882607986540e-05,2.248085075751427370e-05,1.188382092743647133e-04,-1.240160965717204146e-04,-5.177887297355701309e-06,0.000000000000000000e+00,2.032436459145108523e-16,6.945670167485262780e-18
1.046500000000000140e-08,2.000052827450021621e-05,2.247826316426892809e-05,1.187142578650836176e-04,-1.238867444884356075e-04,-5.172486623351989937e-06,0.000000000000000000e+00,2.032415809549747842e-16,6.776263578034402713e-18
1.047000000000000045e-08,2.000052772349587856e-05,2.247567826995207569e-05,1.185904357404152682e-04,-1.237575273228098494e-04,-5.167091582394581196e-06,0.000000000000000000e+00,2.032395197500906528e-16,6.606856988583542645e-18
1.047500000000000115e-08,2.000052717306624939e-05,2.247309607174867026e-05,1.184667427655123316e-04,-1.236284449341210436e-04,-5.161702168608712062e-06,0.000000000000000000e+00,2.032374622926044384e-16,6.437450399132682577e-18
1.048000000000000186e-08,2.000052662321073914e-05,2.247051656684658275e-05,1.183431788056682037e-04,-1.234994971817921872e-04,-5.156318376123983425e-06,0.000000000000000000e+00,2.032354085752769370e-16,6.268043809681822509e-18
1.048500000000000091e-08,2.000052607392874135e-05,2.246793975243663517e-05,1.182197437263167526e-04,-1.233706839253947041e-04,-5.150940199077951509e-06,0.000000000000000000e+00,2.032333585908831441e-16,6.268043809681822509e-18
1.048999999999999996e-08,2.000052552521965971e-05,2.246536562571257347e-05,1.180964373930321824e-04,-1.232420050246456811e-04,-5.145567631613498678e-06,0.000000000000000000e+00,2.032313123322126000e-16,6.098637220230962441e-18
1.049500000000000067e-08,2.000052497708289451e-05,2.246279418387106419e-05,1.179732596715289390e-04,-1.231134603394084908e-04,-5.140200667879551728e-06,0.000000000000000000e+00,2.032292697920694140e-16,5.929230630780102373e-18
1.050000000000000138e-08,2.000052442951785284e-05,2.246022542411170800e-05,1.178502104276615337e-04,-1.229850497296927647e-04,-5.134839302031230955e-06,0.000000000000000000e+00,2.032272309632719936e-16,5.929230630780102373e-18
1.050500000000000043e-08,2.000052388252393160e-05,2.245765934363702271e-05,1.177272895274243398e-04,-1.228567730556545559e-04,-5.129483528230216081e-06,0.000000000000000000e+00,2.032251958386529953e-16,5.759824041329242306e-18
1.051000000000000114e-08,2.000052333610054126e-05,2.245509593965243998e-05,1.176044968369515656e-04,-1.227286301775949294e-04,-5.124133340643363893e-06,0.000000000000000000e+00,2.032231644110597678e-16,5.590417451878382238e-18
1.051500000000000184e-08,2.000052279024708550e-05,2.245253520936631199e-05,1.174818322225170103e-04,-1.226006209559613177e-04,-5.118788733444307442e-06,0.000000000000000000e+00,2.032211366733536870e-16,5.590417451878382238e-18
1.052000000000000090e-08,2.000052224496297142e-05,2.244997714998990136e-05,1.173592955505339694e-04,-1.224727452513464903e-04,-5.113449700812520917e-06,0.000000000000000000e+00,2.032191126184105747e-16,5.421010862427522170e-18
1.052499999999999995e-08,2.000052170024759930e-05,2.244742175873737432e-05,1.172368866875550585e-04,-1.223450029244887440e-04,-5.108116236933685564e-06,0.000000000000000000e+00,2.032170922391202796e-16,5.251604272976662102e-18
1.053000000000000065e-08,2.000052115610038300e-05,2.244486903282580750e-05,1.171146055002721044e-04,-1.222173938362712249e-04,-5.102788335999120482e-06,0.000000000000000000e+00,2.032150755283872444e-16,5.251604272976662102e-18
1.053500000000000136e-08,2.000052061252072621e-05,2.244231896947518457e-05,1.169924518555159697e-04,-1.220899178477229314e-04,-5.097465992206961691e-06,0.000000000000000000e+00,2.032130624791298155e-16,5.082197683525802034e-18
1.054000000000000041e-08,2.000052006950803939e-05,2.243977156590837586e-05,1.168704256202563759e-04,-1.219625748200168168e-04,-5.092149199760440960e-06,0.000000000000000000e+00,2.032110530842806620e-16,4.912791094074941967e-18
1.054500000000000112e-08,2.000051952706172285e-05,2.243722681935116214e-05,1.167485266616018631e-04,-1.218353646144719579e-04,-5.086837952870094872e-06,0.000000000000000000e+00,2.032090473367864305e-16,4.912791094074941967e-18
1.055000000000000183e-08,2.000051898518119721e-05,2.243468472703221084e-05,1.166267548467995324e-04,-1.217082870925506816e-04,-5.081532245751149181e-06,0.000000000000000000e+00,2.032070452296081893e-16,4.743384504624081899e-18
1.055500000000000088e-08,2.000051844386586616e-05,2.243214528618307947e-05,1.165051100432349919e-04,-1.215813421158606656e-04,-5.076232072625673671e-06,0.000000000000000000e+00,2.032050467557207868e-16,4.743384504624081899e-18
1.055999999999999993e-08,2.000051790311514356e-05,2.242960849403821224e-05,1.163835921184321395e-04,-1.214545295461534342e-04,-5.070937427721294659e-06,0.000000000000000000e+00,2.032030519081133203e-16,4.573977915173221831e-18
1.056500000000000064e-08,2.000051736292843309e-05,2.242707434783495021e-05,1.162622009400530413e-04,-1.213278492453258490e-04,-5.065648305272807753e-06,0.000000000000000000e+00,2.032010606797886922e-16,4.404571325722361763e-18
1.057000000000000134e-08,2.000051682330515539e-05,2.242454284481349401e-05,1.161409363758978227e-04,-1.212013010754169377e-04,-5.060364699519114971e-06,0.000000000000000000e+00,2.031990730637641523e-16,4.404571325722361763e-18
1.057500000000000039e-08,2.000051628424471753e-05,2.242201398221694113e-05,1.160197982939044928e-04,-1.210748848986111870e-04,-5.055086604706694200e-06,0.000000000000000000e+00,2.031970890530706075e-16,4.235164736271501695e-18
1.058000000000000110e-08,2.000051574574653336e-05,2.241948775729125544e-05,1.158987865621487814e-04,-1.209486005772361037e-04,-5.049814015087322359e-06,0.000000000000000000e+00,2.031951086407530904e-16,4.065758146820641628e-18
1.058500000000000181e-08,2.000051520781002013e-05,2.241696416728528068e-05,1.157779010488440305e-04,-1.208224479737630275e-04,-5.044546924918996982e-06,0.000000000000000000e+00,2.031931318198705123e-16,4.065758146820641628e-18
1.059000000000000086e-08,2.000051467043458830e-05,2.241444320945071682e-05,1.156571416223410592e-04,-1.206964269508064262e-04,-5.039285328465367003e-06,0.000000000000000000e+00,2.031911585834955653e-16,3.896351557369781560e-18
1.059499999999999991e-08,2.000051413361965172e-05,2.241192488104214373e-05,1.155365081511279871e-04,-1.205705373711246008e-04,-5.034029219996613677e-06,0.000000000000000000e+00,2.031891889247148696e-16,3.726944967918921492e-18
1.060000000000000062e-08,2.000051359736462425e-05,2.240940917931700765e-05,1.154160005038300718e-04,-1.204447790976191700e-04,-5.028778593789098210e-06,0.000000000000000000e+00,2.031872228366288751e-16,3.726944967918921492e-18
1.060500000000000133e-08,2.000051306166892990e-05,2.240689610153560082e-05,1.152956185492096547e-04,-1.203191519933335528e-04,-5.023533444123898088e-06,0.000000000000000000e+00,2.031852603123520341e-16,3.557538378468061424e-18
1.061000000000000038e-08,2.000051252653198253e-05,2.240438564496107849e-05,1.151753621561659309e-04,-1.201936559214547979e-04,-5.018293765288867059e-06,0.000000000000000000e+00,2.031833013450122587e-16,3.388131789017201356e-18
1.061500000000000108e-08,2.000051199195319261e-05,2.240187780685945547e-05,1.150552311937348265e-04,-1.200682907453131363e-04,-5.013059551578309876e-06,0.000000000000000000e+00,2.031813459277512169e-16,3.388131789017201356e-18
1.062000000000000179e-08,2.000051145793198753e-05,2.239937258449959260e-05,1.149352255310888909e-04,-1.199430563283802604e-04,-5.007830797291369543e-06,0.000000000000000000e+00,2.031793940537246283e-16,3.218725199566341288e-18
1.062500000000000084e-08,2.000051092446777438e-05,2.239686997515320015e-05,1.148153450375371203e-04,-1.198179525342712889e-04,-5.002607496734168616e-06,0.000000000000000000e+00,2.031774457161014010e-16,3.049318610115481221e-18
1.062999999999999989e-08,2.000051039155998733e-05,2.239436997609484459e-05,1.146955895825248087e-04,-1.196929792267428696e-04,-4.997389644218060926e-06,0.000000000000000000e+00,2.031755009080647416e-16,3.049318610115481221e-18
1.063500000000000060e-08,2.000050985920803347e-05,2.239187258460191806e-05,1.145759590356334665e-04,-1.195681362696942229e-04,-4.992177234060756440e-06,0.000000000000000000e+00,2.031735596228108479e-16,2.879912020664621153e-18
1.064000000000000131e-08,2.000050932741133681e-05,2.238937779795466555e-05,1.144564532665805630e-04,-1.194434235271664370e-04,-4.986970260585874026e-06,0.000000000000000000e+00,2.031716218535498956e-16,2.710505431213761085e-18
1.064500000000000036e-08,2.000050879616931799e-05,2.238688561343616111e-05,1.143370721452195400e-04,-1.193188408633421562e-04,-4.981768718122616194e-06,0.000000000000000000e+00,2.031696875935055449e-16,2.710505431213761085e-18
1.065000000000000107e-08,2.000050826548139762e-05,2.238439602833231467e-05,1.142178155415395411e-04,-1.191943881425458523e-04,-4.976572601006311195e-06,0.000000000000000000e+00,2.031677568359149897e-16,2.541098841762901017e-18
1.065500000000000177e-08,2.000050773534699296e-05,2.238190903993187201e-05,1.140986833256652888e-04,-1.190700652292439458e-04,-4.971381903578656969e-06,0.000000000000000000e+00,2.031658295740288841e-16,2.371692252312040949e-18
1.066000000000000083e-08,2.000050720576554156e-05,2.237942464552639447e-05,1.139796753678570178e-04,-1.189458719880426383e-04,-4.966196620185620502e-06,0.000000000000000000e+00,2.031639058011117364e-16,2.371692252312040949e-18
1.066499999999999988e-08,2.000050667673645391e-05,2.237694284241028601e-05,1.138607915385102574e-04,-1.188218082836915983e-04,-4.961016745181340954e-06,0.000000000000000000e+00,2.031619855104409974e-16,2.202285662861180882e-18
1.067000000000000058e-08,2.000050614825915401e-05,2.237446362788075599e-05,1.137420317081557235e-04,-1.186978739810800991e-04,-4.955842272924375607e-06,0.000000000000000000e+00,2.031600686953078734e-16,2.202285662861180882e-18
1.067500000000000129e-08,2.000050562033307605e-05,2.237198699923784284e-05,1.136233957474591693e-04,-1.185740689452383328e-04,-4.950673197779163542e-06,0.000000000000000000e+00,2.031581553490170060e-16,2.202285662861180882e-18
1.068000000000000034e-08,2.000050509295763727e-05,2.236951295378439714e-05,1.135048835272212499e-04,-1.184503930413379939e-04,-4.945509514116743920e-06,0.000000000000000000e+00,2.031562454648862257e-16,2.202285662861180882e-18
1.068500000000000105e-08,2.000050456613226507e-05,2.236704148882608163e-05,1.133864949183774004e-04,-1.183268461346908282e-04,-4.940351216313427834e-06,0.000000000000000000e+00,2.031543390362468722e-16,2.202285662861180882e-18
1.069000000000000176e-08,2.000050403985638347e-05,2.236457260167137458e-05,1.132682297919976186e-04,-1.182034280907495554e-04,-4.935198298751936725e-06,0.000000000000000000e+00,2.031524360564435479e-16,2.202285662861180882e-18
1.069500000000000081e-08,2.000050351412942327e-05,2.236210628963155624e-05,1.131500880192864522e-04,-1.180801387751066484e-04,-4.930050755820196201e-06,0.000000000000000000e+00,2.031505365188342165e-16,2.202285662861180882e-18
1.069999999999999986e-08,2.000050298895081187e-05,2.235964255002071563e-05,1.130320694715827135e-04,-1.179569780534951880e-04,-4.924908581912474455e-06,0.000000000000000000e+00,2.031486404167900799e-16,2.202285662861180882e-18
1.070500000000000057e-08,2.000050246431997667e-05,2.235718138015574036e-05,1.129141740203594662e-04,-1.178339457917881844e-04,-4.919771771428718189e-06,0.000000000000000000e+00,2.031467477436956272e-16,2.202285662861180882e-18
1.071000000000000127e-08,2.000050194023634170e-05,2.235472277735631665e-05,1.127964015372238086e-04,-1.177110418559987543e-04,-4.914640318774945635e-06,0.000000000000000000e+00,2.031448584929484132e-16,2.202285662861180882e-18
1.071500000000000033e-08,2.000050141669934114e-05,2.235226673894492253e-05,1.126787518939167650e-04,-1.175882661122790629e-04,-4.909514218362297884e-06,0.000000000000000000e+00,2.031429726579594278e-16,2.202285662861180882e-18
1.072000000000000103e-08,2.000050089370840578e-05,2.234981326224684141e-05,1.125612249623131230e-04,-1.174656184269217882e-04,-4.904393464608665181e-06,0.000000000000000000e+00,2.031410902321527019e-16,2.202285662861180882e-18
1.072500000000000174e-08,2.000050037126295963e-05,2.234736234459013495e-05,1.124438206144213120e-04,-1.173430986663587656e-04,-4.899278051937453653e-06,0.000000000000000000e+00,2.031392112089653071e-16,2.202285662861180882e-18
1.073000000000000079e-08,2.000049984936244028e-05,2.234491398330565326e-05,1.123265387223832534e-04,-1.172207066971606490e-04,-4.894167974777395569e-06,0.000000000000000000e+00,2.031373355818477012e-16,2.202285662861180882e-18
1.073499999999999984e-08,2.000049932800627850e-05,2.234246817572703149e-05,1.122093791584742801e-04,-1.170984423860376561e-04,-4.889063227563376045e-06,0.000000000000000000e+00,2.031354633442631607e-16,2.202285662861180882e-18
1.074000000000000055e-08,2.000049880719390172e-05,2.234002491919068984e-05,1.120923417951028646e-04,-1.169763055998394061e-04,-4.883963804736541465e-06,0.000000000000000000e+00,2.031335944896881266e-16,2.202285662861180882e-18
1.074500000000000126e-08,2.000049828692475088e-05,2.233758421103581999e-05,1.119754265048106197e-04,-1.168542962055534555e-04,-4.878869700742835807e-06,0.000000000000000000e+00,2.031317290116122284e-16,2.202285662861180882e-18
1.075000000000000031e-08,2.000049776719824661e-05,2.233514604860439189e-05,1.118586331602720543e-04,-1.167324140703072640e-04,-4.873780910035209707e-06,0.000000000000000000e+00,2.031298669035376927e-16,2.202285662861180882e-18
1.075500000000000101e-08,2.000049724801383666e-05,2.233271042924115716e-05,1.117419616342945460e-04,-1.166106590613660252e-04,-4.868697427071479156e-06,0.000000000000000000e+00,2.031280081589801815e-16,2.202285662861180882e-18
1.076000000000000172e-08,2.000049672937094842e-05,2.233027735029361857e-05,1.116254117998180843e-04,-1.164890310461335075e-04,-4.863619246315423260e-06,0.000000000000000000e+00,2.031261527714681019e-16,2.202285662861180882e-18
1.076500000000000077e-08,2.000049621126901946e-05,2.232784680911206054e-05,1.115089835299151749e-04,-1.163675298921520540e-04,-4.858546362236879101e-06,0.000000000000000000e+00,2.031243007345428276e-16,2.202285662861180882e-18
1.076999999999999982e-08,2.000049569370748398e-05,2.232541880304952207e-05,1.113926766977907861e-04,-1.162461554671019045e-04,-4.853478769311118327e-06,0.000000000000000000e+00,2.031224520417585270e-16,2.202285662861180882e-18
1.077500000000000053e-08,2.000049517668577614e-05,2.232299332946180683e-05,1.112764911767820370e-04,-1.161249076388015346e-04,-4.848416462019497671e-06,0.000000000000000000e+00,2.031206066866822859e-16,2.202285662861180882e-18
1.078000000000000124e-08,2.000049466020333691e-05,2.232057038570748326e-05,1.111604268403582649e-04,-1.160037862752073172e-04,-4.843359434849052372e-06,0.000000000000000000e+00,2.031187646628942556e-16,2.202285662861180882e-18
1.078500000000000029e-08,2.000049414425960725e-05,2.231814996914786075e-05,1.110444835621207004e-04,-1.158827912444126680e-04,-4.838307682291967632e-06,0.000000000000000000e+00,2.031169259639872093e-16,2.202285662861180882e-18
1.079000000000000100e-08,2.000049362885401795e-05,2.231573207714700665e-05,1.109286612158024267e-04,-1.157619224146494419e-04,-4.833261198847015180e-06,0.000000000000000000e+00,2.031150905835666158e-16,2.202285662861180882e-18
1.079500000000000170e-08,2.000049311398600658e-05,2.231331670707174288e-05,1.108129596752682440e-04,-1.156411796542868215e-04,-4.828219979018577492e-06,0.000000000000000000e+00,2.031132585152508862e-16,2.202285662861180882e-18
1.080000000000000076e-08,2.000049259965502087e-05,2.231090385629163570e-05,1.106973788145145340e-04,-1.155205628318307345e-04,-4.823184017316200557e-06,0.000000000000000000e+00,2.031114297526712753e-16,2.202285662861180882e-18
1.080499999999999981e-08,2.000049208586049163e-05,2.230849352217898564e-05,1.105819185076690835e-04,-1.154000718159246938e-04,-4.818153308255610314e-06,0.000000000000000000e+00,2.031096042894714130e-16,2.202285662861180882e-18
1.081000000000000217e-08,2.000049157260186657e-05,2.230608570210885114e-05,1.104665786289909222e-04,-1.152797064753492283e-04,-4.813127846358306082e-06,0.000000000000000000e+00,2.031077821193080195e-16,2.202285662861180882e-18
1.081500000000000122e-08,2.000049105987858328e-05,2.230368039345901132e-05,1.103513590528703089e-04,-1.151594666790213951e-04,-4.808107626151086216e-06,0.000000000000000000e+00,2.031059632358501409e-16,2.202285662861180882e-18
1.082000000000000027e-08,2.000049054769008949e-05,2.230127759360999646e-05,1.102362596538284604e-04,-1.150393522959953488e-04,-4.803092642166888367e-06,0.000000000000000000e+00,2.031041476327798888e-16,2.202285662861180882e-18
1.082500000000000098e-08,2.000049003603581260e-05,2.229887729994505075e-05,1.101212803065174838e-04,-1.149193631954619074e-04,-4.798082888944423560e-06,0.000000000000000000e+00,2.031023353037912571e-16,2.202285662861180882e-18
1.083000000000000169e-08,2.000048952491521051e-05,2.229647950985016612e-05,1.100064208857202410e-04,-1.147994992467477802e-04,-4.793078361027539231e-06,0.000000000000000000e+00,2.031005262425916749e-16,2.202285662861180882e-18
1.083500000000000074e-08,2.000048901432771741e-05,2.229408422071404842e-05,1.098916812663502132e-04,-1.146797603193165573e-04,-4.788079052966344082e-06,0.000000000000000000e+00,2.030987204429005521e-16,2.202285662861180882e-18
1.083999999999999979e-08,2.000048850427278441e-05,2.229169142992813094e-05,1.097770613234513111e-04,-1.145601462827673266e-04,-4.783084959316015461e-06,0.000000000000000000e+00,2.030969178984501916e-16,2.202285662861180882e-18
1.084500000000000215e-08,2.000048799474985248e-05,2.228930113488657104e-05,1.096625609321977935e-04,-1.144406570068359210e-04,-4.778096074638127507e-06,0.000000000000000000e+00,2.030951186029851484e-16,2.202285662861180882e-18
1.085000000000000120e-08,2.000048748575836258e-05,2.228691333298623995e-05,1.095481799678941186e-04,-1.143212923613938752e-04,-4.773112393499756687e-06,0.000000000000000000e+00,2.030933225502625251e-16,2.202285662861180882e-18
1.085500000000000026e-08,2.000048697729776921e-05,2.228452802162671941e-05,1.094339183059748214e-04,-1.142020522164475171e-04,-4.768133910472695746e-06,0.000000000000000000e+00,2.030915297340520954e-16,2.202285662861180882e-18
1.086000000000000096e-08,2.000048646936750994e-05,2.228214519821031524e-05,1.093197758220043381e-04,-1.140829364421402719e-04,-4.763160620135933822e-06,0.000000000000000000e+00,2.030897401481357374e-16,2.202285662861180882e-18
1.086500000000000167e-08,2.000048596196703929e-05,2.227976486014203697e-05,1.092057523916768703e-04,-1.139639449087498840e-04,-4.758192517073013702e-06,0.000000000000000000e+00,2.030879537863079999e-16,2.202285662861180882e-18
1.087000000000000072e-08,2.000048545509579482e-05,2.227738700482959785e-05,1.090918478908163716e-04,-1.138450774866901516e-04,-4.753229595873780097e-06,0.000000000000000000e+00,2.030861706423756346e-16,2.202285662861180882e-18
1.087499999999999977e-08,2.000048494875323105e-05,2.227501162968341828e-05,1.089780621953762084e-04,-1.137263340465093683e-04,-4.748271851133159917e-06,0.000000000000000000e+00,2.030843907101578669e-16,2.202285662861180882e-18
1.088000000000000213e-08,2.000048444293879571e-05,2.227263873211661897e-05,1.088643951814391604e-04,-1.136077144588911630e-04,-4.743319277452002526e-06,0.000000000000000000e+00,2.030826139834863223e-16,2.202285662861180882e-18
1.088500000000000119e-08,2.000048393765193992e-05,2.227026830954501759e-05,1.087508467252172714e-04,-1.134892185946538904e-04,-4.738371869436618956e-06,0.000000000000000000e+00,2.030808404562048289e-16,2.202285662861180882e-18
1.089000000000000024e-08,2.000048343289211481e-05,2.226790035938713217e-05,1.086374167030517270e-04,-1.133708463247508748e-04,-4.733429621699147827e-06,0.000000000000000000e+00,2.030790701221695654e-16,2.202285662861180882e-18
1.089500000000000094e-08,2.000048292865876811e-05,2.226553487906417090e-05,1.085241049914126244e-04,-1.132525975202701391e-04,-4.728492528857514685e-06,0.000000000000000000e+00,2.030773029752488639e-16,2.202285662861180882e-18
1.090000000000000165e-08,2.000048242495134756e-05,2.226317186600002535e-05,1.084109114668989593e-04,-1.131344720524338898e-04,-4.723560585534930566e-06,0.000000000000000000e+00,2.030755390093232838e-16,2.202285662861180882e-18
1.090500000000000070e-08,2.000048192176931105e-05,2.226081131762127732e-05,1.082978360062384081e-04,-1.130164697925983136e-04,-4.718633786359905540e-06,0.000000000000000000e+00,2.030737782182859077e-16,2.202285662861180882e-18
1.090999999999999976e-08,2.000048141911209954e-05,2.225845323135720212e-05,1.081848784862872340e-04,-1.128985906122551225e-04,-4.713712125967888574e-06,0.000000000000000000e+00,2.030720205960413554e-16,2.202285662861180882e-18
1.091500000000000212e-08,2.000048091697917771e-05,2.225609760463974156e-05,1.080720387840301778e-04,-1.127808343830281928e-04,-4.708795598998014920e-06,0.000000000000000000e+00,2.030702661365072134e-16,2.202285662861180882e-18
1.092000000000000117e-08,2.000048041536999329e-05,2.225374443490352083e-05,1.079593167765802012e-04,-1.126632009766763702e-04,-4.703884200096168991e-06,0.000000000000000000e+00,2.030685148336126300e-16,2.202285662861180882e-18
1.092500000000000022e-08,2.000047991428399740e-05,2.225139371958584852e-05,1.078467123411785402e-04,-1.125456902650925624e-04,-4.698977923914022126e-06,0.000000000000000000e+00,2.030667666812989564e-16,2.202285662861180882e-18
1.093000000000000093e-08,2.000047941372064795e-05,2.224904545612670307e-05,1.077342253551944075e-04,-1.124283021203027625e-04,-4.694076765108354970e-06,0.000000000000000000e+00,2.030650216735198695e-16,2.202285662861180882e-18
1.093500000000000163e-08,2.000047891367939945e-05,2.224669964196873277e-05,1.076218556961249380e-04,-1.123110364144666595e-04,-4.689180718341721542e-06,0.000000000000000000e+00,2.030632798042408791e-16,2.202285662861180882e-18
1.094000000000000069e-08,2.000047841415970640e-05,2.224435627455724560e-05,1.075096032415950533e-04,-1.121938930198769605e-04,-4.684289778281907138e-06,0.000000000000000000e+00,2.030615410674395993e-16,2.202285662861180882e-18
1.094499999999999974e-08,2.000047791516103009e-05,2.224201535134021939e-05,1.073974678693572860e-04,-1.120768718089594582e-04,-4.679403939602172274e-06,0.000000000000000000e+00,2.030598054571057974e-16,2.202285662861180882e-18
1.095000000000000210e-08,2.000047741668281825e-05,2.223967686976829840e-05,1.072854494572917110e-04,-1.119599726542740072e-04,-4.674523196982296232e-06,0.000000000000000000e+00,2.030580729672408766e-16,2.202285662861180882e-18
1.095500000000000115e-08,2.000047691872453557e-05,2.223734082729477983e-05,1.071735478834057566e-04,-1.118431954285122195e-04,-4.669647545106462867e-06,0.000000000000000000e+00,2.030563435918586397e-16,2.202285662861180882e-18
1.096000000000000020e-08,2.000047642128563655e-05,2.223500722137562054e-05,1.070617630258341094e-04,-1.117265400044991996e-04,-4.664776978665090192e-06,0.000000000000000000e+00,2.030546173249844762e-16,2.202285662861180882e-18
1.096500000000000091e-08,2.000047592436558248e-05,2.223267604946942356e-05,1.069500947628385242e-04,-1.116100062551920536e-04,-4.659911492353529345e-06,0.000000000000000000e+00,2.030528941606559288e-16,2.202285662861180882e-18
1.097000000000000162e-08,2.000047542796382110e-05,2.223034730903745832e-05,1.068385429728077840e-04,-1.114935940536818679e-04,-4.655051080874083908e-06,0.000000000000000000e+00,2.030511740929220280e-16,2.202285662861180882e-18
1.097500000000000067e-08,2.000047493207982385e-05,2.222802099754363027e-05,1.067271075342574689e-04,-1.113773032731903210e-04,-4.650195738932852169e-06,0.000000000000000000e+00,2.030494571158443523e-16,2.202285662861180882e-18
1.097999999999999972e-08,2.000047443671305202e-05,2.222569711245448419e-05,1.066157883258299431e-04,-1.112611337870716082e-04,-4.645345461241665139e-06,0.000000000000000000e+00,2.030477432234958938e-16,2.202285662861180882e-18
1.098500000000000208e-08,2.000047394186295674e-05,2.222337565123922454e-05,1.065045852262940564e-04,-1.111450854688133898e-04,-4.640500242519333377e-06,0.000000000000000000e+00,2.030460324099612804e-16,2.202285662861180882e-18
1.099000000000000113e-08,2.000047344752900607e-05,2.222105661136968159e-05,1.063934981145451582e-04,-1.110291581920337829e-04,-4.635660077488624781e-06,0.000000000000000000e+00,2.030443246693373920e-16,2.202285662861180882e-18
1.099500000000000019e-08,2.000047295371065452e-05,2.221873999032032836e-05,1.062825268696049070e-04,-1.109133518304836923e-04,-4.630824960878785358e-06,0.000000000000000000e+00,2.030426199957323744e-16,2.202285662861180882e-18
1.100000000000000089e-08,2.000047246040737354e-05,2.221642578556827044e-05,1.061716713706211356e-04,-1.107976662580448452e-04,-4.625994887423709630e-06,0.000000000000000000e+00,2.030409183832667734e-16,2.202285662861180882e-18
1.100500000000000160e-08,2.000047196761861425e-05,2.221411399459325277e-05,1.060609314968677695e-04,-1.106821013487319192e-04,-4.621169851864149699e-06,0.000000000000000000e+00,2.030392198260720800e-16,2.202285662861180882e-18
1.101000000000000065e-08,2.000047147534385149e-05,2.221180461487763254e-05,1.059503071277445693e-04,-1.105666569766890455e-04,-4.616349848944476192e-06,0.000000000000000000e+00,2.030375243182921854e-16,2.202285662861180882e-18
1.101500000000000136e-08,2.000047098358254656e-05,2.220949764390640969e-05,1.058397981427771988e-04,-1.104513330161931568e-04,-4.611534873415957972e-06,0.000000000000000000e+00,2.030358318540822959e-16,2.202285662861180882e-18
1.102000000000000206e-08,2.000047049233415734e-05,2.220719307916718964e-05,1.057294044216168722e-04,-1.103361293416516150e-04,-4.606724920034742810e-06,0.000000000000000000e+00,2.030341424276091795e-16,2.202285662861180882e-18
1.102500000000000112e-08,2.000047000159815191e-05,2.220489091815022053e-05,1.056191258440403950e-04,-1.102210458276034314e-04,-4.601919983563036460e-06,0.000000000000000000e+00,2.030324560330514864e-16,2.202285662861180882e-18
1.103000000000000017e-08,2.000046951137400170e-05,2.220259115834835261e-05,1.055089622899499201e-04,-1.101060823487175455e-04,-4.597120058767625427e-06,0.000000000000000000e+00,2.030307726645994287e-16,2.202285662861180882e-18
1.103500000000000087e-08,2.000046902166116803e-05,2.220029379725705176e-05,1.053989136393729611e-04,-1.099912387797941798e-04,-4.592325140421218673e-06,0.000000000000000000e+00,2.030290923164546814e-16,2.202285662861180882e-18
1.104000000000000158e-08,2.000046853245911554e-05,2.219799883237439609e-05,1.052889797724620269e-04,-1.098765149957640273e-04,-4.587535223302000378e-06,0.000000000000000000e+00,2.030274149828304076e-16,2.202285662861180882e-18
1.104500000000000063e-08,2.000046804376731232e-05,2.219570626120107937e-05,1.051791605694947702e-04,-1.097619108716883459e-04,-4.582750302193575737e-06,0.000000000000000000e+00,2.030257406579515043e-16,2.202285662861180882e-18
1.105000000000000134e-08,2.000046755558523319e-05,2.219341608124040084e-05,1.050694559108736082e-04,-1.096474262827583758e-04,-4.577970371884767663e-06,0.000000000000000000e+00,2.030240693360544307e-16,2.202285662861180882e-18
1.105500000000000205e-08,2.000046706791233606e-05,2.219112828999826183e-05,1.049598656771257634e-04,-1.095330611042962882e-04,-4.573195427170524815e-06,0.000000000000000000e+00,2.030224010113867636e-16,2.202285662861180882e-18
1.106000000000000110e-08,2.000046658074809577e-05,2.218884288498316234e-05,1.048503897489030468e-04,-1.094188152117533285e-04,-4.568425462850281738e-06,0.000000000000000000e+00,2.030207356782079129e-16,2.202285662861180882e-18
1.106500000000000015e-08,2.000046609409198038e-05,2.218655986370621127e-05,1.047410280069817492e-04,-1.093046884807115512e-04,-4.563660473729802005e-06,0.000000000000000000e+00,2.030190733307885299e-16,2.202285662861180882e-18
1.107000000000000086e-08,2.000046560794346473e-05,2.218427922368109925e-05,1.046317803322625330e-04,-1.091906807868817325e-04,-4.558900454619199552e-06,0.000000000000000000e+00,2.030174139634108520e-16,2.202285662861180882e-18
1.107500000000000156e-08,2.000046512230201011e-05,2.218200096242411900e-05,1.045226466057702831e-04,-1.090767920061054444e-04,-4.554145400335161292e-06,0.000000000000000000e+00,2.030157575703682102e-16,2.202285662861180882e-18
1.108000000000000062e-08,2.000046463716709474e-05,2.217972507745415178e-05,1.044136267086539713e-04,-1.089630220143528584e-04,-4.549395305698887126e-06,0.000000000000000000e+00,2.030141041459656943e-16,2.202285662861180882e-18
1.108500000000000132e-08,2.000046415253818670e-05,2.217745156629267076e-05,1.043047205221865208e-04,-1.088493706877241964e-04,-4.544650165537675594e-06,0.000000000000000000e+00,2.030124536845193644e-16,2.202285662861180882e-18
1.109000000000000203e-08,2.000046366841475742e-05,2.217518042646372410e-05,1.041959279277647384e-04,-1.087358379024483342e-04,-4.539909974683595728e-06,0.000000000000000000e+00,2.030108061803568420e-16,2.202285662861180882e-18
1.109500000000000108e-08,2.000046318479628514e-05,2.217291165549395527e-05,1.040872488069090573e-04,-1.086224235348835066e-04,-4.535174727974449274e-06,0.000000000000000000e+00,2.030091616278170148e-16,2.202285662861180882e-18
1.110000000000000013e-08,2.000046270168223791e-05,2.217064525091258270e-05,1.039786830412635637e-04,-1.085091274615172395e-04,-4.530444420253675834e-06,0.000000000000000000e+00,2.030075200212500118e-16,2.202285662861180882e-18
1.110500000000000084e-08,2.000046221907209059e-05,2.216838121025139645e-05,1.038702305125957395e-04,-1.083959495589652928e-04,-4.525719046369553258e-06,0.000000000000000000e+00,2.030058813550171537e-16,2.202285662861180882e-18
1.111000000000000155e-08,2.000046173696531801e-05,2.216611953104476152e-05,1.037618911027964221e-04,-1.082828897039721754e-04,-4.520998601175753306e-06,0.000000000000000000e+00,2.030042456234911014e-16,2.202285662861180882e-18
1.111500000000000060e-08,2.000046125536139501e-05,2.216386021082962469e-05,1.036536646938796273e-04,-1.081699477734114840e-04,-4.516283079531856638e-06,0.000000000000000000e+00,2.030026128210556828e-16,2.202285662861180882e-18
1.112000000000000130e-08,2.000046077425980321e-05,2.216160324714549416e-05,1.035455511679824419e-04,-1.080571236442845478e-04,-4.511572476302105981e-06,0.000000000000000000e+00,2.030009829421060166e-16,2.202285662861180882e-18
1.112500000000000201e-08,2.000046029366000727e-05,2.215934863753444295e-05,1.034375504073648601e-04,-1.079444171937217841e-04,-4.506866786356924018e-06,0.000000000000000000e+00,2.029993559810480928e-16,2.202285662861180882e-18
1.113000000000000106e-08,2.000045981356148882e-05,2.215709637954110889e-05,1.033296622944097031e-04,-1.078318282989810037e-04,-4.502166004571300632e-06,0.000000000000000000e+00,2.029977319322992169e-16,2.202285662861180882e-18
1.113500000000000012e-08,2.000045933396372947e-05,2.215484647071269803e-05,1.032218867116224827e-04,-1.077193568374484276e-04,-4.497470125825944872e-06,0.000000000000000000e+00,2.029961107902880093e-16,2.202285662861180882e-18
1.114000000000000082e-08,2.000045885486620407e-05,2.215259890859896426e-05,1.031142235416312395e-04,-1.076070026866380095e-04,-4.492779145006769960e-06,0.000000000000000000e+00,2.029944925494539621e-16,2.202285662861180882e-18
1.114500000000000153e-08,2.000045837626838744e-05,2.215035369075221954e-05,1.030066726671864067e-04,-1.074947657241915981e-04,-4.488093057005191440e-06,0.000000000000000000e+00,2.029928772042474635e-16,2.202285662861180882e-18
1.115000000000000058e-08,2.000045789816976122e-05,2.214811081472733726e-05,1.028992339711607969e-04,-1.073826458278788021e-04,-4.483411856718005212e-06,0.000000000000000000e+00,2.029912647491303648e-16,2.202285662861180882e-18
1.115500000000000129e-08,2.000045742056980700e-05,2.214587027808173527e-05,1.027919073365493038e-04,-1.072706428755964203e-04,-4.478735539047116478e-06,0.000000000000000000e+00,2.029896551785753395e-16,2.202285662861180882e-18
1.116000000000000199e-08,2.000045694346799964e-05,2.214363207837537255e-05,1.026846926464689024e-04,-1.071587567453686455e-04,-4.474064098899743032e-06,0.000000000000000000e+00,2.029880484870659079e-16,2.202285662861180882e-18
1.116500000000000105e-08,2.000045646686382414e-05,2.214139621317075932e-05,1.025775897841584862e-04,-1.070469873153467660e-04,-4.469397531188279730e-06,0.000000000000000000e+00,2.029864446690968811e-16,2.202285662861180882e-18
1.117000000000000010e-08,2.000045599075675533e-05,2.213916268003295369e-05,1.024705986329787046e-04,-1.069353344638099247e-04,-4.464735830831220069e-06,0.000000000000000000e+00,2.029848437191737687e-16,2.202285662861180882e-18
1.117500000000000080e-08,2.000045551514628500e-05,2.213693147652954468e-05,1.023637190764118950e-04,-1.068237980691629776e-04,-4.460078992751082645e-06,0.000000000000000000e+00,2.029832456318132726e-16,2.202285662861180882e-18
1.118000000000000151e-08,2.000045504003188459e-05,2.213470260023066584e-05,1.022569509980618933e-04,-1.067123780099390692e-04,-4.455427011877175869e-06,0.000000000000000000e+00,2.029816504015426949e-16,2.202285662861180882e-18
1.118500000000000056e-08,2.000045456541304251e-05,2.213247604870897484e-05,1.021502942816539798e-04,-1.066010741647966233e-04,-4.450779883142643519e-06,0.000000000000000000e+00,2.029800580229004805e-16,2.202285662861180882e-18
1.119000000000000127e-08,2.000045409128923697e-05,2.213025181953967046e-05,1.020437488110346753e-04,-1.064898864125216743e-04,-4.446137601486999059e-06,0.000000000000000000e+00,2.029784684904358716e-16,2.202285662861180882e-18
1.119500000000000198e-08,2.000045361765995976e-05,2.212802991030048241e-05,1.019373144701716741e-04,-1.063788146320261327e-04,-4.441500161854458682e-06,0.000000000000000000e+00,2.029768817987089820e-16,2.202285662861180882e-18
1.120000000000000103e-08,2.000045314452469249e-05,2.212581031857165781e-05,1.018309911431536808e-04,-1.062678587023482726e-04,-4.436867559194591828e-06,0.000000000000000000e+00,2.029752979422907477e-16,2.202285662861180882e-18
1.120500000000000008e-08,2.000045267188291340e-05,2.212359304193596790e-05,1.017247787141903022e-04,-1.061570185026527318e-04,-4.432239788462429605e-06,0.000000000000000000e+00,2.029737169157627051e-16,2.202285662861180882e-18
1.121000000000000079e-08,2.000045219973411426e-05,2.212137807797871149e-05,1.016186770676119389e-04,-1.060462939122298616e-04,-4.427616844617922689e-06,0.000000000000000000e+00,2.029721387137175577e-16,2.202285662861180882e-18
1.121500000000000149e-08,2.000045172807777668e-05,2.211916542428770814e-05,1.015126860878695950e-04,-1.059356848104965664e-04,-4.422998722626971316e-06,0.000000000000000000e+00,2.029705633307584123e-16,2.202285662861180882e-18
1.122000000000000055e-08,2.000045125691338906e-05,2.211695507845328466e-05,1.014068056595348385e-04,-1.058251910769947865e-04,-4.418385417459948054e-06,0.000000000000000000e+00,2.029689907614992964e-16,2.202285662861180882e-18
1.122500000000000125e-08,2.000045078624043980e-05,2.211474703806828521e-05,1.013010356672996239e-04,-1.057148125913922703e-04,-4.413776924092646485e-06,0.000000000000000000e+00,2.029674210005650350e-16,2.202285662861180882e-18
1.123000000000000196e-08,2.000045031605841728e-05,2.211254130072805779e-05,1.011953759959761441e-04,-1.056045492334820187e-04,-4.409173237505874623e-06,0.000000000000000000e+00,2.029658540425909796e-16,2.202285662861180882e-18
1.123500000000000101e-08,2.000044984636680651e-05,2.211033786403047795e-05,1.010898265304967621e-04,-1.054944008831835723e-04,-4.404574352686810171e-06,0.000000000000000000e+00,2.029642898822231805e-16,2.202285662861180882e-18
1.124000000000000006e-08,2.000044937716509587e-05,2.210813672557590474e-05,1.009843871559138758e-04,-1.053843674205404504e-04,-4.399980264626574618e-06,0.000000000000000000e+00,2.029627285141183623e-16,2.202285662861180882e-18
1.124500000000000077e-08,2.000044890845277038e-05,2.210593788296722137e-05,1.008790577573997278e-04,-1.052744487257225496e-04,-4.395390968322821770e-06,0.000000000000000000e+00,2.029611699329438746e-16,2.202285662861180882e-18
1.125000000000000148e-08,2.000044844022932859e-05,2.210374133380978777e-05,1.007738382202463654e-04,-1.051646446790229590e-04,-4.390806458776593565e-06,0.000000000000000000e+00,2.029596141333777413e-16,2.202285662861180882e-18
1.125500000000000053e-08,2.000044797249425551e-05,2.210154707571148125e-05,1.006687284298654774e-04,-1.050549551608612805e-04,-4.386226730995803074e-06,0.000000000000000000e+00,2.029580611101085372e-16,2.202285662861180882e-18
1.126000000000000123e-08,2.000044750524704630e-05,2.209935510628266263e-05,1.005637282717882722e-04,-1.049453800517808233e-04,-4.381651779992551095e-06,0.000000000000000000e+00,2.029565108578354128e-16,2.202285662861180882e-18
1.126500000000000194e-08,2.000044703848718596e-05,2.209716542313618976e-05,1.004588376316653157e-04,-1.048359192324501901e-04,-4.377081600784874437e-06,0.000000000000000000e+00,2.029549633712678972e-16,2.202285662861180882e-18
1.127000000000000099e-08,2.000044657221416628e-05,2.209497802388740741e-05,1.003540563952665034e-04,-1.047265725836620567e-04,-4.372516188395553292e-06,0.000000000000000000e+00,2.029534186451262430e-16,2.202285662861180882e-18
1.127500000000000005e-08,2.000044610642747904e-05,2.209279290615415400e-05,1.002493844484808171e-04,-1.046173399863337551e-04,-4.367955537852937940e-06,0.000000000000000000e+00,2.029518766741411057e-16,2.202285662861180882e-18
1.128000000000000075e-08,2.000044564112662618e-05,2.209061006755674468e-05,1.001448216773163246e-04,-1.045082213215059181e-04,-4.363399644189593497e-06,0.000000000000000000e+00,2.029503374530537908e-16,2.202285662861180882e-18
1.128500000000000146e-08,2.000044517631109270e-05,2.208842950571798146e-05,1.000403679678999223e-04,-1.043992164703444448e-04,-4.358848502444522531e-06,0.000000000000000000e+00,2.029488009766158093e-16,2.202285662861180882e-18
1.129000000000000051e-08,2.000044471198037039e-05,2.208625121826314312e-05,9.993602320647730782e-05,-1.042903253141386297e-04,-4.354302107661321914e-06,0.000000000000000000e+00,2.029472672395891988e-16,2.202285662861180882e-18
1.129500000000000122e-08,2.000044424813396119e-05,2.208407520281998175e-05,9.983178727941283148e-05,-1.041815477343010279e-04,-4.349760454888196379e-06,0.000000000000000000e+00,2.029457362367465726e-16,2.202285662861180882e-18
1.130000000000000192e-08,2.000044378477135350e-05,2.208190145701873972e-05,9.972766007318938737e-05,-1.040728836123693110e-04,-4.345223539179923636e-06,0.000000000000000000e+00,2.029442079628706511e-16,2.202285662861180882e-18
1.130500000000000098e-08,2.000044332189205264e-05,2.207972997849211240e-05,9.962364147440823739e-05,-1.039643328300029882e-04,-4.340691355594750839e-06,0.000000000000000000e+00,2.029426824127548784e-16,2.202285662861180882e-18
1.131000000000000003e-08,2.000044285949554023e-05,2.207756076487527529e-05,9.951973136978892989e-05,-1.038558952689867533e-04,-4.336163899197823380e-06,0.000000000000000000e+00,2.029411595812026333e-16,2.202285662861180882e-18
1.131500000000000073e-08,2.000044239758132160e-05,2.207539381380586705e-05,9.941592964616917773e-05,-1.037475708112272726e-04,-4.331641165058094912e-06,0.000000000000000000e+00,2.029396394630279196e-16,2.202285662861180882e-18
1.132000000000000144e-08,2.000044193614889193e-05,2.207322912292399291e-05,9.931223619050472270e-05,-1.036393593387550558e-04,-4.327123148250333119e-06,0.000000000000000000e+00,2.029381220530550207e-16,2.202285662861180882e-18
1.132500000000000049e-08,2.000044147519774637e-05,2.207106668987221447e-05,9.920865088986918648e-05,-1.035312607337233982e-04,-4.322609843854211703e-06,0.000000000000000000e+00,2.029366073461184510e-16,2.202285662861180882e-18
1.133000000000000120e-08,2.000044101472738689e-05,2.206890651229555315e-05,9.910517363145402998e-05,-1.034232748784083133e-04,-4.318101246954283274e-06,0.000000000000000000e+00,2.029350953370629304e-16,2.202285662861180882e-18
1.133500000000000191e-08,2.000044055473731202e-05,2.206674858784149352e-05,9.900180430256833649e-05,-1.033154016552090748e-04,-4.313597352640738294e-06,0.000000000000000000e+00,2.029335860207436806e-16,2.202285662861180882e-18
1.134000000000000096e-08,2.000044009522701694e-05,2.206459291415996637e-05,9.889854279063873036e-05,-1.032076409466474714e-04,-4.309098156008741003e-06,0.000000000000000000e+00,2.029320793920258088e-16,2.202285662861180882e-18
1.134500000000000001e-08,2.000043963619600360e-05,2.206243948890335214e-05,9.879538898320928215e-05,-1.030999926353674270e-04,-4.304603652158144815e-06,0.000000000000000000e+00,2.029305754457848499e-16,2.202285662861180882e-18
1.135000000000000072e-08,2.000043917764377394e-05,2.206028830972649104e-05,9.869234276794129179e-05,-1.029924566041358548e-04,-4.300113836194562967e-06,0.000000000000000000e+00,2.029290741769064708e-16,2.202285662861180882e-18
1.135500000000000142e-08,2.000043871956981974e-05,2.205813937428665594e-05,9.858940403261334275e-05,-1.028850327358418032e-04,-4.295628703228460501e-06,0.000000000000000000e+00,2.029275755802863716e-16,2.202285662861180882e-18
1.136000000000000048e-08,2.000043826197365649e-05,2.205599268024357275e-05,9.848657266512094973e-05,-1.027777209134958058e-04,-4.291148248374856110e-06,0.000000000000000000e+00,2.029260796508307788e-16,2.202285662861180882e-18
1.136500000000000118e-08,2.000043780485477599e-05,2.205384822525940342e-05,9.838384855347665349e-05,-1.026705210202313715e-04,-4.286672466754718044e-06,0.000000000000000000e+00,2.029245863834556072e-16,2.202285662861180882e-18
1.137000000000000189e-08,2.000043734821268355e-05,2.205170600699875614e-05,9.828123158580972271e-05,-1.025634329393036297e-04,-4.282201353493907017e-06,0.000000000000000000e+00,2.029230957730871007e-16,2.202285662861180882e-18
1.137500000000000094e-08,2.000043689204688112e-05,2.204956602312866163e-05,9.817872165036614044e-05,-1.024564565540890320e-04,-4.277734903722891602e-06,0.000000000000000000e+00,2.029216078146614871e-16,2.202285662861180882e-18
1.137999999999999999e-08,2.000043643635687066e-05,2.204742827131859681e-05,9.807631863550846855e-05,-1.023495917480863010e-04,-4.273273112577832432e-06,0.000000000000000000e+00,2.029201225031251262e-16,2.202285662861180882e-18
1.138500000000000070e-08,2.000043598114215410e-05,2.204529274924045776e-05,9.797402242971567159e-05,-1.022428384049151831e-04,-4.268815975199511553e-06,0.000000000000000000e+00,2.029186398334343373e-16,2.202285662861180882e-18
1.139000000000000141e-08,2.000043552640224355e-05,2.204315945456857660e-05,9.787183292158308965e-05,-1.021361964083166525e-04,-4.264363486733562815e-06,0.000000000000000000e+00,2.029171598005556948e-16,2.202285662861180882e-18
1.139500000000000046e-08,2.000043507213663418e-05,2.204102838497971136e-05,9.776974999982222152e-05,-1.020296656421538589e-04,-4.259915642331637393e-06,0.000000000000000000e+00,2.029156823994653625e-16,2.202285662861180882e-18
1.140000000000000116e-08,2.000043461834483471e-05,2.203889953815303920e-05,9.766777355326061629e-05,-1.019232459904102176e-04,-4.255472437149601292e-06,0.000000000000000000e+00,2.029142076251497844e-16,2.202285662861180882e-18
1.140500000000000187e-08,2.000043416502635387e-05,2.203677291177016318e-05,9.756590347084185980e-05,-1.018169373371904658e-04,-4.251033866348606009e-06,0.000000000000000000e+00,2.029127354726054376e-16,2.202285662861180882e-18
1.141000000000000092e-08,2.000043371218069698e-05,2.203464850351509534e-05,9.746413964162533065e-05,-1.017107395667199177e-04,-4.246599925094587079e-06,0.000000000000000000e+00,2.029112659368384628e-16,2.202285662861180882e-18
1.141499999999999998e-08,2.000043325980736938e-05,2.203252631107428374e-05,9.736248195478607829e-05,-1.016046525633457112e-04,-4.242170608559632885e-06,0.000000000000000000e+00,2.029097990128651326e-16,2.202285662861180882e-18
1.142000000000000068e-08,2.000043280790587979e-05,2.203040633213656173e-05,9.726093029961476876e-05,-1.014986762115340971e-04,-4.237745911919328363e-06,0.000000000000000000e+00,2.029083346957114571e-16,2.202285662861180882e-18
1.142500000000000139e-08,2.000043235647573693e-05,2.202828856439318516e-05,9.715948456551760340e-05,-1.013928103958724048e-04,-4.233325830354801433e-06,0.000000000000000000e+00,2.029068729804135290e-16,2.202285662861180882e-18
1.143000000000000044e-08,2.000043190551644613e-05,2.202617300553782900e-05,9.705814464201604781e-05,-1.012870550010691367e-04,-4.228910359053088914e-06,0.000000000000000000e+00,2.029054138620170555e-16,2.202285662861180882e-18
1.143500000000000115e-08,2.000043145502751951e-05,2.202405965326655686e-05,9.695691041874688601e-05,-1.011814099119518677e-04,-4.224499493204981679e-06,0.000000000000000000e+00,2.029039573355777767e-16,2.202285662861180882e-18
1.144000000000000185e-08,2.000043100500846239e-05,2.202194850527784808e-05,9.685578178546192234e-05,-1.010758750134692916e-04,-4.220093228007369235e-06,0.000000000000000000e+00,2.029025033961610966e-16,2.202285662861180882e-18
1.144500000000000091e-08,2.000043055545879027e-05,2.201983955927257742e-05,9.675475863202803565e-05,-1.009704501906893645e-04,-4.215691558661328821e-06,0.000000000000000000e+00,2.029010520388424277e-16,2.202285662861180882e-18
1.144999999999999996e-08,2.000043010637801187e-05,2.201773281295401165e-05,9.665384084842692180e-05,-1.008651353287999823e-04,-4.211294480373060532e-06,0.000000000000000000e+00,2.028996032587067968e-16,2.202285662861180882e-18
1.145500000000000232e-08,2.000042965776563592e-05,2.201562826402782313e-05,9.655302832475502587e-05,-1.007599303131093604e-04,-4.206901988354334551e-06,0.000000000000000000e+00,2.028981570508489682e-16,2.202285662861180882e-18
1.146000000000000137e-08,2.000042920962117113e-05,2.201352591020207621e-05,9.645232095122348802e-05,-1.006548350290452473e-04,-4.202514077821759312e-06,0.000000000000000000e+00,2.028967134103734436e-16,2.202285662861180882e-18
1.146500000000000042e-08,2.000042876194413639e-05,2.201142574918722053e-05,9.635171861815788592e-05,-1.005498493621542066e-04,-4.198130743996320718e-06,0.000000000000000000e+00,2.028952723323946843e-16,2.202285662861180882e-18
1.146999999999999948e-08,2.000042831473403704e-05,2.200932777869609092e-05,9.625122121599823479e-05,-1.004449731981026876e-04,-4.193751982104452786e-06,0.000000000000000000e+00,2.028938338120364450e-16,2.202285662861180882e-18
1.147500000000000184e-08,2.000042786799039195e-05,2.200723199644392445e-05,9.615082863529879765e-05,-1.003402064226766185e-04,-4.189377787377820809e-06,0.000000000000000000e+00,2.028923978444325881e-16,2.202285662861180882e-18
1.148000000000000089e-08,2.000042742171270985e-05,2.200513840014831630e-05,9.605054076672801756e-05,-1.002355489217803225e-04,-4.185008155052304915e-06,0.000000000000000000e+00,2.028909644247263188e-16,2.202285662861180882e-18
1.148499999999999994e-08,2.000042697590050962e-05,2.200304698752926383e-05,9.595035750106836855e-05,-1.001310005814377103e-04,-4.180643080369341770e-06,0.000000000000000000e+00,2.028895335480706292e-16,2.202285662861180882e-18
1.149000000000000230e-08,2.000042653055329999e-05,2.200095775630913272e-05,9.585027872921624719e-05,-1.000265612877916297e-04,-4.176282558575382473e-06,0.000000000000000000e+00,2.028881052096280763e-16,2.202285662861180882e-18
1.149500000000000135e-08,2.000042608567060662e-05,2.199887070421266712e-05,9.575030434218180996e-05,-9.992223092710302490e-05,-4.171926584921214934e-06,0.000000000000000000e+00,2.028866794045709792e-16,2.202285662861180882e-18
1.150000000000000041e-08,2.000042564125193144e-05,2.199678582896698285e-05,9.565043423108891905e-05,-9.981800938575256343e-05,-4.167575154663644382e-06,0.000000000000000000e+00,2.028852561280808524e-16,2.202285662861180882e-18
1.150499999999999946e-08,2.000042519729679675e-05,2.199470312830156067e-05,9.555066828717500682e-05,-9.971389655023819626e-05,-4.163228263063189442e-06,0.000000000000000000e+00,2.028838353753491695e-16,2.202285662861180882e-18
1.151000000000000182e-08,2.000042475380472141e-05,2.199262259994826319e-05,9.545100640179095383e-05,-9.960989230717708239e-05,-4.158885905386128560e-06,0.000000000000000000e+00,2.028824171415768212e-16,2.202285662861180882e-18
1.151500000000000087e-08,2.000042431077522092e-05,2.199054424164131115e-05,9.535144846640092623e-05,-9.950599654330450467e-05,-4.154548076903578436e-06,0.000000000000000000e+00,2.028810014219741646e-16,2.202285662861180882e-18
1.151999999999999992e-08,2.000042386820781080e-05,2.198846805111728345e-05,9.525199437258232153e-05,-9.940220914547362582e-05,-4.150214772891304285e-06,0.000000000000000000e+00,2.028795882117610724e-16,2.202285662861180882e-18
1.152500000000000228e-08,2.000042342610200991e-05,2.198639402611512726e-05,9.515264401202563308e-05,-9.929853000065586791e-05,-4.145885988630234839e-06,0.000000000000000000e+00,2.028781775061669576e-16,2.202285662861180882e-18
1.153000000000000134e-08,2.000042298445733714e-05,2.198432216437614455e-05,9.505339727653430097e-05,-9.919495899594037028e-05,-4.141561719406069314e-06,0.000000000000000000e+00,2.028767693004306008e-16,2.202285662861180882e-18
1.153500000000000039e-08,2.000042254327331139e-05,2.198225246364399877e-05,9.495425405802463076e-05,-9.909149601853436897e-05,-4.137241960509738204e-06,0.000000000000000000e+00,2.028753635898003477e-16,2.202285662861180882e-18
1.153999999999999944e-08,2.000042210254945153e-05,2.198018492166469798e-05,9.485521424852567148e-05,-9.898814095576232938e-05,-4.132926707236657892e-06,0.000000000000000000e+00,2.028739603695338871e-16,2.202285662861180882e-18
1.154500000000000180e-08,2.000042166228527984e-05,2.197811953618660839e-05,9.475627774017905301e-05,-9.888489369506642062e-05,-4.128615954887367612e-06,0.000000000000000000e+00,2.028725596348983739e-16,2.202285662861180882e-18
1.155000000000000085e-08,2.000042122248031520e-05,2.197605630496043738e-05,9.465744442523895893e-05,-9.878175412400610892e-05,-4.124309698767149985e-06,0.000000000000000000e+00,2.028711613811703310e-16,2.202285662861180882e-18
1.155499999999999991e-08,2.000042078313407989e-05,2.197399522573924711e-05,9.455871419607192333e-05,-9.867872213025836092e-05,-4.120007934186437591e-06,0.000000000000000000e+00,2.028697656036355994e-16,2.202285662861180882e-18
1.156000000000000227e-08,2.000042034424609280e-05,2.197193629627843754e-05,9.446008694515673583e-05,-9.857579760161723709e-05,-4.115710656460501264e-06,0.000000000000000000e+00,2.028683722975893882e-16,2.202285662861180882e-18
1.156500000000000132e-08,2.000041990581587618e-05,2.196987951433575321e-05,9.436156256508433323e-05,-9.847298042599385108e-05,-4.111417860909517851e-06,0.000000000000000000e+00,2.028669814583363233e-16,2.202285662861180882e-18
1.157000000000000037e-08,2.000041946784295572e-05,2.196782487767127648e-05,9.426314094855771819e-05,-9.837027049141604446e-05,-4.107129542858326270e-06,0.000000000000000000e+00,2.028655930811902750e-16,2.202285662861180882e-18
1.157499999999999942e-08,2.000041903032685029e-05,2.196577238404742412e-05,9.416482198839176948e-05,-9.826766768602869843e-05,-4.102845697636928949e-06,0.000000000000000000e+00,2.028642071614743829e-16,2.202285662861180882e-18
1.158000000000000178e-08,2.000041859326708894e-05,2.196372203122894397e-05,9.406660557751316063e-05,-9.816517189809275800e-05,-4.098566320579597366e-06,0.000000000000000000e+00,2.028628236945211543e-16,2.202285662861180882e-18
1.158500000000000084e-08,2.000041815666319056e-05,2.196167381698292163e-05,9.396849160896029226e-05,-9.806278301598654666e-05,-4.094291407026254400e-06,0.000000000000000000e+00,2.028614426756722174e-16,2.202285662861180882e-18
1.158999999999999989e-08,2.000041772051468081e-05,2.195962773907877378e-05,9.387047997588307514e-05,-9.796050092820464145e-05,-4.090020952321566316e-06,0.000000000000000000e+00,2.028600641002785194e-16,2.202285662861180882e-18
1.159500000000000225e-08,2.000041728482108874e-05,2.195758379528823455e-05,9.377257057154288959e-05,-9.785832552335729025e-05,-4.085754951814400660e-06,0.000000000000000000e+00,2.028586879637003746e-16,2.202285662861180882e-18
1.160000000000000130e-08,2.000041684958193323e-05,2.195554198338536573e-05,9.367476328931246350e-05,-9.775625669017161791e-05,-4.081493400859154412e-06,0.000000000000000000e+00,2.028573142613068738e-16,2.202285662861180882e-18
1.160500000000000035e-08,2.000041641479674673e-05,2.195350230114655337e-05,9.357705802267569613e-05,-9.765429431749032526e-05,-4.077236294814629122e-06,0.000000000000000000e+00,2.028559429884767712e-16,2.202285662861180882e-18
1.160999999999999941e-08,2.000041598046505489e-05,2.195146474635050439e-05,9.347945466522764458e-05,-9.755243829427247509e-05,-4.072983629044830511e-06,0.000000000000000000e+00,2.028545741405977449e-16,2.202285662861180882e-18
1.161500000000000177e-08,2.000041554658637659e-05,2.194942931677823302e-05,9.338195311067429337e-05,-9.745068850959282816e-05,-4.068735398918534789e-06,0.000000000000000000e+00,2.028532077130664466e-16,2.202285662861180882e-18
1.162000000000000082e-08,2.000041511316024768e-05,2.194739601021307776e-05,9.328455325283252736e-05,-9.734904485264150430e-05,-4.064491599808976946e-06,0.000000000000000000e+00,2.028518437012890185e-16,2.202285662861180882e-18
1.162499999999999987e-08,2.000041468018619380e-05,2.194536482444068781e-05,9.318725498562999620e-05,-9.724750721272470077e-05,-4.060252227094704566e-06,0.000000000000000000e+00,2.028504821006805273e-16,2.202285662861180882e-18
1.163000000000000223e-08,2.000041424766374739e-05,2.194333575724901968e-05,9.309005820310492464e-05,-9.714607547926362155e-05,-4.056017276158696908e-06,0.000000000000000000e+00,2.028491229066652099e-16,2.202285662861180882e-18
1.163500000000000128e-08,2.000041381559242395e-05,2.194130880642833383e-05,9.299296279940612601e-05,-9.704474954179549381e-05,-4.051786742389367792e-06,0.000000000000000000e+00,2.028477661146760054e-16,2.202285662861180882e-18
1.164000000000000034e-08,2.000041338397176948e-05,2.193928396977119801e-05,9.289596866879278546e-05,-9.694352928997142661e-05,-4.047560621178641145e-06,0.000000000000000000e+00,2.028464117201554917e-16,2.202285662861180882e-18
1.164499999999999939e-08,2.000041295280130624e-05,2.193726124507249409e-05,9.279907570563437859e-05,-9.684241461355939246e-05,-4.043338907925013870e-06,0.000000000000000000e+00,2.028450597185549243e-16,2.202285662861180882e-18
1.165000000000000175e-08,2.000041252208056329e-05,2.193524063012938075e-05,9.270228380441056302e-05,-9.674140540244087982e-05,-4.039121598030316791e-06,0.000000000000000000e+00,2.028437101053345567e-16,2.202285662861180882e-18
1.165500000000000080e-08,2.000041209180907306e-05,2.193322212274133415e-05,9.260559285971105650e-05,-9.664050154661304797e-05,-4.034908686901991478e-06,0.000000000000000000e+00,2.028423628759637633e-16,2.202285662861180882e-18
1.165999999999999985e-08,2.000041166198637138e-05,2.193120572071011746e-05,9.250900276623551482e-05,-9.653970293618730403e-05,-4.030700169951789203e-06,0.000000000000000000e+00,2.028410180259209415e-16,2.202285662861180882e-18
1.166500000000000221e-08,2.000041123261198729e-05,2.192919142183978419e-05,9.241251341879346416e-05,-9.643900946138984497e-05,-4.026496042596380809e-06,0.000000000000000000e+00,2.028396755506932646e-16,2.202285662861180882e-18
1.167000000000000127e-08,2.000041080368544986e-05,2.192717922393668166e-05,9.231612471230408415e-05,-9.633842101256158994e-05,-4.022296300257505782e-06,0.000000000000000000e+00,2.028383354457769036e-16,2.202285662861180882e-18
1.167500000000000032e-08,2.000041037520628812e-05,2.192516912480945091e-05,9.221983654179618085e-05,-9.623793748015813956e-05,-4.018100938361958700e-06,0.000000000000000000e+00,2.028369977066769293e-16,2.202285662861180882e-18
1.167999999999999937e-08,2.000040994717404807e-05,2.192316112226900645e-05,9.212364880240809183e-05,-9.613755875474791924e-05,-4.013909952339827407e-06,0.000000000000000000e+00,2.028356623289075826e-16,2.202285662861180882e-18
1.168500000000000173e-08,2.000040951958825537e-05,2.192115521412855655e-05,9.202756138938745578e-05,-9.603728472701506588e-05,-4.009723337627610091e-06,0.000000000000000000e+00,2.028343293079917082e-16,2.202285662861180882e-18
1.169000000000000078e-08,2.000040909244844584e-05,2.191915139820358290e-05,9.193157419809122610e-05,-9.593711528775685285e-05,-4.005541089665626752e-06,0.000000000000000000e+00,2.028329986394610499e-16,2.202285662861180882e-18
1.169499999999999984e-08,2.000040866575415532e-05,2.191714967231185758e-05,9.183568712398548111e-05,-9.583705032788511307e-05,-4.001363203899631956e-06,0.000000000000000000e+00,2.028316703188562511e-16,2.202285662861180882e-18
1.170000000000000220e-08,2.000040823950491962e-05,2.191515003427341255e-05,9.173990006264530212e-05,-9.573708973842465328e-05,-3.997189675779351157e-06,0.000000000000000000e+00,2.028303443417269036e-16,2.202285662861180882e-18
1.170500000000000125e-08,2.000040781370026780e-05,2.191315248191056338e-05,9.164421290975475988e-05,-9.563723341051477201e-05,-3.993020500760012135e-06,0.000000000000000000e+00,2.028290207036311043e-16,2.202285662861180882e-18
1.171000000000000030e-08,2.000040738833974585e-05,2.191115701304788889e-05,9.154862556110665702e-05,-9.553748123540715888e-05,-3.988855674300501855e-06,0.000000000000000000e+00,2.028276994001360957e-16,2.202285662861180882e-18
1.171500000000000266e-08,2.000040696342288282e-05,2.190916362551225153e-05,9.145313791260254171e-05,-9.543783310446844249e-05,-3.984695191865900783e-06,0.000000000000000000e+00,2.028263804268176748e-16,2.202285662861180882e-18
1.172000000000000171e-08,2.000040653894922130e-05,2.190717231713277361e-05,9.135774986025250424e-05,-9.533828890917761545e-05,-3.980539048925111202e-06,0.000000000000000000e+00,2.028250637792605378e-16,2.202285662861180882e-18
1.172500000000000077e-08,2.000040611491830052e-05,2.190518308574083395e-05,9.126246130017508229e-05,-9.523884854112667133e-05,-3.976387240951589040e-06,0.000000000000000000e+00,2.028237494530581077e-16,2.202285662861180882e-18
1.172999999999999982e-08,2.000040569132965291e-05,2.190319592917008140e-05,9.116727212859723371e-05,-9.513951189202141784e-05,-3.972239763424184134e-06,0.000000000000000000e+00,2.028224374438123370e-16,2.202285662861180882e-18
1.173500000000000218e-08,2.000040526818281769e-05,2.190121084525642134e-05,9.107218224185410619e-05,-9.504027885368017577e-05,-3.968096611826069575e-06,0.000000000000000000e+00,2.028211277471340529e-16,2.202285662861180882e-18
1.174000000000000123e-08,2.000040484547733406e-05,2.189922783183801560e-05,9.097719153638896949e-05,-9.494114931803407712e-05,-3.963957781645107629e-06,0.000000000000000000e+00,2.028198203586427848e-16,2.202285662861180882e-18
1.174500000000000028e-08,2.000040442321274802e-05,2.189724688675529271e-05,9.088229990875313410e-05,-9.484212317712722778e-05,-3.959823268374093683e-06,0.000000000000000000e+00,2.028185152739668381e-16,2.202285662861180882e-18
1.175000000000000264e-08,2.000040400138859201e-05,2.189526800785091058e-05,9.078750725560576153e-05,-9.474320032311592146e-05,-3.955693067510159932e-06,0.000000000000000000e+00,2.028172124887428259e-16,2.202285662861180882e-18
1.175500000000000170e-08,2.000040358000441202e-05,2.189329119296980054e-05,9.069281347371385075e-05,-9.464438064826942573e-05,-3.951567174555574978e-06,0.000000000000000000e+00,2.028159119986163840e-16,2.202285662861180882e-18
1.176000000000000075e-08,2.000040315905974727e-05,2.189131643995911994e-05,9.059821845995204845e-05,-9.454566404496864032e-05,-3.947445585016591866e-06,0.000000000000000000e+00,2.028146137992415543e-16,2.202285662861180882e-18
1.176499999999999980e-08,2.000040273855414034e-05,2.188934374666829616e-05,9.050372211130256774e-05,-9.444705040570779120e-05,-3.943328294405223466e-06,0.000000000000000000e+00,2.028133178862809824e-16,2.202285662861180882e-18
1.177000000000000216e-08,2.000040231848712708e-05,2.188737311094897245e-05,9.040932432485507969e-05,-9.434853962309226218e-05,-3.939215298237182489e-06,0.000000000000000000e+00,2.028120242554059173e-16,2.202285662861180882e-18
1.177500000000000121e-08,2.000040189885825685e-05,2.188540453065505870e-05,9.031502499780657786e-05,-9.425013158984008564e-05,-3.935106592033507785e-06,0.000000000000000000e+00,2.028107329022962856e-16,2.202285662861180882e-18
1.178000000000000027e-08,2.000040147966706888e-05,2.188343800364269079e-05,9.022082402746133759e-05,-9.415182619878110235e-05,-3.931002171319764754e-06,0.000000000000000000e+00,2.028094438226403954e-16,2.202285662861180882e-18
1.178500000000000263e-08,2.000040106091310915e-05,2.188147352777023062e-05,9.012672131123063146e-05,-9.405362334285606693e-05,-3.926902031625435470e-06,0.000000000000000000e+00,2.028081570121352569e-16,2.202285662861180882e-18
1.179000000000000168e-08,2.000040064259592365e-05,2.187951110089829998e-05,9.003271674663286474e-05,-9.395552291511881631e-05,-3.922806168485951572e-06,0.000000000000000000e+00,2.028068724664863361e-16,2.202285662861180882e-18
1.179500000000000073e-08,2.000040022471505160e-05,2.187755072088972969e-05,8.993881023129327728e-05,-9.385752480873391155e-05,-3.918714577440634271e-06,0.000000000000000000e+00,2.028055901814074559e-16,2.202285662861180882e-18
1.179999999999999978e-08,2.000039980727004238e-05,2.187559238560958679e-05,8.984500166294384865e-05,-9.375962891697722063e-05,-3.914627254033371979e-06,0.000000000000000000e+00,2.028043101526211658e-16,2.202285662861180882e-18
1.180500000000000214e-08,2.000039939026043858e-05,2.187363609292516427e-05,8.975129093942328456e-05,-9.366183513323628434e-05,-3.910544193812999785e-06,0.000000000000000000e+00,2.028030323758582987e-16,2.202285662861180882e-18
1.181000000000000120e-08,2.000039897368578959e-05,2.187168184070598114e-05,8.965767795867686778e-05,-9.356414335100958447e-05,-3.906465392332716686e-06,0.000000000000000000e+00,2.028017568468582166e-16,2.202285662861180882e-18
1.181500000000000025e-08,2.000039855754563462e-05,2.186972962682378244e-05,8.956416261875624135e-05,-9.346655346390738404e-05,-3.902390845151142693e-06,0.000000000000000000e+00,2.028004835613685650e-16,2.202285662861180882e-18
1.182000000000000261e-08,2.000039814183952644e-05,2.186777944915252223e-05,8.947074481781944915e-05,-9.336906536564978931e-05,-3.898320547830340160e-06,0.000000000000000000e+00,2.027992125151456173e-16,2.202285662861180882e-18
1.182500000000000166e-08,2.000039772656701104e-05,2.186583130556838059e-05,8.937742445413071916e-05,-9.327167895006847095e-05,-3.894254495937751791e-06,0.000000000000000000e+00,2.027979437039539793e-16,2.202285662861180882e-18
1.183000000000000071e-08,2.000039731172763440e-05,2.186388519394975345e-05,8.928420142606042272e-05,-9.317439411110595929e-05,-3.890192685045536572e-06,0.000000000000000000e+00,2.027966771235665151e-16,2.202285662861180882e-18
1.183499999999999977e-08,2.000039689732094930e-05,2.186194111217723901e-05,8.919107563208492550e-05,-9.307721074281447883e-05,-3.886135110729553328e-06,0.000000000000000000e+00,2.027954127697646679e-16,2.202285662861180882e-18
1.184000000000000213e-08,2.000039648334649833e-05,2.185999905813366148e-05,8.909804697078649261e-05,-9.298012873935815727e-05,-3.882081768571664653e-06,0.000000000000000000e+00,2.027941506383379171e-16,2.202285662861180882e-18
1.184500000000000118e-08,2.000039606980383427e-05,2.185805902970404057e-05,8.900511534085315309e-05,-9.288314799501031502e-05,-3.878032654157161931e-06,0.000000000000000000e+00,2.027928907250843706e-16,2.202285662861180882e-18
1.185000000000000023e-08,2.000039565669250988e-05,2.185612102477561185e-05,8.891228064107861858e-05,-9.278626840415510509e-05,-3.873987763076486507e-06,0.000000000000000000e+00,2.027916330258104191e-16,2.202285662861180882e-18
1.185500000000000259e-08,2.000039524401206776e-05,2.185418504123780637e-05,8.881954277036214779e-05,-9.268948986128693025e-05,-3.869947090924782452e-06,0.000000000000000000e+00,2.027903775363303912e-16,2.202285662861180882e-18
1.186000000000000164e-08,2.000039483176206407e-05,2.185225107698226426e-05,8.872690162770849234e-05,-9.259281226101000943e-05,-3.865910633301517093e-06,0.000000000000000000e+00,2.027891242524673426e-16,2.202285662861180882e-18
1.186500000000000070e-08,2.000039441994205157e-05,2.185031912990281777e-05,8.863435711222767983e-05,-9.249623549803830992e-05,-3.861878385810630092e-06,0.000000000000000000e+00,2.027878731700524636e-16,2.202285662861180882e-18
1.186999999999999975e-08,2.000039400855157287e-05,2.184838919789549805e-05,8.854190912313502748e-05,-9.239975946719625210e-05,-3.857850344061224622e-06,0.000000000000000000e+00,2.027866242849248830e-16,2.202285662861180882e-18
1.187500000000000211e-08,2.000039359759018750e-05,2.184646127885852496e-05,8.844955755975093879e-05,-9.230338406341687986e-05,-3.853826503665941068e-06,0.000000000000000000e+00,2.027853775929323819e-16,2.202285662861180882e-18
1.188000000000000116e-08,2.000039318705744147e-05,2.184453537069232747e-05,8.835730232150082225e-05,-9.220710918174430005e-05,-3.849806860243477793e-06,0.000000000000000000e+00,2.027841330899306549e-16,2.202285662861180882e-18
1.188500000000000021e-08,2.000039277695289769e-05,2.184261147129951306e-05,8.826514330791503712e-05,-9.211093471733076867e-05,-3.845791409415731557e-06,0.000000000000000000e+00,2.027828907717838770e-16,2.202285662861180882e-18
1.189000000000000257e-08,2.000039236727609878e-05,2.184068957858487122e-05,8.817308041862866302e-05,-9.201486056543861538e-05,-3.841780146809952367e-06,0.000000000000000000e+00,2.027816506343640621e-16,2.202285662861180882e-18
1.189500000000000163e-08,2.000039195802660427e-05,2.183876969045539369e-05,8.808111355338152707e-05,-9.191888662143947095e-05,-3.837773068057943882e-06,0.000000000000000000e+00,2.027804126735515569e-16,2.202285662861180882e-18
1.190000000000000068e-08,2.000039154920397371e-05,2.183685180482023046e-05,8.798924261201798702e-05,-9.182301278081283070e-05,-3.833770168794843679e-06,0.000000000000000000e+00,2.027791768852350895e-16,2.202285662861180882e-18
1.190499999999999973e-08,2.000039114080775308e-05,2.183493591959073381e-05,8.789746749448690418e-05,-9.172723893914903610e-05,-3.829771444662131920e-06,0.000000000000000000e+00,2.027779432653110300e-16,2.202285662861180882e-18
1.191000000000000209e-08,2.000039073283749855e-05,2.183302203268043458e-05,8.780578810084146719e-05,-9.163156499214679461e-05,-3.825776891305327420e-06,0.000000000000000000e+00,2.027767118096840564e-16,2.202285662861180882e-18
1.191500000000000114e-08,2.000039032529277305e-05,2.183111014200502526e-05,8.771420433123911073e-05,-9.153599083561261048e-05,-3.821786504373499756e-06,0.000000000000000000e+00,2.027754825142672776e-16,2.202285662861180882e-18
1.192000000000000020e-08,2.000038991817312594e-05,2.182920024548238027e-05,8.762271608594143421e-05,-9.144051636546270925e-05,-3.817800279521275041e-06,0.000000000000000000e+00,2.027742553749813212e-16,2.202285662861180882e-18
1.192500000000000256e-08,2.000038951147811340e-05,2.182729234103254583e-05,8.753132326531403915e-05,-9.134514147772162824e-05,-3.813818212407589091e-06,0.000000000000000000e+00,2.027730303877551966e-16,2.202285662861180882e-18
1.193000000000000161e-08,2.000038910520729156e-05,2.182538642657773318e-05,8.744002576982647492e-05,-9.124986606852208103e-05,-3.809840298695606111e-06,0.000000000000000000e+00,2.027718075485258511e-16,2.202285662861180882e-18
1.193500000000000066e-08,2.000038869936021998e-05,2.182348250004233553e-05,8.734882350005206261e-05,-9.115469003410578419e-05,-3.805866534053721582e-06,0.000000000000000000e+00,2.027705868532384163e-16,2.202285662861180882e-18
1.193999999999999971e-08,2.000038829393645820e-05,2.182158055935289414e-05,8.725771635666788146e-05,-9.105961327082179031e-05,-3.801896914153908851e-06,0.000000000000000000e+00,2.027693682978459371e-16,2.202285662861180882e-18
1.194500000000000207e-08,2.000038788893556915e-05,2.181968060243811192e-05,8.716670424045455201e-05,-9.096463567512713851e-05,-3.797931434672586495e-06,0.000000000000000000e+00,2.027681518783095198e-16,2.202285662861180882e-18
1.195000000000000113e-08,2.000038748435710559e-05,2.181778262722887032e-05,8.707578705229623611e-05,-9.086975714358823679e-05,-3.793970091292000676e-06,0.000000000000000000e+00,2.027669375905980851e-16,2.202285662861180882e-18
1.195500000000000018e-08,2.000038708020062368e-05,2.181588663165818874e-05,8.698496469318044719e-05,-9.077497757287825999e-05,-3.790012879697812797e-06,0.000000000000000000e+00,2.027657254306885163e-16,2.202285662861180882e-18
1.196000000000000254e-08,2.000038667646569313e-05,2.181399261366126174e-05,8.689423706419794181e-05,-9.068029685977842366e-05,-3.786059795580481850e-06,0.000000000000000000e+00,2.027645153945660044e-16,2.202285662861180882e-18
1.196500000000000159e-08,2.000038627315186670e-05,2.181210057117541500e-05,8.680360406654270616e-05,-9.058571490117741493e-05,-3.782110834634708771e-06,0.000000000000000000e+00,2.027633074782232101e-16,2.202285662861180882e-18
1.197000000000000064e-08,2.000038587025870733e-05,2.181021050214014941e-05,8.671306560151175271e-05,-9.049123159407209717e-05,-3.778165992560344457e-06,0.000000000000000000e+00,2.027621016776609782e-16,2.202285662861180882e-18
1.197499999999999970e-08,2.000038546778577794e-05,2.180832240449709358e-05,8.662262157050502540e-05,-9.039684683556577531e-05,-3.774225265060749909e-06,0.000000000000000000e+00,2.027608979888880425e-16,2.202285662861180882e-18
1.198000000000000206e-08,2.000038506573263469e-05,2.180643627619003778e-05,8.653227187502534538e-05,-9.030256052287014739e-05,-3.770288647844802004e-06,0.000000000000000000e+00,2.027596964079208524e-16,2.202285662861180882e-18
1.198500000000000111e-08,2.000038466409884730e-05,2.180455211516491354e-05,8.644201641667824843e-05,-9.020837255330331234e-05,-3.766356136625063911e-06,0.000000000000000000e+00,2.027584969307839436e-16,2.202285662861180882e-18
1.199000000000000016e-08,2.000038426288397190e-05,2.180266991936979373e-05,8.635185509717187649e-05,-9.011428282429108459e-05,-3.762427727119208097e-06,0.000000000000000000e+00,2.027572995535095182e-16,2.202285662861180882e-18
1.199500000000000252e-08,2.000038386208757483e-05,2.180078968675488909e-05,8.626178781831693703e-05,-9.002029123336572009e-05,-3.758503415048783055e-06,0.000000000000000000e+00,2.027561042721377410e-16,2.202285662861180882e-18
1.200000000000000157e-08,2.000038346170922239e-05,2.179891141527255508e-05,8.617181448202654043e-05,-8.992639767816663465e-05,-3.754583196140094214e-06,0.000000000000000000e+00,2.027549110827166407e-16,2.202285662861180882e-18
1.200500000000000063e-08,2.000038306174847414e-05,2.179703510287726812e-05,8.608193499031609153e-05,-8.983260205643969916e-05,-3.750667066123607629e-06,0.000000000000000000e+00,2.027537199813017896e-16,2.202285662861180882e-18
1.200999999999999968e-08,2.000038266220489301e-05,2.179516074752565609e-05,8.599214924530319479e-05,-8.973890426603814766e-05,-3.746755020734952868e-06,0.000000000000000000e+00,2.027525309639567963e-16,2.202285662861180882e-18
1.201500000000000204e-08,2.000038226307804530e-05,2.179328834717646785e-05,8.590245714920758649e-05,-8.964530420492112714e-05,-3.742847055713540653e-06,0.000000000000000000e+00,2.027513440267528871e-16,2.202285662861180882e-18
1.202000000000000109e-08,2.000038186436750074e-05,2.179141789979058676e-05,8.581285860435089083e-05,-8.955180177115429395e-05,-3.738943166803403119e-06,0.000000000000000000e+00,2.027501591657692753e-16,2.202285662861180882e-18
1.202500000000000014e-08,2.000038146607281887e-05,2.178954940333102395e-05,8.572335351315674189e-05,-8.945839686291026096e-05,-3.735043349753519072e-06,0.000000000000000000e+00,2.027489763770926438e-16,2.202285662861180882e-18
1.203000000000000250e-08,2.000038106819356938e-05,2.178768285576290135e-05,8.563394177815047189e-05,-8.936508937846659182e-05,-3.731147600316119927e-06,0.000000000000000000e+00,2.027477956568175889e-16,2.202285662861180882e-18
1.203500000000000156e-08,2.000038067072932199e-05,2.178581825505347542e-05,8.554462330195908412e-05,-8.927187921620767118e-05,-3.727255914248587057e-06,0.000000000000000000e+00,2.027466170010463242e-16,2.202285662861180882e-18
1.204000000000000061e-08,2.000038027367963964e-05,2.178395559917212695e-05,8.545539798731117162e-05,-8.917876627462436592e-05,-3.723368287313194298e-06,0.000000000000000000e+00,2.027454404058888285e-16,2.202285662861180882e-18
1.204499999999999966e-08,2.000037987704408863e-05,2.178209488609034419e-05,8.536626573703674098e-05,-8.908575045231277828e-05,-3.719484715276037299e-06,0.000000000000000000e+00,2.027442658674625751e-16,2.202285662861180882e-18
1.205000000000000202e-08,2.000037948082224206e-05,2.178023611378173633e-05,8.527722645406719880e-05,-8.899283164797472021e-05,-3.715605193907521413e-06,0.000000000000000000e+00,2.027430933818929996e-16,2.202285662861180882e-18
1.205500000000000107e-08,2.000037908501366626e-05,2.177837928022202676e-05,8.518828004143517551e-05,-8.890000976041802509e-05,-3.711729718982849585e-06,0.000000000000000000e+00,2.027419229453129827e-16,2.202285662861180882e-18
1.206000000000000013e-08,2.000037868961792754e-05,2.177652438338904969e-05,8.509942640227445760e-05,-8.880728468855611404e-05,-3.707858286281656441e-06,0.000000000000000000e+00,2.027407545538629485e-16,2.202285662861180882e-18
1.206500000000000249e-08,2.000037829463459561e-05,2.177467142126274672e-05,8.501066543981982500e-05,-8.871465633140756223e-05,-3.703990891587737228e-06,0.000000000000000000e+00,2.027395882036911355e-16,2.202285662861180882e-18
1.207000000000000154e-08,2.000037790006324356e-05,2.177282039182516012e-05,8.492199705740701040e-05,-8.862212458809582782e-05,-3.700127530688817430e-06,0.000000000000000000e+00,2.027384238909533754e-16,2.202285662861180882e-18
1.207500000000000059e-08,2.000037750590344111e-05,2.177097129306045312e-05,8.483342115847259085e-05,-8.852968935785059373e-05,-3.696268199378002881e-06,0.000000000000000000e+00,2.027372616118130184e-16,2.202285662861180882e-18
1.207999999999999964e-08,2.000037711215475457e-05,2.176912412295488281e-05,8.474493764655385223e-05,-8.843735054000641227e-05,-3.692412893452560042e-06,0.000000000000000000e+00,2.027361013624408352e-16,2.202285662861180882e-18
1.208500000000000200e-08,2.000037671881675703e-05,2.176727887949680355e-05,8.465654642528864019e-05,-8.834510803400232580e-05,-3.688561608713685608e-06,0.000000000000000000e+00,2.027349431390154602e-16,2.202285662861180882e-18
1.209000000000000106e-08,2.000037632588902160e-05,2.176543556067667032e-05,8.456824739841537365e-05,-8.825296173938243581e-05,-3.684714340967062160e-06,0.000000000000000000e+00,2.027337869377228249e-16,2.202285662861180882e-18
1.209500000000000011e-08,2.000037593337112475e-05,2.176359416448703536e-05,8.448004046977285512e-05,-8.816091155579552354e-05,-3.680871086022668428e-06,0.000000000000000000e+00,2.027326327547566262e-16,2.202285662861180882e-18
1.210000000000000247e-08,2.000037554126262942e-05,2.176175468892254140e-05,8.439192554330017580e-05,-8.806895738299559207e-05,-3.677031839695416265e-06,0.000000000000000000e+00,2.027314805863176853e-16,2.202285662861180882e-18
1.210500000000000152e-08,2.000037514956311887e-05,2.175991713197993180e-05,8.430390252303664785e-05,-8.797709912084064653e-05,-3.673196597803998677e-06,0.000000000000000000e+00,2.027303304286148352e-16,2.202285662861180882e-18
1.211000000000000057e-08,2.000037475827215941e-05,2.175808149165803023e-05,8.421597131312161461e-05,-8.788533666929354798e-05,-3.669365356171933371e-06,0.000000000000000000e+00,2.027291822778638610e-16,2.202285662861180882e-18
1.211499999999999963e-08,2.000037436738932414e-05,2.175624776595774408e-05,8.412813181779447774e-05,-8.779366992842099694e-05,-3.665538110626519208e-06,0.000000000000000000e+00,2.027280361302882635e-16,2.202285662861180882e-18
1.212000000000000199e-08,2.000037397691419293e-05,2.175441595288208136e-05,8.404038394139448035e-05,-8.770209879839442786e-05,-3.661714856999947511e-06,0.000000000000000000e+00,2.027268919821191119e-16,2.202285662861180882e-18
1.212500000000000104e-08,2.000037358684633550e-05,2.175258605043611684e-05,8.395272758836062573e-05,-8.761062317948906043e-05,-3.657895591128434705e-06,0.000000000000000000e+00,2.027257498295946738e-16,2.202285662861180882e-18
1.213000000000000009e-08,2.000037319718532832e-05,2.175075805662702257e-05,8.386516266323166375e-05,-8.751924297208471277e-05,-3.654080308853049019e-06,0.000000000000000000e+00,2.027246096689607846e-16,2.202285662861180882e-18
1.213500000000000245e-08,2.000037280793075126e-05,2.174893196946402717e-05,8.377768907064579273e-05,-8.742795807666379560e-05,-3.650269006018002868e-06,0.000000000000000000e+00,2.027234714964706508e-16,2.202285662861180882e-18
1.214000000000000150e-08,2.000037241908217403e-05,2.174710778695845991e-05,8.369030671534079496e-05,-8.733676839381429385e-05,-3.646461678473498884e-06,0.000000000000000000e+00,2.027223353083847761e-16,2.202285662861180882e-18
1.214500000000000056e-08,2.000037203063917651e-05,2.174528550712369649e-05,8.360301550215372499e-05,-8.724567382422599902e-05,-3.642658322072274022e-06,0.000000000000000000e+00,2.027212011009712074e-16,2.202285662861180882e-18
1.214999999999999961e-08,2.000037164260133518e-05,2.174346512797521326e-05,8.351581533602096385e-05,-8.715467426869389733e-05,-3.638858932672933482e-06,0.000000000000000000e+00,2.027200688705051899e-16,2.202285662861180882e-18
1.215500000000000197e-08,2.000037125496822651e-05,2.174164664753054315e-05,8.342870612197801573e-05,-8.706376962811583869e-05,-3.635063506137822960e-06,0.000000000000000000e+00,2.027189386132693892e-16,2.202285662861180882e-18
1.216000000000000102e-08,2.000037086773943717e-05,2.173983006380928587e-05,8.334168776515942672e-05,-8.697295980349242827e-05,-3.631272038333001545e-06,0.000000000000000000e+00,2.027178103255539405e-16,2.202285662861180882e-18
1.216500000000000007e-08,2.000037048091453008e-05,2.173801537483311126e-05,8.325476017079867634e-05,-8.688224469592905935e-05,-3.627484525130383018e-06,0.000000000000000000e+00,2.027166840036559059e-16,2.202285662861180882e-18
1.217000000000000244e-08,2.000037009449309188e-05,2.173620257862574239e-05,8.316792324422813689e-05,-8.679162420663252527e-05,-3.623700962404388377e-06,0.000000000000000000e+00,2.027155596438799898e-16,2.202285662861180882e-18
1.217500000000000149e-08,2.000036970847470584e-05,2.173439167321297583e-05,8.308117689087888376e-05,-8.670109823691349944e-05,-3.619921346034615686e-06,0.000000000000000000e+00,2.027144372425380949e-16,2.202285662861180882e-18
1.218000000000000054e-08,2.000036932285894506e-05,2.173258265662266140e-05,8.299452101628062759e-05,-8.661066668818581714e-05,-3.616145671905189552e-06,0.000000000000000000e+00,2.027133167959493470e-16,2.202285662861180882e-18
1.218499999999999959e-08,2.000036893764539278e-05,2.173077552688471226e-05,8.290795552606166014e-05,-8.652032946196597403e-05,-3.612373935904313895e-06,0.000000000000000000e+00,2.027121983004401687e-16,2.202285662861180882e-18
1.219000000000000195e-08,2.000036855283362551e-05,2.172897028203108803e-05,8.282148032594865094e-05,-8.643008645987312617e-05,-3.608606133924475230e-06,0.000000000000000000e+00,2.027110817523441316e-16,2.202285662861180882e-18
1.219500000000000100e-08,2.000036816842322987e-05,2.172716692009579812e-05,8.273509532176662022e-05,-8.633993758362841237e-05,-3.604842261861792153e-06,0.000000000000000000e+00,2.027099671480022033e-16,2.202285662861180882e-18
1.220000000000000006e-08,2.000036778441378237e-05,2.172536543911492211e-05,8.264880041943883048e-05,-8.624988273505698711e-05,-3.601082315618156634e-06,0.000000000000000000e+00,2.027088544837623766e-16,2.202285662861180882e-18
1.220500000000000242e-08,2.000036740080486964e-05,2.172356583712656229e-05,8.256259552498662385e-05,-8.615992181608463237e-05,-3.597326291098008519e-06,0.000000000000000000e+00,2.027077437559800157e-16,2.202285662861180882e-18
1.221000000000000147e-08,2.000036701759607156e-05,2.172176811217088770e-05,8.247648054452942211e-05,-8.607005472874080696e-05,-3.593574184211384848e-06,0.000000000000000000e+00,2.027066349610176089e-16,2.202285662861180882e-18
1.221500000000000052e-08,2.000036663478696800e-05,2.171997226229009688e-05,8.239045538428455050e-05,-8.598028137515645103e-05,-3.589825990871900528e-06,0.000000000000000000e+00,2.027055280952446211e-16,2.202285662861180882e-18
1.221999999999999957e-08,2.000036625237714221e-05,2.171817828552844159e-05,8.230451995056711572e-05,-8.589060165756497536e-05,-3.586081706997859640e-06,0.000000000000000000e+00,2.027044231550378883e-16,2.202285662861180882e-18
1.222500000000000193e-08,2.000036587036618425e-05,2.171638617993219966e-05,8.221867414978997887e-05,-8.580101547830077063e-05,-3.582341328510791766e-06,0.000000000000000000e+00,2.027033201367814444e-16,2.202285662861180882e-18
1.223000000000000099e-08,2.000036548875367396e-05,2.171459594354970893e-05,8.213291788846359279e-05,-8.571152273980175529e-05,-3.578604851338162496e-06,0.000000000000000000e+00,2.027022190368662756e-16,2.202285662861180882e-18
1.223500000000000004e-08,2.000036510753919463e-05,2.171280757443131980e-05,8.204725107319593431e-05,-8.562212334460625842e-05,-3.574872271410324109e-06,0.000000000000000000e+00,2.027011198516904429e-16,2.202285662861180882e-18
1.224000000000000240e-08,2.000036472672233289e-05,2.171102107062942906e-05,8.196167361069239582e-05,-8.553281719535480874e-05,-3.571143584662412923e-06,0.000000000000000000e+00,2.027000225776592798e-16,2.202285662861180882e-18
1.224500000000000145e-08,2.000036434630267200e-05,2.170923643019846642e-05,8.187618540775566331e-05,-8.544360419478972801e-05,-3.567418787034064699e-06,0.000000000000000000e+00,2.026989272111850962e-16,2.202285662861180882e-18
1.225000000000000050e-08,2.000036396627980200e-05,2.170745365119488429e-05,8.179078637128563503e-05,-8.535448424575411454e-05,-3.563697874468479509e-06,0.000000000000000000e+00,2.026978337486872771e-16,2.202285662861180882e-18
1.225499999999999956e-08,2.000036358665330277e-05,2.170567273167716457e-05,8.170547640827931311e-05,-8.526545725119309010e-05,-3.559980842913776995e-06,0.000000000000000000e+00,2.026967421865922578e-16,2.202285662861180882e-18
1.226000000000000192e-08,2.000036320742276094e-05,2.170389366970580848e-05,8.162025542583072220e-05,-8.517652311415237687e-05,-3.556267688321654665e-06,0.000000000000000000e+00,2.026956525213333765e-16,2.202285662861180882e-18
1.226500000000000097e-08,2.000036282858776995e-05,2.170211646334335351e-05,8.153512333113077399e-05,-8.508768173777917832e-05,-3.552558406648404334e-06,0.000000000000000000e+00,2.026945647493514160e-16,2.202285662861180882e-18
1.227000000000000002e-08,2.000036245014791305e-05,2.170034111065434633e-05,8.145008003146719940e-05,-8.499893302532166429e-05,-3.548852993854464889e-06,0.000000000000000000e+00,2.026934788670937164e-16,2.202285662861180882e-18
1.227500000000000238e-08,2.000036207210278028e-05,2.169856760970535292e-05,8.136512543422437245e-05,-8.491027688012863211e-05,-3.545151445904259663e-06,0.000000000000000000e+00,2.026923948710148412e-16,2.202285662861180882e-18
1.228000000000000143e-08,2.000036169445195829e-05,2.169679595856497214e-05,8.128025944688337795e-05,-8.482171320565068569e-05,-3.541453758767307736e-06,0.000000000000000000e+00,2.026913127575762314e-16,2.202285662861180882e-18
1.228500000000000049e-08,2.000036131719503711e-05,2.169502615530378829e-05,8.119548197702165923e-05,-8.473324190543755213e-05,-3.537759928415892905e-06,0.000000000000000000e+00,2.026902325232464033e-16,2.202285662861180882e-18
1.228999999999999954e-08,2.000036094033160678e-05,2.169325819799442534e-05,8.111079293231319423e-05,-8.464486288314092776e-05,-3.534069950827733531e-06,0.000000000000000000e+00,2.026891541645007756e-16,2.202285662861180882e-18
1.229500000000000190e-08,2.000036056386125395e-05,2.169149208471149947e-05,8.102619222052814319e-05,-8.455657604251228259e-05,-3.530383821984139393e-06,0.000000000000000000e+00,2.026880776778216451e-16,2.202285662861180882e-18
1.230000000000000095e-08,2.000036018778356527e-05,2.168972781353164619e-05,8.094167974953298417e-05,-8.446838128740405296e-05,-3.526701537871068789e-06,0.000000000000000000e+00,2.026870030596981616e-16,2.202285662861180882e-18
1.230500000000000000e-08,2.000035981209814093e-05,2.168796538253350340e-05,8.085725542729017422e-05,-8.438027852176812368e-05,-3.523023094477949462e-06,0.000000000000000000e+00,2.026859303066267473e-16,2.202285662861180882e-18
1.231000000000000237e-08,2.000035943680456081e-05,2.168620478979771477e-05,8.077291916185825780e-05,-8.429226764965769823e-05,-3.519348487799440432e-06,0.000000000000000000e+00,2.026848594151102339e-16,2.202285662861180882e-18
1.231500000000000142e-08,2.000035906190242510e-05,2.168444603340691958e-05,8.068867086139162284e-05,-8.420434857522472380e-05,-3.515677713833100957e-06,0.000000000000000000e+00,2.026837903816587994e-16,2.202285662861180882e-18
1.232000000000000047e-08,2.000035868739132386e-05,2.168268911144575949e-05,8.060451043414047366e-05,-8.411652120272178866e-05,-3.512010768581314999e-06,0.000000000000000000e+00,2.026827232027892285e-16,2.202285662861180882e-18
1.232499999999999952e-08,2.000035831327084710e-05,2.168093402200087856e-05,8.052043778845073606e-05,-8.402878543650158004e-05,-3.508347648050843984e-06,0.000000000000000000e+00,2.026816578750251097e-16,2.202285662861180882e-18
1.233000000000000188e-08,2.000035793954058825e-05,2.167918076316091984e-05,8.043645283276389471e-05,-8.394114118101658598e-05,-3.504688348252691277e-06,0.000000000000000000e+00,2.026805943948970327e-16,2.202285662861180882e-18
1.233500000000000093e-08,2.000035756620013397e-05,2.167742933301650504e-05,8.035255547561692539e-05,-8.385358834081855324e-05,-3.501032865201627849e-06,0.000000000000000000e+00,2.026795327589421942e-16,2.202285662861180882e-18
1.233999999999999999e-08,2.000035719324909123e-05,2.167567972966025826e-05,8.026874562564226788e-05,-8.376612682055835173e-05,-3.497381194916083852e-06,0.000000000000000000e+00,2.026784729637050380e-16,2.202285662861180882e-18
1.234500000000000235e-08,2.000035682068704328e-05,2.167393195118678907e-05,8.018502319156759557e-05,-8.367875652498728918e-05,-3.493733333419693607e-06,0.000000000000000000e+00,2.026774150057363440e-16,2.202285662861180882e-18
1.235000000000000140e-08,2.000035644851358695e-05,2.167218599569269583e-05,8.010138808221578836e-05,-8.359147735895544411e-05,-3.490089276739655752e-06,0.000000000000000000e+00,2.026763588815938928e-16,2.202285662861180882e-18
1.235500000000000045e-08,2.000035607672831904e-05,2.167044186127657255e-05,8.001784020650485132e-05,-8.350428922741266876e-05,-3.486449020907817441e-06,0.000000000000000000e+00,2.026753045878422199e-16,2.202285662861180882e-18
1.235999999999999950e-08,2.000035570533083298e-05,2.166869954603897495e-05,7.993437947344776565e-05,-8.341719203540709829e-05,-3.482812561959332644e-06,0.000000000000000000e+00,2.026742521210525907e-16,2.202285662861180882e-18
1.236500000000000187e-08,2.000035533432071880e-05,2.166695904808245773e-05,7.985100579215246154e-05,-8.333018568808695328e-05,-3.479179895934491739e-06,0.000000000000000000e+00,2.026732014778029266e-16,2.202285662861180882e-18
1.237000000000000092e-08,2.000035496369758348e-05,2.166522036551154413e-05,7.976771907182161490e-05,-8.324327009069803249e-05,-3.475551018876417582e-06,0.000000000000000000e+00,2.026721526546781993e-16,2.202285662861180882e-18
1.237499999999999997e-08,2.000035459346101706e-05,2.166348349643274282e-05,7.968451922175264737e-05,-8.315644514858628786e-05,-3.471925926833640489e-06,0.000000000000000000e+00,2.026711056482697410e-16,2.202285662861180882e-18
1.238000000000000233e-08,2.000035422361061974e-05,2.166174843895453096e-05,7.960140615133753656e-05,-8.306971076719556126e-05,-3.468304615858024695e-06,0.000000000000000000e+00,2.026700604551758108e-16,2.202285662861180882e-18
1.238500000000000138e-08,2.000035385414598155e-05,2.166001519118736102e-05,7.951837977006281607e-05,-8.298306685206898034e-05,-3.464687082006164269e-06,0.000000000000000000e+00,2.026690170720011268e-16,2.202285662861180882e-18
1.239000000000000043e-08,2.000035348506670947e-05,2.165828375124365733e-05,7.943543998750942638e-05,-8.289651330884738648e-05,-3.461073321337960096e-06,0.000000000000000000e+00,2.026679754953574327e-16,2.202285662861180882e-18
1.239499999999999949e-08,2.000035311637239353e-05,2.165655411723781275e-05,7.935258671335257939e-05,-8.281005004327096110e-05,-3.457463329918381706e-06,0.000000000000000000e+00,2.026669357218626846e-16,2.202285662861180882e-18
1.240000000000000185e-08,2.000035274806263394e-05,2.165482628728618525e-05,7.926981985736173124e-05,-8.272367696117755866e-05,-3.453857103815827418e-06,0.000000000000000000e+00,2.026658977481419138e-16,2.202285662861180882e-18
1.240500000000000090e-08,2.000035238013703090e-05,2.165310025950710130e-05,7.918713932940041973e-05,-8.263739396850351986e-05,-3.450254639103100124e-06,0.000000000000000000e+00,2.026648615708265363e-16,2.202285662861180882e-18
1.240999999999999995e-08,2.000035201259518460e-05,2.165137603202083554e-05,7.910454503942623719e-05,-8.255120097128254672e-05,-3.446655931856309530e-06,0.000000000000000000e+00,2.026638271865546733e-16,2.202285662861180882e-18
1.241500000000000231e-08,2.000035164543669864e-05,2.164965360294964807e-05,7.902203689749065431e-05,-8.246509787564746449e-05,-3.443060978156810173e-06,0.000000000000000000e+00,2.026627945919712255e-16,2.202285662861180882e-18
1.242000000000000136e-08,2.000035127866116983e-05,2.164793297041773699e-05,7.893961481373899304e-05,-8.237908458782835131e-05,-3.439469774089358271e-06,0.000000000000000000e+00,2.026617637837272812e-16,2.202285662861180882e-18
1.242500000000000042e-08,2.000035091226819498e-05,2.164621413255126553e-05,7.885727869841027747e-05,-8.229316101415352761e-05,-3.435882315743250142e-06,0.000000000000000000e+00,2.026607347584808557e-16,2.202285662861180882e-18
1.242999999999999947e-08,2.000035054625737767e-05,2.164449708747835524e-05,7.877502846183716614e-05,-8.220732706104887848e-05,-3.432298599211712335e-06,0.000000000000000000e+00,2.026597075128963247e-16,2.202285662861180882e-18
1.243500000000000183e-08,2.000035018062831812e-05,2.164278183332906571e-05,7.869286401444580291e-05,-8.212158263503737928e-05,-3.428718620591576370e-06,0.000000000000000000e+00,2.026586820436447691e-16,2.202285662861180882e-18
1.244000000000000088e-08,2.000034981538061990e-05,2.164106836823542499e-05,7.861078526675583050e-05,-8.203592764274026121e-05,-3.425142375984430707e-06,0.000000000000000000e+00,2.026576583474038027e-16,2.202285662861180882e-18
1.244499999999999993e-08,2.000034945051388323e-05,2.163935669033139581e-05,7.852879212938017372e-05,-8.195036199087562894e-05,-3.421569861495455224e-06,0.000000000000000000e+00,2.026566364208573992e-16,2.202285662861180882e-18
1.245000000000000230e-08,2.000034908602771168e-05,2.163764679775289241e-05,7.844688451302499871e-05,-8.186488558625904335e-05,-3.418001073234044635e-06,0.000000000000000000e+00,2.026556162606962626e-16,2.202285662861180882e-18
1.245500000000000135e-08,2.000034872192171562e-05,2.163593868863776708e-05,7.836506232848959108e-05,-8.177949833580257287e-05,-3.414436007312981786e-06,0.000000000000000000e+00,2.026545978636176541e-16,2.202285662861180882e-18
1.246000000000000040e-08,2.000034835819548848e-05,2.163423236112583381e-05,7.828332548666632872e-05,-8.169420014651727359e-05,-3.410874659850944872e-06,0.000000000000000000e+00,2.026535812263249733e-16,2.202285662861180882e-18
1.246499999999999945e-08,2.000034799484863722e-05,2.163252781335882430e-05,7.820167389854047854e-05,-8.160899092550935390e-05,-3.407317026968875360e-06,0.000000000000000000e+00,2.026525663455283497e-16,2.202285662861180882e-18
1.247000000000000181e-08,2.000034763188076207e-05,2.163082504348041502e-05,7.812010747519015582e-05,-8.152387057998265458e-05,-3.403763104792498760e-06,0.000000000000000000e+00,2.026515532179442484e-16,2.202285662861180882e-18
1.247500000000000086e-08,2.000034726929147676e-05,2.162912404963622724e-05,7.803862612778625645e-05,-8.143883901723752397e-05,-3.400212889451267526e-06,0.000000000000000000e+00,2.026505418402958892e-16,2.202285662861180882e-18
1.247999999999999992e-08,2.000034690708037810e-05,2.162742482997380327e-05,7.795722976759228071e-05,-8.135389614467126518e-05,-3.396666377078984473e-06,0.000000000000000000e+00,2.026495322093125068e-16,2.202285662861180882e-18
1.248500000000000228e-08,2.000034654524707648e-05,2.162572738264263025e-05,7.787591830596434688e-05,-8.126904186977768887e-05,-3.393123563813341993e-06,0.000000000000000000e+00,2.026485243217300659e-16,2.202285662861180882e-18
1.249000000000000133e-08,2.000034618379117885e-05,2.162403170579411637e-05,7.779469165435096080e-05,-8.118427610014688285e-05,-3.389584445795922052e-06,0.000000000000000000e+00,2.026475181742908915e-16,2.202285662861180882e-18
1.249500000000000038e-08,2.000034582271228542e-05,2.162233779758160104e-05,7.771354972429307011e-05,-8.109959874346578130e-05,-3.386049019172711187e-06,0.000000000000000000e+00,2.026465137637435208e-16,2.202285662861180882e-18
1.250000000000000274e-08,2.000034546201000994e-05,2.162064565616035155e-05,7.763249242742379318e-05,-8.101500970751708054e-05,-3.382517280093287355e-06,0.000000000000000000e+00,2.026455110868431225e-16,2.202285662861180882e-18
1.250500000000000180e-08,2.000034510168395601e-05,2.161895527968755624e-05,7.755151967546848688e-05,-8.093050890018001155e-05,-3.378989224711524664e-06,0.000000000000000000e+00,2.026445101403511019e-16,2.202285662861180882e-18
1.251000000000000085e-08,2.000034474173373059e-05,2.161726666632232452e-05,7.747063138024455685e-05,-8.084609622942970299e-05,-3.375464849185146141e-06,0.000000000000000000e+00,2.026435109210351755e-16,2.202285662861180882e-18
1.251499999999999990e-08,2.000034438215894745e-05,2.161557981422569365e-05,7.738982745366140327e-05,-8.076177160333731673e-05,-3.371944149675913465e-06,0.000000000000000000e+00,2.026425134256696417e-16,2.202285662861180882e-18
1.252000000000000226e-08,2.000034402295920678e-05,2.161389472156061180e-05,7.730910780772028536e-05,-8.067753493007025114e-05,-3.368427122349965780e-06,0.000000000000000000e+00,2.026415176510348634e-16,2.202285662861180882e-18
1.252500000000000131e-08,2.000034366413412233e-05,2.161221138649195160e-05,7.722847235451424006e-05,-8.059338611789146345e-05,-3.364913763377223388e-06,0.000000000000000000e+00,2.026405235939176129e-16,2.202285662861180882e-18
1.253000000000000036e-08,2.000034330568330109e-05,2.161052980718648303e-05,7.714792100622802780e-05,-8.050932507515910384e-05,-3.361404068931076036e-06,0.000000000000000000e+00,2.026395312511110473e-16,2.202285662861180882e-18
1.253500000000000273e-08,2.000034294760635341e-05,2.160884998181290391e-05,7.706745367513795635e-05,-8.042535171032751833e-05,-3.357898035189561987e-06,0.000000000000000000e+00,2.026385406194145608e-16,2.202285662861180882e-18
1.254000000000000178e-08,2.000034258990288967e-05,2.160717190854181621e-05,7.698707027361189432e-05,-8.034146593194632722e-05,-3.354395658334432899e-06,0.000000000000000000e+00,2.026375516956338090e-16,2.202285662861180882e-18
1.254500000000000083e-08,2.000034223257251683e-05,2.160549558554572601e-05,7.690677071410904084e-05,-8.025766764866045216e-05,-3.350896934551411319e-06,0.000000000000000000e+00,2.026365644765807092e-16,2.202285662861180882e-18
1.254999999999999988e-08,2.000034187561485543e-05,2.160382101099905369e-05,7.682655490917996615e-05,-8.017395676920991289e-05,-3.347401860029946738e-06,0.000000000000000000e+00,2.026355789590736374e-16,2.202285662861180882e-18
1.255500000000000224e-08,2.000034151902950567e-05,2.160214818307811698e-05,7.674642277146639479e-05,-8.009033320243057262e-05,-3.343910430964177824e-06,0.000000000000000000e+00,2.026345951399368614e-16,2.202285662861180882e-18
1.256000000000000130e-08,2.000034116281608807e-05,2.160047709996114454e-05,7.666637421370123273e-05,-8.000679685725282345e-05,-3.340422643551590716e-06,0.000000000000000000e+00,2.026336130160012807e-16,2.202285662861180882e-18
1.256500000000000035e-08,2.000034080697420623e-05,2.159880775982825558e-05,7.658640914870835047e-05,-7.992334764270246725e-05,-3.336938493994116785e-06,0.000000000000000000e+00,2.026326325841035628e-16,2.202285662861180882e-18
1.257000000000000271e-08,2.000034045150348068e-05,2.159714016086147344e-05,7.650652748940256953e-05,-7.983998546789964506e-05,-3.333457978497075531e-06,0.000000000000000000e+00,2.026316538410870315e-16,2.202285662861180882e-18
1.257500000000000176e-08,2.000034009640351500e-05,2.159547430124471545e-05,7.642672914878954047e-05,-7.975671024206001610e-05,-3.329981093270475631e-06,0.000000000000000000e+00,2.026306767838007793e-16,2.202285662861180882e-18
1.258000000000000081e-08,2.000033974167393311e-05,2.159381017916379289e-05,7.634701403996566158e-05,-7.967352187449299600e-05,-3.326507834527334421e-06,0.000000000000000000e+00,2.026297014091005544e-16,2.202285662861180882e-18
1.258499999999999986e-08,2.000033938731434198e-05,2.159214779280640761e-05,7.626738207611798398e-05,-7.959042027460327463e-05,-3.323038198485290650e-06,0.000000000000000000e+00,2.026287277138478984e-16,2.202285662861180882e-18
1.259000000000000223e-08,2.000033903332435877e-05,2.159048714036215544e-05,7.618783317052406259e-05,-7.950740535188984036e-05,-3.319572181365777774e-06,0.000000000000000000e+00,2.026277556949106884e-16,2.202285662861180882e-18
1.259500000000000128e-08,2.000033867970359383e-05,2.158882822002251601e-05,7.610836723655195609e-05,-7.942447701594611558e-05,-3.316109779394159482e-06,0.000000000000000000e+00,2.026267853491627179e-16,2.202285662861180882e-18
1.260000000000000033e-08,2.000033832645166430e-05,2.158717102998085951e-05,7.602898418766003722e-05,-7.934163517645976692e-05,-3.312650988799729695e-06,0.000000000000000000e+00,2.026258166734842885e-16,2.202285662861180882e-18
1.260500000000000269e-08,2.000033797356818733e-05,2.158551556843244334e-05,7.594968393739695209e-05,-7.925887974321280019e-05,-3.309195805815848095e-06,0.000000000000000000e+00,2.026248496647615197e-16,2.202285662861180882e-18
1.261000000000000174e-08,2.000033762105277329e-05,2.158386183357440192e-05,7.587046639940157953e-05,-7.917621062608143833e-05,-3.305744226679858803e-06,0.000000000000000000e+00,2.026238843198867187e-16,2.202285662861180882e-18
1.261500000000000079e-08,2.000033726890504607e-05,2.158220982360575007e-05,7.579133148740277361e-05,-7.909362773503519992e-05,-3.302296247632426312e-06,0.000000000000000000e+00,2.026229206357584541e-16,2.202285662861180882e-18
1.261999999999999985e-08,2.000033691712461945e-05,2.158055953672737966e-05,7.571227911521945849e-05,-7.901113098013801041e-05,-3.298851864918551924e-06,0.000000000000000000e+00,2.026219586092811619e-16,2.202285662861180882e-18
1.262500000000000221e-08,2.000033656571110718e-05,2.157891097114206295e-05,7.563330919676038448e-05,-7.892872027154778205e-05,-3.295411074787397564e-06,0.000000000000000000e+00,2.026209982373653668e-16,2.202285662861180882e-18
1.263000000000000126e-08,2.000033621466412978e-05,2.157726412505444924e-05,7.555442164602416870e-05,-7.884639551951596660e-05,-3.291973873491797894e-06,0.000000000000000000e+00,2.026200395169278060e-16,2.202285662861180882e-18
1.263500000000000031e-08,2.000033586398330100e-05,2.157561899667105807e-05,7.547561637709905113e-05,-7.876415663438785355e-05,-3.288540257288802412e-06,0.000000000000000000e+00,2.026190824448910345e-16,2.202285662861180882e-18
1.264000000000000267e-08,2.000033551366824477e-05,2.157397558420027245e-05,7.539689330416293528e-05,-7.868200352660137745e-05,-3.285110222438442171e-06,0.000000000000000000e+00,2.026181270181839183e-16,2.202285662861180882e-18
1.264500000000000173e-08,2.000033516371857483e-05,2.157233388585234904e-05,7.531825234148322552e-05,-7.859993610668871713e-05,-3.281683765205491610e-06,0.000000000000000000e+00,2.026171732337410670e-16,2.202285662861180882e-18
1.265000000000000078e-08,2.000033481413391172e-05,2.157069389983941812e-05,7.523969340341671872e-05,-7.851795428527531991e-05,-3.278260881858601188e-06,0.000000000000000000e+00,2.026162210885033274e-16,2.202285662861180882e-18
1.265499999999999983e-08,2.000033446491387596e-05,2.156905562437546668e-05,7.516121640440959065e-05,-7.843605797307953568e-05,-3.274841568669945024e-06,0.000000000000000000e+00,2.026152705794174135e-16,2.202285662861180882e-18
1.266000000000000219e-08,2.000033411605808470e-05,2.156741905767634178e-05,7.508282125899721983e-05,-7.835424708091284730e-05,-3.271425821915627469e-06,0.000000000000000000e+00,2.026143217034360786e-16,2.202285662861180882e-18
1.266500000000000124e-08,2.000033376756616186e-05,2.156578419795976076e-05,7.500450788180413329e-05,-7.827252151967995192e-05,-3.268013637875818631e-06,0.000000000000000000e+00,2.026133744575180423e-16,2.202285662861180882e-18
1.267000000000000029e-08,2.000033341943772456e-05,2.156415104344529762e-05,7.492627618754388460e-05,-7.819088120037865253e-05,-3.264605012834767930e-06,0.000000000000000000e+00,2.026124288386279896e-16,2.202285662861180882e-18
1.267500000000000266e-08,2.000033307167239674e-05,2.156251959235437629e-05,7.484812609101901325e-05,-7.810932603409897709e-05,-3.261199943079963839e-06,0.000000000000000000e+00,2.026114848437365220e-16,2.202285662861180882e-18
1.268000000000000171e-08,2.000033272426979215e-05,2.156088984291028757e-05,7.477005750712093619e-05,-7.802785593202476414e-05,-3.257798424903827952e-06,0.000000000000000000e+00,2.026105424698200097e-16,2.202285662861180882e-18
1.268500000000000076e-08,2.000033237722953809e-05,2.155926179333816540e-05,7.469207035082979875e-05,-7.794647080543135888e-05,-3.254400454601560130e-06,0.000000000000000000e+00,2.026096017138611829e-16,2.202285662861180882e-18
1.268999999999999981e-08,2.000033203055125847e-05,2.155763544186499025e-05,7.461416453721444759e-05,-7.786517056568658898e-05,-3.251006028472141389e-06,0.000000000000000000e+00,2.026086625728483927e-16,2.202285662861180882e-18
1.269500000000000217e-08,2.000033168423457383e-05,2.155601078671960945e-05,7.453633998143230864e-05,-7.778395512425178096e-05,-3.247615142819472315e-06,0.000000000000000000e+00,2.026077250437759310e-16,2.202285662861180882e-18
1.270000000000000123e-08,2.000033133827910470e-05,2.155438782613270670e-05,7.445859659872931943e-05,-7.770282439268009328e-05,-3.244227793950773858e-06,0.000000000000000000e+00,2.026067891236439077e-16,2.202285662861180882e-18
1.270500000000000028e-08,2.000033099268447499e-05,2.155276655833680545e-05,7.438093430443979347e-05,-7.762177828261651634e-05,-3.240843978176722868e-06,0.000000000000000000e+00,2.026058548094584478e-16,2.202285662861180882e-18
1.271000000000000264e-08,2.000033064745031539e-05,2.155114698156629263e-05,7.430335301398633904e-05,-7.754081670579886178e-05,-3.237463691812522736e-06,0.000000000000000000e+00,2.026049220982315680e-16,2.202285662861180882e-18
1.271500000000000169e-08,2.000033030257624306e-05,2.154952909405737459e-05,7.422585264287983198e-05,-7.745993957405656986e-05,-3.234086931176737879e-06,0.000000000000000000e+00,2.026039909869809797e-16,2.202285662861180882e-18
1.272000000000000074e-08,2.000032995806187851e-05,2.154791289404810422e-05,7.414843310671922604e-05,-7.737914679931129228e-05,-3.230713692592066238e-06,0.000000000000000000e+00,2.026030614727302121e-16,2.202285662861180882e-18
1.272499999999999979e-08,2.000032961390685584e-05,2.154629837977838433e-05,7.407109432119153927e-05,-7.729843829357643131e-05,-3.227343972384892038e-06,0.000000000000000000e+00,2.026021335525089081e-16,2.202285662861180882e-18
1.273000000000000216e-08,2.000032927011079217e-05,2.154468554948993375e-05,7.399383620207170497e-05,-7.721781396895707208e-05,-3.223977766885367108e-06,0.000000000000000000e+00,2.026012072233521832e-16,2.202285662861180882e-18
1.273500000000000121e-08,2.000032892667331821e-05,2.154307440142632125e-05,7.391665866522251747e-05,-7.713727373765015874e-05,-3.220615072427641273e-06,0.000000000000000000e+00,2.026002824823012420e-16,2.202285662861180882e-18
1.274000000000000026e-08,2.000032858359406126e-05,2.154146493383293841e-05,7.383956162659451017e-05,-7.705681751194385753e-05,-3.217255885349347357e-06,0.000000000000000000e+00,2.025993593264029591e-16,2.202285662861180882e-18
1.274500000000000262e-08,2.000032824087264523e-05,2.153985714495701317e-05,7.376254500222594198e-05,-7.697644520421839697e-05,-3.213900201992454992e-06,0.000000000000000000e+00,2.025984377527099777e-16,2.202285662861180882e-18
1.275000000000000167e-08,2.000032789850869405e-05,2.153825103304759969e-05,7.368560870824258046e-05,-7.689615672694528187e-05,-3.210548018702701414e-06,0.000000000000000000e+00,2.025975177582806599e-16,2.202285662861180882e-18
1.275500000000000073e-08,2.000032755650183841e-05,2.153664659635557492e-05,7.360875266085770184e-05,-7.681595199268681897e-05,-3.207199331829117123e-06,0.000000000000000000e+00,2.025965993401793094e-16,2.202285662861180882e-18
1.275999999999999978e-08,2.000032721485170900e-05,2.153504383313364204e-05,7.353197677637198263e-05,-7.673583091409664548e-05,-3.203854137724662849e-06,0.000000000000000000e+00,2.025956824954759487e-16,2.202285662861180882e-18
1.276500000000000214e-08,2.000032687355792635e-05,2.153344274163633042e-05,7.345528097117336402e-05,-7.665579340392020345e-05,-3.200512432746839423e-06,0.000000000000000000e+00,2.025947672212460240e-16,2.202285662861180882e-18
1.277000000000000119e-08,2.000032653262011776e-05,2.153184332011998206e-05,7.337866516173703840e-05,-7.657583937499320829e-05,-3.197174213256169886e-06,0.000000000000000000e+00,2.025938535145709964e-16,2.202285662861180882e-18
1.277500000000000024e-08,2.000032619203792071e-05,2.153024556684275843e-05,7.330212926462530024e-05,-7.649596874024187920e-05,-3.193839475616578965e-06,0.000000000000000000e+00,2.025929413725381696e-16,2.202285662861180882e-18
1.278000000000000260e-08,2.000032585181095912e-05,2.152864948006465734e-05,7.322567319648747833e-05,-7.641618141268491783e-05,-3.190508216197439502e-06,0.000000000000000000e+00,2.025920307922402708e-16,2.202285662861180882e-18
1.278500000000000166e-08,2.000032551193886367e-05,2.152705505804746215e-05,7.314929687405981383e-05,-7.633647730542991684e-05,-3.187180431370103010e-06,0.000000000000000000e+00,2.025911217707757708e-16,2.202285662861180882e-18
1.279000000000000071e-08,2.000032517242126168e-05,2.152546229905478919e-05,7.307300021416541960e-05,-7.625685633167638214e-05,-3.183856117510962540e-06,0.000000000000000000e+00,2.025902143052488599e-16,2.202285662861180882e-18
1.279499999999999976e-08,2.000032483325778722e-05,2.152387120135205729e-05,7.299678313371418532e-05,-7.617731840471351026e-05,-3.180535270999324936e-06,0.000000000000000000e+00,2.025893083927695462e-16,2.202285662861180882e-18
1.280000000000000212e-08,2.000032449444806760e-05,2.152228176320649793e-05,7.292064554970261489e-05,-7.609786343792151650e-05,-3.177217888218901616e-06,0.000000000000000000e+00,2.025884040304531626e-16,2.202285662861180882e-18
1.280500000000000117e-08,2.000032415599174029e-05,2.152069398288715185e-05,7.284458737921379928e-05,-7.601849134477057786e-05,-3.173903965556778574e-06,0.000000000000000000e+00,2.025875012154211309e-16,2.202285662861180882e-18
1.281000000000000023e-08,2.000032381788842921e-05,2.151910785866485888e-05,7.276860853941734882e-05,-7.593920203882148349e-05,-3.170593499404134670e-06,0.000000000000000000e+00,2.025865999448000007e-16,2.202285662861180882e-18
1.281500000000000259e-08,2.000032348013777183e-05,2.151752338881226473e-05,7.269270894756920342e-05,-7.585999543372464544e-05,-3.167286486155442026e-06,0.000000000000000000e+00,2.025857002157223366e-16,2.202285662861180882e-18
1.282000000000000164e-08,2.000032314273939544e-05,2.151594057160382100e-05,7.261688852101168680e-05,-7.578087144322127769e-05,-3.163982922209590889e-06,0.000000000000000000e+00,2.025848020253261264e-16,2.202285662861180882e-18
1.282500000000000069e-08,2.000032280569293415e-05,2.151435940531577496e-05,7.254114717717327610e-05,-7.570182998114204087e-05,-3.160682803968764771e-06,0.000000000000000000e+00,2.025839053707549297e-16,2.202285662861180882e-18
1.282999999999999974e-08,2.000032246899802202e-05,2.151277988822616625e-05,7.246548483356861543e-05,-7.562287096140720495e-05,-3.157386127838589522e-06,0.000000000000000000e+00,2.025830102491580987e-16,2.202285662861180882e-18
1.283500000000000210e-08,2.000032213265428974e-05,2.151120201861484712e-05,7.238990140779833968e-05,-7.554399429802786893e-05,-3.154092890229529249e-06,0.000000000000000000e+00,2.025821166576903356e-16,2.202285662861180882e-18
1.284000000000000116e-08,2.000032179666137142e-05,2.150962579476344523e-05,7.231439681754907452e-05,-7.546519990510368401e-05,-3.150803087554609485e-06,0.000000000000000000e+00,2.025812245935120368e-16,2.202285662861180882e-18
1.284500000000000021e-08,2.000032146101890450e-05,2.150805121495540087e-05,7.223897098059324669e-05,-7.538648769682481873e-05,-3.147516716231572040e-06,0.000000000000000000e+00,2.025803340537891457e-16,2.202285662861180882e-18
1.285000000000000257e-08,2.000032112572652307e-05,2.150647827747592295e-05,7.216362381478909750e-05,-7.530785758746999384e-05,-3.144233772680896338e-06,0.000000000000000000e+00,2.025794450356931275e-16,2.202285662861180882e-18
1.285500000000000162e-08,2.000032079078385784e-05,2.150490698061201947e-05,7.208835523808052026e-05,-7.522930949140808150e-05,-3.140954253327561240e-06,0.000000000000000000e+00,2.025785575364009448e-16,2.202285662861180882e-18
1.286000000000000067e-08,2.000032045619054964e-05,2.150333732265248735e-05,7.201316516849701958e-05,-7.515084332309688556e-05,-3.137678154599865977e-06,0.000000000000000000e+00,2.025776715530952549e-16,2.202285662861180882e-18
1.286499999999999972e-08,2.000032012194623258e-05,2.150176930188791249e-05,7.193805352415354876e-05,-7.507245899708399534e-05,-3.134405472930446588e-06,0.000000000000000000e+00,2.025767870829639166e-16,2.202285662861180882e-18
1.287000000000000209e-08,2.000031978805054072e-05,2.150020291661064255e-05,7.186302022325050977e-05,-7.499415642800509162e-05,-3.131136204754581855e-06,0.000000000000000000e+00,2.025759041232005571e-16,2.202285662861180882e-18
1.287500000000000114e-08,2.000031945450310477e-05,2.149863816511483452e-05,7.178806518407364486e-05,-7.491593553058648091e-05,-3.127870346512836046e-06,0.000000000000000000e+00,2.025750226710039808e-16,2.202285662861180882e-18
1.288000000000000019e-08,2.000031912130357574e-05,2.149707504569639701e-05,7.171318832499384681e-05,-7.483779621964107035e-05,-3.124607894647223548e-06,0.000000000000000000e+00,2.025741427235790315e-16,2.202285662861180882e-18
1.288500000000000255e-08,2.000031878845158094e-05,2.149551355665304113e-05,7.163838956446722667e-05,-7.475973841007300274e-05,-3.121348845605776074e-06,0.000000000000000000e+00,2.025732642781354343e-16,2.202285662861180882e-18
1.289000000000000160e-08,2.000031845594675784e-05,2.149395369628424320e-05,7.156366882103491051e-05,-7.468176201687426832e-05,-3.118093195839357810e-06,0.000000000000000000e+00,2.025723873318886088e-16,2.202285662861180882e-18
1.289500000000000066e-08,2.000031812378874391e-05,2.149239546289124478e-05,7.148902601332299874e-05,-7.460386695512504363e-05,-3.114840941802044893e-06,0.000000000000000000e+00,2.025715118820594473e-16,2.202285662861180882e-18
1.289999999999999971e-08,2.000031779197718339e-05,2.149083885477707294e-05,7.141446106004245770e-05,-7.452605313999447758e-05,-3.111592079952019878e-06,0.000000000000000000e+00,2.025706379258743149e-16,2.202285662861180882e-18
1.290500000000000207e-08,2.000031746051170699e-05,2.148928387024651661e-05,7.133997387998903834e-05,-7.444832048674048810e-05,-3.108346606751449760e-06,0.000000000000000000e+00,2.025697654605647782e-16,2.202285662861180882e-18
1.291000000000000112e-08,2.000031712939196233e-05,2.148773050760613331e-05,7.126556439204322199e-05,-7.437066891070854245e-05,-3.105104518665320460e-06,0.000000000000000000e+00,2.025688944833681477e-16,2.202285662861180882e-18
1.291500000000000017e-08,2.000031679861758010e-05,2.148617876516425255e-05,7.119123251517007133e-05,-7.429309832733362235e-05,-3.101865812163551021e-06,0.000000000000000000e+00,2.025680249915267136e-16,2.202285662861180882e-18
1.292000000000000253e-08,2.000031646818820457e-05,2.148462864123096229e-05,7.111697816841914903e-05,-7.421560865213789292e-05,-3.098630483718743884e-06,0.000000000000000000e+00,2.025671569822885346e-16,2.202285662861180882e-18
1.292500000000000159e-08,2.000031613810347657e-05,2.148308013411811569e-05,7.104280127092450423e-05,-7.413819980073196305e-05,-3.095398529807458828e-06,0.000000000000000000e+00,2.025662904529068710e-16,2.202285662861180882e-18
1.293000000000000064e-08,2.000031580836303697e-05,2.148153324213932099e-05,7.096870174190450986e-05,-7.406087168881420784e-05,-3.092169946909697977e-06,0.000000000000000000e+00,2.025654254006404312e-16,2.202285662861180882e-18
1.293499999999999969e-08,2.000031547896652663e-05,2.147998796360995501e-05,7.089467950066178140e-05,-7.398362423217141903e-05,-3.088944731509637629e-06,0.000000000000000000e+00,2.025645618227532236e-16,2.202285662861180882e-18
1.294000000000000205e-08,2.000031514991358641e-05,2.147844429684714625e-05,7.082073446658310905e-05,-7.390645734667799192e-05,-3.085722880094882875e-06,0.000000000000000000e+00,2.025636997165145816e-16,2.202285662861180882e-18
1.294500000000000110e-08,2.000031482120385377e-05,2.147690224016977824e-05,7.074686655913936290e-05,-7.382937094829622351e-05,-3.082504389156860616e-06,0.000000000000000000e+00,2.025628390791991387e-16,2.202285662861180882e-18
1.295000000000000016e-08,2.000031449283697297e-05,2.147536179189849637e-05,7.067307569788546580e-05,-7.375236495307617695e-05,-3.079289255190711147e-06,0.000000000000000000e+00,2.025619799080869272e-16,2.202285662861180882e-18
1.295500000000000252e-08,2.000031416481259163e-05,2.147382295035567734e-05,7.059936180246010880e-05,-7.367543927715428564e-05,-3.076077474694176848e-06,0.000000000000000000e+00,2.025611222004634272e-16,2.202285662861180882e-18
1.296000000000000157e-08,2.000031383713034722e-05,2.147228571386546986e-05,7.052572479258595436e-05,-7.359859383675613153e-05,-3.072869044170177164e-06,0.000000000000000000e+00,2.025602659536191236e-16,2.202285662861180882e-18
1.296500000000000062e-08,2.000031350978988062e-05,2.147075008075375734e-05,7.045216458806929764e-05,-7.352182854819384297e-05,-3.069663960124545334e-06,0.000000000000000000e+00,2.025594111648499244e-16,2.202285662861180882e-18
1.296999999999999967e-08,2.000031318279083944e-05,2.146921604934817827e-05,7.037868110880013417e-05,-7.344514332786693505e-05,-3.066462219066800883e-06,0.000000000000000000e+00,2.025585578314571857e-16,2.202285662861180882e-18
1.297500000000000203e-08,2.000031285613286793e-05,2.146768361797810924e-05,7.030527427475198371e-05,-7.336853809226206557e-05,-3.063263817510081862e-06,0.000000000000000000e+00,2.025577059507472434e-16,2.202285662861180882e-18
1.298000000000000109e-08,2.000031252981561035e-05,2.146615278497466834e-05,7.023194400598184960e-05,-7.329201275795289958e-05,-3.060068751971049979e-06,0.000000000000000000e+00,2.025568555200320046e-16,2.202285662861180882e-18
1.298500000000000014e-08,2.000031220383871093e-05,2.146462354867071515e-05,7.015869022263009677e-05,-7.321556724160021776e-05,-3.056877018970120992e-06,0.000000000000000000e+00,2.025560065366283315e-16,2.202285662861180882e-18
1.299000000000000250e-08,2.000031187820181731e-05,2.146309590740085415e-05,7.008551284492041107e-05,-7.313920145995183512e-05,-3.053688615031424050e-06,0.000000000000000000e+00,2.025551589978585590e-16,2.202285662861180882e-18
1.299500000000000155e-08,2.000031155290456697e-05,2.146156985950142115e-05,7.001241179315967735e-05,-7.306291532984270944e-05,-3.050503536683032090e-06,0.000000000000000000e+00,2.025543129010499771e-16,2.202285662861180882e-18
1.300000000000000060e-08,2.000031122794660753e-05,2.146004540331048670e-05,6.993938698773789807e-05,-7.298670876819396544e-05,-3.047321780456067365e-06,0.000000000000000000e+00,2.025534682435353239e-16,2.202285662861180882e-18
1.300499999999999966e-08,2.000031090332759001e-05,2.145852253716785265e-05,6.986643834912812561e-05,-7.291058169201313876e-05,-3.044143342885013157e-06,0.000000000000000000e+00,2.025526250226525388e-16,2.202285662861180882e-18
1.301000000000000202e-08,2.000031057904716206e-05,2.145700125941506578e-05,6.979356579788634023e-05,-7.283453401839517886e-05,-3.040968220508838632e-06,0.000000000000000000e+00,2.025517832357447876e-16,2.202285662861180882e-18
1.301500000000000107e-08,2.000031025510496454e-05,2.145548156839538722e-05,6.972076925465140948e-05,-7.275856566452113439e-05,-3.037796409869724908e-06,0.000000000000000000e+00,2.025509428801601912e-16,2.202285662861180882e-18
1.302000000000000012e-08,2.000030993150064845e-05,2.145396346245381287e-05,6.964804864014496617e-05,-7.268267654765822095e-05,-3.034627907513254784e-06,0.000000000000000000e+00,2.025501039532522445e-16,2.202285662861180882e-18
1.302500000000000248e-08,2.000030960823385805e-05,2.145244693993706654e-05,6.957540387517129998e-05,-7.260686658516041746e-05,-3.031462709989117478e-06,0.000000000000000000e+00,2.025492664523795207e-16,2.202285662861180882e-18
1.303000000000000153e-08,2.000030928530424436e-05,2.145093199919359322e-05,6.950283488061737101e-05,-7.253113569446743608e-05,-3.028300813850065077e-06,0.000000000000000000e+00,2.025484303749058192e-16,2.202285662861180882e-18
1.303500000000000059e-08,2.000030896271145502e-05,2.144941863857355909e-05,6.943034157745259292e-05,-7.245548379310521019e-05,-3.025142215652617270e-06,0.000000000000000000e+00,2.025475957182001164e-16,2.202285662861180882e-18
1.303999999999999964e-08,2.000030864045514105e-05,2.144790685642885148e-05,6.935792388672886008e-05,-7.237991079868551485e-05,-3.021986911956654775e-06,0.000000000000000000e+00,2.025467624796363928e-16,2.202285662861180882e-18
1.304500000000000200e-08,2.000030831853495008e-05,2.144639665111308568e-05,6.928558172958035777e-05,-7.230441662890677999e-05,-3.018834899326422222e-06,0.000000000000000000e+00,2.025459306565938554e-16,2.202285662861180882e-18
1.305000000000000105e-08,2.000030799695052636e-05,2.144488802098158119e-05,6.921331502722357580e-05,-7.222900120155273515e-05,-3.015686174329159351e-06,0.000000000000000000e+00,2.025451002464566413e-16,2.202285662861180882e-18
1.305500000000000010e-08,2.000030767570152768e-05,2.144338096439138888e-05,6.914112370095715937e-05,-7.215366443449305997e-05,-3.012540733535900607e-06,0.000000000000000000e+00,2.025442712466143853e-16,2.202285662861180882e-18
1.306000000000000246e-08,2.000030735478759491e-05,2.144187547970125026e-05,6.906900767216184135e-05,-7.207840624568276084e-05,-3.009398573520919492e-06,0.000000000000000000e+00,2.025434436544612824e-16,2.202285662861180882e-18
1.306500000000000152e-08,2.000030703420838923e-05,2.144037156527163821e-05,6.899696686230036096e-05,-7.200322655316244188e-05,-3.006259690862080926e-06,0.000000000000000000e+00,2.025426174673971979e-16,2.202285662861180882e-18
1.307000000000000057e-08,2.000030671396354812e-05,2.143886921946473319e-05,6.892500119291739599e-05,-7.192812527505925368e-05,-3.003124082141857688e-06,0.000000000000000000e+00,2.025417926828264343e-16,2.202285662861180882e-18
1.307499999999999962e-08,2.000030639405273614e-05,2.143736844064441315e-05,6.885311058563938662e-05,-7.185310232958385746e-05,-2.999991743944470835e-06,0.000000000000000000e+00,2.025409692981589640e-16,2.202285662861180882e-18
1.308000000000000198e-08,2.000030607447559754e-05,2.143586922717627381e-05,6.878129496217458966e-05,-7.177815763503381328e-05,-2.996862672859223618e-06,0.000000000000000000e+00,2.025401473108094185e-16,2.202285662861180882e-18
1.308500000000000103e-08,2.000030575523178674e-05,2.143437157742760494e-05,6.870955424431288876e-05,-7.170329110979091014e-05,-2.993736865478021378e-06,0.000000000000000000e+00,2.025393267181976313e-16,2.202285662861180882e-18
1.309000000000000009e-08,2.000030543632096153e-05,2.143287548976741073e-05,6.863788835392572671e-05,-7.162850267232245350e-05,-2.990614318396726790e-06,0.000000000000000000e+00,2.025385075177485629e-16,2.202285662861180882e-18
1.309500000000000245e-08,2.000030511774276615e-05,2.143138096256639281e-05,6.856629721296611892e-05,-7.155379224118133300e-05,-2.987495028215214079e-06,0.000000000000000000e+00,2.025376897068918334e-16,2.202285662861180882e-18
1.310000000000000150e-08,2.000030479949685842e-05,2.142988799419695027e-05,6.849478074346836891e-05,-7.147915973500459951e-05,-2.984378991536230604e-06,0.000000000000000000e+00,2.025368732830624370e-16,2.202285662861180882e-18
1.310500000000000055e-08,2.000030448158288257e-05,2.142839658303317287e-05,6.842333886754819018e-05,-7.140460507251450862e-05,-2.981266204966318435e-06,0.000000000000000000e+00,2.025360582437000763e-16,2.202285662861180882e-18
1.310999999999999960e-08,2.000030416400050317e-05,2.142690672745086139e-05,6.835197150740248946e-05,-7.133012817251791079e-05,-2.978156665115421322e-06,0.000000000000000000e+00,2.025352445862497786e-16,2.202285662861180882e-18
1.311500000000000196e-08,2.000030384674937126e-05,2.142541842582750049e-05,6.828067858530933955e-05,-7.125572895390645464e-05,-2.975050368597115095e-06,0.000000000000000000e+00,2.025344323081612800e-16,2.202285662861180882e-18
1.312000000000000102e-08,2.000030352982913785e-05,2.142393167654226891e-05,6.820946002362789800e-05,-7.118140733565654632e-05,-2.971947312028648319e-06,0.000000000000000000e+00,2.025336214068894193e-16,2.202285662861180882e-18
1.312500000000000007e-08,2.000030321323946074e-05,2.142244647797603946e-05,6.813831574479823098e-05,-7.110716323682894288e-05,-2.968847492030711899e-06,0.000000000000000000e+00,2.025328118798939906e-16,2.202285662861180882e-18
1.313000000000000243e-08,2.000030289697999773e-05,2.142096282851136885e-05,6.806724567134136744e-05,-7.103299657656856258e-05,-2.965750905227195139e-06,0.000000000000000000e+00,2.025320037246396933e-16,2.202285662861180882e-18
1.313500000000000148e-08,2.000030258105039985e-05,2.141948072653250445e-05,6.799624972585915006e-05,-7.095890727410523026e-05,-2.962657548246080204e-06,0.000000000000000000e+00,2.025311969385961823e-16,2.202285662861180882e-18
1.314000000000000053e-08,2.000030226545032488e-05,2.141800017042538095e-05,6.792532783103411324e-05,-7.088489524875279642e-05,-2.959567417718683181e-06,0.000000000000000000e+00,2.025303915192380426e-16,2.202285662861180882e-18
1.314499999999999959e-08,2.000030195017943064e-05,2.141652115857760674e-05,6.785447990962946961e-05,-7.081096041990881198e-05,-2.956480510279342372e-06,0.000000000000000000e+00,2.025295874640448636e-16,2.202285662861180882e-18
1.315000000000000195e-08,2.000030163523737153e-05,2.141504368937847754e-05,6.778370588448896089e-05,-7.073710270705530075e-05,-2.953396822566339863e-06,0.000000000000000000e+00,2.025287847705010171e-16,2.202285662861180882e-18
1.315500000000000100e-08,2.000030132062380534e-05,2.141356776121897633e-05,6.771300567853681728e-05,-7.066332202975854262e-05,-2.950316351221725342e-06,0.000000000000000000e+00,2.025279834360958055e-16,2.202285662861180882e-18
1.316000000000000005e-08,2.000030100633838989e-05,2.141209337249175306e-05,6.764237921477768965e-05,-7.058961830766816549e-05,-2.947239092890475845e-06,0.000000000000000000e+00,2.025271834583235107e-16,2.202285662861180882e-18
1.316500000000000241e-08,2.000030069238077957e-05,2.141062052159114498e-05,6.757182641629648696e-05,-7.051599146051827020e-05,-2.944165044221783243e-06,0.000000000000000000e+00,2.025263848346831478e-16,2.202285662861180882e-18
1.317000000000000146e-08,2.000030037875063897e-05,2.140914920691314950e-05,6.750134720625838977e-05,-7.044244140812553311e-05,-2.941094201867143335e-06,0.000000000000000000e+00,2.025255875626788102e-16,2.202285662861180882e-18
1.317500000000000052e-08,2.000030006544762588e-05,2.140767942685545134e-05,6.743094150790868765e-05,-7.036896807039127967e-05,-2.938026562482592020e-06,0.000000000000000000e+00,2.025247916398193244e-16,2.202285662861180882e-18
1.317999999999999957e-08,2.000029975247138793e-05,2.140621117981739540e-05,6.736060924457272492e-05,-7.029557136730037311e-05,-2.934962122727648192e-06,0.000000000000000000e+00,2.025239970636182256e-16,2.202285662861180882e-18
1.318500000000000193e-08,2.000029943982159649e-05,2.140474446420001048e-05,6.729035033965584649e-05,-7.022225121892069946e-05,-2.931900879264852963e-06,0.000000000000000000e+00,2.025232038315942010e-16,2.202285662861180882e-18
1.319000000000000098e-08,2.000029912749790934e-05,2.140327927840597540e-05,6.722016471664326231e-05,-7.014900754540330302e-05,-2.928842828760040706e-06,0.000000000000000000e+00,2.025224119412706219e-16,2.202285662861180882e-18
1.319500000000000003e-08,2.000029881549998090e-05,2.140181562083964611e-05,6.715005229909999315e-05,-7.007584026698325378e-05,-2.925787967883260632e-06,0.000000000000000000e+00,2.025216213901756419e-16,2.202285662861180882e-18
1.320000000000000239e-08,2.000029850382747574e-05,2.140035348990704212e-05,6.708001301067081641e-05,-7.000274930397831926e-05,-2.922736293307502849e-06,0.000000000000000000e+00,2.025208321758422464e-16,2.202285662861180882e-18
1.320500000000000145e-08,2.000029819248005166e-05,2.139889288401584315e-05,6.701004677508010348e-05,-6.992973457678957434e-05,-2.919687801709470857e-06,0.000000000000000000e+00,2.025200442958082527e-16,2.202285662861180882e-18
1.321000000000000050e-08,2.000029788145737323e-05,2.139743380157538568e-05,6.694015351613179265e-05,-6.985679600590062881e-05,-2.916642489768836162e-06,0.000000000000000000e+00,2.025192577476163097e-16,2.202285662861180882e-18
1.321499999999999955e-08,2.000029757075910165e-05,2.139597624099668334e-05,6.687033315770933486e-05,-6.978393351187909101e-05,-2.913600354169756153e-06,0.000000000000000000e+00,2.025184725288138488e-16,2.202285662861180882e-18
1.322000000000000191e-08,2.000029726038489471e-05,2.139452020069237945e-05,6.680058562377553112e-05,-6.971114701537423682e-05,-2.910561391598705705e-06,0.000000000000000000e+00,2.025176886369529115e-16,2.202285662861180882e-18
1.322500000000000096e-08,2.000029695033441699e-05,2.139306567907679784e-05,6.673091083837250537e-05,-6.963843643711904252e-05,-2.907525598746537156e-06,0.000000000000000000e+00,2.025169060695904940e-16,2.202285662861180882e-18
1.323000000000000002e-08,2.000029664060732967e-05,2.139161267456589881e-05,6.666130872562160963e-05,-6.956580169792845009e-05,-2.904492972306840456e-06,0.000000000000000000e+00,2.025161248242883014e-16,2.202285662861180882e-18
1.323500000000000238e-08,2.000029633120329733e-05,2.139016118557730622e-05,6.659177920972332912e-05,-6.949324271870045136e-05,-2.901463508977122235e-06,0.000000000000000000e+00,2.025153448986127469e-16,2.202285662861180882e-18
1.324000000000000143e-08,2.000029602212198115e-05,2.138871121053028719e-05,6.652232221495722807e-05,-6.942075942041530203e-05,-2.898437205458073967e-06,0.000000000000000000e+00,2.025145662901350266e-16,2.202285662861180882e-18
1.324500000000000048e-08,2.000029571336304232e-05,2.138726274784576224e-05,6.645293766568182770e-05,-6.934835172413599598e-05,-2.895414058454168281e-06,0.000000000000000000e+00,2.025137889964309707e-16,2.202285662861180882e-18
1.324999999999999953e-08,2.000029540492614881e-05,2.138581579594629514e-05,6.638362548633457919e-05,-6.927601955100731658e-05,-2.892394064672737389e-06,0.000000000000000000e+00,2.025130130150811923e-16,2.202285662861180882e-18
1.325500000000000189e-08,2.000029509681096180e-05,2.138437035325609968e-05,6.631438560143167388e-05,-6.920376282225689380e-05,-2.889377220825219920e-06,0.000000000000000000e+00,2.025122383436711607e-16,2.202285662861180882e-18
1.326000000000000095e-08,2.000029478901714925e-05,2.138292641820102949e-05,6.624521793556815172e-05,-6.913158145919401159e-05,-2.886363523625859874e-06,0.000000000000000000e+00,2.025114649797908071e-16,2.202285662861180882e-18
1.326500000000000000e-08,2.000029448154437236e-05,2.138148398920858146e-05,6.617612241341760309e-05,-6.905947538321044812e-05,-2.883352969792845038e-06,0.000000000000000000e+00,2.025106929210348208e-16,2.202285662861180882e-18
1.327000000000000236e-08,2.000029417439229908e-05,2.138004306470788895e-05,6.610709895973220949e-05,-6.898744451577950004e-05,-2.880345556047290544e-06,0.000000000000000000e+00,2.025099221650026487e-16,2.202285662861180882e-18
1.327500000000000141e-08,2.000029386756059399e-05,2.137860364312972855e-05,6.603814749934267577e-05,-6.891548877845672780e-05,-2.877341279114052023e-06,0.000000000000000000e+00,2.025091527092983970e-16,2.202285662861180882e-18
1.328000000000000046e-08,2.000029356104892166e-05,2.137716572290651333e-05,6.596926795715805393e-05,-6.884360809287958980e-05,-2.874340135721535866e-06,0.000000000000000000e+00,2.025083845515306584e-16,2.202285662861180882e-18
1.328500000000000282e-08,2.000029325485694668e-05,2.137572930247228943e-05,6.590046025816575668e-05,-6.877180238076713065e-05,-2.871342122601373966e-06,0.000000000000000000e+00,2.025076176893128823e-16,2.202285662861180882e-18
1.329000000000000188e-08,2.000029294898434038e-05,2.137429438026274285e-05,6.583172432743142192e-05,-6.870007156392011669e-05,-2.868347236488694770e-06,0.000000000000000000e+00,2.025068521202631524e-16,2.202285662861180882e-18
1.329500000000000093e-08,2.000029264343076396e-05,2.137286095471517574e-05,6.576306009009887208e-05,-6.862841556422058877e-05,-2.865355474121716699e-06,0.000000000000000000e+00,2.025060878420039899e-16,2.202285662861180882e-18
1.329999999999999998e-08,2.000029233819589216e-05,2.137142902426853686e-05,6.569446747138996503e-05,-6.855683430363222817e-05,-2.862366832242263146e-06,0.000000000000000000e+00,2.025053248521628710e-16,2.202285662861180882e-18
1.330500000000000234e-08,2.000029203327939294e-05,2.136999858736339452e-05,6.562594639660456700e-05,-6.848532770420008554e-05,-2.859381307595518533e-06,0.000000000000000000e+00,2.025045631483716351e-16,2.202285662861180882e-18
1.331000000000000139e-08,2.000029172868092410e-05,2.136856964244194330e-05,6.555749679112047126e-05,-6.841389568805096035e-05,-2.856398896930489092e-06,0.000000000000000000e+00,2.025038027282666332e-16,2.202285662861180882e-18
1.331500000000000045e-08,2.000029142440016037e-05,2.136714218794800752e-05,6.548911858039328966e-05,-6.834253817739235741e-05,-2.853419596999067745e-06,0.000000000000000000e+00,2.025030435894890726e-16,2.202285662861180882e-18
1.332000000000000281e-08,2.000029112043677311e-05,2.136571622232702759e-05,6.542081168995641204e-05,-6.827125509451271719e-05,-2.850443404556305153e-06,0.000000000000000000e+00,2.025022857296846718e-16,2.202285662861180882e-18
1.332500000000000186e-08,2.000029081679042351e-05,2.136429174402607365e-05,6.535257604542087063e-05,-6.820004636178250007e-05,-2.847470316361629442e-06,0.000000000000000000e+00,2.025015291465035868e-16,2.202285662861180882e-18
1.333000000000000091e-08,2.000029051346078631e-05,2.136286875149383195e-05,6.528441157247529946e-05,-6.812891190165228897e-05,-2.844500329176989509e-06,0.000000000000000000e+00,2.025007738376007313e-16,2.202285662861180882e-18
1.333499999999999996e-08,2.000029021044752946e-05,2.136144724318060151e-05,6.521631819688585301e-05,-6.805785163665360250e-05,-2.841533439767749488e-06,0.000000000000000000e+00,2.025000198006354317e-16,2.202285662861180882e-18
1.334000000000000232e-08,2.000028990775031755e-05,2.136002721753830764e-05,6.514829584449608423e-05,-6.798686548939950481e-05,-2.838569644903420584e-06,0.000000000000000000e+00,2.024992670332715752e-16,2.202285662861180882e-18
1.334500000000000138e-08,2.000028960536883547e-05,2.135860867302047825e-05,6.508034444122690390e-05,-6.791595338258213908e-05,-2.835608941355235177e-06,0.000000000000000000e+00,2.024985155331779051e-16,2.202285662861180882e-18
1.335000000000000043e-08,2.000028930330274103e-05,2.135719160808226415e-05,6.501246391307649933e-05,-6.784511523897615625e-05,-2.832651325899656920e-06,0.000000000000000000e+00,2.024977652980271584e-16,2.202285662861180882e-18
1.335500000000000279e-08,2.000028900155171235e-05,2.135577602118042892e-05,6.494465418612025299e-05,-6.777435098143582836e-05,-2.829696795315575367e-06,0.000000000000000000e+00,2.024970163254970521e-16,2.202285662861180882e-18
1.336000000000000184e-08,2.000028870011542079e-05,2.135436191077333531e-05,6.487691518651063415e-05,-6.770366053289572617e-05,-2.826745346385092024e-06,0.000000000000000000e+00,2.024962686132696169e-16,2.202285662861180882e-18
1.336500000000000089e-08,2.000028839899353091e-05,2.135294927532096563e-05,6.480924684047713108e-05,-6.763304381637173562e-05,-2.823796975894604547e-06,0.000000000000000000e+00,2.024955221590312716e-16,2.202285662861180882e-18
1.336999999999999995e-08,2.000028809818571747e-05,2.135153811328490135e-05,6.474164907432619685e-05,-6.756250075495918756e-05,-2.820851680632990703e-06,0.000000000000000000e+00,2.024947769604730698e-16,2.202285662861180882e-18
1.337500000000000231e-08,2.000028779769165858e-05,2.135012842312832996e-05,6.467412181444112738e-05,-6.749203127183356246e-05,-2.817909457392435077e-06,0.000000000000000000e+00,2.024940330152907487e-16,2.202285662861180882e-18
1.338000000000000136e-08,2.000028749751102221e-05,2.134872020331604151e-05,6.460666498728203429e-05,-6.742163529025096481e-05,-2.814970302968930515e-06,0.000000000000000000e+00,2.024932903211841625e-16,2.202285662861180882e-18
1.338500000000000041e-08,2.000028719764347632e-05,2.134731345231442523e-05,6.453927851938568230e-05,-6.735131273354744543e-05,-2.812034214161763124e-06,0.000000000000000000e+00,2.024925488758577259e-16,2.202285662861180882e-18
1.339000000000000277e-08,2.000028689808870582e-05,2.134590816859147298e-05,6.447196233736548923e-05,-6.728106352513836454e-05,-2.809101187772875311e-06,0.000000000000000000e+00,2.024918086770206116e-16,2.202285662861180882e-18
1.339500000000000182e-08,2.000028659884637528e-05,2.134450435061677578e-05,6.440471636791147178e-05,-6.721088758852001807e-05,-2.806171220608546287e-06,0.000000000000000000e+00,2.024910697223860103e-16,2.202285662861180882e-18
1.340000000000000088e-08,2.000028629991616622e-05,2.134310199686152048e-05,6.433754053778998803e-05,-6.714078484726771314e-05,-2.803244309477725114e-06,0.000000000000000000e+00,2.024903320096718707e-16,2.202285662861180882e-18
1.340499999999999993e-08,2.000028600129774998e-05,2.134170110579848635e-05,6.427043477384391363e-05,-6.707075522503682524e-05,-2.800320451192911614e-06,0.000000000000000000e+00,2.024895955366005049e-16,2.202285662861180882e-18
1.341000000000000229e-08,2.000028570299079453e-05,2.134030167590204508e-05,6.420339900299233010e-05,-6.700079864556252713e-05,-2.797399642570197031e-06,0.000000000000000000e+00,2.024888603008983912e-16,2.202285662861180882e-18
1.341500000000000134e-08,2.000028540499498478e-05,2.133890370564816416e-05,6.413643315223057902e-05,-6.693091503265897568e-05,-2.794481880428396664e-06,0.000000000000000000e+00,2.024881263002968147e-16,2.202285662861180882e-18
1.342000000000000039e-08,2.000028510730999208e-05,2.133750719351439675e-05,6.406953714863019428e-05,-6.686110431022023349e-05,-2.791567161590039208e-06,0.000000000000000000e+00,2.024873935325313258e-16,2.202285662861180882e-18
1.342500000000000275e-08,2.000028480993549455e-05,2.133611213797988163e-05,6.400271091933867169e-05,-6.679136640221934726e-05,-2.788655482880675568e-06,0.000000000000000000e+00,2.024866619953417145e-16,2.202285662861180882e-18
1.343000000000000181e-08,2.000028451287116693e-05,2.133471853752535340e-05,6.393595439157956383e-05,-6.672170123270932361e-05,-2.785746841129759779e-06,0.000000000000000000e+00,2.024859316864723564e-16,2.202285662861180882e-18
1.343500000000000086e-08,2.000028421611668397e-05,2.133332639063311538e-05,6.386926749265235811e-05,-6.665210872582157055e-05,-2.782841233169212436e-06,0.000000000000000000e+00,2.024852026036718672e-16,2.202285662861180882e-18
1.343999999999999991e-08,2.000028391967172039e-05,2.133193569578707344e-05,6.380265014993231410e-05,-6.658258880576765925e-05,-2.779938655835345151e-06,0.000000000000000000e+00,2.024844747446932998e-16,2.202285662861180882e-18
1.344500000000000227e-08,2.000028362353596111e-05,2.133054645147270558e-05,6.373610229087046356e-05,-6.651314139683722347e-05,-2.777039105966759916e-06,0.000000000000000000e+00,2.024837481072941691e-16,2.202285662861180882e-18
1.345000000000000132e-08,2.000028332770907748e-05,2.132915865617705849e-05,6.366962384299347489e-05,-6.644376642339904371e-05,-2.774142580405568824e-06,0.000000000000000000e+00,2.024830226892361071e-16,2.202285662861180882e-18
1.345500000000000038e-08,2.000028303219075101e-05,2.132777230838877127e-05,6.360321473390366672e-05,-6.637446380990100659e-05,-2.771249075997339866e-06,0.000000000000000000e+00,2.024822984882853554e-16,2.202285662861180882e-18
1.346000000000000274e-08,2.000028273698065644e-05,2.132638740659805853e-05,6.353687489127884524e-05,-6.630523348087010479e-05,-2.768358589591259555e-06,0.000000000000000000e+00,2.024815755022122233e-16,2.202285662861180882e-18
1.346500000000000179e-08,2.000028244207847190e-05,2.132500394929670356e-05,6.347060424287223645e-05,-6.623607536091158333e-05,-2.765471118039346883e-06,0.000000000000000000e+00,2.024808537287915562e-16,2.202285662861180882e-18
1.347000000000000084e-08,2.000028214748387890e-05,2.132362193497806514e-05,6.340440271651243197e-05,-6.616698937470931897e-05,-2.762586658196887002e-06,0.000000000000000000e+00,2.024801331658024393e-16,2.202285662861180882e-18
1.347499999999999989e-08,2.000028185319656235e-05,2.132224136213707415e-05,6.333827024010330769e-05,-6.609797544702558983e-05,-2.759705206922282144e-06,0.000000000000000000e+00,2.024794138110283954e-16,2.202285662861180882e-18
1.348000000000000225e-08,2.000028155921618683e-05,2.132086222927023354e-05,6.327220674162392893e-05,-6.602903350270233581e-05,-2.756826761078406875e-06,0.000000000000000000e+00,2.024786956622568916e-16,2.202285662861180882e-18
1.348500000000000131e-08,2.000028126554245078e-05,2.131948453487561500e-05,6.320621214912846913e-05,-6.596016346665820409e-05,-2.753951317529734961e-06,0.000000000000000000e+00,2.024779787172802019e-16,2.202285662861180882e-18
1.349000000000000036e-08,2.000028097217501540e-05,2.131810827745284534e-05,6.314028639074619625e-05,-6.589136526389150362e-05,-2.751078873145307367e-06,0.000000000000000000e+00,2.024772629738942984e-16,2.202285662861180882e-18
1.349500000000000272e-08,2.000028067911357576e-05,2.131673345550313026e-05,6.307442939468122889e-05,-6.582263881947772498e-05,-2.748209424796496094e-06,0.000000000000000000e+00,2.024765484298999354e-16,2.202285662861180882e-18
1.350000000000000177e-08,2.000028038635780320e-05,2.131536006752923399e-05,6.300864108921271241e-05,-6.575398405857154618e-05,-2.745342969358833770e-06,0.000000000000000000e+00,2.024758350831018363e-16,2.202285662861180882e-18
1.350500000000000082e-08,2.000028009390738602e-05,2.131398811203547930e-05,6.294292140269452083e-05,-6.568540090640466423e-05,-2.742479503710143398e-06,0.000000000000000000e+00,2.024751229313092357e-16,2.202285662861180882e-18
1.350999999999999988e-08,2.000027980176199557e-05,2.131261758752774752e-05,6.287727026355522969e-05,-6.561688928828759764e-05,-2.739619024732367950e-06,0.000000000000000000e+00,2.024744119723352140e-16,2.202285662861180882e-18
1.351500000000000224e-08,2.000027950992132691e-05,2.131124849251348865e-05,6.281168760029814317e-05,-6.554844912960808723e-05,-2.736761529309944064e-06,0.000000000000000000e+00,2.024737022039976093e-16,2.202285662861180882e-18
1.352000000000000129e-08,2.000027921838505140e-05,2.130988082550169772e-05,6.274617334150103657e-05,-6.548008035583231584e-05,-2.733907014331279266e-06,0.000000000000000000e+00,2.024729936241179824e-16,2.202285662861180882e-18
1.352500000000000034e-08,2.000027892715285733e-05,2.130851458500293842e-05,6.268072741581631898e-05,-6.541178289250405451e-05,-2.731055476687735536e-06,0.000000000000000000e+00,2.024722862305225283e-16,2.202285662861180882e-18
1.353000000000000270e-08,2.000027863622442961e-05,2.130714976952930931e-05,6.261534975197069442e-05,-6.534355666524398491e-05,-2.728206913273290490e-06,0.000000000000000000e+00,2.024715800210414851e-16,2.202285662861180882e-18
1.353500000000000175e-08,2.000027834559944635e-05,2.130578637759447422e-05,6.255004027876522965e-05,-6.527540159975139334e-05,-2.725361320986163685e-06,0.000000000000000000e+00,2.024708749935092571e-16,2.202285662861180882e-18
1.354000000000000081e-08,2.000027805527759248e-05,2.130442440771364879e-05,6.248479892507532703e-05,-6.520731762180281550e-05,-2.722518696727488472e-06,0.000000000000000000e+00,2.024701711457645133e-16,2.202285662861180882e-18
1.354499999999999986e-08,2.000027776525854949e-05,2.130306385840359022e-05,6.241962561985049413e-05,-6.513930465725203652e-05,-2.719679037401542387e-06,0.000000000000000000e+00,2.024694684756499657e-16,2.202285662861180882e-18
1.355000000000000222e-08,2.000027747554200568e-05,2.130170472818260750e-05,6.235452029211437086e-05,-6.507136263203009091e-05,-2.716842339915720049e-06,0.000000000000000000e+00,2.024687669810128128e-16,2.202285662861180882e-18
1.355500000000000127e-08,2.000027718612764258e-05,2.130034701557055122e-05,6.228948287096464813e-05,-6.500349147214542524e-05,-2.714008601180777102e-06,0.000000000000000000e+00,2.024680666597041482e-16,2.202285662861180882e-18
1.356000000000000032e-08,2.000027689701514846e-05,2.129899071908881693e-05,6.222451328557293234e-05,-6.493569110368342375e-05,-2.711177818110491406e-06,0.000000000000000000e+00,2.024673675095794290e-16,2.202285662861180882e-18
1.356500000000000268e-08,2.000027660820420485e-05,2.129763583726034521e-05,6.215961146518473180e-05,-6.486796145280701825e-05,-2.708349987622286448e-06,0.000000000000000000e+00,2.024666695284980317e-16,2.202285662861180882e-18
1.357000000000000174e-08,2.000027631969450003e-05,2.129628236860961143e-05,6.209477733911936191e-05,-6.480030244575556327e-05,-2.705525106636201354e-06,0.000000000000000000e+00,2.024659727143237703e-16,2.202285662861180882e-18
1.357500000000000079e-08,2.000027603148571892e-05,2.129493031166263597e-05,6.203001083676983670e-05,-6.473271400884585245e-05,-2.702703172076015748e-06,0.000000000000000000e+00,2.024652770649244031e-16,2.202285662861180882e-18
1.357999999999999984e-08,2.000027574357754641e-05,2.129357966494697401e-05,6.196531188760281462e-05,-6.466519606847137319e-05,-2.699884180868558571e-06,0.000000000000000000e+00,2.024645825781718052e-16,2.202285662861180882e-18
1.358500000000000220e-08,2.000027545596967080e-05,2.129223042699171896e-05,6.190068042115855792e-05,-6.459774855110240153e-05,-2.697068129943843611e-06,0.000000000000000000e+00,2.024638892519420673e-16,2.202285662861180882e-18
1.359000000000000125e-08,2.000027516866177698e-05,2.129088259632749567e-05,6.183611636705075643e-05,-6.453037138328593435e-05,-2.694255016235177916e-06,0.000000000000000000e+00,2.024631970841153968e-16,2.202285662861180882e-18
1.359500000000000031e-08,2.000027488165355665e-05,2.128953617148645702e-05,6.177161965496658178e-05,-6.446306449164502530e-05,-2.691444836678443518e-06,0.000000000000000000e+00,2.024625060725761428e-16,2.202285662861180882e-18
1.360000000000000267e-08,2.000027459494469132e-05,2.128819115100230090e-05,6.170719021466649766e-05,-6.439582780288047889e-05,-2.688637588213981227e-06,0.000000000000000000e+00,2.024618162152125245e-16,2.202285662861180882e-18
1.360500000000000172e-08,2.000027430853486588e-05,2.128684753341023627e-05,6.164282797598424630e-05,-6.432866124376851946e-05,-2.685833267784273155e-06,0.000000000000000000e+00,2.024611275099170016e-16,2.202285662861180882e-18
1.361000000000000077e-08,2.000027402242377542e-05,2.128550531724702051e-05,6.157853286882679421e-05,-6.426156474116225480e-05,-2.683031872335460595e-06,0.000000000000000000e+00,2.024604399545862489e-16,2.202285662861180882e-18
1.361499999999999982e-08,2.000027373661110821e-05,2.128416450105091531e-05,6.151430482317411536e-05,-6.419453822199036163e-05,-2.680233398816246268e-06,0.000000000000000000e+00,2.024597535471209104e-16,2.202285662861180882e-18
1.362000000000000218e-08,2.000027345109654916e-05,2.128282508336172394e-05,6.145014376907932674e-05,-6.412758161325873894e-05,-2.677437844179412206e-06,0.000000000000000000e+00,2.024590682854255990e-16,2.202285662861180882e-18
1.362500000000000124e-08,2.000027316587979335e-05,2.128148706272076421e-05,6.138604963666843080e-05,-6.406069484204854293e-05,-2.674645205380112131e-06,0.000000000000000000e+00,2.024583841674091922e-16,2.202285662861180882e-18
1.363000000000000029e-08,2.000027288096052229e-05,2.128015043767087855e-05,6.132202235614032904e-05,-6.399387783551781326e-05,-2.671855479377484213e-06,0.000000000000000000e+00,2.024577011909843395e-16,2.202285662861180882e-18
1.363500000000000265e-08,2.000027259633843104e-05,2.127881520675642730e-05,6.125806185776674071e-05,-6.392713052089980612e-05,-2.669068663133065413e-06,0.000000000000000000e+00,2.024570193540679304e-16,2.202285662861180882e-18
1.364000000000000170e-08,2.000027231201320790e-05,2.127748136852329204e-05,6.119416807189210789e-05,-6.386045282550420043e-05,-2.666284753612092537e-06,0.000000000000000000e+00,2.024563386545808973e-16,2.202285662861180882e-18
1.364500000000000075e-08,2.000027202798454115e-05,2.127614892151886549e-05,6.113034092893352778e-05,-6.379384467671621686e-05,-2.663503747782689076e-06,0.000000000000000000e+00,2.024556590904480431e-16,2.202285662861180882e-18
1.364999999999999981e-08,2.000027174425212588e-05,2.127481786429206162e-05,6.106658035938065780e-05,-6.372730600199679406e-05,-2.660725642616136263e-06,0.000000000000000000e+00,2.024549806595984352e-16,2.202285662861180882e-18
1.365500000000000217e-08,2.000027146081565036e-05,2.127348819539330891e-05,6.100288629379566139e-05,-6.366083672888292748e-05,-2.657950435087266089e-06,0.000000000000000000e+00,2.024543033599648638e-16,2.202285662861180882e-18
1.366000000000000122e-08,2.000027117767480629e-05,2.127215991337453677e-05,6.093925866281314026e-05,-6.359443678498653092e-05,-2.655178122173390662e-06,0.000000000000000000e+00,2.024536271894843341e-16,2.202285662861180882e-18
1.366500000000000027e-08,2.000027089482928872e-05,2.127083301678919927e-05,6.087569739714005304e-05,-6.352810609799552075e-05,-2.652408700855467716e-06,0.000000000000000000e+00,2.024529521460978208e-16,2.202285662861180882e-18
1.367000000000000263e-08,2.000027061227878595e-05,2.126950750419225142e-05,6.081220242755560013e-05,-6.346184459567327384e-05,-2.649642168117673712e-06,0.000000000000000000e+00,2.024522782277501685e-16,2.202285662861180882e-18
1.367500000000000168e-08,2.000027033002298965e-05,2.126818337414015258e-05,6.074877368491120332e-05,-6.339565220585813960e-05,-2.646878520946936274e-06,0.000000000000000000e+00,2.024516054323902403e-16,2.202285662861180882e-18
1.368000000000000074e-08,2.000027004806159491e-05,2.126686062519087320e-05,6.068541110013040422e-05,-6.332952885646391439e-05,-2.644117756333510172e-06,0.000000000000000000e+00,2.024509337579709175e-16,2.202285662861180882e-18
1.368499999999999979e-08,2.000026976639429678e-05,2.126553925590388806e-05,6.062211460420880316e-05,-6.326347447547955687e-05,-2.641359871270753702e-06,0.000000000000000000e+00,2.024502632024490996e-16,2.202285662861180882e-18
1.369000000000000215e-08,2.000026948502078017e-05,2.126421926484017627e-05,6.055888412821395090e-05,-6.319748899096981143e-05,-2.638604862755860529e-06,0.000000000000000000e+00,2.024495937637854087e-16,2.202285662861180882e-18
1.369500000000000120e-08,2.000026920394074693e-05,2.126290065056221111e-05,6.049571960328531465e-05,-6.313157233107320244e-05,-2.635852727787887787e-06,0.000000000000000000e+00,2.024489254399446576e-16,2.202285662861180882e-18
1.370000000000000025e-08,2.000026892315388534e-05,2.126158341163396682e-05,6.043262096063419002e-05,-6.306572442400408063e-05,-2.633103463369890608e-06,0.000000000000000000e+00,2.024482582288954555e-16,2.202285662861180882e-18
1.370500000000000261e-08,2.000026864265989386e-05,2.126026754662091515e-05,6.036958813154359938e-05,-6.299994519805106460e-05,-2.630357066507465222e-06,0.000000000000000000e+00,2.024475921286104298e-16,2.202285662861180882e-18
1.371000000000000167e-08,2.000026836245846079e-05,2.125895305409002885e-05,6.030662104736825117e-05,-6.293423458157839604e-05,-2.627613534210144867e-06,0.000000000000000000e+00,2.024469271370659551e-16,2.202285662861180882e-18
1.371500000000000072e-08,2.000026808254928457e-05,2.125763993260977816e-05,6.024371963953446542e-05,-6.286859250302467936e-05,-2.624872863490213947e-06,0.000000000000000000e+00,2.024462632522425969e-16,2.202285662861180882e-18
1.371999999999999977e-08,2.000026780293206368e-05,2.125632818075011060e-05,6.018088383954005169e-05,-6.280301889090235314e-05,-2.622135051362301449e-06,0.000000000000000000e+00,2.024456004721246428e-16,2.202285662861180882e-18
1.372500000000000213e-08,2.000026752360648978e-05,2.125501779708247800e-05,6.011811357895430918e-05,-6.273751367379941130e-05,-2.619400094845102122e-06,0.000000000000000000e+00,2.024449387947002759e-16,2.202285662861180882e-18
1.373000000000000118e-08,2.000026724457226472e-05,2.125370878017982635e-05,6.005540878941788432e-05,-6.267207678037808849e-05,-2.616667990960204178e-06,0.000000000000000000e+00,2.024442782179617957e-16,2.202285662861180882e-18
1.373500000000000024e-08,2.000026696582907679e-05,2.125240112861657209e-05,5.999276940264274373e-05,-6.260670813937476526e-05,-2.613938736732021530e-06,0.000000000000000000e+00,2.024436187399049532e-16,2.202285662861180882e-18
1.374000000000000260e-08,2.000026668737662445e-05,2.125109484096864278e-05,5.993019535041205225e-05,-6.254140767960091670e-05,-2.611212329188864444e-06,0.000000000000000000e+00,2.024429603585296901e-16,2.202285662861180882e-18
1.374500000000000165e-08,2.000026640921460615e-05,2.124978991581342964e-05,5.986768656458016613e-05,-6.247617532994117443e-05,-2.608488765361008301e-06,0.000000000000000000e+00,2.024423030718398187e-16,2.202285662861180882e-18
1.375000000000000070e-08,2.000026613134272036e-05,2.124848635172982145e-05,5.980524297707248395e-05,-6.241101101935506135e-05,-2.605768042282577402e-06,0.000000000000000000e+00,2.024416468778429228e-16,2.202285662861180882e-18
1.375499999999999975e-08,2.000026585376066214e-05,2.124718414729817744e-05,5.974286451988541956e-05,-6.234591467687577190e-05,-2.603050156990352340e-06,0.000000000000000000e+00,2.024409917745503827e-16,2.202285662861180882e-18
1.376000000000000211e-08,2.000026557646812655e-05,2.124588330110035778e-05,5.968055112508631395e-05,-6.228088623161156796e-05,-2.600335106525254009e-06,0.000000000000000000e+00,2.024403377599775475e-16,2.202285662861180882e-18
1.376500000000000117e-08,2.000026529946481545e-05,2.124458381171967614e-05,5.961830272481338783e-05,-6.221592561274304125e-05,-2.597622887929653421e-06,0.000000000000000000e+00,2.024396848321434890e-16,2.202285662861180882e-18
1.377000000000000022e-08,2.000026502275042728e-05,2.124328567774094037e-05,5.955611925127561964e-05,-6.215103274952564765e-05,-2.594913498250028003e-06,0.000000000000000000e+00,2.024390329890712478e-16,2.202285662861180882e-18
1.377500000000000258e-08,2.000026474632465712e-05,2.124198889775042877e-05,5.949400063675267783e-05,-6.208620757128858233e-05,-2.592206934535904502e-06,0.000000000000000000e+00,2.024383822287875128e-16,2.202285662861180882e-18
1.378000000000000163e-08,2.000026447018720343e-05,2.124069347033589685e-05,5.943194681359490725e-05,-6.202145000743467136e-05,-2.589503193839764116e-06,0.000000000000000000e+00,2.024377325493228437e-16,2.202285662861180882e-18
1.378500000000000068e-08,2.000026419433777143e-05,2.123939939408657398e-05,5.936995771422318011e-05,-6.195675998744012774e-05,-2.586802273216947626e-06,0.000000000000000000e+00,2.024370839487118181e-16,2.202285662861180882e-18
1.378999999999999974e-08,2.000026391877605619e-05,2.123810666759315657e-05,5.930803327112888244e-05,-6.189213744085502573e-05,-2.584104169726143287e-06,0.000000000000000000e+00,2.024364364249924404e-16,2.202285662861180882e-18
1.379500000000000210e-08,2.000026364350176634e-05,2.123681528944781487e-05,5.924617341687378529e-05,-6.182758229730241995e-05,-2.581408880428634662e-06,0.000000000000000000e+00,2.024357899762070042e-16,2.202285662861180882e-18
1.380000000000000115e-08,2.000026336851459016e-05,2.123552525824418620e-05,5.918437808409001766e-05,-6.176309448647980906e-05,-2.578716402389791404e-06,0.000000000000000000e+00,2.024351446004009341e-16,2.202285662861180882e-18
1.380500000000000020e-08,2.000026309381423289e-05,2.123423657257737156e-05,5.912264720547997165e-05,-6.169867393815694026e-05,-2.576026732676968607e-06,0.000000000000000000e+00,2.024345002956239195e-16,2.202285662861180882e-18
1.381000000000000256e-08,2.000026281940039637e-05,2.123294923104393898e-05,5.906098071381624820e-05,-6.163432058217712382e-05,-2.573339868360875618e-06,0.000000000000000000e+00,2.024338570599292981e-16,2.202285662861180882e-18
1.381500000000000161e-08,2.000026254527277568e-05,2.123166323224192698e-05,5.899937854194153516e-05,-6.157003434845755843e-05,-2.570655806516023269e-06,0.000000000000000000e+00,2.024332148913739330e-16,2.202285662861180882e-18
1.382000000000000067e-08,2.000026227143108281e-05,2.123037857477082756e-05,5.893784062276858016e-05,-6.150581516698724405e-05,-2.567974544218663889e-06,0.000000000000000000e+00,2.024325737880189767e-16,2.202285662861180882e-18
1.382499999999999972e-08,2.000026199787500946e-05,2.122909525723160317e-05,5.887636688928011609e-05,-6.144166296782969244e-05,-2.565296078549576353e-06,0.000000000000000000e+00,2.024319337479287616e-16,2.202285662861180882e-18
1.383000000000000208e-08,2.000026172460426762e-05,2.122781327822665962e-05,5.881495727452877299e-05,-6.137757768111959324e-05,-2.562620406590820248e-06,0.000000000000000000e+00,2.024312947691717373e-16,2.202285662861180882e-18
1.383500000000000113e-08,2.000026145161855237e-05,2.122653263635987655e-05,5.875361171163698319e-05,-6.131355923706620207e-05,-2.559947525429218877e-06,0.000000000000000000e+00,2.024306568498198783e-16,2.202285662861180882e-18
1.384000000000000018e-08,2.000026117891756894e-05,2.122525333023658032e-05,5.869233013379698133e-05,-6.124960756595057587e-05,-2.557277432153594538e-06,0.000000000000000000e+00,2.024300199879489064e-16,2.202285662861180882e-18
1.384500000000000254e-08,2.000026090650102256e-05,2.122397535846356098e-05,5.863111247427064168e-05,-6.118572259812692809e-05,-2.554610123856286411e-06,0.000000000000000000e+00,2.024293841816384137e-16,2.202285662861180882e-18
1.385000000000000160e-08,2.000026063436860830e-05,2.122269871964905193e-05,5.856995866638947819e-05,-6.112190426402218152e-05,-2.551945597632703324e-06,0.000000000000000000e+00,2.024287494289713941e-16,2.202285662861180882e-18
1.385500000000000065e-08,2.000026036252003817e-05,2.122142341240273666e-05,5.850886864355452251e-05,-6.105815249413492469e-05,-2.549283850580402180e-06,0.000000000000000000e+00,2.024281157280348848e-16,2.202285662861180882e-18
1.385999999999999970e-08,2.000026009095501401e-05,2.122014943533575898e-05,5.844784233923626973e-05,-6.099446721903724827e-05,-2.546624879800978535e-06,0.000000000000000000e+00,2.024274830769194232e-16,2.202285662861180882e-18
1.386500000000000206e-08,2.000025981967324106e-05,2.121887678706070601e-05,5.838687968697462425e-05,-6.093084836937324750e-05,-2.543968682398623253e-06,0.000000000000000000e+00,2.024268514737193185e-16,2.202285662861180882e-18
1.387000000000000111e-08,2.000025954867442116e-05,2.121760546619161163e-05,5.832598062037880484e-05,-6.086729587585952366e-05,-2.541315255480718820e-06,0.000000000000000000e+00,2.024262209165324300e-16,2.202285662861180882e-18
1.387500000000000017e-08,2.000025927795825615e-05,2.121633547134395983e-05,5.826514507312725659e-05,-6.080380966928518403e-05,-2.538664596157927432e-06,0.000000000000000000e+00,2.024255914034603144e-16,2.202285662861180882e-18
1.388000000000000253e-08,2.000025900752445466e-05,2.121506680113466778e-05,5.820437297896763058e-05,-6.074038968051065606e-05,-2.536016701543025481e-06,0.000000000000000000e+00,2.024249629326082760e-16,2.202285662861180882e-18
1.388500000000000158e-08,2.000025873737272869e-05,2.121379945418210616e-05,5.814366427171665510e-05,-6.067703584046887325e-05,-2.533371568752218147e-06,0.000000000000000000e+00,2.024243355020854643e-16,2.202285662861180882e-18
1.389000000000000063e-08,2.000025846750277670e-05,2.121253342910608898e-05,5.808301888526010858e-05,-6.061374808016561390e-05,-2.530729194905505317e-06,0.000000000000000000e+00,2.024237091100042092e-16,2.202285662861180882e-18
1.389499999999999968e-08,2.000025819791430393e-05,2.121126872452785668e-05,5.802243675355271793e-05,-6.055052633067763769e-05,-2.528089577124919760e-06,0.000000000000000000e+00,2.024230837544808094e-16,2.202285662861180882e-18
1.390000000000000204e-08,2.000025792860702238e-05,2.121000533907009981e-05,5.796191781061809756e-05,-6.048737052315387151e-05,-2.525452712535773952e-06,0.000000000000000000e+00,2.024224594336351629e-16,2.202285662861180882e-18
1.390500000000000110e-08,2.000025765958063389e-05,2.120874327135693191e-05,5.790146199054867481e-05,-6.042428058881490121e-05,-2.522818598266226404e-06,0.000000000000000000e+00,2.024218361455906929e-16,2.202285662861180882e-18
1.391000000000000015e-08,2.000025739083484370e-05,2.120748252001391669e-05,5.784106922750563580e-05,-6.036125645895364930e-05,-2.520187231448013491e-06,0.000000000000000000e+00,2.024212138884744464e-16,2.202285662861180882e-18
1.391500000000000251e-08,2.000025712236936721e-05,2.120622308366804760e-05,5.778073945571881697e-05,-6.029829806493401960e-05,-2.517558609215202626e-06,0.000000000000000000e+00,2.024205926604172420e-16,2.202285662861180882e-18
1.392000000000000156e-08,2.000025685418390625e-05,2.120496496094774453e-05,5.772047260948666442e-05,-6.023540533819191377e-05,-2.514932728705249350e-06,0.000000000000000000e+00,2.024199724595533991e-16,2.202285662861180882e-18
1.392500000000000061e-08,2.000025658627816946e-05,2.120370815048286392e-05,5.766026862317616614e-05,-6.017257821023472302e-05,-2.512309587058556882e-06,0.000000000000000000e+00,2.024193532840207376e-16,2.202285662861180882e-18
1.392999999999999967e-08,2.000025631865186206e-05,2.120245265090468185e-05,5.760012743122273687e-05,-6.010981661264098937e-05,-2.509689181418252497e-06,0.000000000000000000e+00,2.024187351319607504e-16,2.202285662861180882e-18
1.393500000000000203e-08,2.000025605130469945e-05,2.120119846084591773e-05,5.754004896813020447e-05,-6.004712047706091377e-05,-2.507071508930709301e-06,0.000000000000000000e+00,2.024181180015187518e-16,2.202285662861180882e-18
1.394000000000000108e-08,2.000025578423638347e-05,2.119994557894070382e-05,5.748003316847069479e-05,-5.998448973521601740e-05,-2.504456566745322612e-06,0.000000000000000000e+00,2.024175018908431124e-16,2.202285662861180882e-18
1.394500000000000013e-08,2.000025551744663292e-05,2.119869400382460220e-05,5.742007996688458418e-05,-5.992192431889846395e-05,-2.501844352013879772e-06,0.000000000000000000e+00,2.024168867980863448e-16,2.202285662861180882e-18
1.395000000000000249e-08,2.000025525093514624e-05,2.119744373413459454e-05,5.736018929808043177e-05,-5.985942415997241492e-05,-2.499234861891983157e-06,0.000000000000000000e+00,2.024162727214040182e-16,2.202285662861180882e-18
1.395500000000000154e-08,2.000025498470163883e-05,2.119619476850908554e-05,5.730036109683486425e-05,-5.979698919037233556e-05,-2.496628093537471311e-06,0.000000000000000000e+00,2.024156596589556214e-16,2.202285662861180882e-18
1.396000000000000060e-08,2.000025471874582270e-05,2.119494710558790293e-05,5.724059529799256911e-05,-5.973461934210401127e-05,-2.494024044111442160e-06,0.000000000000000000e+00,2.024150476089040455e-16,2.202285662861180882e-18
1.396499999999999965e-08,2.000025445306740309e-05,2.119370074401228727e-05,5.718089183646618621e-05,-5.967231454724420883e-05,-2.491422710778022620e-06,0.000000000000000000e+00,2.024144365694156324e-16,2.202285662861180882e-18
1.397000000000000201e-08,2.000025418766609539e-05,2.119245568242490892e-05,5.712125064723621968e-05,-5.961007473794067637e-05,-2.488824090704456690e-06,0.000000000000000000e+00,2.024138265386604961e-16,2.202285662861180882e-18
1.397500000000000106e-08,2.000025392254160822e-05,2.119121191946984092e-05,5.706167166535103117e-05,-5.954789984641163517e-05,-2.486228181060604005e-06,0.000000000000000000e+00,2.024132175148120784e-16,2.202285662861180882e-18
1.398000000000000011e-08,2.000025365769365020e-05,2.118996945379257935e-05,5.700215482592670428e-05,-5.948578980494645727e-05,-2.483634979019752988e-06,0.000000000000000000e+00,2.024126094960473957e-16,2.202285662861180882e-18
1.398500000000000247e-08,2.000025339312194012e-05,2.118872828404002632e-05,5.694270006414698363e-05,-5.942374454590431022e-05,-2.481044481757326589e-06,0.000000000000000000e+00,2.024120024805470143e-16,2.202285662861180882e-18
1.399000000000000153e-08,2.000025312882617982e-05,2.118748840886049346e-05,5.688330731526326805e-05,-5.936176400171568176e-05,-2.478456686452413713e-06,0.000000000000000000e+00,2.024113964664948286e-16,2.202285662861180882e-18
1.399500000000000058e-08,2.000025286480609148e-05,2.118624982690371536e-05,5.682397651459443439e-05,-5.929984810488119395e-05,-2.475871590286759562e-06,0.000000000000000000e+00,2.024107914520786031e-16,2.202285662861180882e-18
1.399999999999999963e-08,2.000025260106138032e-05,2.118501253682081916e-05,5.676470759752685110e-05,-5.923799678797194199e-05,-2.473289190445090893e-06,0.000000000000000000e+00,2.024101874354891593e-16,2.202285662861180882e-18
1.400500000000000199e-08,2.000025233759176514e-05,2.118377653726434825e-05,5.670550049951429689e-05,-5.917620998362915541e-05,-2.470709484114858522e-06,0.000000000000000000e+00,2.024095844149211890e-16,2.202285662861180882e-18
1.401000000000000104e-08,2.000025207439695455e-05,2.118254182688824867e-05,5.664635515607783199e-05,-5.911448762456470628e-05,-2.468132468486874292e-06,0.000000000000000000e+00,2.024089823885726381e-16,2.202285662861180882e-18
1.401500000000000010e-08,2.000025181147665717e-05,2.118130840434787597e-05,5.658727150280580494e-05,-5.905282964356093982e-05,-2.465558140755134888e-06,0.000000000000000000e+00,2.024083813546447312e-16,2.202285662861180882e-18
1.402000000000000246e-08,2.000025154883060195e-05,2.118007626829997817e-05,5.652824947535373736e-05,-5.899123597346881093e-05,-2.462986498115073565e-06,0.000000000000000000e+00,2.024077813113428590e-16,2.202285662861180882e-18
1.402500000000000151e-08,2.000025128645848736e-05,2.117884541740271281e-05,5.646928900944425624e-05,-5.892970654721127227e-05,-2.460417537767016038e-06,0.000000000000000000e+00,2.024071822568750006e-16,2.202285662861180882e-18
1.403000000000000056e-08,2.000025102436003217e-05,2.117761585031562990e-05,5.641039004086704643e-05,-5.886824129777988622e-05,-2.457851256912839790e-06,0.000000000000000000e+00,2.024065841894530797e-16,2.202285662861180882e-18
1.403499999999999961e-08,2.000025076253495517e-05,2.117638756569968216e-05,5.635155250547873554e-05,-5.880684015823634946e-05,-2.455287652757613920e-06,0.000000000000000000e+00,2.024059871072925203e-16,2.202285662861180882e-18
1.404000000000000197e-08,2.000025050098297176e-05,2.117516056221721823e-05,5.629277633920289384e-05,-5.874550306171232359e-05,-2.452726722509429743e-06,0.000000000000000000e+00,2.024053910086119511e-16,2.202285662861180882e-18
1.404500000000000103e-08,2.000025023970379055e-05,2.117393483853198264e-05,5.623406147802989882e-05,-5.868422994140960454e-05,-2.450168463379705718e-06,0.000000000000000000e+00,2.024047958916334770e-16,2.202285662861180882e-18
1.405000000000000008e-08,2.000024997869713373e-05,2.117271039330911246e-05,5.617540785801690802e-05,-5.862302073059893673e-05,-2.447612872582028711e-06,0.000000000000000000e+00,2.024042017545827525e-16,2.202285662861180882e-18
1.405500000000000244e-08,2.000024971796271329e-05,2.117148722521514065e-05,5.611681541528775065e-05,-5.856187536262136831e-05,-2.445059947333617662e-06,0.000000000000000000e+00,2.024036085956887109e-16,2.202285662861180882e-18
1.406000000000000149e-08,2.000024945750024464e-05,2.117026533291798594e-05,5.605828408603290725e-05,-5.850079377088706533e-05,-2.442509684854158073e-06,0.000000000000000000e+00,2.024030164131836876e-16,2.202285662861180882e-18
1.406500000000000054e-08,2.000024919730944656e-05,2.116904471508695618e-05,5.599981380650938771e-05,-5.843977588887548110e-05,-2.439962082366093385e-06,0.000000000000000000e+00,2.024024252053035429e-16,2.202285662861180882e-18
1.407000000000000290e-08,2.000024893739003106e-05,2.116782537039275174e-05,5.594140451304072451e-05,-5.837882165013603389e-05,-2.437417137095309379e-06,0.000000000000000000e+00,2.024018349702873176e-16,2.202285662861180882e-18
1.407500000000000196e-08,2.000024867774172031e-05,2.116660729750745196e-05,5.588305614201681683e-05,-5.831793098828658221e-05,-2.434874846269765377e-06,0.000000000000000000e+00,2.024012457063777746e-16,2.202285662861180882e-18
1.408000000000000101e-08,2.000024841836422633e-05,2.116539049510453210e-05,5.582476862989395772e-05,-5.825710383701528832e-05,-2.432335207121330599e-06,0.000000000000000000e+00,2.024006574118206845e-16,2.202285662861180882e-18
1.408500000000000006e-08,2.000024815925727467e-05,2.116417496185884299e-05,5.576654191319467140e-05,-5.819634013007841592e-05,-2.429798216883744520e-06,0.000000000000000000e+00,2.024000700848656636e-16,2.202285662861180882e-18
1.409000000000000242e-08,2.000024790042057395e-05,2.116296069644662460e-05,5.570837592850772684e-05,-5.813563980130253243e-05,-2.427263872794805592e-06,0.000000000000000000e+00,2.023994837237650891e-16,2.202285662861180882e-18
1.409500000000000147e-08,2.000024764185385313e-05,2.116174769754548232e-05,5.565027061248803615e-05,-5.807500278458145972e-05,-2.424732172093423577e-06,0.000000000000000000e+00,2.023988983267753073e-16,2.202285662861180882e-18
1.410000000000000053e-08,2.000024738355681743e-05,2.116053596383442423e-05,5.559222590185655964e-05,-5.801442901388033981e-05,-2.422203112023780169e-06,0.000000000000000000e+00,2.023983138921554500e-16,2.202285662861180882e-18
1.410500000000000289e-08,2.000024712552919581e-05,2.115932549399381364e-05,5.553424173340026524e-05,-5.795391842323089151e-05,-2.419676689830626269e-06,0.000000000000000000e+00,2.023977304181684948e-16,2.202285662861180882e-18
1.411000000000000194e-08,2.000024686777070705e-05,2.115811628670539963e-05,5.547631804397205391e-05,-5.789347094673462916e-05,-2.417152902762575246e-06,0.000000000000000000e+00,2.023971479030805256e-16,2.202285662861180882e-18
1.411500000000000099e-08,2.000024661028106316e-05,2.115690834065231702e-05,5.541845477049069189e-05,-5.783308651856269319e-05,-2.414631748072001299e-06,0.000000000000000000e+00,2.023965663451608306e-16,2.202285662861180882e-18
1.412000000000000004e-08,2.000024635305998970e-05,2.115570165451905588e-05,5.536065184994073615e-05,-5.777276507295330904e-05,-2.412113223012572890e-06,0.000000000000000000e+00,2.023959857426823224e-16,2.202285662861180882e-18
1.412500000000000240e-08,2.000024609610720206e-05,2.115449622699149202e-05,5.530290921937248700e-05,-5.771250654421449769e-05,-2.409597324842010688e-06,0.000000000000000000e+00,2.023954060939209699e-16,2.202285662861180882e-18
1.413000000000000146e-08,2.000024583942242243e-05,2.115329205675685651e-05,5.524522681590188640e-05,-5.765231086672170392e-05,-2.407084050819817520e-06,0.000000000000000000e+00,2.023948273971562430e-16,2.202285662861180882e-18
1.413500000000000051e-08,2.000024558300537297e-05,2.115208914250376278e-05,5.518760457671046375e-05,-5.759217797491949039e-05,-2.404573398209026644e-06,0.000000000000000000e+00,2.023942496506708406e-16,2.202285662861180882e-18
1.414000000000000287e-08,2.000024532685577247e-05,2.115088748292219984e-05,5.513004243904529527e-05,-5.753210780332136827e-05,-2.402065364276073005e-06,0.000000000000000000e+00,2.023936728527508147e-16,2.202285662861180882e-18
1.414500000000000192e-08,2.000024507097334649e-05,2.114968707670349839e-05,5.507254034021888877e-05,-5.747210028650759491e-05,-2.399559946288706141e-06,0.000000000000000000e+00,2.023930970016854957e-16,2.202285662861180882e-18
1.415000000000000097e-08,2.000024481535781043e-05,2.114848792254037151e-05,5.501509821760913624e-05,-5.741215535912805377e-05,-2.397057141518917534e-06,0.000000000000000000e+00,2.023925220957673201e-16,2.202285662861180882e-18
1.415500000000000003e-08,2.000024456000888985e-05,2.114729001912689428e-05,5.495771600865925283e-05,-5.735227295590022154e-05,-2.394556947240968710e-06,0.000000000000000000e+00,2.023919481332923485e-16,2.202285662861180882e-18
1.416000000000000239e-08,2.000024430492630353e-05,2.114609336515850044e-05,5.490039365087768202e-05,-5.729245301160984576e-05,-2.392059360732163740e-06,0.000000000000000000e+00,2.023913751125595995e-16,2.202285662861180882e-18
1.416500000000000144e-08,2.000024405010977703e-05,2.114489795933198915e-05,5.484313108183808881e-05,-5.723269546111060601e-05,-2.389564379272517201e-06,0.000000000000000000e+00,2.023908030318715430e-16,2.202285662861180882e-18
1.417000000000000049e-08,2.000024379555902576e-05,2.114370380034550804e-05,5.478592823917921746e-05,-5.717300023932411394e-05,-2.387072000144896476e-06,0.000000000000000000e+00,2.023902318895338045e-16,2.202285662861180882e-18
1.417500000000000285e-08,2.000024354127378205e-05,2.114251088689857354e-05,5.472878506060486434e-05,-5.711336728123957439e-05,-2.384582220634710046e-06,0.000000000000000000e+00,2.023896616838554359e-16,2.202285662861180882e-18
1.418000000000000190e-08,2.000024328725376129e-05,2.114131921769205733e-05,5.467170148388381020e-05,-5.705379652191480190e-05,-2.382095038030991694e-06,0.000000000000000000e+00,2.023890924131484968e-16,2.202285662861180882e-18
1.418500000000000096e-08,2.000024303349869244e-05,2.114012879142817620e-05,5.461467744684973883e-05,-5.699428789647418777e-05,-2.379610449624448940e-06,0.000000000000000000e+00,2.023885240757284979e-16,2.202285662861180882e-18
1.419000000000000001e-08,2.000024278000829428e-05,2.113893960681051233e-05,5.455771288740116933e-05,-5.693484134011090242e-05,-2.377128452709733090e-06,0.000000000000000000e+00,2.023879566699140808e-16,2.202285662861180882e-18
1.419500000000000237e-08,2.000024252678229576e-05,2.113775166254400317e-05,5.450080774350140862e-05,-5.687545678808537063e-05,-2.374649044583962009e-06,0.000000000000000000e+00,2.023873901940271659e-16,2.202285662861180882e-18
1.420000000000000142e-08,2.000024227382041906e-05,2.113656495733491432e-05,5.444396195317843633e-05,-5.681613417572476342e-05,-2.372172222546327098e-06,0.000000000000000000e+00,2.023868246463928289e-16,2.202285662861180882e-18
1.420500000000000047e-08,2.000024202112238972e-05,2.113537948989088695e-05,5.438717545452493180e-05,-5.675687343842486147e-05,-2.369697983899929665e-06,0.000000000000000000e+00,2.023862600253394735e-16,2.202285662861180882e-18
1.421000000000000284e-08,2.000024176868792994e-05,2.113419525892089377e-05,5.433044818569807767e-05,-5.669767451164819163e-05,-2.367226325950113957e-06,0.000000000000000000e+00,2.023856963291985602e-16,2.202285662861180882e-18
1.421500000000000189e-08,2.000024151651676527e-05,2.113301226313526614e-05,5.427378008491960725e-05,-5.663853733092504342e-05,-2.364757246005436174e-06,0.000000000000000000e+00,2.023851335563048285e-16,2.202285662861180882e-18
1.422000000000000094e-08,2.000024126460862127e-05,2.113183050124567032e-05,5.421717109047566899e-05,-5.657946183185245254e-05,-2.362290741376783549e-06,0.000000000000000000e+00,2.023845717049962962e-16,2.202285662861180882e-18
1.422499999999999999e-08,2.000024101296322688e-05,2.113064997196512106e-05,5.416062114071679265e-05,-5.652044795009470910e-05,-2.359826809377916449e-06,0.000000000000000000e+00,2.023840107736141121e-16,2.202285662861180882e-18
1.423000000000000235e-08,2.000024076158030429e-05,2.112947067400796806e-05,5.410413017405779439e-05,-5.646149562138318823e-05,-2.357365447325393841e-06,0.000000000000000000e+00,2.023834507605025311e-16,2.202285662861180882e-18
1.423500000000000140e-08,2.000024051045958245e-05,2.112829260608991623e-05,5.404769812897773613e-05,-5.640260478151668888e-05,-2.354906652538952757e-06,0.000000000000000000e+00,2.023828916640091116e-16,2.202285662861180882e-18
1.424000000000000046e-08,2.000024025960078352e-05,2.112711576692799525e-05,5.399132494401985099e-05,-5.634377536636058680e-05,-2.352450422340735805e-06,0.000000000000000000e+00,2.023823334824844440e-16,2.202285662861180882e-18
1.424500000000000282e-08,2.000024000900363645e-05,2.112594015524058331e-05,5.393501055779146880e-05,-5.628500731184734273e-05,-2.349996754055873923e-06,0.000000000000000000e+00,2.023817762142823727e-16,2.202285662861180882e-18
1.425000000000000187e-08,2.000023975866787359e-05,2.112476576974739686e-05,5.387875490896394150e-05,-5.622630055397616361e-05,-2.347545645012222109e-06,0.000000000000000000e+00,2.023812198577600457e-16,2.202285662861180882e-18
1.425500000000000092e-08,2.000023950859321372e-05,2.112359260916947377e-05,5.382255793627260251e-05,-5.616765502881300258e-05,-2.345097092540400073e-06,0.000000000000000000e+00,2.023806644112774211e-16,2.202285662861180882e-18
1.425999999999999997e-08,2.000023925877938578e-05,2.112242067222920374e-05,5.376641957851669898e-05,-5.610907067249089781e-05,-2.342651093974198822e-06,0.000000000000000000e+00,2.023801098731978344e-16,2.202285662861180882e-18
1.426500000000000233e-08,2.000023900922612212e-05,2.112124995765029785e-05,5.371033977455927659e-05,-5.605054742120878659e-05,-2.340207646649509999e-06,0.000000000000000000e+00,2.023795562418877765e-16,2.202285662861180882e-18
1.427000000000000139e-08,2.000023875993315169e-05,2.112008046415779196e-05,5.365431846332717274e-05,-5.599208521123201363e-05,-2.337766747904840888e-06,0.000000000000000000e+00,2.023790035157168938e-16,2.202285662861180882e-18
1.427500000000000044e-08,2.000023851090019665e-05,2.111891219047807038e-05,5.359835558381092173e-05,-5.593368397889368626e-05,-2.335328395082764531e-06,0.000000000000000000e+00,2.023784516930577170e-16,2.202285662861180882e-18
1.428000000000000280e-08,2.000023826212698935e-05,2.111774513533883201e-05,5.354245107506469374e-05,-5.587534366059213335e-05,-2.332892585527439615e-06,0.000000000000000000e+00,2.023779007722861048e-16,2.202285662861180882e-18
1.428500000000000185e-08,2.000023801361326551e-05,2.111657929746910394e-05,5.348660487620623385e-05,-5.581706419279192175e-05,-2.330459316585687898e-06,0.000000000000000000e+00,2.023773507517812190e-16,2.202285662861180882e-18
1.429000000000000090e-08,2.000023776535874052e-05,2.111541467559925153e-05,5.343081692641676720e-05,-5.575884551202555035e-05,-2.328028585608783144e-06,0.000000000000000000e+00,2.023768016299247610e-16,2.202285662861180882e-18
1.429499999999999996e-08,2.000023751736315351e-05,2.111425126846094459e-05,5.337508716494096506e-05,-5.570068755488955371e-05,-2.325600389948588652e-06,0.000000000000000000e+00,2.023762534051021049e-16,2.202285662861180882e-18
1.430000000000000232e-08,2.000023726962623342e-05,2.111308907478719123e-05,5.331941553108687711e-05,-5.564259025804789026e-05,-2.323174726961013150e-06,0.000000000000000000e+00,2.023757060757014354e-16,2.202285662861180882e-18
1.430500000000000137e-08,2.000023702214770920e-05,2.111192809331231417e-05,5.326380196422585009e-05,-5.558455355823024814e-05,-2.320751594004398044e-06,0.000000000000000000e+00,2.023751596401140679e-16,2.202285662861180882e-18
1.431000000000000042e-08,2.000023677492731658e-05,2.111076832277196088e-05,5.320824640379246686e-05,-5.552657739223221467e-05,-2.318330988439747814e-06,0.000000000000000000e+00,2.023746140967345964e-16,2.202285662861180882e-18
1.431500000000000278e-08,2.000023652796477434e-05,2.110960976190308665e-05,5.315274878928448536e-05,-5.546866169691561517e-05,-2.315912907631129808e-06,0.000000000000000000e+00,2.023740694439602283e-16,2.202285662861180882e-18
1.432000000000000183e-08,2.000023628125982499e-05,2.110845240944397491e-05,5.309730906026276410e-05,-5.541080640920749645e-05,-2.313497348944732347e-06,0.000000000000000000e+00,2.023735256801917452e-16,2.202285662861180882e-18
1.432500000000000089e-08,2.000023603481219407e-05,2.110729626413422372e-05,5.304192715635120119e-05,-5.535301146610148215e-05,-2.311084309750280959e-06,0.000000000000000000e+00,2.023729828038327637e-16,2.202285662861180882e-18
1.432999999999999994e-08,2.000023578862161733e-05,2.110614132471474229e-05,5.298660301723667331e-05,-5.529527680465624802e-05,-2.308673787419574712e-06,0.000000000000000000e+00,2.023724408132899576e-16,2.202285662861180882e-18
1.433500000000000230e-08,2.000023554268781694e-05,2.110498758992776126e-05,5.293133658266896120e-05,-5.523760236199721602e-05,-2.306265779328254813e-06,0.000000000000000000e+00,2.023718997069729091e-16,2.202285662861180882e-18
1.434000000000000135e-08,2.000023529701053877e-05,2.110383505851681226e-05,5.287612779246068191e-05,-5.517998807531367437e-05,-2.303860282852992461e-06,0.000000000000000000e+00,2.023713594832947261e-16,2.202285662861180882e-18
1.434500000000000040e-08,2.000023505158950840e-05,2.110268372922674156e-05,5.282097658648725487e-05,-5.512243388186165751e-05,-2.301457295374402642e-06,0.000000000000000000e+00,2.023708201406711292e-16,2.202285662861180882e-18
1.435000000000000277e-08,2.000023480642445817e-05,2.110153360080370660e-05,5.276588290468677320e-05,-5.506493971896242142e-05,-2.299056814275648216e-06,0.000000000000000000e+00,2.023702816775209454e-16,2.202285662861180882e-18
1.435500000000000182e-08,2.000023456151512041e-05,2.110038467199516928e-05,5.271084668706000367e-05,-5.500750552400244359e-05,-2.296658836942439919e-06,0.000000000000000000e+00,2.023697440922661325e-16,2.202285662861180882e-18
1.436000000000000087e-08,2.000023431686123084e-05,2.109923694154990269e-05,5.265586787367029862e-05,-5.495013123443359248e-05,-2.294263360763293858e-06,0.000000000000000000e+00,2.023692073833315816e-16,2.202285662861180882e-18
1.436499999999999992e-08,2.000023407246252180e-05,2.109809040821798096e-05,5.260094640464349432e-05,-5.489281678777295807e-05,-2.291870383129463752e-06,0.000000000000000000e+00,2.023686715491452903e-16,2.202285662861180882e-18
1.437000000000000228e-08,2.000023382831872564e-05,2.109694507075078268e-05,5.254608222016791095e-05,-5.483556212160285189e-05,-2.289479901434940932e-06,0.000000000000000000e+00,2.023681365881381895e-16,2.202285662861180882e-18
1.437500000000000133e-08,2.000023358442957807e-05,2.109580092790098744e-05,5.249127526049424423e-05,-5.477836717357046817e-05,-2.287091913076223944e-06,0.000000000000000000e+00,2.023676024987441685e-16,2.202285662861180882e-18
1.438000000000000039e-08,2.000023334079481144e-05,2.109465797842258267e-05,5.243652546593549082e-05,-5.472123188138856153e-05,-2.284706415453070718e-06,0.000000000000000000e+00,2.023670692794003213e-16,2.202285662861180882e-18
1.438500000000000275e-08,2.000023309741416486e-05,2.109351622107084331e-05,5.238183277686692124e-05,-5.466415618283392225e-05,-2.282323405967001011e-06,0.000000000000000000e+00,2.023665369285465521e-16,2.202285662861180882e-18
1.439000000000000180e-08,2.000023285428737067e-05,2.109237565460235885e-05,5.232719713372599858e-05,-5.460714001574940919e-05,-2.279942882023410606e-06,0.000000000000000000e+00,2.023660054446258468e-16,2.202285662861180882e-18
1.439500000000000085e-08,2.000023261141416458e-05,2.109123627777499953e-05,5.227261847701229037e-05,-5.455018331804174748e-05,-2.277564841029457111e-06,0.000000000000000000e+00,2.023654748260841493e-16,2.202285662861180882e-18
1.439999999999999990e-08,2.000023236879427895e-05,2.109009808934793323e-05,5.221809674728746182e-05,-5.449328602768271440e-05,-2.275189280395252588e-06,0.000000000000000000e+00,2.023649450713702387e-16,2.202285662861180882e-18
1.440500000000000227e-08,2.000023212642745626e-05,2.108896108808163566e-05,5.216363188517513351e-05,-5.443644808270896995e-05,-2.272816197533836441e-06,0.000000000000000000e+00,2.023644161789361480e-16,2.202285662861180882e-18
1.441000000000000132e-08,2.000023188431342209e-05,2.108782527273786662e-05,5.210922383136087465e-05,-5.437966942122222626e-05,-2.270445589861351608e-06,0.000000000000000000e+00,2.023638881472365480e-16,2.202285662861180882e-18
1.441500000000000037e-08,2.000023164245192232e-05,2.108669064207967339e-05,5.205487252659212849e-05,-5.432294998138755351e-05,-2.268077454795425023e-06,0.000000000000000000e+00,2.023633609747293882e-16,2.202285662861180882e-18
1.442000000000000273e-08,2.000023140084269268e-05,2.108555719487139755e-05,5.200057791167813780e-05,-5.426628970143524344e-05,-2.265711789757105638e-06,0.000000000000000000e+00,2.023628346598753790e-16,2.202285662861180882e-18
1.442500000000000178e-08,2.000023115948546551e-05,2.108442492987867153e-05,5.194633992748986357e-05,-5.420968851966030108e-05,-2.263348592170437510e-06,0.000000000000000000e+00,2.023623092011381892e-16,2.202285662861180882e-18
1.443000000000000083e-08,2.000023091837997992e-05,2.108329384586841526e-05,5.189215851495996467e-05,-5.415314637442176718e-05,-2.260987859461802509e-06,0.000000000000000000e+00,2.023617845969844705e-16,2.202285662861180882e-18
1.443499999999999989e-08,2.000023067752597502e-05,2.108216394160882261e-05,5.183803361508269620e-05,-5.409666320414237934e-05,-2.258629589059683146e-06,0.000000000000000000e+00,2.023612608458838327e-16,2.202285662861180882e-18
1.444000000000000225e-08,2.000023043692318993e-05,2.108103521586939525e-05,5.178396516891385529e-05,-5.404023894731026614e-05,-2.256273778396410850e-06,0.000000000000000000e+00,2.023607379463087699e-16,2.202285662861180882e-18
1.444500000000000130e-08,2.000023019657135698e-05,2.107990766742089527e-05,5.172995311757074043e-05,-5.398387354247691417e-05,-2.253920424906173745e-06,0.000000000000000000e+00,2.023602158967345864e-16,2.202285662861180882e-18
1.445000000000000035e-08,2.000022995647021868e-05,2.107878129503538238e-05,5.167599740223203630e-05,-5.392756692825818459e-05,-2.251569526026148290e-06,0.000000000000000000e+00,2.023596946956398163e-16,2.202285662861180882e-18
1.445500000000000271e-08,2.000022971661951076e-05,2.107765609748619363e-05,5.162209796413779340e-05,-5.387131904333414359e-05,-2.249221079196350194e-06,0.000000000000000000e+00,2.023591743415054831e-16,2.202285662861180882e-18
1.446000000000000176e-08,2.000022947701897232e-05,2.107653207354794002e-05,5.156825474458935356e-05,-5.381512982644838489e-05,-2.246875081859031338e-06,0.000000000000000000e+00,2.023586548328159138e-16,2.202285662861180882e-18
1.446500000000000082e-08,2.000022923766834248e-05,2.107540922199650646e-05,5.151446768494927534e-05,-5.375899921640819905e-05,-2.244531531458923712e-06,0.000000000000000000e+00,2.023581361680580733e-16,2.202285662861180882e-18
1.446999999999999987e-08,2.000022899856736375e-05,2.107428754160907893e-05,5.146073672664128667e-05,-5.370292715208575937e-05,-2.242190425444472700e-06,0.000000000000000000e+00,2.023576183457219832e-16,2.202285662861180882e-18
1.447500000000000223e-08,2.000022875971577523e-05,2.107316703116408684e-05,5.140706181115021702e-05,-5.364691357241558077e-05,-2.239851761265363741e-06,0.000000000000000000e+00,2.023571013643004753e-16,2.202285662861180882e-18
1.448000000000000128e-08,2.000022852111331265e-05,2.107204768944126065e-05,5.135344288002190936e-05,-5.359095841639739970e-05,-2.237515536375490335e-06,0.000000000000000000e+00,2.023565852222891920e-16,2.202285662861180882e-18
1.448500000000000033e-08,2.000022828275971852e-05,2.107092951522158779e-05,5.129987987486317946e-05,-5.353506162309346365e-05,-2.235181748230284193e-06,0.000000000000000000e+00,2.023560699181868078e-16,2.202285662861180882e-18
1.449000000000000270e-08,2.000022804465473872e-05,2.106981250728732967e-05,5.124637273734176848e-05,-5.347922313162954759e-05,-2.232850394287779112e-06,0.000000000000000000e+00,2.023555554504948812e-16,2.202285662861180882e-18
1.449500000000000175e-08,2.000022780679810560e-05,2.106869666442202162e-05,5.119292140918623455e-05,-5.342344288119580097e-05,-2.230521472009566427e-06,0.000000000000000000e+00,2.023550418177175841e-16,2.202285662861180882e-18
1.450000000000000080e-08,2.000022756918956503e-05,2.106758198541046611e-05,5.113952583218594599e-05,-5.336772081104505371e-05,-2.228194978859107721e-06,0.000000000000000000e+00,2.023545290183621699e-16,2.202285662861180882e-18
1.450499999999999985e-08,2.000022733182885615e-05,2.106646846903872941e-05,5.108618594819094578e-05,-5.331205686049366317e-05,-2.225870912302717385e-06,0.000000000000000000e+00,2.023540170509386528e-16,2.202285662861180882e-18
1.451000000000000221e-08,2.000022709471571805e-05,2.106535611409414833e-05,5.103290169911195835e-05,-5.325645096892151419e-05,-2.223549269809555840e-06,0.000000000000000000e+00,2.023535059139599314e-16,2.202285662861180882e-18
1.451500000000000126e-08,2.000022685784989663e-05,2.106424491936532685e-05,5.097967302692028792e-05,-5.320090307577151088e-05,-2.221230048851222962e-06,0.000000000000000000e+00,2.023529956059417886e-16,2.202285662861180882e-18
1.452000000000000032e-08,2.000022662123113440e-05,2.106313488364212593e-05,5.092649987364776429e-05,-5.314541312054957658e-05,-2.218913246901812293e-06,0.000000000000000000e+00,2.023524861254028176e-16,2.202285662861180882e-18
1.452500000000000268e-08,2.000022638485916707e-05,2.106202600571567031e-05,5.087338218138669541e-05,-5.308998104282516210e-05,-2.216598861438466692e-06,0.000000000000000000e+00,2.023519774708642492e-16,2.202285662861180882e-18
1.453000000000000173e-08,2.000022614873374054e-05,2.106091828437835190e-05,5.082031989228974543e-05,-5.303460678223056811e-05,-2.214286889940822684e-06,0.000000000000000000e+00,2.023514696408504699e-16,2.202285662861180882e-18
1.453500000000000078e-08,2.000022591285460747e-05,2.105981171842381621e-05,5.076731294856995499e-05,-5.297929027846043690e-05,-2.211977329890481910e-06,0.000000000000000000e+00,2.023509626338886517e-16,2.202285662861180882e-18
1.453999999999999983e-08,2.000022567722150021e-05,2.105870630664696914e-05,5.071436129250062605e-05,-5.292403147127344644e-05,-2.209670178772820391e-06,0.000000000000000000e+00,2.023504564485084811e-16,2.202285662861180882e-18
1.454500000000000220e-08,2.000022544183416125e-05,2.105760204784397357e-05,5.066146486641526767e-05,-5.286883030049061634e-05,-2.207365434075348669e-06,0.000000000000000000e+00,2.023499510832426029e-16,2.202285662861180882e-18
1.455000000000000125e-08,2.000022520669233987e-05,2.105649894081223925e-05,5.060862361270754181e-05,-5.281368670599496902e-05,-2.205063093287427207e-06,0.000000000000000000e+00,2.023494465366265954e-16,2.202285662861180882e-18
1.455500000000000030e-08,2.000022497179578196e-05,2.105539698435044305e-05,5.055583747383118876e-05,-5.275860062773305435e-05,-2.202763153901865587e-06,0.000000000000000000e+00,2.023489428071987734e-16,2.202285662861180882e-18
1.456000000000000266e-08,2.000022473714421986e-05,2.105429617725851886e-05,5.050310639229998652e-05,-5.270357200571494969e-05,-2.200465613414963166e-06,0.000000000000000000e+00,2.023484398934999906e-16,2.202285662861180882e-18
1.456500000000000171e-08,2.000022450273740624e-05,2.105319651833763384e-05,5.045043031068765593e-05,-5.264860078001137996e-05,-2.198170469323724031e-06,0.000000000000000000e+00,2.023479377940742564e-16,2.202285662861180882e-18
1.457000000000000076e-08,2.000022426857509038e-05,2.105209800639021216e-05,5.039780917162781321e-05,-5.259368689075608934e-05,-2.195877719128276129e-06,0.000000000000000000e+00,2.023474365074682917e-16,2.202285662861180882e-18
1.457499999999999982e-08,2.000022403465701138e-05,2.105100064021993837e-05,5.034524291781392253e-05,-5.253883027814634945e-05,-2.193587360332426917e-06,0.000000000000000000e+00,2.023469360322313813e-16,2.202285662861180882e-18
1.458000000000000218e-08,2.000022380098290836e-05,2.104990441863172689e-05,5.029273149199921472e-05,-5.248403088244092652e-05,-2.191299390441711799e-06,0.000000000000000000e+00,2.023464363669155712e-16,2.202285662861180882e-18
1.458500000000000123e-08,2.000022356755254077e-05,2.104880934043175934e-05,5.024027483699662627e-05,-5.242928864396092842e-05,-2.189013806964302145e-06,0.000000000000000000e+00,2.023459375100761117e-16,2.202285662861180882e-18
1.459000000000000028e-08,2.000022333436564433e-05,2.104771540442744042e-05,5.018787289567875189e-05,-5.237460350308980461e-05,-2.186730607411052727e-06,0.000000000000000000e+00,2.023454394602704968e-16,2.202285662861180882e-18
1.459500000000000264e-08,2.000022310142196493e-05,2.104662260942743863e-05,5.013552561097775641e-05,-5.231997540027368503e-05,-2.184449789295928620e-06,0.000000000000000000e+00,2.023449422160592033e-16,2.202285662861180882e-18
1.460000000000000170e-08,2.000022286872125184e-05,2.104553095424165234e-05,5.008323292588534093e-05,-5.226540427602002477e-05,-2.182171350134683835e-06,0.000000000000000000e+00,2.023444457760053703e-16,2.202285662861180882e-18
1.460500000000000075e-08,2.000022263626325436e-05,2.104444043768122677e-05,5.003099478345266827e-05,-5.221089007089862056e-05,-2.179895287445952293e-06,0.000000000000000000e+00,2.023439501386751691e-16,2.202285662861180882e-18
1.460999999999999980e-08,2.000022240404771836e-05,2.104335105855854041e-05,4.997881112679028839e-05,-5.215643272554110253e-05,-2.177621598750814147e-06,0.000000000000000000e+00,2.023434553026371871e-16,2.202285662861180882e-18
1.461500000000000216e-08,2.000022217207438974e-05,2.104226281568721859e-05,4.992668189906809102e-05,-5.210203218064144245e-05,-2.175350281573351435e-06,0.000000000000000000e+00,2.023429612664628217e-16,2.202285662861180882e-18
1.462000000000000121e-08,2.000022194034301100e-05,2.104117570788212329e-05,4.987460704351525818e-05,-5.204768837695561488e-05,-2.173081333440356699e-06,0.000000000000000000e+00,2.023424680287260590e-16,2.202285662861180882e-18
1.462500000000000026e-08,2.000022170885334158e-05,2.104008973395934980e-05,4.982258650342016258e-05,-5.199340125530041136e-05,-2.170814751880248785e-06,0.000000000000000000e+00,2.023419755880040896e-16,2.202285662861180882e-18
1.463000000000000263e-08,2.000022147760512059e-05,2.103900489273622667e-05,4.977062022213034722e-05,-5.193917075655530386e-05,-2.168550534424956646e-06,0.000000000000000000e+00,2.023414839428762492e-16,2.202285662861180882e-18
1.463500000000000168e-08,2.000022124659809393e-05,2.103792118303131911e-05,4.971870814305243060e-05,-5.188499682166125896e-05,-2.166288678608828356e-06,0.000000000000000000e+00,2.023409930919248066e-16,2.202285662861180882e-18
1.464000000000000073e-08,2.000022101583201427e-05,2.103683860366442564e-05,4.966685020965207279e-05,-5.183087939162056839e-05,-2.164029181968495595e-06,0.000000000000000000e+00,2.023405030337347920e-16,2.202285662861180882e-18
1.464499999999999978e-08,2.000022078530663087e-05,2.103575715345656447e-05,4.961504636545388736e-05,-5.177681840749667969e-05,-2.161772042042792326e-06,0.000000000000000000e+00,2.023400137668939718e-16,2.202285662861180882e-18
1.465000000000000214e-08,2.000022055502169302e-05,2.103467683123000405e-05,4.956329655404139394e-05,-5.172281381041555142e-05,-2.159517256374157484e-06,0.000000000000000000e+00,2.023395252899927255e-16,2.202285662861180882e-18
1.465500000000000120e-08,2.000022032497694323e-05,2.103359763580822580e-05,4.951160071905697755e-05,-5.166886554156412852e-05,-2.157264822507150976e-06,0.000000000000000000e+00,2.023390376016239471e-16,2.202285662861180882e-18
1.466000000000000025e-08,2.000022009517213754e-05,2.103251956601593761e-05,4.945995880420177342e-05,-5.161497354219000348e-05,-2.155014737988230060e-06,0.000000000000000000e+00,2.023385507003835875e-16,2.202285662861180882e-18
1.466500000000000261e-08,2.000021986560702523e-05,2.103144262067908405e-05,4.940837075323566699e-05,-5.156113775360294101e-05,-2.152767000367274012e-06,0.000000000000000000e+00,2.023380645848699641e-16,2.202285662861180882e-18
1.467000000000000166e-08,2.000021963628135558e-05,2.103036679862482943e-05,4.935683650997717872e-05,-5.150735811717369218e-05,-2.150521607196513466e-06,0.000000000000000000e+00,2.023375792536842785e-16,2.202285662861180882e-18
1.467500000000000071e-08,2.000021940719488126e-05,2.102929209868155438e-05,4.930535601830345727e-05,-5.145363457433365566e-05,-2.148278556030198386e-06,0.000000000000000000e+00,2.023370947054303210e-16,2.202285662861180882e-18
1.467999999999999976e-08,2.000021917834734816e-05,2.102821851967887282e-05,4.925392922215015759e-05,-5.139996706657623288e-05,-2.146037844426075287e-06,0.000000000000000000e+00,2.023366109387143716e-16,2.202285662861180882e-18
1.468500000000000213e-08,2.000021894973850895e-05,2.102714606044760824e-05,4.920255606551142733e-05,-5.134635553545496465e-05,-2.143799469943537316e-06,0.000000000000000000e+00,2.023361279521456438e-16,2.202285662861180882e-18
1.469000000000000118e-08,2.000021872136811628e-05,2.102607471981981401e-05,4.915123649243982552e-05,-5.129279992258488634e-05,-2.141563430145060820e-06,0.000000000000000000e+00,2.023356457443358410e-16,2.202285662861180882e-18
1.469500000000000023e-08,2.000021849323591945e-05,2.102500449662875984e-05,4.909997044704626838e-05,-5.123930016964201972e-05,-2.139329722595751336e-06,0.000000000000000000e+00,2.023351643138993783e-16,2.202285662861180882e-18
1.470000000000000259e-08,2.000021826534166772e-05,2.102393538970892162e-05,4.904875787349997511e-05,-5.118585621836269528e-05,-2.137098344862720177e-06,0.000000000000000000e+00,2.023346836594531362e-16,2.202285662861180882e-18
1.470500000000000164e-08,2.000021803768511715e-05,2.102286739789600175e-05,4.899759871602838655e-05,-5.113246801054422992e-05,-2.134869294515843367e-06,0.000000000000000000e+00,2.023342037796169777e-16,2.202285662861180882e-18
1.471000000000000069e-08,2.000021781026602041e-05,2.102180052002691218e-05,4.894649291891711100e-05,-5.107913548804458804e-05,-2.132642569127477048e-06,0.000000000000000000e+00,2.023337246730131573e-16,2.202285662861180882e-18
1.471499999999999975e-08,2.000021758308413017e-05,2.102073475493978458e-05,4.889544042650987676e-05,-5.102585859278272048e-05,-2.130418166272843718e-06,0.000000000000000000e+00,2.023332463382665918e-16,2.202285662861180882e-18
1.472000000000000211e-08,2.000021735613919231e-05,2.101967010147395682e-05,4.884444118320846440e-05,-5.097263726673822559e-05,-2.128196083529761183e-06,0.000000000000000000e+00,2.023327687740046633e-16,2.202285662861180882e-18
1.472500000000000116e-08,2.000021712943095951e-05,2.101860655846997633e-05,4.879349513347264574e-05,-5.091947145195084107e-05,-2.125976318478195329e-06,0.000000000000000000e+00,2.023322919788575640e-16,2.202285662861180882e-18
1.473000000000000021e-08,2.000021690295919458e-05,2.101754412476960007e-05,4.874260222182010932e-05,-5.086636109052027456e-05,-2.123758868700165246e-06,0.000000000000000000e+00,2.023318159514582474e-16,2.202285662861180882e-18
1.473500000000000257e-08,2.000021667672364343e-05,2.101648279921579799e-05,4.869176239282642653e-05,-5.081330612460772830e-05,-2.121543731781301773e-06,0.000000000000000000e+00,2.023313406904419102e-16,2.202285662861180882e-18
1.474000000000000163e-08,2.000021645072406549e-05,2.101542258065274620e-05,4.864097559112497029e-05,-5.076030649643403564e-05,-2.119330905309065342e-06,0.000000000000000000e+00,2.023308661944466086e-16,2.202285662861180882e-18
1.474500000000000068e-08,2.000021622496021004e-05,2.101436346792581682e-05,4.859024176140687440e-05,-5.070736214828033866e-05,-2.117120386873464258e-06,0.000000000000000000e+00,2.023303924621128640e-16,2.202285662861180882e-18
1.474999999999999973e-08,2.000021599943182976e-05,2.101330545988159830e-05,4.853956084842095219e-05,-5.065447302248842702e-05,-2.114912174067474831e-06,0.000000000000000000e+00,2.023299194920837866e-16,2.202285662861180882e-18
1.475500000000000209e-08,2.000021577413868746e-05,2.101224855536787511e-05,4.848893279697364235e-05,-5.060163906145938268e-05,-2.112706264485740332e-06,0.000000000000000000e+00,2.023294472830052471e-16,2.202285662861180882e-18
1.476000000000000114e-08,2.000021554908052904e-05,2.101119275323364130e-05,4.843835755192895472e-05,-5.054886020765561280e-05,-2.110502655726658079e-06,0.000000000000000000e+00,2.023289758335253846e-16,2.202285662861180882e-18
1.476500000000000019e-08,2.000021532425711395e-05,2.101013805232908012e-05,4.838783505820841603e-05,-5.049613640359830859e-05,-2.108301345389892556e-06,0.000000000000000000e+00,2.023285051422951729e-16,2.202285662861180882e-18
1.477000000000000256e-08,2.000021509966819485e-05,2.100908445150557764e-05,4.833736526079098866e-05,-5.044346759186913945e-05,-2.106102331078150785e-06,0.000000000000000000e+00,2.023280352079680512e-16,2.202285662861180882e-18
1.477500000000000161e-08,2.000021487531352779e-05,2.100803194961572268e-05,4.828694810471302314e-05,-5.039085371510974469e-05,-2.103905610396721547e-06,0.000000000000000000e+00,2.023275660291999729e-16,2.202285662861180882e-18
1.478000000000000066e-08,2.000021465119286544e-05,2.100698054551330688e-05,4.823658353506820397e-05,-5.033829471602207237e-05,-2.101711180953868402e-06,0.000000000000000000e+00,2.023270976046495295e-16,2.202285662861180882e-18
1.478499999999999971e-08,2.000021442730597063e-05,2.100593023805329756e-05,4.818627149700749541e-05,-5.028579053736634643e-05,-2.099519040358851021e-06,0.000000000000000000e+00,2.023266299329779007e-16,2.202285662861180882e-18
1.479000000000000207e-08,2.000021420365259603e-05,2.100488102609187157e-05,4.813601193573904661e-05,-5.023334112196377717e-05,-2.097329186224730559e-06,0.000000000000000000e+00,2.023261630128487808e-16,2.202285662861180882e-18
1.479500000000000113e-08,2.000021398023249430e-05,2.100383290848639503e-05,4.808580479652818483e-05,-5.018094641269503660e-05,-2.095141616166851771e-06,0.000000000000000000e+00,2.023256968429282060e-16,2.202285662861180882e-18
1.480000000000000018e-08,2.000021375704542489e-05,2.100278588409541989e-05,4.803565002469730702e-05,-5.012860635249975023e-05,-2.092956327802443213e-06,0.000000000000000000e+00,2.023252314218850721e-16,2.202285662861180882e-18
1.480500000000000254e-08,2.000021353409114723e-05,2.100173995177870428e-05,4.798554756562583239e-05,-5.007632088437785232e-05,-2.090773318752019931e-06,0.000000000000000000e+00,2.023247667483906909e-16,2.202285662861180882e-18
1.481000000000000159e-08,2.000021331136941739e-05,2.100069511039717862e-05,4.793549736475016853e-05,-5.002408995138806120e-05,-2.088592586637892678e-06,0.000000000000000000e+00,2.023243028211187899e-16,2.202285662861180882e-18
1.481500000000000064e-08,2.000021308887999142e-05,2.099965135881297273e-05,4.788549936756363685e-05,-4.997191349664906516e-05,-2.086414129085428304e-06,0.000000000000000000e+00,2.023238396387457839e-16,2.202285662861180882e-18
1.481999999999999969e-08,2.000021286662262876e-05,2.099860869588939210e-05,4.783555351961639809e-05,-4.991979146333816713e-05,-2.084237943721769040e-06,0.000000000000000000e+00,2.023233771999504540e-16,2.202285662861180882e-18
1.482500000000000206e-08,2.000021264459708885e-05,2.099756712049094165e-05,4.778565976651540483e-05,-4.986772379469264001e-05,-2.082064028177235183e-06,0.000000000000000000e+00,2.023229155034143179e-16,2.202285662861180882e-18
1.483000000000000111e-08,2.000021242280312098e-05,2.099652663148330535e-05,4.773581805392435409e-05,-4.981571043400921840e-05,-2.079892380084864313e-06,0.000000000000000000e+00,2.023224545478209639e-16,2.202285662861180882e-18
1.483500000000000016e-08,2.000021220124049813e-05,2.099548722773334283e-05,4.768602832756360600e-05,-4.976375132464223514e-05,-2.077722997078629134e-06,0.000000000000000000e+00,2.023219943318570865e-16,2.202285662861180882e-18
1.484000000000000252e-08,2.000021197990896620e-05,2.099444890810910639e-05,4.763629053321015672e-05,-4.971184641000700943e-05,-2.075555876796852711e-06,0.000000000000000000e+00,2.023215348542113031e-16,2.202285662861180882e-18
1.484500000000000157e-08,2.000021175880829140e-05,2.099341167147981719e-05,4.758660461669752319e-05,-4.965999563357628932e-05,-2.073391016878766129e-06,0.000000000000000000e+00,2.023210761135751400e-16,2.202285662861180882e-18
1.485000000000000063e-08,2.000021153793822979e-05,2.099237551671588904e-05,4.753697052391574998e-05,-4.960819893888296220e-05,-2.071228414967212221e-06,0.000000000000000000e+00,2.023206181086423668e-16,2.202285662861180882e-18
1.485500000000000299e-08,2.000021131729854082e-05,2.099134044268890803e-05,4.748738820081131436e-05,-4.955645626951836073e-05,-2.069068068707046370e-06,0.000000000000000000e+00,2.023201608381093661e-16,2.202285662861180882e-18
1.486000000000000204e-08,2.000021109688898392e-05,2.099030644827163257e-05,4.743785759338705178e-05,-4.950476756913243224e-05,-2.066909975745380456e-06,0.000000000000000000e+00,2.023197043006748872e-16,2.202285662861180882e-18
1.486500000000000109e-08,2.000021087670931854e-05,2.098927353233800348e-05,4.738837864770214234e-05,-4.945313278143424697e-05,-2.064754133732104625e-06,0.000000000000000000e+00,2.023192484950402680e-16,2.202285662861180882e-18
1.487000000000000014e-08,2.000021065675930751e-05,2.098824169376313731e-05,4.733895130987202267e-05,-4.940155185019148984e-05,-2.062600540319467165e-06,0.000000000000000000e+00,2.023187934199092866e-16,2.202285662861180882e-18
1.487500000000000250e-08,2.000021043703871027e-05,2.098721093142330593e-05,4.728957552606833173e-05,-4.935002471922978281e-05,-2.060449193161451086e-06,0.000000000000000000e+00,2.023183390739881372e-16,2.202285662861180882e-18
1.488000000000000156e-08,2.000021021754728965e-05,2.098618124419598401e-05,4.724025124251884304e-05,-4.929855133243471780e-05,-2.058300089915874763e-06,0.000000000000000000e+00,2.023178854559855039e-16,2.202285662861180882e-18
1.488500000000000061e-08,2.000020999828480171e-05,2.098515263095979819e-05,4.719097840550743082e-05,-4.924713163374982376e-05,-2.056153228242392939e-06,0.000000000000000000e+00,2.023174325646125111e-16,2.202285662861180882e-18
1.489000000000000297e-08,2.000020977925101267e-05,2.098412509059454061e-05,4.714175696137397510e-05,-4.919576556717639729e-05,-2.054008605802422186e-06,0.000000000000000000e+00,2.023169803985827732e-16,2.202285662861180882e-18
1.489500000000000202e-08,2.000020956044567857e-05,2.098309862198117912e-05,4.709258685651434819e-05,-4.914445307677502731e-05,-2.051866220260679117e-06,0.000000000000000000e+00,2.023165289566122220e-16,2.202285662861180882e-18
1.490000000000000107e-08,2.000020934186856565e-05,2.098207322400185044e-05,4.704346803738031977e-05,-4.909319410666423977e-05,-2.049726069283919997e-06,0.000000000000000000e+00,2.023160782374194021e-16,2.202285662861180882e-18
1.490500000000000012e-08,2.000020912351943672e-05,2.098104889553985007e-05,4.699440045047952307e-05,-4.904198860102066711e-05,-2.047588150541144038e-06,0.000000000000000000e+00,2.023156282397252250e-16,2.202285662861180882e-18
1.491000000000000249e-08,2.000020890539804785e-05,2.098002563547964915e-05,4.694538404237537350e-05,-4.899083650408006464e-05,-2.045452461704691147e-06,0.000000000000000000e+00,2.023151789622529191e-16,2.202285662861180882e-18
1.491500000000000154e-08,2.000020868750416864e-05,2.097900344270687759e-05,4.689641875968703479e-05,-4.893973776013544713e-05,-2.043319000448412341e-06,0.000000000000000000e+00,2.023147304037283264e-16,2.202285662861180882e-18
1.492000000000000059e-08,2.000020846983755854e-05,2.097798231610832403e-05,4.684750454908932413e-05,-4.888869231353827459e-05,-2.041187764448950455e-06,0.000000000000000000e+00,2.023142825628796303e-16,2.202285662861180882e-18
1.492500000000000295e-08,2.000020825239798037e-05,2.097696225457193925e-05,4.679864135731270539e-05,-4.883770010869794409e-05,-2.039058751385238702e-06,0.000000000000000000e+00,2.023138354384373320e-16,2.202285662861180882e-18
1.493000000000000200e-08,2.000020803518519696e-05,2.097594325698683276e-05,4.674982913114318747e-05,-4.878676109008178979e-05,-2.036931958938602316e-06,0.000000000000000000e+00,2.023133890291344467e-16,2.202285662861180882e-18
1.493500000000000106e-08,2.000020781819897116e-05,2.097492532224328298e-05,4.670106781742228364e-05,-4.873587520221559107e-05,-2.034807384793307428e-06,0.000000000000000000e+00,2.023129433337064058e-16,2.202285662861180882e-18
1.494000000000000011e-08,2.000020760143906916e-05,2.097390844923271012e-05,4.665235736304696411e-05,-4.868504238968204796e-05,-2.032685026635083845e-06,0.000000000000000000e+00,2.023124983508909826e-16,2.202285662861180882e-18
1.494500000000000247e-08,2.000020738490525043e-05,2.097289263684769654e-05,4.660369771496958828e-05,-4.863426259712230575e-05,-2.030564882152717467e-06,0.000000000000000000e+00,2.023120540794283661e-16,2.202285662861180882e-18
1.495000000000000152e-08,2.000020716859728456e-05,2.097187788398198672e-05,4.655508882019782340e-05,-4.858353576923510797e-05,-2.028446949037284570e-06,0.000000000000000000e+00,2.023116105180611862e-16,2.202285662861180882e-18
1.495500000000000057e-08,2.000020695251493100e-05,2.097086418953048048e-05,4.650653062579463104e-05,-4.853286185077747403e-05,-2.026331224982842987e-06,0.000000000000000000e+00,2.023111676655343403e-16,2.202285662861180882e-18
1.496000000000000293e-08,2.000020673665795935e-05,2.096985155238921268e-05,4.645802307887817898e-05,-4.848224078656266630e-05,-2.024217707684487322e-06,0.000000000000000000e+00,2.023107255205952653e-16,2.202285662861180882e-18
1.496500000000000199e-08,2.000020652102613245e-05,2.096883997145538369e-05,4.640956612662178703e-05,-4.843167252146256187e-05,-2.022106394840774844e-06,0.000000000000000000e+00,2.023102840819936907e-16,2.202285662861180882e-18
1.497000000000000104e-08,2.000020630561921651e-05,2.096782944562734246e-05,4.636115971625389309e-05,-4.838115700040629722e-05,-2.019997284152404127e-06,0.000000000000000000e+00,2.023098433484817124e-16,2.202285662861180882e-18
1.497500000000000009e-08,2.000020609043697437e-05,2.096681997380458651e-05,4.631280379505796514e-05,-4.833069416838060709e-05,-2.017890373322641945e-06,0.000000000000000000e+00,2.023094033188137437e-16,2.202285662861180882e-18
1.498000000000000245e-08,2.000020587547917563e-05,2.096581155488775857e-05,4.626449831037244019e-05,-4.828028397042914683e-05,-2.015785660056706638e-06,0.000000000000000000e+00,2.023089639917467370e-16,2.202285662861180882e-18
1.498500000000000150e-08,2.000020566074558312e-05,2.096480418777864991e-05,4.621624320959070396e-05,-4.822992635165333943e-05,-2.013683142062635471e-06,0.000000000000000000e+00,2.023085253660397402e-16,2.202285662861180882e-18
1.499000000000000056e-08,2.000020544623596307e-05,2.096379787138019703e-05,4.616803844016100958e-05,-4.817962125721169791e-05,-2.011582817050688323e-06,0.000000000000000000e+00,2.023080874404543650e-16,2.202285662861180882e-18
1.499500000000000292e-08,2.000020523195008169e-05,2.096279260459648158e-05,4.611988394958641663e-05,-4.812936863231999471e-05,-2.009484682733578081e-06,0.000000000000000000e+00,2.023076502137545155e-16,2.202285662861180882e-18
1.500000000000000197e-08,2.000020501788770519e-05,2.096178838633272365e-05,4.607177968542475042e-05,-4.807916842225092290e-05,-2.007388736826172483e-06,0.000000000000000000e+00,2.023072136847063394e-16,2.202285662861180882e-18
1.500500000000000102e-08,2.000020480404860319e-05,2.096078521549529867e-05,4.602372559528852749e-05,-4.802902057233477377e-05,-2.005294977046246285e-06,0.000000000000000000e+00,2.023067778520785480e-16,2.202285662861180882e-18
1.501000000000000007e-08,2.000020459043253852e-05,2.095978309099170016e-05,4.597572162684490139e-05,-4.797892502795808161e-05,-2.003203401113180218e-06,0.000000000000000000e+00,2.023063427146419482e-16,2.202285662861180882e-18
1.501500000000000243e-08,2.000020437703928079e-05,2.095878201173058714e-05,4.592776772781561527e-05,-4.792888173456531775e-05,-2.001114006749702486e-06,0.000000000000000000e+00,2.023059082711698120e-16,2.202285662861180882e-18
1.502000000000000149e-08,2.000020416386859959e-05,2.095778197662173675e-05,4.587986384597694762e-05,-4.787889063765685772e-05,-1.999026791679910098e-06,0.000000000000000000e+00,2.023054745204377532e-16,2.202285662861180882e-18
1.502500000000000054e-08,2.000020395092026116e-05,2.095678298457607128e-05,4.583200992915962424e-05,-4.782895168279050586e-05,-1.996941753630881620e-06,0.000000000000000000e+00,2.023050414612236045e-16,2.202285662861180882e-18
1.503000000000000290e-08,2.000020373819403171e-05,2.095578503450564806e-05,4.578420592524881140e-05,-4.777906481558081772e-05,-1.994858890332006324e-06,0.000000000000000000e+00,2.023046090923075896e-16,2.202285662861180882e-18
1.503500000000000195e-08,2.000020352568968423e-05,2.095478812532365945e-05,4.573645178218401424e-05,-4.772922998169876126e-05,-1.992778199514747017e-06,0.000000000000000000e+00,2.023041774124722498e-16,2.202285662861180882e-18
1.504000000000000100e-08,2.000020331340698833e-05,2.095379225594442605e-05,4.568874744795905644e-05,-4.767944712687188622e-05,-1.990699678912829780e-06,0.000000000000000000e+00,2.023037464205024679e-16,2.202285662861180882e-18
1.504500000000000006e-08,2.000020310134570346e-05,2.095279742528341705e-05,4.564109287062198533e-05,-4.762971619688567942e-05,-1.988623326263694085e-06,0.000000000000000000e+00,2.023033161151851979e-16,2.202285662861180882e-18
1.505000000000000242e-08,2.000020288950560260e-05,2.095180363225721291e-05,4.559348799827505835e-05,-4.758003713758051539e-05,-1.986549139305457032e-06,0.000000000000000000e+00,2.023028864953098833e-16,2.202285662861180882e-18
1.505500000000000147e-08,2.000020267788645876e-05,2.095081087578353594e-05,4.554593277907462785e-05,-4.753040989485385868e-05,-1.984477115779230828e-06,0.000000000000000000e+00,2.023024575596683591e-16,2.202285662861180882e-18
1.506000000000000052e-08,2.000020246648803816e-05,2.094981915478123327e-05,4.549842716123116143e-05,-4.748083441465975567e-05,-1.982407253428594240e-06,0.000000000000000000e+00,2.023020293070545801e-16,2.202285662861180882e-18
1.506500000000000288e-08,2.000020225531011378e-05,2.094882846817028370e-05,4.545097109300911994e-05,-4.743131064300849570e-05,-1.980339549999375756e-06,0.000000000000000000e+00,2.023016017362648925e-16,2.202285662861180882e-18
1.507000000000000193e-08,2.000020204435245524e-05,2.094783881487178746e-05,4.540356452272693719e-05,-4.738183852596661110e-05,-1.978274003239673909e-06,0.000000000000000000e+00,2.023011748460977380e-16,2.202285662861180882e-18
1.507500000000000099e-08,2.000020183361482875e-05,2.094685019380797307e-05,4.535620739875693860e-05,-4.733241800965721602e-05,-1.976210610900277413e-06,0.000000000000000000e+00,2.023007486353540725e-16,2.202285662861180882e-18
1.508000000000000004e-08,2.000020162309700054e-05,2.094586260390219050e-05,4.530889966952531412e-05,-4.728304904025949816e-05,-1.974149370734184041e-06,0.000000000000000000e+00,2.023003231028368490e-16,2.202285662861180882e-18
1.508500000000000240e-08,2.000020141279875715e-05,2.094487604407891458e-05,4.526164128351203012e-05,-4.723373156400787181e-05,-1.972090280495841688e-06,0.000000000000000000e+00,2.022998982473517074e-16,2.202285662861180882e-18
1.509000000000000145e-08,2.000020120271985463e-05,2.094389051326374501e-05,4.521443218925081585e-05,-4.718446552719451887e-05,-1.970033337943703018e-06,0.000000000000000000e+00,2.022994740677060872e-16,2.202285662861180882e-18
1.509500000000000050e-08,2.000020099286007276e-05,2.094290601038339617e-05,4.516727233532904145e-05,-4.713525087616617017e-05,-1.967978540837128718e-06,0.000000000000000000e+00,2.022990505627099425e-16,2.202285662861180882e-18
1.510000000000000286e-08,2.000020078321918115e-05,2.094192253436570053e-05,4.512016167038775187e-05,-4.708608755732596895e-05,-1.965925886938217084e-06,0.000000000000000000e+00,2.022986277311755446e-16,2.202285662861180882e-18
1.510500000000000192e-08,2.000020057379694940e-05,2.094094008413962220e-05,4.507310014312150418e-05,-4.703697551713364024e-05,-1.963875374012136058e-06,0.000000000000000000e+00,2.022982055719170875e-16,2.202285662861180882e-18
1.511000000000000097e-08,2.000020036459315389e-05,2.093995865863522982e-05,4.502608770227842184e-05,-4.698791470210379680e-05,-1.961826999825374955e-06,0.000000000000000000e+00,2.022977840837515018e-16,2.202285662861180882e-18
1.511500000000000002e-08,2.000020015560756084e-05,2.093897825678371350e-05,4.497912429666005237e-05,-4.693890505880763319e-05,-1.959780762147580828e-06,0.000000000000000000e+00,2.022973632654973944e-16,2.202285662861180882e-18
1.512000000000000238e-08,2.000019994683994325e-05,2.093799887751737467e-05,4.493220987512136055e-05,-4.688994653387157054e-05,-1.957736658750209994e-06,0.000000000000000000e+00,2.022969431159759113e-16,2.202285662861180882e-18
1.512500000000000143e-08,2.000019973829007751e-05,2.093702051976962264e-05,4.488534438657063361e-05,-4.684103907397725651e-05,-1.955694687406622897e-06,0.000000000000000000e+00,2.022965236340105649e-16,2.202285662861180882e-18
1.513000000000000049e-08,2.000019952995773660e-05,2.093604318247499162e-05,4.483852777996946763e-05,-4.679218262586275115e-05,-1.953654845893283514e-06,0.000000000000000000e+00,2.022961048184268647e-16,2.202285662861180882e-18
1.513500000000000285e-08,2.000019932184269014e-05,2.093506686456912374e-05,4.479176000433270657e-05,-4.674337713632167987e-05,-1.951617131988973299e-06,0.000000000000000000e+00,2.022956866680525880e-16,2.202285662861180882e-18
1.514000000000000190e-08,2.000019911394471111e-05,2.093409156498876901e-05,4.474504100872835419e-05,-4.669462255220289466e-05,-1.949581543474540471e-06,0.000000000000000000e+00,2.022952691817177062e-16,2.202285662861180882e-18
1.514500000000000095e-08,2.000019890626357591e-05,2.093311728267178539e-05,4.469837074227751980e-05,-4.664591882041047401e-05,-1.947548078132954217e-06,0.000000000000000000e+00,2.022948523582545326e-16,2.202285662861180882e-18
1.515000000000000000e-08,2.000019869879906092e-05,2.093214401655714215e-05,4.465174915415442508e-05,-4.659726588790406182e-05,-1.945516733749636732e-06,0.000000000000000000e+00,2.022944361964975498e-16,2.202285662861180882e-18
1.515500000000000236e-08,2.000019849155093573e-05,2.093117176558490969e-05,4.460517619358626856e-05,-4.654866370169869790e-05,-1.943487508112429337e-06,0.000000000000000000e+00,2.022940206952832866e-16,2.202285662861180882e-18
1.516000000000000142e-08,2.000019828451897336e-05,2.093020052869627311e-05,4.455865180985322556e-05,-4.650011220886498745e-05,-1.941460399011761886e-06,0.000000000000000000e+00,2.022936058534505892e-16,2.202285662861180882e-18
1.516500000000000047e-08,2.000019807770295357e-05,2.092923030483350509e-05,4.451217595228836694e-05,-4.645161135652757636e-05,-1.939435404239209422e-06,0.000000000000000000e+00,2.022931916698406453e-16,2.202285662861180882e-18
1.517000000000000283e-08,2.000019787110264596e-05,2.092826109294000319e-05,4.446574857027760485e-05,-4.640316109186786174e-05,-1.937412521590256890e-06,0.000000000000000000e+00,2.022927781432964920e-16,2.202285662861180882e-18
1.517500000000000188e-08,2.000019766471783031e-05,2.092729289196025932e-05,4.441936961325965210e-05,-4.635476136212145080e-05,-1.935391748861798700e-06,0.000000000000000000e+00,2.022923652726636806e-16,2.202285662861180882e-18
1.518000000000000093e-08,2.000019745854827961e-05,2.092632570083985638e-05,4.437303903072596113e-05,-4.630641211457883847e-05,-1.933373083852877336e-06,0.000000000000000000e+00,2.022919530567898085e-16,2.202285662861180882e-18
1.518499999999999999e-08,2.000019725259376686e-05,2.092535951852548856e-05,4.432675677222064955e-05,-4.625811329658608507e-05,-1.931356524365435525e-06,0.000000000000000000e+00,2.022915414945245195e-16,2.202285662861180882e-18
1.519000000000000235e-08,2.000019704685407183e-05,2.092439434396493766e-05,4.428052278734047293e-05,-4.620986485554329161e-05,-1.929342068202818678e-06,0.000000000000000000e+00,2.022911305847199221e-16,2.202285662861180882e-18
1.519500000000000140e-08,2.000019684132896752e-05,2.092343017610709678e-05,4.423433702573475714e-05,-4.616166673890646327e-05,-1.927329713171706130e-06,0.000000000000000000e+00,2.022907203262300481e-16,2.202285662861180882e-18
1.520000000000000045e-08,2.000019663601823030e-05,2.092246701390194322e-05,4.418819943710535083e-05,-4.611351889418564593e-05,-1.925319457080295097e-06,0.000000000000000000e+00,2.022903107179111971e-16,2.202285662861180882e-18
1.520500000000000281e-08,2.000019643092163996e-05,2.092150485630055542e-05,4.414210997120655773e-05,-4.606542126894577321e-05,-1.923311297739215475e-06,0.000000000000000000e+00,2.022899017586218872e-16,2.202285662861180882e-18
1.521000000000000186e-08,2.000019622603896948e-05,2.092054370225510958e-05,4.409606857784509597e-05,-4.601737381080700528e-05,-1.921305232961909308e-06,0.000000000000000000e+00,2.022894934472226337e-16,2.202285662861180882e-18
1.521500000000000092e-08,2.000019602136999863e-05,2.091958355071886272e-05,4.405007520688002353e-05,-4.596937646744320421e-05,-1.919301260563180671e-06,0.000000000000000000e+00,2.022890857825762935e-16,2.202285662861180882e-18
1.521999999999999997e-08,2.000019581691450719e-05,2.091862440064617975e-05,4.400412980822269760e-05,-4.592142918658362799e-05,-1.917299378360930390e-06,0.000000000000000000e+00,2.022886787635477451e-16,2.202285662861180882e-18
1.522500000000000233e-08,2.000019561267226477e-05,2.091766625099249967e-05,4.395823233183674745e-05,-4.587353191601174475e-05,-1.915299584174997303e-06,0.000000000000000000e+00,2.022882723890039869e-16,2.202285662861180882e-18
1.523000000000000138e-08,2.000019540864305114e-05,2.091670910071436596e-05,4.391238272773795927e-05,-4.582568460356574094e-05,-1.913301875827781674e-06,0.000000000000000000e+00,2.022878666578141869e-16,2.202285662861180882e-18
1.523500000000000043e-08,2.000019520482664606e-05,2.091575294876939616e-05,4.386658094599426937e-05,-4.577788719713750490e-05,-1.911306251143235534e-06,0.000000000000000000e+00,2.022874615688497071e-16,2.202285662861180882e-18
1.524000000000000279e-08,2.000019500122282931e-05,2.091479779411630556e-05,4.382082693672569642e-05,-4.573013964467381270e-05,-1.909312707948116286e-06,0.000000000000000000e+00,2.022870571209841279e-16,2.202285662861180882e-18
1.524500000000000185e-08,2.000019479783137388e-05,2.091384363571489706e-05,4.377512065010427368e-05,-4.568244189417615874e-05,-1.907321244071885061e-06,0.000000000000000000e+00,2.022866533130928049e-16,2.202285662861180882e-18
1.525000000000000090e-08,2.000019459465205956e-05,2.091289047252604418e-05,4.372946203635400160e-05,-4.563479389369923110e-05,-1.905331857345229495e-06,0.000000000000000000e+00,2.022862501440535095e-16,2.202285662861180882e-18
1.525499999999999995e-08,2.000019439168466948e-05,2.091193830351171482e-05,4.368385104575082744e-05,-4.558719559135226675e-05,-1.903344545601439309e-06,0.000000000000000000e+00,2.022858476127462071e-16,2.202285662861180882e-18
1.526000000000000231e-08,2.000019418892898005e-05,2.091098712763497124e-05,4.363828762862253689e-05,-4.553964693529955984e-05,-1.901359306677022950e-06,0.000000000000000000e+00,2.022854457180527614e-16,2.202285662861180882e-18
1.526500000000000136e-08,2.000019398638476763e-05,2.091003694385992604e-05,4.359277173534872695e-05,-4.549214787375792054e-05,-1.899376138409193595e-06,0.000000000000000000e+00,2.022850444588571314e-16,2.202285662861180882e-18
1.527000000000000042e-08,2.000019378405181201e-05,2.090908775115180989e-05,4.354730331636075849e-05,-4.544469835499989380e-05,-1.897395038639135311e-06,0.000000000000000000e+00,2.022846438340455440e-16,2.202285662861180882e-18
1.527500000000000278e-08,2.000019358192989635e-05,2.090813954847689699e-05,4.350188232214169528e-05,-4.539729832735003238e-05,-1.895416005208337099e-06,0.000000000000000000e+00,2.022842438425062972e-16,2.202285662861180882e-18
1.528000000000000183e-08,2.000019338001880040e-05,2.090719233480256610e-05,4.345650870322623622e-05,-4.534994773918828501e-05,-1.893439035962048785e-06,0.000000000000000000e+00,2.022838444831297593e-16,2.202285662861180882e-18
1.528500000000000088e-08,2.000019317831830396e-05,2.090624610909725984e-05,4.341118241020067468e-05,-4.530264653894779407e-05,-1.891464128747119393e-06,0.000000000000000000e+00,2.022834457548082958e-16,2.202285662861180882e-18
1.528999999999999993e-08,2.000019297682818678e-05,2.090530087033050502e-05,4.336590339370285783e-05,-4.525539467511591207e-05,-1.889491281413054242e-06,0.000000000000000000e+00,2.022830476564365645e-16,2.202285662861180882e-18
1.529500000000000229e-08,2.000019277554822863e-05,2.090435661747288895e-05,4.332067160442212568e-05,-4.520819209623301577e-05,-1.887520491810890089e-06,0.000000000000000000e+00,2.022826501869110724e-16,2.202285662861180882e-18
1.530000000000000135e-08,2.000019257447820930e-05,2.090341334949608992e-05,4.327548699309920942e-05,-4.516103875089403085e-05,-1.885551757794821427e-06,0.000000000000000000e+00,2.022822533451305696e-16,2.202285662861180882e-18
1.530500000000000040e-08,2.000019237361791194e-05,2.090247106537285686e-05,4.323034951052627208e-05,-4.511393458774724607e-05,-1.883585077220973985e-06,0.000000000000000000e+00,2.022818571299959017e-16,2.202285662861180882e-18
1.531000000000000276e-08,2.000019217296711971e-05,2.090152976407698565e-05,4.318525910754675268e-05,-4.506687955549329682e-05,-1.881620447946544142e-06,0.000000000000000000e+00,2.022814615404099111e-16,2.202285662861180882e-18
1.531500000000000181e-08,2.000019197252561238e-05,2.090058944458338006e-05,4.314021573505539333e-05,-4.501987360288838388e-05,-1.879657867832990547e-06,0.000000000000000000e+00,2.022810665752774864e-16,2.202285662861180882e-18
1.532000000000000086e-08,2.000019177229316633e-05,2.089965010586798065e-05,4.309521934399815113e-05,-4.497291667874071580e-05,-1.877697334742564671e-06,0.000000000000000000e+00,2.022806722335055373e-16,2.202285662861180882e-18
1.532499999999999992e-08,2.000019157226957489e-05,2.089871174690781895e-05,4.305026988537213043e-05,-4.492600873191220307e-05,-1.875738846540072637e-06,0.000000000000000000e+00,2.022802785140033406e-16,2.202285662861180882e-18
1.533000000000000228e-08,2.000019137245460428e-05,2.089777436668098360e-05,4.300536731022556926e-05,-4.487914971131896626e-05,-1.873782401093396991e-06,0.000000000000000000e+00,2.022798854156816765e-16,2.202285662861180882e-18
1.533500000000000133e-08,2.000019117284805120e-05,2.089683796416662371e-05,4.296051156965775125e-05,-4.483233956592862554e-05,-1.871827996270874290e-06,0.000000000000000000e+00,2.022794929374540616e-16,2.202285662861180882e-18
1.534000000000000038e-08,2.000019097344969205e-05,2.089590253834496583e-05,4.291570261481895818e-05,-4.478557824476368885e-05,-1.869875629944730666e-06,0.000000000000000000e+00,2.022791010782354918e-16,2.202285662861180882e-18
1.534500000000000274e-08,2.000019077425930998e-05,2.089496808819728681e-05,4.287094039691044289e-05,-4.473886569689884132e-05,-1.867925299988398423e-06,0.000000000000000000e+00,2.022787098369432800e-16,2.202285662861180882e-18
1.535000000000000179e-08,2.000019057527669154e-05,2.089403461270593755e-05,4.282622486718434796e-05,-4.469220187146230057e-05,-1.865977004277952613e-06,0.000000000000000000e+00,2.022783192124967856e-16,2.202285662861180882e-18
1.535500000000000085e-08,2.000019037650161311e-05,2.089310211085432267e-05,4.278155597694365149e-05,-4.464558671763547791e-05,-1.864030740691826422e-06,0.000000000000000000e+00,2.022779292038171918e-16,2.202285662861180882e-18
1.535999999999999990e-08,2.000019017793386463e-05,2.089217058162691064e-05,4.273693367754212647e-05,-4.459902018465230068e-05,-1.862086507110174212e-06,0.000000000000000000e+00,2.022775398098279995e-16,2.202285662861180882e-18
1.536500000000000226e-08,2.000018997957322587e-05,2.089124002400922706e-05,4.269235792038430008e-05,-4.455250222180005929e-05,-1.860144301415759204e-06,0.000000000000000000e+00,2.022771510294545580e-16,2.202285662861180882e-18
1.537000000000000131e-08,2.000018978141948338e-05,2.089031043698786475e-05,4.264782865692536565e-05,-4.450603277841906841e-05,-1.858204121493702758e-06,0.000000000000000000e+00,2.022767628616243125e-16,2.202285662861180882e-18
1.537500000000000036e-08,2.000018958347242031e-05,2.088938181955045671e-05,4.260334583867116906e-05,-4.445961180390181996e-05,-1.856265965230650896e-06,0.000000000000000000e+00,2.022763753052666308e-16,2.202285662861180882e-18
1.538000000000000272e-08,2.000018938573182322e-05,2.088845417068570660e-05,4.255890941717812746e-05,-4.441323924769416891e-05,-1.854329830516041457e-06,0.000000000000000000e+00,2.022759883593130994e-16,2.202285662861180882e-18
1.538500000000000178e-08,2.000018918819747527e-05,2.088752748938336499e-05,4.251451934405316824e-05,-4.436691505929448630e-05,-1.852395715241318057e-06,0.000000000000000000e+00,2.022756020226971043e-16,2.202285662861180882e-18
1.539000000000000083e-08,2.000018899086915622e-05,2.088660177463423618e-05,4.247017557095373588e-05,-4.432063918825399800e-05,-1.850463617300262121e-06,0.000000000000000000e+00,2.022752162943540532e-16,2.202285662861180882e-18
1.539499999999999988e-08,2.000018879374665940e-05,2.088567702543018832e-05,4.242587804958766989e-05,-4.427441158417644594e-05,-1.848533534588776047e-06,0.000000000000000000e+00,2.022748311732215723e-16,2.202285662861180882e-18
1.540000000000000224e-08,2.000018859682976797e-05,2.088475324076412295e-05,4.238162673171317100e-05,-4.422823219671774927e-05,-1.846605465004578269e-06,0.000000000000000000e+00,2.022744466582390874e-16,2.202285662861180882e-18
1.540500000000000129e-08,2.000018840011826848e-05,2.088383041963000550e-05,4.233742156913878078e-05,-4.418210097558685141e-05,-1.844679406448070623e-06,0.000000000000000000e+00,2.022740627483481444e-16,2.202285662861180882e-18
1.541000000000000035e-08,2.000018820361194069e-05,2.088290856102284832e-05,4.229326251372329359e-05,-4.413601787054538121e-05,-1.842755356822087622e-06,0.000000000000000000e+00,2.022736794424920147e-16,2.202285662861180882e-18
1.541500000000000271e-08,2.000018800731057455e-05,2.088198766393871067e-05,4.224914951737571589e-05,-4.408998283140680598e-05,-1.840833314031090084e-06,0.000000000000000000e+00,2.022732967396163859e-16,2.202285662861180882e-18
1.542000000000000176e-08,2.000018781121395660e-05,2.088106772737469540e-05,4.220508253205522561e-05,-4.404399580803693961e-05,-1.838913275981714007e-06,0.000000000000000000e+00,2.022729146386685969e-16,2.202285662861180882e-18
1.542500000000000081e-08,2.000018761532187001e-05,2.088014875032895564e-05,4.216106150977108402e-05,-4.399805675035428149e-05,-1.836995240583197474e-06,0.000000000000000000e+00,2.022725331385980083e-16,2.202285662861180882e-18
1.542999999999999986e-08,2.000018741963410809e-05,2.087923073180068809e-05,4.211708640258263577e-05,-4.395216560832899998e-05,-1.835079205746364213e-06,0.000000000000000000e+00,2.022721522383561993e-16,2.202285662861180882e-18
1.543500000000000222e-08,2.000018722415045061e-05,2.087831367079012959e-05,4.207315716259919368e-05,-4.390632233198394892e-05,-1.833165169384755235e-06,0.000000000000000000e+00,2.022717719368964254e-16,2.202285662861180882e-18
1.544000000000000128e-08,2.000018702887068414e-05,2.087739756629857071e-05,4.202927374198006584e-05,-4.386052687139432876e-05,-1.831253129414262915e-06,0.000000000000000000e+00,2.022713922331739390e-16,2.202285662861180882e-18
1.544500000000000033e-08,2.000018683379460536e-05,2.087648241732833199e-05,4.198543609293443364e-05,-4.381477917668633135e-05,-1.829343083751897709e-06,0.000000000000000000e+00,2.022710131261463097e-16,2.202285662861180882e-18
1.545000000000000269e-08,2.000018663892199407e-05,2.087556822288277753e-05,4.194164416772133821e-05,-4.376907919803917280e-05,-1.827435030317834590e-06,0.000000000000000000e+00,2.022706346147726849e-16,2.202285662861180882e-18
1.545500000000000174e-08,2.000018644425263680e-05,2.087465498196632173e-05,4.189789791864959913e-05,-4.372342688568424645e-05,-1.825528967034647327e-06,0.000000000000000000e+00,2.022702566980142086e-16,2.202285662861180882e-18
1.546000000000000079e-08,2.000018624978633366e-05,2.087374269358439885e-05,4.185419729807778050e-05,-4.367782218990325939e-05,-1.823624891825478898e-06,0.000000000000000000e+00,2.022698793748343177e-16,2.202285662861180882e-18
1.546499999999999985e-08,2.000018605552285764e-05,2.087283135674349344e-05,4.181054225841415712e-05,-4.363226506103179002e-05,-1.821722802617632903e-06,0.000000000000000000e+00,2.022695026441978787e-16,2.202285662861180882e-18
1.547000000000000221e-08,2.000018586146199868e-05,2.087192097045112346e-05,4.176693275211661958e-05,-4.358675544945623870e-05,-1.819822697339619120e-06,0.000000000000000000e+00,2.022691265050719523e-16,2.202285662861180882e-18
1.547500000000000126e-08,2.000018566760356027e-05,2.087101153371584699e-05,4.172336873169266749e-05,-4.354129330561433599e-05,-1.817924573921668495e-06,0.000000000000000000e+00,2.022687509564259409e-16,2.202285662861180882e-18
1.548000000000000031e-08,2.000018547394731878e-05,2.087010304554723518e-05,4.167985014969932141e-05,-4.349587857999582028e-05,-1.816028430296498866e-06,0.000000000000000000e+00,2.022683759972305536e-16,2.202285662861180882e-18
1.548500000000000267e-08,2.000018528049306077e-05,2.086919550495592307e-05,4.163637695874308216e-05,-4.345051122314311541e-05,-1.814134264400033242e-06,0.000000000000000000e+00,2.022680016264585210e-16,2.202285662861180882e-18
1.549000000000000172e-08,2.000018508724058294e-05,2.086828891095355535e-05,4.159294911147990375e-05,-4.340519118564862015e-05,-1.812242074168716403e-06,0.000000000000000000e+00,2.022676278430849402e-16,2.202285662861180882e-18
1.549500000000000078e-08,2.000018489418967525e-05,2.086738326255281684e-05,4.154956656061511202e-05,-4.335991841815707993e-05,-1.810351857541967911e-06,0.000000000000000000e+00,2.022672546460865108e-16,2.202285662861180882e-18
1.549999999999999983e-08,2.000018470134012083e-05,2.086647855876742240e-05,4.150622925890335726e-05,-4.331469287136507858e-05,-1.808463612461721321e-06,0.000000000000000000e+00,2.022668820344418303e-16,2.202285662861180882e-18
1.550500000000000219e-08,2.000018450869171641e-05,2.086557479861211008e-05,4.146293715914855995e-05,-4.326951449601968309e-05,-1.806577336871123139e-06,0.000000000000000000e+00,2.022665100071315919e-16,2.202285662861180882e-18
1.551000000000000124e-08,2.000018431624425193e-05,2.086467198110264791e-05,4.141969021420389724e-05,-4.322438324291979887e-05,-1.804693028715901627e-06,0.000000000000000000e+00,2.022661385631383376e-16,2.202285662861180882e-18
1.551500000000000029e-08,2.000018412399751392e-05,2.086377010525583054e-05,4.137648837697169453e-05,-4.317929906291583094e-05,-1.802810685944136412e-06,0.000000000000000000e+00,2.022657677014464089e-16,2.202285662861180882e-18
1.552000000000000265e-08,2.000018393195128894e-05,2.086286917008947924e-05,4.133333160040340512e-05,-4.313426190690951452e-05,-1.800930306506109404e-06,0.000000000000000000e+00,2.022653974210420457e-16,2.202285662861180882e-18
1.552500000000000171e-08,2.000018374010538048e-05,2.086196917462244184e-05,4.129021983749956278e-05,-4.308927172585306798e-05,-1.799051888353505203e-06,0.000000000000000000e+00,2.022650277209137311e-16,2.202285662861180882e-18
1.553000000000000076e-08,2.000018354845957169e-05,2.086107011787458605e-05,4.124715304130970722e-05,-4.304432847075071751e-05,-1.797175429441010290e-06,0.000000000000000000e+00,2.022646586000515012e-16,2.202285662861180882e-18
1.553499999999999981e-08,2.000018335701365252e-05,2.086017199886679936e-05,4.120413116493237734e-05,-4.299943209265734190e-05,-1.795300927724964558e-06,0.000000000000000000e+00,2.022642900574473397e-16,2.202285662861180882e-18
1.554000000000000217e-08,2.000018316576741628e-05,2.085927481662099928e-05,4.116115416151501630e-05,-4.295458254267915009e-05,-1.793428381164133799e-06,0.000000000000000000e+00,2.022639220920951778e-16,2.202285662861180882e-18
1.554500000000000122e-08,2.000018297472065630e-05,2.085837857016011976e-05,4.111822198425392412e-05,-4.290977977197317305e-05,-1.791557787719248924e-06,0.000000000000000000e+00,2.022635547029908941e-16,2.202285662861180882e-18
1.555000000000000028e-08,2.000018278387316251e-05,2.085748325850810101e-05,4.107533458639424416e-05,-4.286502373174692486e-05,-1.789689145352680699e-06,0.000000000000000000e+00,2.022631878891321670e-16,2.202285662861180882e-18
1.555500000000000264e-08,2.000018259322472824e-05,2.085658888068992340e-05,4.103249192122984787e-05,-4.282031437325975806e-05,-1.787822452029910194e-06,0.000000000000000000e+00,2.022628216495185728e-16,2.202285662861180882e-18
1.556000000000000169e-08,2.000018240277514343e-05,2.085569543573157021e-05,4.098969394210336191e-05,-4.277565164782133893e-05,-1.785957705717977021e-06,0.000000000000000000e+00,2.022624559831515863e-16,2.202285662861180882e-18
1.556500000000000074e-08,2.000018221252420478e-05,2.085480292266004112e-05,4.094694060240605974e-05,-4.273103550679181690e-05,-1.784094904385757159e-06,0.000000000000000000e+00,2.022620908890345802e-16,2.202285662861180882e-18
1.556999999999999979e-08,2.000018202247170224e-05,2.085391134050335567e-05,4.090423185557782776e-05,-4.268646590158267163e-05,-1.782234046004843868e-06,0.000000000000000000e+00,2.022617263661727271e-16,2.202285662861180882e-18
1.557500000000000215e-08,2.000018183261742573e-05,2.085302068829054644e-05,4.086156765510713136e-05,-4.264194278365603531e-05,-1.780375128548903946e-06,0.000000000000000000e+00,2.022613624135730976e-16,2.202285662861180882e-18
1.558000000000000121e-08,2.000018164296117536e-05,2.085213096505165905e-05,4.081894795453091336e-05,-4.259746610452418451e-05,-1.778518149993271150e-06,0.000000000000000000e+00,2.022609990302446358e-16,2.202285662861180882e-18
1.558500000000000026e-08,2.000018145350274107e-05,2.085124216981773865e-05,4.077637270743462105e-05,-4.255303581574987896e-05,-1.776663108315257907e-06,0.000000000000000000e+00,2.022606362151981842e-16,2.202285662861180882e-18
1.559000000000000262e-08,2.000018126424191956e-05,2.085035430162086374e-05,4.073384186745209102e-05,-4.250865186894720857e-05,-1.774810001495117544e-06,0.000000000000000000e+00,2.022602739674464833e-16,2.202285662861180882e-18
1.559500000000000167e-08,2.000018107517849739e-05,2.084946735949410555e-05,4.069135538826551530e-05,-4.246431421578040761e-05,-1.772958827514892319e-06,0.000000000000000000e+00,2.022599122860038021e-16,2.202285662861180882e-18
1.560000000000000072e-08,2.000018088631227804e-05,2.084858134247154159e-05,4.064891322360540742e-05,-4.242002280796317709e-05,-1.771109584357769679e-06,0.000000000000000000e+00,2.022595511698867515e-16,2.202285662861180882e-18
1.560499999999999978e-08,2.000018069764304468e-05,2.084769624958827258e-05,4.060651532725054148e-05,-4.237577759726139523e-05,-1.769262270010853752e-06,0.000000000000000000e+00,2.022591906181132983e-16,2.202285662861180882e-18
1.561000000000000214e-08,2.000018050917060417e-05,2.084681207988039198e-05,4.056416165302790470e-05,-4.233157853548939054e-05,-1.767416882461485836e-06,0.000000000000000000e+00,2.022588306297037759e-16,2.202285662861180882e-18
1.561500000000000119e-08,2.000018032089474307e-05,2.084592883238500967e-05,4.052185215481262287e-05,-4.228742557451332994e-05,-1.765573419700707067e-06,0.000000000000000000e+00,2.022584712036797749e-16,2.202285662861180882e-18
1.562000000000000024e-08,2.000018013281526147e-05,2.084504650614022825e-05,4.047958678652797390e-05,-4.224331866624833886e-05,-1.763731879720364958e-06,0.000000000000000000e+00,2.022581123390652772e-16,2.202285662861180882e-18
1.562500000000000260e-08,2.000017994493194932e-05,2.084416510018516000e-05,4.043736550214523876e-05,-4.219925776266053412e-05,-1.761892260515295354e-06,0.000000000000000000e+00,2.022577540348856697e-16,2.202285662861180882e-18
1.563000000000000165e-08,2.000017975724460332e-05,2.084328461355992008e-05,4.039518825568374892e-05,-4.215524281576583807e-05,-1.760054560082089151e-06,0.000000000000000000e+00,2.022573962901683116e-16,2.202285662861180882e-18
1.563500000000000071e-08,2.000017956975302019e-05,2.084240504530561976e-05,4.035305500121078465e-05,-4.211127377762997860e-05,-1.758218776419193943e-06,0.000000000000000000e+00,2.022570391039424848e-16,2.202285662861180882e-18
1.564000000000000307e-08,2.000017938245699664e-05,2.084152639446436981e-05,4.031096569284153445e-05,-4.206735060036865853e-05,-1.756384907527124082e-06,0.000000000000000000e+00,2.022566824752391971e-16,2.202285662861180882e-18
1.564500000000000212e-08,2.000017919535632938e-05,2.084064866007929065e-05,4.026892028473903399e-05,-4.202347323614806388e-05,-1.754552951409029890e-06,0.000000000000000000e+00,2.022563264030913050e-16,2.202285662861180882e-18
1.565000000000000117e-08,2.000017900845081173e-05,2.083977184119449545e-05,4.022691873111414580e-05,-4.197964163718418616e-05,-1.752722906070040354e-06,0.000000000000000000e+00,2.022559708865334399e-16,2.202285662861180882e-18
1.565500000000000022e-08,2.000017882174024380e-05,2.083889593685509008e-05,4.018496098622548478e-05,-4.193585575574231423e-05,-1.750894769516829453e-06,0.000000000000000000e+00,2.022556159246020823e-16,2.202285662861180882e-18
1.566000000000000258e-08,2.000017863522441890e-05,2.083802094610717653e-05,4.014304700437937068e-05,-4.189211554413788130e-05,-1.749068539758510618e-06,0.000000000000000000e+00,2.022552615163354379e-16,2.202285662861180882e-18
1.566500000000000164e-08,2.000017844890313715e-05,2.083714686799785628e-05,4.010117673992980784e-05,-4.184842095473595669e-05,-1.747244214806148845e-06,0.000000000000000000e+00,2.022549076607736605e-16,2.202285662861180882e-18
1.567000000000000069e-08,2.000017826277618508e-05,2.083627370157523033e-05,4.005935014727836320e-05,-4.180477193995226230e-05,-1.745421792673899106e-06,0.000000000000000000e+00,2.022545543569583826e-16,2.202285662861180882e-18
1.567500000000000305e-08,2.000017807684337635e-05,2.083540144588837543e-05,4.001756718087420692e-05,-4.176116845224995389e-05,-1.743601271375746966e-06,0.000000000000000000e+00,2.022542016039336280e-16,2.202285662861180882e-18
1.568000000000000210e-08,2.000017789110449413e-05,2.083453009998737464e-05,3.997582779521399049e-05,-4.171761044414402562e-05,-1.741782648930035129e-06,0.000000000000000000e+00,2.022538494007445299e-16,2.202285662861180882e-18
1.568500000000000115e-08,2.000017770555934527e-05,2.083365966292330032e-05,3.993413194484185340e-05,-4.167409786819775252e-05,-1.739965923355899120e-06,0.000000000000000000e+00,2.022534977464385141e-16,2.202285662861180882e-18
1.569000000000000021e-08,2.000017752020772651e-05,2.083279013374820743e-05,3.989247958434932837e-05,-4.163063067702404578e-05,-1.738151092674717409e-06,0.000000000000000000e+00,2.022531466400646088e-16,2.202285662861180882e-18
1.569500000000000257e-08,2.000017733504943454e-05,2.083192151151514021e-05,3.985087066837532095e-05,-4.158720882328528328e-05,-1.736338154909962330e-06,0.000000000000000000e+00,2.022527960806735432e-16,2.202285662861180882e-18
1.570000000000000162e-08,2.000017715008426609e-05,2.083105379527813567e-05,3.980930515160603503e-05,-4.154383225969347906e-05,-1.734527108087444028e-06,0.000000000000000000e+00,2.022524460673179199e-16,2.202285662861180882e-18
1.570500000000000067e-08,2.000017696531201786e-05,2.083018698409221675e-05,3.976778298877495926e-05,-4.150050093900994446e-05,-1.732717950234985199e-06,0.000000000000000000e+00,2.022520965990520673e-16,2.202285662861180882e-18
1.571000000000000303e-08,2.000017678073250012e-05,2.082932107701339911e-05,3.972630413466277219e-05,-4.145721481404494933e-05,-1.730910679382177144e-06,0.000000000000000000e+00,2.022517476749322612e-16,2.202285662861180882e-18
1.571500000000000208e-08,2.000017659634549603e-05,2.082845607309866402e-05,3.968486854409733548e-05,-4.141397383765839965e-05,-1.729105293561064170e-06,0.000000000000000000e+00,2.022513992940161581e-16,2.202285662861180882e-18
1.572000000000000114e-08,2.000017641215081924e-05,2.082759197140598889e-05,3.964347617195361262e-05,-4.137077796275848228e-05,-1.727301790804869656e-06,0.000000000000000000e+00,2.022510514553636574e-16,2.202285662861180882e-18
1.572500000000000019e-08,2.000017622814825969e-05,2.082672877099433703e-05,3.960212697315366212e-05,-4.132762714230386723e-05,-1.725500169150205110e-06,0.000000000000000000e+00,2.022507041580360642e-16,2.202285662861180882e-18
1.573000000000000255e-08,2.000017604433762086e-05,2.082586647092364758e-05,3.956082090266652233e-05,-4.128452132930133600e-05,-1.723700426634813679e-06,0.000000000000000000e+00,2.022503574010965567e-16,2.202285662861180882e-18
1.573500000000000160e-08,2.000017586071869947e-05,2.082500507025483881e-05,3.951955791550821820e-05,-4.124146047680696741e-05,-1.721902561298749215e-06,0.000000000000000000e+00,2.022500111836100143e-16,2.202285662861180882e-18
1.574000000000000065e-08,2.000017567729129900e-05,2.082414456804981159e-05,3.947833796674169354e-05,-4.119844453792562936e-05,-1.720106571183935816e-06,0.000000000000000000e+00,2.022496655046432145e-16,2.202285662861180882e-18
1.574500000000000301e-08,2.000017549405521278e-05,2.082328496337144253e-05,3.943716101147677714e-05,-4.115547346581148707e-05,-1.718312454334709933e-06,0.000000000000000000e+00,2.022493203632644387e-16,2.202285662861180882e-18
1.575000000000000207e-08,2.000017531101025108e-05,2.082242625528359082e-05,3.939602700487008108e-05,-4.111254721366698666e-05,-1.716520208796905572e-06,0.000000000000000000e+00,2.022489757585440389e-16,2.202285662861180882e-18
1.575500000000000112e-08,2.000017512815621399e-05,2.082156844285108465e-05,3.935493590212502791e-05,-4.106966573474353272e-05,-1.714729832618504810e-06,0.000000000000000000e+00,2.022486316895538710e-16,2.202285662861180882e-18
1.576000000000000017e-08,2.000017494549289485e-05,2.082071152513973478e-05,3.931388765849174892e-05,-4.102682898234199659e-05,-1.712941323850247668e-06,0.000000000000000000e+00,2.022482881553675165e-16,2.202285662861180882e-18
1.576500000000000253e-08,2.000017476302009712e-05,2.081985550121632434e-05,3.927288222926705034e-05,-4.098403690981136107e-05,-1.711154680544310733e-06,0.000000000000000000e+00,2.022479451550603317e-16,2.202285662861180882e-18
1.577000000000000158e-08,2.000017458073762432e-05,2.081900037014860889e-05,3.923191956979437263e-05,-4.094128947054922866e-05,-1.709369900754856037e-06,0.000000000000000000e+00,2.022476026877094727e-16,2.202285662861180882e-18
1.577500000000000064e-08,2.000017439864527652e-05,2.081814613100530618e-05,3.919099963546371595e-05,-4.089858661800148274e-05,-1.707586982537766783e-06,0.000000000000000000e+00,2.022472607523937718e-16,2.202285662861180882e-18
1.578000000000000300e-08,2.000017421674286062e-05,2.081729278285612670e-05,3.915012238171163342e-05,-4.085592830566330398e-05,-1.705805923951670560e-06,0.000000000000000000e+00,2.022469193481938609e-16,2.202285662861180882e-18
1.578500000000000205e-08,2.000017403503016994e-05,2.081644032477173979e-05,3.910928776402113619e-05,-4.081331448707849278e-05,-1.704026723057356588e-06,0.000000000000000000e+00,2.022465784741918510e-16,2.202285662861180882e-18
1.579000000000000110e-08,2.000017385350701473e-05,2.081558875582377701e-05,3.906849573792169349e-05,-4.077074511583811395e-05,-1.702249377916420460e-06,0.000000000000000000e+00,2.022462381294718993e-16,2.202285662861180882e-18
1.579500000000000015e-08,2.000017367217319172e-05,2.081473807508484909e-05,3.902774625898913096e-05,-4.072822014558286844e-05,-1.700473886593737479e-06,0.000000000000000000e+00,2.022458983131195928e-16,2.202285662861180882e-18
1.580000000000000251e-08,2.000017349102850100e-05,2.081388828162853577e-05,3.898703928284562390e-05,-4.068573953000173809e-05,-1.698700247156114188e-06,0.000000000000000000e+00,2.022455590242222686e-16,2.202285662861180882e-18
1.580500000000000157e-08,2.000017331007274945e-05,2.081303937452936884e-05,3.894637476515964302e-05,-4.064330322283096915e-05,-1.696928457671326130e-06,0.000000000000000000e+00,2.022452202618691130e-16,2.202285662861180882e-18
1.581000000000000062e-08,2.000017312930573717e-05,2.081219135286285928e-05,3.890575266164589350e-05,-4.060091117785610522e-05,-1.695158516210211724e-06,0.000000000000000000e+00,2.022448820251509883e-16,2.202285662861180882e-18
1.581500000000000298e-08,2.000017294872727104e-05,2.081134421570547690e-05,3.886517292806525395e-05,-4.055856334891029313e-05,-1.693390420845039177e-06,0.000000000000000000e+00,2.022445443131603347e-16,2.202285662861180882e-18
1.582000000000000203e-08,2.000017276833715454e-05,2.081049796213465375e-05,3.882463552022476293e-05,-4.051625968987496059e-05,-1.691624169650197669e-06,0.000000000000000000e+00,2.022442071249915153e-16,2.202285662861180882e-18
1.582500000000000108e-08,2.000017258813518778e-05,2.080965259122878410e-05,3.878414039397754432e-05,-4.047400015467981620e-05,-1.689859760702271888e-06,0.000000000000000000e+00,2.022438704597402490e-16,2.202285662861180882e-18
1.583000000000000014e-08,2.000017240812117762e-05,2.080880810206722783e-05,3.874368750522278707e-05,-4.043178469730251062e-05,-1.688097192079723548e-06,0.000000000000000000e+00,2.022435343165042268e-16,2.202285662861180882e-18
1.583500000000000250e-08,2.000017222829492418e-05,2.080796449373030030e-05,3.870327680990565708e-05,-4.038961327176880596e-05,-1.686336461863148885e-06,0.000000000000000000e+00,2.022431986943826681e-16,2.202285662861180882e-18
1.584000000000000155e-08,2.000017204865623771e-05,2.080712176529927906e-05,3.866290826401728363e-05,-4.034748583215206762e-05,-1.684577568134783992e-06,0.000000000000000000e+00,2.022428635924766413e-16,2.202285662861180882e-18
1.584500000000000060e-08,2.000017186920491832e-05,2.080627991585640054e-05,3.862258182359467809e-05,-4.030540233257411126e-05,-1.682820508979433164e-06,0.000000000000000000e+00,2.022425290098887431e-16,2.202285662861180882e-18
1.585000000000000296e-08,2.000017168994077288e-05,2.080543894448485661e-05,3.858229744472072036e-05,-4.026336272720418638e-05,-1.681065282483466014e-06,0.000000000000000000e+00,2.022421949457232467e-16,2.202285662861180882e-18
1.585500000000000201e-08,2.000017151086360149e-05,2.080459885026879457e-05,3.854205508352411821e-05,-4.022136697025965397e-05,-1.679311886735535757e-06,0.000000000000000000e+00,2.022418613990861015e-16,2.202285662861180882e-18
1.586000000000000107e-08,2.000017133197321443e-05,2.080375963229331722e-05,3.850185469617930562e-05,-4.017941501600513944e-05,-1.677560319825833817e-06,0.000000000000000000e+00,2.022415283690851058e-16,2.202285662861180882e-18
1.586500000000000012e-08,2.000017115326941516e-05,2.080292128964447598e-05,3.846169623890644283e-05,-4.013750681875304088e-05,-1.675810579846598054e-06,0.000000000000000000e+00,2.022411958548294383e-16,2.202285662861180882e-18
1.587000000000000248e-08,2.000017097475201058e-05,2.080208382140929472e-05,3.842157966797134851e-05,-4.009564233286420665e-05,-1.674062664892858143e-06,0.000000000000000000e+00,2.022408638554302009e-16,2.202285662861180882e-18
1.587500000000000153e-08,2.000017079642080417e-05,2.080124722667572561e-05,3.838150493968545915e-05,-4.005382151274607192e-05,-1.672316573060612769e-06,0.000000000000000000e+00,2.022405323699999742e-16,2.202285662861180882e-18
1.588000000000000058e-08,2.000017061827559942e-05,2.080041150453268987e-05,3.834147201040577485e-05,-4.001204431285452216e-05,-1.670572302448747304e-06,0.000000000000000000e+00,2.022402013976529908e-16,2.202285662861180882e-18
1.588500000000000294e-08,2.000017044031620321e-05,2.079957665407005396e-05,3.830148083653483896e-05,-3.997031068769253784e-05,-1.668829851157698884e-06,0.000000000000000000e+00,2.022398709375052580e-16,2.202285662861180882e-18
1.589000000000000200e-08,2.000017026254242579e-05,2.079874267437862968e-05,3.826153137452062967e-05,-3.992862059181019450e-05,-1.667089217289564830e-06,0.000000000000000000e+00,2.022395409886744349e-16,2.202285662861180882e-18
1.589500000000000105e-08,2.000017008495407066e-05,2.079790956455017747e-05,3.822162358085658715e-05,-3.988697397980534032e-05,-1.665350398948753168e-06,0.000000000000000000e+00,2.022392115502797090e-16,2.202285662861180882e-18
1.590000000000000010e-08,2.000016990755094470e-05,2.079707732367740307e-05,3.818175741208151185e-05,-3.984537080632291850e-05,-1.663613394241406649e-06,0.000000000000000000e+00,2.022388826214419934e-16,2.202285662861180882e-18
1.590500000000000246e-08,2.000016973033285817e-05,2.079624595085397446e-05,3.814193282477953067e-05,-3.980381102605581433e-05,-1.661878201276283660e-06,0.000000000000000000e+00,2.022385542012839023e-16,2.202285662861180882e-18
1.591000000000000151e-08,2.000016955329961117e-05,2.079541544517448794e-05,3.810214977558007659e-05,-3.976229459374383871e-05,-1.660144818163762116e-06,0.000000000000000000e+00,2.022382262889294303e-16,2.202285662861180882e-18
1.591500000000000057e-08,2.000016937645101735e-05,2.079458580573448852e-05,3.806240822115779384e-05,-3.972082146417355876e-05,-1.658413243015764921e-06,0.000000000000000000e+00,2.022378988835045194e-16,2.202285662861180882e-18
1.592000000000000293e-08,2.000016919978688020e-05,2.079375703163045971e-05,3.802270811823253108e-05,-3.967939159217897545e-05,-1.656683473946444368e-06,0.000000000000000000e+00,2.022375719841365170e-16,2.202285662861180882e-18
1.592500000000000198e-08,2.000016902330700998e-05,2.079292912195984045e-05,3.798304942356927369e-05,-3.963800493264152359e-05,-1.654955509072249904e-06,0.000000000000000000e+00,2.022372455899545206e-16,2.202285662861180882e-18
1.593000000000000103e-08,2.000016884701121019e-05,2.079210207582099808e-05,3.794343209397811660e-05,-3.959666144048939421e-05,-1.653229346511277608e-06,0.000000000000000000e+00,2.022369197000891808e-16,2.202285662861180882e-18
1.593500000000000008e-08,2.000016867089928770e-05,2.079127589231325533e-05,3.790385608631417628e-05,-3.955536107069838159e-05,-1.651504984384205316e-06,0.000000000000000000e+00,2.022365943136727260e-16,2.202285662861180882e-18
1.594000000000000244e-08,2.000016849497106294e-05,2.079045057053685656e-05,3.786432135747759743e-05,-3.951410377828968099e-05,-1.649782420812083558e-06,0.000000000000000000e+00,2.022362694298393321e-16,2.202285662861180882e-18
1.594500000000000150e-08,2.000016831922633262e-05,2.078962610959299477e-05,3.782482786441345140e-05,-3.947288951833310733e-05,-1.648061653919655927e-06,0.000000000000000000e+00,2.022359450477242842e-16,2.202285662861180882e-18
1.595000000000000055e-08,2.000016814366490701e-05,2.078880250858380148e-05,3.778537556411173617e-05,-3.943171824594472356e-05,-1.646342681832987389e-06,0.000000000000000000e+00,2.022356211664648397e-16,2.202285662861180882e-18
1.595500000000000291e-08,2.000016796828659637e-05,2.078797976661233996e-05,3.774596441360730857e-05,-3.939058991628717943e-05,-1.644625502679870855e-06,0.000000000000000000e+00,2.022352977851997104e-16,2.202285662861180882e-18
1.596000000000000196e-08,2.000016779309121096e-05,2.078715788278261535e-05,3.770659436997984365e-05,-3.934950448457021972e-05,-1.642910114590376064e-06,0.000000000000000000e+00,2.022349749030692598e-16,2.202285662861180882e-18
1.596500000000000101e-08,2.000016761807855766e-05,2.078633685619955102e-05,3.766726539035376013e-05,-3.930846190604966780e-05,-1.641196515695907674e-06,0.000000000000000000e+00,2.022346525192154536e-16,2.202285662861180882e-18
1.597000000000000007e-08,2.000016744324845013e-05,2.078551668596902914e-05,3.762797743189824070e-05,-3.926746213602895030e-05,-1.639484704130709603e-06,0.000000000000000000e+00,2.022343306327818849e-16,2.202285662861180882e-18
1.597500000000000243e-08,2.000016726860069186e-05,2.078469737119784669e-05,3.758873045182709656e-05,-3.922650512985774185e-05,-1.637774678030645291e-06,0.000000000000000000e+00,2.022340092429136255e-16,2.202285662861180882e-18
1.598000000000000148e-08,2.000016709413509310e-05,2.078387891099373240e-05,3.754952440739878092e-05,-3.918559084293196508e-05,-1.636066435533184156e-06,0.000000000000000000e+00,2.022336883487574238e-16,2.202285662861180882e-18
1.598500000000000053e-08,2.000016691985147089e-05,2.078306130446536026e-05,3.751035925591633479e-05,-3.914471923069446821e-05,-1.634359974778133425e-06,0.000000000000000000e+00,2.022333679494617292e-16,2.202285662861180882e-18
1.599000000000000289e-08,2.000016674574963213e-05,2.078224455072231230e-05,3.747123495472733280e-05,-3.910389024863400871e-05,-1.632655293906675907e-06,0.000000000000000000e+00,2.022330480441764947e-16,2.202285662861180882e-18
1.599500000000000194e-08,2.000016657182939045e-05,2.078142864887511584e-05,3.743215146122382897e-05,-3.906310385228626962e-05,-1.630952391062440643e-06,0.000000000000000000e+00,2.022327286320531278e-16,2.202285662861180882e-18
1.600000000000000100e-08,2.000016639809054257e-05,2.078061359803522315e-05,3.739310873284232284e-05,-3.902235999723402903e-05,-1.629251264391706191e-06,0.000000000000000000e+00,2.022324097122445398e-16,2.202285662861180882e-18
