E_over_gap,f_near_gap,f_high_energy,f_FD
1.0,5.169431894163354e-06,1.572238733032216e-138,0.02886750579567265
1.0038910505836576,7.563437254843143e-06,2.5566367310523454e-138,0.02848646160108868
1.0077821011673151,1.0983696359146493e-05,4.1558051181687346e-138,0.028110301510069782
1.0116731517509727,1.583181652371472e-05,6.752691973350388e-138,0.027738966741511644
1.0155642023346303,2.2649879584685285e-05,1.0968173766446597e-137,0.02737239912126277
1.0194552529182879,3.216280861369292e-05,1.7808499213310254e-137,0.02701054107856063
1.0233463035019454,4.533096402842904e-05,2.890386613377283e-137,0.02665333564240846
1.027237354085603,6.34145424546673e-05,4.689431209257518e-137,0.02630072643789543
1.0311284046692606,8.805128354869456e-05,7.605364238864087e-137,0.025952657682463392
1.0350194552529184,0.0001213487867804803,1.232978443205555e-136,0.02560907418212296
1.038910505836576,0.00016599236240625066,1.998142998630234e-136,0.025269921327621972
1.0428015564202335,0.00022536874831944784,3.2369296752239747e-136,0.024935145090568638
1.046692607003891,0.0003037051798485337,5.241741253455178e-136,0.024604692019512462
1.0505836575875487,0.0004062221731619443,8.485032513358106e-136,0.02427850923598542
1.0544747081712063,0.0005392969583773372,1.3729890037237325e-135,0.023956544430505745
1.0583657587548638,0.0007106327792231333,2.2208346444853384e-135,0.023638745858547014
1.0622568093385214,0.000929427292280108,3.590880933389936e-135,0.02332506233647472
1.066147859922179,0.001206531113675355,5.803919803133355e-135,0.02301544323745287
1.0700389105058365,0.0015545852762677726,9.377291514574214e-135,0.022709838487322664
1.0739299610894941,0.0019881241190723643,1.5144991998366587e-134,0.022408198560455558
1.0778210116731517,0.0025236281176204325,2.4450981425366057e-134,0.02211047447558279
1.0817120622568093,0.003179509601004764,3.9460188888345416e-134,0.021816617791603533
1.0856031128404668,0.003976013438132762,6.36586816720679e-134,0.021526580603373553
1.0894941634241244,0.0049350148746041345,1.0265774911045862e-133,0.021240315537476375
1.0933852140077822,0.00607969801727165,1.654860734309131e-133,0.02095777574797886
1.0972762645914398,0.007434101217337389,2.666654689521115e-133,0.020678914912173142
1.1011673151750974,0.009022519954025343,4.295440706819339e-133,0.020403687226306325
1.105058365758755,0.010868763836296568,6.916466725599198e-133,0.02013204740130013
1.1089494163424125,0.012995271965600238,1.1132596590150353e-132,0.019863950658461894
1.11284046692607,0.015422099939623169,1.7912007748088455e-132,0.019599352725188573
1.1167315175097277,0.0181658018675095,2.880896669518188e-132,0.01933820983066533
1.1206225680933852,0.02123824139147688,4.631767074356822e-132,0.019080478701560218
1.1245136186770428,0.024645376199678066,7.443914176449059e-132,0.01882611655771649
1.1284046692607004,0.028386070083031078,1.195891062247903e-131,0.018575081107843835
1.132295719844358,0.032450994375153905,1.9205140973696272e-131,0.018327330545209995
1.1361867704280155,0.0368216857509836,3.0830388349999016e-131,0.018082823543334032
1.140077821011673,0.041469829043283134,4.947389553426375e-131,0.017841519251682644
1.1439688715953307,0.04635683131087218,7.936131158507543e-131,0.017603377291370566
1.1478599221789882,0.05143374642852027,1.2725568182878647e-130,0.017368357750866446
1.1517509727626458,0.05664159783360362,2.039769738031293e-130,0.017136421181705205
1.1556420233463034,0.061912130976010546,3.2682910372452172e-130,0.01690752859420811
1.159533073929961,0.06716900706866603,5.234749669720171e-130,0.016681641453211448
1.1634241245136188,0.07232942689043675,8.38121014358259e-130,0.01645872167380512
1.1673151750972763,0.07730614894514914,1.3413841126597381e-129,0.01623873161708189
1.171206225680934,0.08200984177837499,2.1460271059456003e-129,0.01602163408589825
1.1750972762645915,0.08635168739316326,3.4320441386662845e-129,0.01580739232064806
1.178988326848249,0.09024613319958688,5.486635921820939e-129,0.015595969995049593
1.1828793774319066,0.09361367536718647,8.76788887933305e-129,0.015387331211946962
1.1867704280155642,0.09638354814206192,1.4006174995909711e-128,0.01518144049912667
1.1906614785992218,0.0984961925633808,2.2365554805913655e-128,0.014978262805150203
1.1945525291828794,0.09990538449411966,3.570059218787004e-128,0.014777763495203234
1.198443579766537,0.10057991583985931,5.696482674759015e-128,0.014579908346962274
1.2023346303501945,0.10050474357248915,9.086021459185964e-128,0.014384663546479437
1.206225680933852,0.09968154747940539,1.448692968095231e-127,0.014191995684085976
1.2101167315175096,0.09812866775840885,2.3089501812303833e-127,0.014001871750315207
1.2140077821011674,0.0958804256959971,3.6786493228957704e-127,0.013814259131845431
1.217898832684825,0.09298586256879816,5.858653768592053e-127,0.013629125607463452
1.2217898832684826,0.08950696147867943,9.327019681401392e-127,0.0134464393440492
1.2256809338521402,0.08551644214433084,1.4843064335771417e-126,0.013266168892582007
1.2295719844357977,0.08109523814026316,2.361238539732636e-126,0.013088283184169037
1.2334630350194553,0.07632977857506461,3.754842914942056e-126,0.01291275152609632
1.2373540856031129,0.07130920115140266,5.968693793027798e-126,0.012739543597902862
1.2412451361867705,0.06612262093608764,9.484237964280833e-126,0.012568629447478273
1.245136186770428,0.06085656952142198,1.5064724768904557e-125,0.012399979487184203
1.2490272373540856,0.05559270358917384,2.391969169041764e-125,0.012233564490000206
1.2529182879377432,0.05040586157832196,3.796518934067248e-125,0.012069355585694112
1.2568093385214008,0.04536252383044937,6.023531409040982e-125,0.011907324257017442
1.2607003891050583,0.0405197069626933,9.553277759432219e-125,0.011747442335926107
1.264591439688716,0.035924298973522194,1.514569640589012e-124,0.011589681999826712
1.2684824902723735,0.03161281922646193,2.400278892035852e-124,0.011434015767848749
1.272373540856031,0.02761156821426365,3.802504890887006e-124,0.011280416497142929
1.2762645914396886,0.023937116772857262,6.021621771361443e-124,0.011128857379205872
1.2801556420233462,0.020597073708166467,9.532192005671586e-124,0.010979311936231513
1.2840466926070038,0.017591064763664285,1.5083693768851973e-123,0.010831754017489226
1.2879377431906613,0.014911854295695635,2.385933023767444e-123,0.010686157795729049
1.2918287937743191,0.012546543456150314,3.7726316721501555e-123,0.010542497763614073
1.2957198443579767,0.010477784415983694,5.963018834939171e-123,0.010400748730180267
1.2996108949416343,0.00868495837599017,9.421576360528359e-123,0.01026088581732372
1.3035019455252919,0.007145274930787766,1.4880467654479398e-122,0.010122884456315616
1.3073929961089494,0.00583476092856056,2.349336383500435e-122,0.009986720384344994
1.311284046692607,0.004729117535806287,3.707741478628285e-122,0.009852369641089353
1.3151750972762646,0.0038044341326108825,5.849372822180751e-122,0.00971980856531324
1.3190661478599222,0.003037756442066632,9.22454124343955e-122,0.009589013791494941
1.3229571984435797,0.0024075136119452566,1.4541722995810006e-121,0.009459962246481268
1.3268482490272373,0.0018938146493947124,2.291514315411613e-121,0.009332631146170558
1.3307392996108949,0.001478628632400883,3.6096483762407565e-121,0.009206997992223919
1.3346303501945527,0.0011458655727558471,5.683853016883795e-121,0.009083040568804714
1.3385214007782102,0.0008813758583911199,8.946566521862358e-121,0.008960736939346448
1.3424124513618678,0.0006728860884460762,1.4076852785848402e-120,0.008840065443348845
1.3463035019455254,0.0005098880904273842,2.2140649597969857e-120,0.008721004693202349
1.350194552529183,0.00038349623658526894,3.4810540392372826e-120,0.008603533571040909
1.3540856031128405,0.00028628610127345226,5.4710009260023994e-120,0.008487631225623089
1.3579766536964981,0.00021212523757818268,8.595248314951422e-120,0.008373277069241463
1.3618677042801557,0.00015600457649902764,1.3498505382224199e-119,0.008260450774660248
1.3657587548638133,0.00011387680023458447,2.119085875450021e-119,0.008149132272081226
1.3696498054474708,8.250610630778109e-05,3.3254241469948375e-119,0.008039301746137756
1.3735408560311284,5.9332117494557575e-05,5.216523303700121e-119,0.007930939632916979
1.377431906614786,4.234932804254512e-05,8.179954241077418e-119,0.007824026617010045
1.3813229571984436,3.000240844171587e-05,1.282201300849816e-118,0.007718543628590357
1.3852140077821011,2.109689950123892e-05,2.0090797145384607e-118,0.007614471840519718
1.3891050583657587,1.4724280039114834e-05,3.146833324997569e-118,0.007511792665482349
1.3929961089494163,1.020005287066834e-05,4.9270381986384764e-118,0.007410487753146596
1.3968871595330739,7.013320672517998e-06,7.71140893787984e-118,0.0073105389873543885
1.4007782101167314,4.786277672162588e-06,1.2064717472402753e-117,0.0072119284833381874
1.404669260700389,3.2420895280158255e-06,1.8868448659419968e-117,0.00711463858496541
1.4085603112840466,2.1797417178987165e-06,2.9497883040791204e-117,0.007018651862010206
1.4124513618677041,1.4545812618805372e-06,4.6097897796710656e-117,0.006923951107452478
1.416342412451362,9.6343819721449e-07,7.201235415188556e-117,0.006830519334803985
1.4202334630350195,6.333775304722967e-07,1.1245234417786419e-116,0.006738339775461472
1.424124513618677,4.132894923559826e-07,1.7553577224188663e-116,0.006647395876086635
1.4280155642023347,2.676695659744377e-07,2.7390399826308354e-116,0.006557671296012826
1.4319066147859922,1.7206658736663754e-07,4.272349037925333e-116,0.00646914990467835
1.4357976653696498,1.0978601353248961e-07,6.661479515398242e-116,0.006381815779086222
1.4396887159533074,6.952650610888032e-08,1.0382699484382888e-115,0.006295653201290214
1.443579766536965,4.37025436262169e-08,1.6176534483836732e-115,0.006210646655907093
1.4474708171206225,2.726565556686387e-08,2.5193952619438235e-115,0.0061267808276548475
1.45136186770428,1.688410689280878e-08,3.9223174966023913e-115,0.006044040598916769
1.4552529182879377,1.0377510021448785e-08,6.104144399757979e-115,0.00596241104733127
1.4591439688715955,6.330837257140748e-09,9.49603854588726e-115,0.005881877443407207
1.463035019455253,3.8333816292970965e-09,1.476711834765815e-114,0.005802425248164618
1.4669260700389106,2.30385893949219e-09,2.2955389103127842e-114,0.005724040110800633
1.4708171206225682,1.3743034337986184e-09,3.5670498472785094e-114,0.005646707866380478
1.4747081712062258,8.136962195368859e-10,5.540759690293558e-114,0.005570414533553352
1.4785992217898833,4.781838281964916e-10,8.603300007229796e-114,0.005495146312292988
1.482490272373541,2.789204713442356e-10,1.3353540776981178e-113,0.005420889581662798
1.4863813229571985,1.6148002798202295e-10,2.0718743932718473e-113,0.005347630897605349
1.490272373540856,9.279192003938262e-11,3.2134091459427627e-113,0.005275356990756035
1.4941634241245136,5.292421511713714e-11,4.98200598022432e-113,0.0052040547642807624
1.4980544747081712,2.996067616535851e-11,7.72108049498202e-113,0.005133711291737477
1.5019455252918288,1.6834557858081064e-11,1.1961551992878068e-112,0.005064313814961332
1.5058365758754864,9.388684352562427e-12,1.8523907390815765e-112,0.0049958497419733145
1.509727626459144,5.197095313000811e-12,2.8675651018888794e-112,0.004928306644912201
1.5136186770428015,2.855417025827312e-12,4.437410311872289e-112,0.0048616722579895785
1.517509727626459,1.5571531455081652e-12,6.864066884511816e-112,0.004795934475467798
1.5214007782101167,8.428417296736171e-13,1.0613754589224196e-111,0.004731081349660675
1.5252918287937742,4.528075417247265e-13,1.6405602825397186e-111,0.00466710108895672
1.5291828793774318,2.4145388254860385e-13,2.5348423906218037e-111,0.0046039820558647524
1.5330739299610894,1.277931732811154e-13,3.915122416428857e-111,0.004541712765081678
1.536964980544747,6.713268777180065e-14,6.0447082893498565e-111,0.004480281881582247
1.5408560311284045,3.500365024522271e-14,9.329126132720827e-111,0.004419678218730647
1.5447470817120623,1.811530105387678e-14,1.4392697552109568e-110,0.004359890736413666
1.54863813229572,9.305306779660201e-15,2.2196221502171254e-110,0.004300908539195323
1.5525291828793775,4.744262986145577e-15,3.4217755403312806e-110,0.004242720874492688
1.556420233463035,2.4008207394191015e-15,5.273022221432263e-110,0.004185317130772792
1.5603112840466926,1.2058787240747123e-15,8.12275402573485e-110,0.0041286868357703795
1.5642023346303502,6.011743618761544e-16,1.2507848699254358e-109,0.004072819654726318
1.5680933852140078,2.974748053520411e-16,1.925296196371008e-109,0.004017705388646529
1.5719844357976653,1.4610088498413343e-16,2.962430040671893e-109,0.00396333397258117
1.575875486381323,7.122105848345982e-17,4.556530375874454e-109,0.003909695473923953
1.5797665369649807,3.446013073284087e-17,7.005772869081382e-109,0.003856780090731365
1.5836575875486383,1.65492507841051e-17,1.0767464610416591e-108,0.0038045781500616457
1.5875486381322959,7.888468095108979e-18,1.6542702877467543e-108,0.0037530801063332736
1.5914396887159534,3.732157208862481e-18,2.540593031101671e-108,0.0037022765397028306
1.595330739299611,1.7525890929309965e-18,3.9003120254674554e-108,0.0036521581544620616
1.5992217898832686,8.168704758473658e-19,5.985483227244039e-108,0.0036027157774538776
1.6031128404669261,3.779020208500591e-19,9.181945291873761e-108,0.003553940356507198
1.6070038910505837,1.7352343997914104e-19,1.4080101970023895e-107,0.003505822958890389
1.6108949416342413,7.908425042323779e-20,2.158303504059701e-107,0.003458354769783152
1.6147859922178989,3.577459915141358e-20,3.3071572709473386e-107,0.0034115270907666556
1.6186770428015564,1.6062475176828243e-20,5.065622206761403e-107,0.0033653313383317464
1.622568093385214,7.158187704100613e-21,7.756152910758945e-107,0.0033197590424050277
1.6264591439688716,3.1662602952350703e-21,1.1871225221331984e-106,0.0032748018448926866
1.6303501945525292,1.3900904736039457e-21,1.816269721807449e-106,0.003230451498241807
1.6342412451361867,6.057486276517473e-22,2.7777986224567784e-106,0.003186699864019061
1.6381322957198443,2.61996041940499e-22,4.246750923321831e-106,0.0031435389115065594
1.6420233463035019,1.1247343046471559e-22,6.490055909650947e-106,0.0031009607163147036
1.6459143968871595,4.792455314411302e-23,9.91461153851046e-106,0.0030589574590118513
1.649805447470817,2.0268383942161745e-23,1.5140443059993017e-105,0.0030175214237706345
1.6536964980544746,8.508109927545728e-24,2.3111976229332e-105,0.002976644997030731
1.6575875486381322,3.544867298845827e-24,3.526721753366618e-105,0.0029363206661779575
1.6614785992217898,1.4659521386072939e-24,5.3794878089170564e-105,0.002896541018239466
1.6653696498054473,6.017173307819721e-25,8.202500683019106e-105,0.0028572987385949013
1.6692607003891051,2.451422505482856e-25,1.2502222950550905e-104,0.0028185866097033417
1.6731517509727627,9.912808971898703e-26,1.9048633240509186e-104,0.0027803975098458656
1.6770428015564203,3.978581188444513e-26,2.9011889675667347e-104,0.0027427244118835405
1.6809338521400778,1.5849392929392743e-26,4.4169637100412876e-104,0.0027055603820307097
1.6848249027237354,6.266859518696905e-27,6.722135485006047e-104,0.002668898578643401
1.688715953307393,2.459462505733785e-27,1.0226483179592318e-103,0.002632732251022669
1.6926070038910506,9.580394054137938e-28,1.5551811077817865e-103,0.002597054738232732
1.6964980544747081,3.7040723294235624e-28,2.364129443626421e-103,0.0025618594679337383
1.7003891050583657,1.4214397763983665e-28,3.592503074285109e-103,0.002527139955228989
1.7042801556420235,5.414151317700012e-29,5.457059154970038e-103,0.002492889801526475
1.708171206225681,2.046846310430319e-29,8.286207247444062e-103,0.0024591026934145514
1.7120622568093387,7.680561995275523e-30,1.2577332363297687e-102,0.0024257724015516076
1.7159533073929962,2.860577268522636e-30,1.9083450395682224e-102,0.0023928927795695697
1.7198443579766538,1.057468129000348e-30,2.8944155300175264e-102,0.002360457762991079
1.7237354085603114,3.8800186270046824e-31,4.3883420933189e-102,0.002328461368160197
1.727626459143969,1.4130360882545493e-31,6.650827565758778e-102,0.002296897691186485
1.7315175097276265,5.107702767351724e-32,1.0075961912531143e-101,0.002265760906902299
1.735408560311284,1.8325291801111325e-32,1.525924207450308e-101,0.0022350452678331677
1.7392996108949417,6.525729997365736e-33,2.310016196528964e-101,0.0022047451031810775
1.7431906614785992,2.3065359210718756e-33,3.4956883215908427e-101,0.002174854817820552
1.7470817120622568,8.091783674497987e-34,5.287933670402682e-101,0.002145368891307348
1.7509727626459144,2.8176122370218145e-34,7.996039129674482e-101,0.0021162818768996404
1.754863813229572,9.738029937929445e-35,1.2086468906096518e-100,0.0020875884005915487
1.7587548638132295,3.340518687352452e-35,1.8262472881439116e-100,0.0020592831601588665
1.7626459143968871,1.1373905758476328e-35,2.758387941114656e-100,0.0020313609242168414
1.7665369649805447,3.8437777187493165e-36,4.164728775405346e-100,0.0020038165312898826
1.7704280155642023,1.2893173417599159e-36,6.285700995115632e-100,0.001976644888893038
1.7743190661478598,4.292539526270798e-37,9.483230995219426e-100,0.001949840972625126
1.7782101167315174,1.4184750501698105e-37,1.4301927003091323e-99,0.0019233998252733673
1.782101167315175,4.6524532664195894e-38,2.1560975265125037e-99,0.0018973165559293885
1.7859922178988326,1.5145905997340315e-38,3.2492106060419953e-99,0.0018715863391164653
1.7898832684824901,4.893971257485909e-39,4.894664620661749e-99,0.0018462044139278765
1.793774319066148,1.5695692849262416e-39,7.370613419284324e-99,0.0018211660831762271
1.7976653696498055,4.996345793732063e-40,1.1094811909329481e-98,0.0017964667125536223
1.801556420233463,1.5786192857762707e-40,1.6694440594549253e-98,0.001772101729802558
1.8054474708171206,4.950570391914618e-41,2.5110734413072604e-98,0.0017480666238973994
1.8093385214007782,1.5409409467209343e-41,3.775570419611239e-98,0.0017243569442363291
1.8132295719844358,4.760687458789329e-42,5.674679676988676e-98,0.0017009682998436286
1.8171206225680934,1.459843382677754e-42,8.525811861853021e-98,0.001677896358582182
1.821011673151751,4.443199157176379e-43,1.2804592291266397e-97,0.001655136846376071
1.8249027237354085,1.3422648397092163e-43,1.9223452156045032e-97,0.0016326855464431436
1.8287937743190663,4.024700501295309e-44,2.884912358103804e-97,0.0016105382985374297
1.8326848249027239,1.197793194344263e-44,4.327822930092264e-97,0.0015886909982013118
1.8365758754863815,3.538205344420731e-45,6.489959097075425e-97,0.0015671395960272854
1.840466926070039,1.0373782705189259e-45,9.728593390377193e-97,0.001545880096929239
1.8443579766536966,3.018868383306768e-46,1.4577859542161367e-96,0.0015249085594231163
1.8482490272373542,8.719751953777089e-47,2.1836000079769202e-96,0.0015042210949168474
1.8521400778210118,2.4998675693576743e-47,3.2695503483026847e-96,0.0014838138670094459
1.8560311284046693,7.113491119710439e-48,4.893714042706039e-96,0.0014636830907991429
1.859922178988327,2.009099772623997e-48,7.321916364315294e-96,0.001443825032200477
1.8638132295719845,5.632136022453064e-49,1.095081786374828e-95,0.0014242360072701948
1.867704280155642,1.5671035161834915e-49,1.6372084002378958e-95,0.001404912381541885
1.8715953307392996,4.327879444925943e-50,2.4467916477976945e-95,0.0013858505693692194
1.8754863813229572,1.1863300851055253e-50,3.655321921621775e-95,0.0013670470332777067
1.8793774319066148,3.227667975024231e-51,5.4587083237220884e-95,0.0013484982833248489
1.8832684824902723,8.71615775144802e-52,8.148726919092011e-95,0.0013302008764685986
1.88715953307393,2.336222649750933e-52,1.2159767055336935e-94,0.00131215141594401
1.8910505836575875,6.215217024417566e-53,1.8138290913102587e-94,0.001294346550647998
1.894941634241245,1.6411613688769932e-53,2.7046002729044804e-94,0.0012767829745320828
1.8988326848249026,4.301294639280982e-54,4.0313028771112665e-94,0.0012594574260030393
1.9027237354085602,1.1189225325703948e-54,6.00652634187061e-94,0.0012423666873313433
1.9066147859922178,2.8890414052530287e-55,8.946166158332379e-94,0.0012255075840673238
1.9105058365758754,7.403898088444695e-56,1.3319445672071542e-93,0.001208876984464921
1.914396887159533,1.8833022184960981e-56,1.9823071981025077e-93,0.0011924717989129586
1.9182879377431907,4.7548029489771113e-57,2.9491127838564975e-93,0.0011762889793738307
1.9221789883268483,1.191510704580217e-57,4.385785850038425e-93,0.0011603255188295288
1.9260700389105059,2.9635775286973654e-58,6.519872139616554e-93,0.0011445784507348848
1.9299610894941635,7.316233495268004e-59,9.688718821975587e-93,0.0011290448484779735
1.933852140077821,1.792717018600954e-59,1.4392268161746606e-92,0.0011137218248475655
1.9377431906614786,4.360023649143868e-60,2.137114293011592e-92,0.001098606531507546
1.9416342412451362,1.0524921568054246e-60,3.172209577316023e-92,0.0010836961584782144
1.9455252918287937,2.521748731315922e-61,4.706863584306305e-92,0.0010689879336243738
1.9494163424124513,5.9970500518216e-62,6.981310721571837e-92,0.0010544791221501354
1.9533073929961091,1.4155540467086644e-62,1.0350895894265448e-91,0.0010401670261003348
1.9571984435797667,3.31640955259925e-63,1.5341030379216523e-91,0.0010260489838685002
1.9610894941634243,7.711924671774559e-64,2.272828862542843e-91,0.0010121223697112634
1.9649805447470818,1.7799603160365376e-64,3.366003461646469e-91,0.0009983845932691577
1.9688715953307394,4.077657836701243e-65,4.983081580410388e-91,0.0009848330990937057
1.972762645914397,9.271802261216407e-66,7.374236347573428e-91,0.0009714653661807192
1.9766536964980546,2.0925240629930605e-66,1.0908668013121272e-90,0.0009582789075097421
1.9805447470817121,4.687374795740838e-67,1.613102683236204e-90,0.0009452712695895443
1.9844357976653697,1.04217780462617e-67,2.3844483461157196e-90,0.0009324400320096008
1.9883268482490273,2.2998890132953416e-68,3.523298513635729e-90,0.0009197828069974748
1.9922178988326849,5.0376136505198e-69,5.2041113326784344e-90,0.00090729723898203
1.9961089494163424,1.095205850931406e-69,7.683858061339846e-90,0.0008949810041623998
2.0,2.363303907659267e-70,1.1340904812276323e-89,0.0008828318100826393
2.0038910505836576,5.061698938803011e-71,1.67321478431279e-89,0.0008708473952119812
2.007782101167315,1.076033934082969e-71,2.4676939586466784e-89,0.0008590255285306412
2.0116731517509727,2.270432235640697e-72,3.638032035163953e-89,0.0008473640091210782
2.0155642023346303,4.754929045274109e-73,5.3613894653509585e-89,0.0008358606657646602
2.019455252918288,9.88399362488215e-74,7.898121509317429e-89,0.0008245133565436535
2.0233463035019454,2.0392655951810393e-74,1.1630700747669817e-88,0.0008133199684484747
2.027237354085603,4.176072670546675e-75,1.7120780881411847e-88,0.0008022784169901327
2.0311284046692606,8.48819254341147e-76,2.519282517688398e-88,0.0007913866458177988
2.035019455252918,1.7124398154600714e-76,3.7056619093410864e-88,0.0007806426263414315
2.0389105058365757,3.429006679666805e-77,5.448667802696729e-88,0.0007700443573594039
2.0428015564202333,6.815131889776738e-78,8.008487166934102e-88,0.0007595898646910538
2.046692607003891,1.3444142849735503e-78,1.1766471686714812e-87,0.0007492772008141043
2.0505836575875485,2.6323576277355174e-79,1.7281348994479643e-87,0.0007391044445068878
2.054474708171206,5.115753195582373e-80,2.5371412366943008e-87,0.0007290697004953121
2.0583657587548636,9.867955823202466e-81,3.723464896708106e-87,0.0007191710991045067
2.062256809338521,1.8892860966236283e-81,5.462425165052244e-87,0.0007094067959150909
2.0661478599221788,3.5902209781018863e-82,8.010494989726213e-87,0.0006997749714239987
2.0700389105058363,6.77169753280777e-83,1.1742723167521633e-86,0.0006902738307098114
2.073929961089494,1.2677302180122824e-83,1.72073466801741e-86,0.0006809016031025286
2.0778210116731515,2.355640719944327e-84,2.5205459041029415e-86,0.0006716565418577251
2.081712062256809,4.344543832190223e-85,3.690718572856306e-86,0.0006625369238350391
2.0856031128404666,7.953022901038298e-86,5.4021030693026765e-86,0.0006535410491809315
2.0894941634241246,1.4450178187983681e-86,7.90406345722141e-86,0.0006446672410156609
2.093385214007782,2.6059560778303437e-87,1.1560419319736932e-85,0.0006359138451244261
2.09727626459144,4.6645945481962495e-88,1.6901777198352742e-85,0.0006272792296526087
2.1011673151750974,8.2873108419825e-89,2.4701696101314956e-85,0.0006187617848050781
2.105058365758755,1.4613904897531326e-89,3.6087499666929586e-85,0.0006103599225494943
2.1089494163424125,2.5578309875203864e-90,5.270143344683745e-85,0.0006020720763235616
2.11284046692607,4.443552664455112e-91,7.693495064461972e-85,0.000593896700746181
2.1167315175097277,7.661992784880579e-92,1.1226917923445266e-84,0.0005858322713324503
2.1206225680933852,1.3113120898107548e-92,1.6376950349785109e-84,0.0005778772842124588
2.124513618677043,2.227528716324891e-93,2.388037452057036e-84,0.0005700302558538349
2.1284046692607004,3.755722338974451e-94,3.4808463354685363e-84,0.0005622897227879881
2.132295719844358,6.285163255110765e-95,5.071824132876123e-84,0.000554654241340003
2.1361867704280155,1.04398093556177e-95,7.387187745609389e-84,0.000547122387362136
2.140077821011673,1.7211609839182168e-96,1.075547770253878e-83,0.0005396927559708674
2.1439688715953307,2.816458375300457e-97,1.5653659699666741e-83,0.0005323639612874627
2.1478599221789882,4.57444174407763e-98,2.2773914660753327e-83,0.0005251346361819971
2.151750972762646,7.374384617528001e-99,3.3120364377053915e-83,0.0005180034320207951
2.155642023346304,1.1799575628517665e-99,4.814909623728315e-83,0.0005109690184172479
2.1595330739299614,1.8739582507054226e-100,6.997079205535234e-83,0.0005040300829859577
2.163424124513619,2.953971859443695e-101,1.016438383639283e-82,0.000497185331100161
2.1673151750972766,4.621742189873446e-102,1.475981589130077e-82,0.0004904334856524022
2.171206225680934,7.177248742458945e-103,2.142478341172806e-82,0.00048377328681840177
2.1750972762645917,1.1062752578495022e-103,3.1087625873211306e-82,0.0004772034918240814
2.1789883268482493,1.692471329792625e-104,4.509145921011338e-82,0.00047072287471570733
2.182879377431907,2.5699954907372273e-105,6.537875399145034e-82,0.00046433022613310567
2.1867704280155644,3.873435439484286e-106,9.475772068009413e-82,0.0004580243530859129
2.190661478599222,5.79446310354559e-107,1.3728661225218325e-81,0.00045180407873282054
2.1945525291828796,8.603655284112075e-108,1.9882792839614467e-81,0.00044566824216377447
2.198443579766537,1.2679604895674872e-108,2.878473286926083e-81,0.0004396156981850898
2.2023346303501947,1.8547328322164243e-109,4.1656486410730317e-81,0.00043364531710744395
2.2062256809338523,2.69283608559564e-110,6.02613261462771e-81,0.00042775598453670665
2.21011673151751,3.880533140366676e-111,8.714256725831738e-81,0.00042194660116757614
2.2140077821011674,5.55041932545916e-112,1.2596724536362352e-80,0.00041621608257997597
2.217898832684825,7.879762215674107e-113,1.820205955471719e-80,0.0004105633590381823
2.2217898832684826,1.1103332601200222e-113,2.6291722885264138e-80,0.0004049873752926436
2.22568093385214,1.5529107849842098e-114,3.796235777945679e-80,0.00039948709038445607
2.2295719844357977,2.1557211497175944e-115,5.479272834527469e-80,0.00039406147745246235
2.2334630350194553,2.970240248121759e-116,7.905480851240613e-80,0.0003887095235429341
2.237354085603113,4.062033440641117e-117,1.1401691145830355e-79,0.0003834302294218117
2.2412451361867705,5.51376598394083e-118,1.643788245059123e-79,0.00037822260938945925
2.245136186770428,7.428584790133489e-119,2.368961948684494e-79,0.00037308569109790606
2.2490272373540856,9.933830820593347e-120,3.4127613212350476e-79,0.0003680185153705418
2.252918287937743,1.3185006665811706e-120,4.9146134363596465e-79,0.0003630201360242305
2.2568093385214008,1.736988197892122e-121,7.074706505639955e-79,0.0003580896196938133
2.2607003891050583,2.2712571168929908e-122,1.0180359360483726e-78,0.0003532260456589677
2.264591439688716,2.9477364680132057e-123,1.4643787089228358e-78,0.00034842850567339033
2.2684824902723735,3.797203978107901e-124,2.1056167162842344e-78,0.00034369610379627696
2.272373540856031,4.855032256271073e-125,3.026501198201568e-78,0.0003390279562260635
2.2762645914396886,6.161312430765377e-126,4.348485208645453e-78,0.00033442319113640215
2.280155642023346,7.760813794351403e-127,6.245551023272441e-78,0.00032988094851434124
2.2840466926070038,9.702735999816694e-128,8.966834225004968e-78,0.00032540038000067995
2.2879377431906613,1.2040210669673654e-128,1.286895070877977e-77,0.0003209806487324687
2.291828793774319,1.4829512573445443e-129,1.8462170212065205e-77,0.0003166209291876271
2.2957198443579765,1.8128947315752063e-130,2.647634188236303e-77,0.0003123204070316512
2.299610894941634,2.199739314859283e-131,3.795498522520452e-77,0.00030807827896638183
2.3035019455252916,2.6492489225822965e-132,5.438952795147088e-77,0.00030389375258080677
2.307392996108949,3.16684812153906e-133,7.79107471193575e-77,0.00029976604620387084
2.311284046692607,3.757375718249115e-134,1.1156168496646674e-76,0.00029569438875926327
2.3151750972762644,4.4248131174607014e-135,1.5968656448471406e-76,0.00029167801962216383
2.319066147859922,5.171995770630881e-136,2.2848479620980904e-76,0.000287716188477912
2.3229571984435795,6.000318572702359e-137,3.2679985283250975e-76,0.0002838081551825803
2.326848249027237,6.90944837430109e-138,4.672421509043551e-76,0.00027995318962542424
2.3307392996108947,7.897058646887927e-139,6.677867432141167e-76,0.00027615057159318356
2.3346303501945522,8.958602560178884e-140,9.540457222570966e-76,0.0002723995906362109
2.3385214007782102,1.0087141110453768e-140,1.3624990259539103e-75,0.0002686995459364022
2.342412451361868,1.1273242317650813e-141,1.9450860937692748e-75,0.00026504974617690846
2.3463035019455254,1.2504965786173127e-142,2.7757290709291377e-75,0.00026144950941359683
2.350194552529183,1.3767944069681715e-143,3.9595965343185584e-75,0.000257898162948249
2.3540856031128405,1.5045568348938268e-144,5.646254030285391e-75,0.00025439504320346444
2.357976653696498,1.6319281070934832e-145,8.048325053565785e-75,0.00025093949559925005
2.3618677042801557,1.7568972643182322e-146,1.1467961319995883e-74,0.0002475308744312732
2.3657587548638133,1.8773473345201942e-147,1.6334375957461807e-74,0.00024416854275075326
2.369649805447471,1.9911125686628155e-148,2.325704277118191e-74,0.000240851872245976
2.3735408560311284,2.0960416919614306e-149,3.3101071508109447e-74,0.0002375802431254016
2.377431906614786,2.1900646717052915e-150,4.709396209491397e-74,0.00023435304400234931
2.3813229571984436,2.2712601540407847e-151,6.697674291175589e-74,0.00023116967178123782
2.385214007782101,2.33792052587141e-152,9.521786392490954e-74,0.0002280295315453585
2.3891050583657587,2.3886115363467304e-153,1.3531578508295153e-73,0.00022493203644616247
2.3929961089494163,2.4222235752138266e-154,1.9222687479002265e-73,0.0002218766075940408
2.396887159533074,2.4380120490584247e-155,2.729702801741107e-73,0.00021886267395057783
2.4007782101167314,2.4356248039133947e-156,3.8748263311323967e-73,0.0002158896722222578
2.4046692607003894,2.4151151838246126e-157,5.4982531997735044e-73,0.0002129570467556051
2.408560311284047,2.376940049125538e-158,7.798890910379378e-73,0.00021006424943374142
2.4124513618677046,2.321942857225484e-159,1.1057999653700886e-72,0.00020721073957433446
2.416342412451362,2.2513226809621043e-160,1.5673136466216153e-72,0.00020439598382892827
2.4202334630350197,2.166590753737388e-161,2.2206027565435866e-72,0.00020161945608362835
2.4241245136186773,2.0695167402987147e-162,3.145005800102434e-72,0.00019888063736113118
2.428015564202335,1.9620673989854057e-163,4.4525380900756794e-72,0.00019617901572407267
2.4319066147859925,1.846340598718083e-164,6.301289787175943e-72,0.00019351408617968306
2.43579766536965,1.7244977682390078e-165,8.914292462764851e-72,0.00019088535058572857
2.4396887159533076,1.5986977862078824e-166,1.2606075991688465e-71,0.00018829231755772337
2.443579766536965,1.4710350819805216e-167,1.7820036108839216e-71,0.00018573450237739398
2.4474708171206228,1.343484333074477e-168,2.518099316737787e-71,0.00018321142690238025
2.4513618677042803,1.2178536501720669e-169,3.5569089416636878e-71,0.00018072261947715547
2.455252918287938,1.095747573519507e-170,5.022364814390819e-71,0.00017826761484514978
2.4591439688715955,9.785406074450143e-172,7.088908666403544e-71,0.00017584595406206055
2.463035019455253,8.67361432991407e-173,1.000198324342961e-70,0.00017345718441033392
2.4669260700389106,7.63087398641087e-174,1.4106799081722035e-70,0.0001711008593148014
2.470817120622568,6.663484254560211e-175,1.988870269063576e-70,0.0001687765382594565
2.4747081712062258,5.775390970081273e-176,2.802980310377479e-70,0.00016648378670535568
2.4785992217898833,4.968374484873598e-177,3.948837433435159e-70,0.00016422217600962926
2.482490272373541,4.242288265757508e-178,5.561015165635484e-70,0.00016199128334558487
2.4863813229571985,3.595331570526074e-179,7.82842725876569e-70,0.00015979069162389397
2.490272373540856,3.0243401881213752e-180,1.10161687016379e-69,0.00015761998941484065
2.4941634241245136,2.5250806412461754e-181,1.5496094359211405e-69,0.00015547877087162247
2.498054474708171,2.0925352555925152e-182,2.1789614305776556e-69,0.0001533666356546883
2.501945525291829,1.721167888588782e-183,3.0627563587921234e-69,0.0001512831888570987
2.5058365758754864,1.4051626766438114e-184,4.3033926524993896e-69,0.00014922804093089526
2.509727626459144,1.1386307182162307e-185,6.044287510803911e-69,0.0001472008076144659
2.5136186770428015,9.157820065056267e-187,8.48623142990313e-69,0.00014520110986089175
2.517509727626459,7.310620431138072e-188,1.191023264759787e-68,0.00014322857376726348
2.5214007782101167,5.7925432502168666e-189,1.670941459398538e-68,0.00014128283050495306
2.5252918287937742,4.55551262012684e-190,2.343353681625637e-68,0.0001393635162508286
2.529182879377432,3.555970444688282e-191,3.2851111224878524e-68,0.00013747027211939976
2.5330739299610894,2.7550656428831955e-192,4.603603423398001e-68,0.0001356027440958806
2.536964980544747,2.118647372502104e-193,6.448836416699899e-68,0.00013376058297015814
2.5408560311284045,1.6171053960376067e-194,9.030263715988093e-68,0.00013194344427165403
2.544747081712062,1.2250981764924565e-195,1.2640234262512497e-67,0.00013015098820506662
2.5486381322957197,9.212051987731268e-197,1.768664377321505e-67,0.0001283828795869846
2.5525291828793772,6.875349606758975e-198,2.4738385408870534e-67,0.00012663878778335557
2.556420233463035,5.093145845963282e-199,3.4588592542724186e-67,0.00012491838664780246
2.5603112840466924,3.7448149196799396e-200,4.8342604639433345e-67,0.00012322135446077385
2.56420233463035,2.732923806048138e-201,6.754027399266384e-67,0.0001215473738695179
2.5680933852140075,1.979600745534488e-202,9.432595412026071e-67,0.00011989613182886865
2.571984435797665,1.4232481019566517e-203,1.3168466769009975e-66,0.00011826731954283368
2.5758754863813227,1.0156323779567724e-204,1.8377009251505196e-66,0.00011666063240697218
2.5797665369649803,7.193585030051698e-206,2.5635988752141e-66,0.00011507576995155308
2.583657587548638,5.0571652490920055e-207,3.5748755479470363e-66,0.00011351243578548252
2.587548638132296,3.5287576131944617e-208,4.983189454736145e-66,0.00011197033754099021
2.5914396887159534,2.4439337614393134e-209,6.943676622560243e-66,0.00011044918681906533
2.595330739299611,1.6800025981744e-210,9.671797421237196e-66,0.00010894869913562972
2.5992217898832686,1.14626068085999e-211,1.3466679141429792e-65,0.00010746859386844029
2.603112840466926,7.762645565475172e-213,1.8743446478882918e-65,0.00010600859420471173
2.6070038910505837,5.217819344382903e-214,2.6077983411192022e-65,0.00010456842708944644
2.6108949416342413,3.48113799599001e-215,3.6268882589377055e-65,0.000103147823174465
2.614785992217899,2.30518805317652e-216,5.04231488217808e-65,0.00010174651676812678
2.6186770428015564,1.5151108225999844e-217,7.007471932815977e-65,0.00010036424578573126
2.622568093385214,9.884059709936717e-219,9.734830350984373e-65,9.900075170059121e-05
2.6264591439688716,6.399989181724034e-220,1.3518578415680513e-64,9.765577949576821e-05
2.630350194552529,4.113164123300732e-221,1.8765894834461935e-64,9.632907761646209e-05
2.6342412451361867,2.6237699747006706e-222,2.6040130020319045e-64,9.502039792304508e-05
2.6381322957198443,1.661224763201523e-223,3.612040698926779e-64,9.37294956447321e-05
2.642023346303502,1.0439602301008264e-224,5.008385371821984e-64,9.245612933387859e-05
2.6459143968871595,6.511670734916435e-226,6.941901678816564e-64,9.120006082089747e-05
2.649805447470817,4.031380859922814e-227,9.618221951430284e-64,8.996105516978674e-05
2.653696498054475,2.4772403571409988e-228,1.332130425755795e-63,8.873888063425946e-05
2.6575875486381326,1.5108988241508035e-229,1.8443116823450505e-63,8.753330861446836e-05
2.66147859922179,9.146512652936584e-231,2.5524515271753197e-63,8.634411361431632e-05
2.6653696498054478,5.4957708400116424e-232,3.531151134590983e-63,8.517107319934553e-05
2.6692607003891053,3.2775898874683796e-233,4.883269861492044e-63,8.401396795519711e-05
2.673151750972763,1.9401420396077725e-234,6.750574909429213e-63,8.287258144663361e-05
2.6770428015564205,1.1398963447781372e-235,9.328383953153635e-63,8.174670017711664e-05
2.680933852140078,6.647374021848472e-237,1.2885690090684993e-62,8.06361135489324e-05
2.6848249027237356,3.847581161156165e-238,1.7792811078246047e-62,7.954061382385747e-05
2.688715953307393,2.2104382310552377e-239,2.4559361372872907e-62,7.845999608435756e-05
2.692607003891051,1.2604391866597788e-240,3.388638088424329e-62,7.739405819531231e-05
2.6964980544747084,7.133757297572715e-242,4.673787073730269e-62,7.634260076625857e-05
2.700389105058366,4.007446032409715e-243,6.443892322895743e-62,7.530542711414548e-05
2.7042801556420235,2.2344464697652e-244,8.881028075214463e-62,7.428234322659448e-05
2.708171206225681,1.2365883388818433e-245,1.223527761297433e-61,7.3273157725657e-05
2.7120622568093387,6.792556481296387e-247,1.6850004805722935e-61,7.227768183206379e-05
2.7159533073929962,3.703345999228307e-248,2.3196467181979497e-61,7.12957293299581e-05
2.719844357976654,2.004048558781069e-249,3.1921205303575965e-61,7.032711653210804e-05
2.7237354085603114,1.0764035240281344e-250,4.3910899379701233e-61,6.937166224558953e-05
2.727626459143969,5.738453952713681e-252,6.038109713050927e-61,6.84291877379348e-05
2.7315175097276265,3.036460324483327e-253,8.299755217647295e-61,6.749951670373981e-05
2.735408560311284,1.5947523113194519e-254,1.1404209442891257e-60,6.658247523172441e-05
2.7392996108949417,8.313268152413415e-256,1.5663928855370284e-60,6.567789177223886e-05
2.7431906614785992,4.30133490158279e-257,2.1506603859553246e-60,6.478559710521119e-05
2.747081712062257,2.2089589553974436e-258,2.951743299342637e-60,6.390542430852888e-05
2.7509727626459144,1.1259651643213493e-259,4.0496822910157223e-60,6.303720872684931e-05
2.754863813229572,5.696592869339582e-261,5.553911260377462e-60,6.218078794083316e-05
2.7587548638132295,2.8606078702071926e-262,7.613994107507367e-60,6.133600173679492e-05
2.762645914396887,1.4257861642725706e-263,1.0434262371422734e-59,6.050269207676495e-05
2.7665369649805447,7.053479079249403e-265,1.4293763300101943e-59,5.968070306895745e-05
2.7704280155642023,3.4634210223817475e-266,1.9573434448304039e-59,5.886988093863897e-05
2.77431906614786,1.6879520855218187e-267,2.6793108448974075e-59,5.807007399939199e-05
2.7782101167315174,8.165219422480761e-269,3.6661884489260276e-59,5.7281132624767745e-05
2.782101167315175,3.920383250318125e-270,5.0146668290118175e-59,5.650290922032444e-05
2.7859922178988326,1.868280623958194e-271,6.856539779471146e-59,5.573525819604372e-05
2.78988326848249,8.837076490077231e-273,9.371379654953422e-59,5.497803593912167e-05
2.7937743190661477,4.14885291082991e-274,1.2803764615208974e-58,5.423110078712877e-05
2.7976653696498053,1.9333050336617036e-275,1.7486683396543763e-58,5.349431300153385e-05
2.801556420233463,8.941814270966244e-277,2.387332053649292e-58,5.27675347415872e-05
2.8054474708171204,4.104911778811693e-278,3.25802061411703e-58,5.205063003855783e-05
2.809338521400778,1.8704018802819806e-279,4.444577087577592e-58,5.134346477032025e-05
2.8132295719844356,8.458998590333709e-281,6.0609775431217515e-58,5.064590663628585e-05
2.817120622568093,3.797133745039273e-282,8.26210144772471e-58,4.9957825132674436e-05
2.8210116731517507,1.6917872821132768e-283,1.1258330356669441e-57,4.92790915281211e-05
2.8249027237354083,7.481497531062286e-285,1.5335328009925205e-57,4.8609578839614066e-05
2.828793774319066,3.2838570058012765e-286,2.08808304823119e-57,4.794916180875887e-05
2.8326848249027234,1.4306482173785345e-287,2.8420916732064515e-57,4.7297716878364564e-05
2.8365758754863815,6.18634873197913e-289,3.8669095468848504e-57,4.665512216934755e-05
2.840466926070039,2.6551487563169225e-290,5.259271137005574e-57,4.602125745794871e-05
2.8443579766536966,1.1310875888263841e-291,7.150274673849574e-57,4.5396004153259697e-05
2.848249027237354,4.782517148304289e-293,9.71752140896525e-57,4.477924527505396e-05
2.8521400778210118,2.0071034363042402e-294,1.3201518950724396e-56,4.417086543191872e-05
2.8560311284046693,8.360570101304289e-296,1.7927837927159559e-56,4.35707507996835e-05
2.859922178988327,3.4566463614182504e-297,2.4337028342346248e-56,4.297878910014138e-05
2.8638132295719845,1.4184921214529244e-298,3.3024997613968157e-56,4.2394869580058935e-05
2.867704280155642,5.7776579236853994e-300,4.479748765927406e-56,4.181888299047102e-05
2.8715953307392996,2.3357676641099202e-301,6.0743545678651775e-56,4.125072156625639e-05
2.875486381322957,9.372606376621871e-303,8.233457258832032e-56,4.069027900599053e-05
2.8793774319066148,3.732880045457975e-304,1.1155780193536599e-55,4.013745045207182e-05
2.8832684824902723,1.4756406485077667e-305,1.510961082423106e-55,3.959213247111739e-05
2.88715953307393,5.789887232959575e-307,2.0457013172233058e-55,3.905422303462496e-05
2.8910505836575875,2.2548233326178214e-308,2.7686419039032063e-55,3.8523621499897164e-05
2.894941634241245,8.71581201663886e-310,3.745648046645614e-55,3.8000228591224415e-05
2.8988326848249026,3.3439217722526e-311,5.065505173786522e-55,3.7483946381323765e-05
2.9027237354085607,1.273377825585e-312,6.847849009490609e-55,3.697467827302889e-05
2.9066147859922182,4.812950292e-314,9.253823354466805e-55,3.647232898122925e-05
2.910505836575876,1.805586875e-315,1.2500398288376256e-54,3.597680451505358e-05
2.9143968871595334,6.7232354e-317,1.68795985302605e-54,3.548801216029589e-05
2.918287937743191,2.4848e-318,2.2784315818021795e-54,3.5005860462079546e-05
2.9221789883268485,9.115e-320,3.0742946353401557e-54,3.453025920775676e-05
2.926070038910506,3.32e-321,4.1465852563102527e-54,3.4061119410040095e-05
2.9299610894941637,1.2e-322,5.590766158410921e-54,3.359835329036299e-05
2.9338521400778212,5e-324,7.535076619116938e-54,3.3141874262466004e-05
2.937743190661479,0.0,1.0151720083874474e-53,3.2691596916205926e-05
2.9416342412451364,0.0,1.3671847720845506e-53,3.2247437001584596e-05
2.945525291828794,0.0,1.8405618127997355e-53,3.1809311412994526e-05
2.9494163424124515,0.0,2.4769042509862587e-53,3.1377138173678094e-05
2.953307392996109,0.0,3.331989670224951e-53,3.0950836420398254e-05
2.9571984435797667,0.0,4.480574374765271e-53,3.05303263883167e-05
2.9610894941634243,0.0,6.022812619366835e-53,3.0115529396077586e-05
2.964980544747082,0.0,8.09283394321061e-53,2.9706367831093695e-05
2.9688715953307394,0.0,1.0870199713474311e-52,2.930276513503226e-05
2.972762645914397,0.0,1.4595199439602481e-52,2.8904645789497832e-05
2.9766536964980546,0.0,1.9589265890001646e-52,2.8511935301909478e-05
2.980544747081712,0.0,2.628221143585565e-52,2.8124560191569717e-05
2.9844357976653697,0.0,3.524855070823592e-52,2.7742447975922504e-05
2.9883268482490273,0.0,4.725592210109324e-52,2.736552715699782e-05
2.992217898832685,0.0,6.332961317964498e-52,2.699372720804018e-05
2.9961089494163424,0.0,8.483851250274956e-52,2.6626978560318784e-05
3.0,0.0,1.1360955842122055e-51,2.6265212590116585e-05
3.0038910505836576,0.0,1.5208007390182718e-51,2.5908361605896136e-05
3.007782101167315,0.0,2.0350045028759718e-51,2.5556358835639378e-05
3.0116731517509727,0.0,2.722037166407274e-51,2.5209138414359756e-05
3.0155642023346303,0.0,3.639639280446206e-51,2.4866635371783434e-05
3.019455252918288,0.0,4.8647245281393456e-51,2.4528785620197955e-05
3.0233463035019454,0.0,6.4997069862499e-51,2.419552594246584e-05
3.027237354085603,0.0,8.680903351335714e-51,2.3866793980200866e-05
3.0311284046692606,0.0,1.1589686273590368e-50,2.3542528222104948e-05
3.035019455252918,0.0,1.5467283847210042e-50,2.3222667992463283e-05
3.0389105058365757,0.0,2.063440962095751e-50,2.290715343979574e-05
3.0428015564202333,0.0,2.7517289711885014e-50,2.2595925525662304e-05
3.046692607003891,0.0,3.668215836364876e-50,2.22889260136205e-05
3.0505836575875485,0.0,4.888095961215968e-50,2.198609745833278e-05
3.054474708171206,0.0,6.511187197220091e-50,2.1687383194821744e-05
3.058365758754864,0.0,8.669943282620069e-50,2.139272732787128e-05
3.0622568093385216,0.0,1.1540056837451652e-49,2.1102074721571618e-05
3.066147859922179,0.0,1.5354485046683253e-49,2.0815370989006283e-05
3.0700389105058368,0.0,2.042199569690117e-49,2.0532562482079146e-05
3.0739299610894943,0.0,2.7151680930133838e-49,2.025359628147953e-05
3.077821011673152,0.0,3.6085346437018804e-49,1.9978420186783623e-05
3.0817120622568095,0.0,4.794028960993139e-49,1.9706982706690264e-05
3.085603112840467,0.0,6.366577704924923e-49,1.943923304938931e-05
3.0894941634241246,0.0,8.451757961608984e-49,1.9175121113060795e-05
3.093385214007782,0.0,1.1215630042455792e-48,1.8914597476503076e-05
3.09727626459144,0.0,1.48777040606452e-48,1.865761338988826e-05
3.1011673151750974,0.0,1.9728032408527998e-48,1.8404120765643134e-05
3.105058365758755,0.0,2.6149732238446793e-48,1.8154072169453925e-05
3.1089494163424125,0.0,3.464865145971946e-48,1.790742081139322e-05
3.11284046692607,0.0,4.5892428822372125e-48,1.7664120537167354e-05
3.1167315175097277,0.0,6.076190288435038e-48,1.7424125819482645e-05
3.1206225680933852,0.0,8.041874772316743e-48,1.7187391749528924e-05
3.124513618677043,0.0,1.0639442268192121e-47,1.6953874028578535e-05
3.1284046692607004,0.0,1.4070710744808342e-47,1.672352895969974e-05
3.132295719844358,0.0,1.8601536754607924e-47,1.649631343958231e-05
3.1361867704280155,0.0,2.458200092483055e-47,1.6272184950474318e-05
3.140077821011673,0.0,3.2472913317254046e-47,1.6051101552228367e-05
3.1439688715953307,0.0,4.2880603833589166e-47,1.5833021874455835e-05
3.1478599221789882,0.0,5.660256968074701e-47,1.561790510878767e-05
3.151750972762646,0.0,7.468734481458943e-47,1.5405711001240264e-05
3.1556420233463034,0.0,9.851299189486714e-47,1.5196399844685017e-05
3.159533073929961,0.0,1.2988996936774043e-46,1.4989932471420174e-05
3.1634241245136185,0.0,1.7119589085722638e-46,1.478627024584349e-05
3.167315175097276,0.0,2.2555199601975074e-46,1.4585375057224463e-05
3.1712062256809337,0.0,2.97054153880726e-46,1.4387209312574678e-05
3.1750972762645913,0.0,3.910751326779192e-46,1.4191735929614991e-05
3.1789883268482493,0.0,5.146599689215931e-46,1.3998918329838226e-05
3.182879377431907,0.0,6.77042909393841e-46,1.380872043166608e-05
3.1867704280155644,0.0,8.903230462771497e-46,1.3621106643698952e-05
3.190661478599222,0.0,1.1703470186826027e-45,1.3436041858057474e-05
3.1945525291828796,0.0,1.5378617935574436e-45,1.325349144381442e-05
3.198443579766537,0.0,2.0200195769695173e-45,1.3073421240515874e-05
3.2023346303501947,0.0,2.652341654716932e-45,1.2895797551790346e-05
3.2062256809338523,0.0,3.481280118911354e-45,1.2720587139044688e-05
3.21011673151751,0.0,4.567558206650186e-45,1.2547757215245644e-05
3.2140077821011674,0.0,5.990524209566736e-45,1.2377275438785848e-05
3.217898832684825,0.0,7.853824299859162e-45,1.2209109907433116e-05
3.2217898832684826,0.0,1.0292790934984929e-44,1.2043229152361926e-05
3.22568093385214,0.0,1.3484061926233862e-44,1.1879602132265968e-05
3.2295719844357977,0.0,1.765809877135814e-44,1.1718198227550633e-05
3.2334630350194553,0.0,2.311547177825859e-44,1.1558987234604396e-05
3.237354085603113,0.0,3.02480371767996e-44,1.1401939360148016e-05
3.2412451361867705,0.0,3.956646504395457e-44,1.124702521566038e-05
3.245136186770428,0.0,5.173600867407886e-44,1.1094215811880262e-05
3.2490272373540856,0.0,6.762296468138152e-44,1.0943482553382554e-05
3.252918287937743,0.0,8.83549956026281e-44,1.079479723322826e-05
3.2568093385214008,0.0,1.153994207465924e-43,1.064813202768714e-05
3.2607003891050583,0.0,1.506647879476201e-43,1.0503459491032026e-05
3.264591439688716,0.0,1.966325978636789e-43,1.0360752550403845e-05
3.2684824902723735,0.0,2.565280654204834e-43,1.0219984500746388e-05
3.272373540856031,0.0,3.345414011115624e-43,1.0081128999809868e-05
3.2762645914396886,0.0,4.36114446886095e-43,9.944160063222356e-06
3.280155642023346,0.0,5.683118243466471e-43,9.80905205962814e-06
3.2840466926070038,0.0,7.403013259828128e-43,9.67577970589214e-06
3.2879377431906613,0.0,9.639754617832418e-43,9.54431806236943e-06
3.291828793774319,0.0,1.2547553244408027e-42,9.41464252823904e-06
3.2957198443579765,0.0,1.632629847986962e-42,9.286728836901124e-06
3.299610894941634,0.0,2.1234988662627186e-42,9.160553051436658e-06
3.3035019455252916,0.0,2.760908103226875e-42,9.036091560128741e-06
3.3073929961089497,0.0,3.588289595969365e-42,8.913321072044859e-06
3.3112840466926072,0.0,4.66185366496135e-42,8.792218612679088e-06
3.315175097276265,0.0,6.054320456849458e-42,8.672761519653396e-06
3.3190661478599224,0.0,7.859732921900486e-42,8.55492743847749e-06
3.32295719844358,0.0,1.0199662217206102e-41,8.438694318366166e-06
3.3268482490272375,0.0,1.3231205256412787e-41,8.324040408113496e-06
3.330739299610895,0.0,1.7157287969310027e-41,8.210944252023054e-06
3.3346303501945527,0.0,2.2239933839706398e-41,8.099384685893417e-06
3.3385214007782102,0.0,2.8817344469691593e-41,7.989340833058206e-06
3.342412451361868,0.0,3.7325878788803446e-41,7.880792100479907e-06
3.3463035019455254,0.0,4.832832479792392e-41,7.773718174896761e-06
3.350194552529183,0.0,6.2550251192337e-41,7.668099019021976e-06
3.3540856031128405,0.0,8.092672981854039e-41,7.563914867794597e-06
3.357976653696498,0.0,1.0466236426902737e-40,7.461146224681229e-06
3.3618677042801557,0.0,1.353083840115911e-40,7.359773858028117e-06
3.3657587548638133,0.0,1.7486161700503121e-40,7.2597787974626735e-06
3.369649805447471,0.0,2.258915001278189e-40,7.161142330343916e-06
3.3735408560311284,0.0,2.917030066402805e-40,7.063845998261136e-06
3.377431906614786,0.0,3.765455660634174e-40,6.967871593580119e-06
3.3813229571984436,0.0,4.858808550591269e-40,6.873201156036276e-06
3.385214007782101,0.0,6.267259145039194e-40,6.779816969374053e-06
3.3891050583657587,0.0,8.080926095265722e-40,6.687701558032e-06
3.3929961089494163,0.0,1.0415502647659994e-39,6.596837683872863e-06
3.396887159533074,0.0,1.3419457182255164e-39,6.507208342958086e-06
3.4007782101167314,0.0,1.7283244778935997e-39,6.418796762366142e-06
3.404669260700389,0.0,2.2251086868425716e-39,6.331586397054077e-06
3.4085603112840466,0.0,2.8636029041780194e-39,6.245560926761687e-06
3.412451361867704,0.0,3.6839181782217874e-39,6.160704252957742e-06
3.4163424124513617,0.0,4.737429649753366e-39,6.0770004958277225e-06
3.4202334630350193,0.0,6.089914403137662e-39,5.9944339913024e-06
3.424124513618677,0.0,7.825556288722494e-39,5.9129892881269e-06
3.428015564202335,0.0,1.0052055259648298e-38,5.8326511449694604e-06
3.4319066147859925,0.0,1.2907143297669377e-38,5.75340452756957e-06
3.43579766536965,0.0,1.6566890912620174e-38,5.6752346059247325e-06
3.4396887159533076,0.0,2.125629212735668e-38,5.598126751515551e-06
3.443579766536965,0.0,2.726274766989378e-38,5.522066534568453e-06
3.4474708171206228,0.0,3.495323320093562e-38,5.4470397213556176e-06
3.4513618677042803,0.0,4.4796151175309454e-38,5.373032271531568e-06
3.455252918287938,0.0,5.738913320041945e-38,5.300030335505963e-06
3.4591439688715955,0.0,7.349439944899866e-38,5.228020251852058e-06
3.463035019455253,0.0,9.408371165454832e-38,5.1569885447503855e-06
3.4669260700389106,0.0,1.2039550024021163e-37,5.086921921467158e-06
3.470817120622568,0.0,1.5400743418293745e-37,5.0178072698669285e-06
3.4747081712062258,0.0,1.969285720777504e-37,4.9496316559590075e-06
3.4785992217898833,0.0,2.517163321445267e-37,4.882382321477285e-06
3.482490272373541,0.0,3.216249075610028e-37,4.8160466814928575e-06
3.4863813229571985,0.0,4.107935069786276e-37,4.750612322059117e-06
3.490272373540856,0.0,5.244850133468405e-37,4.686066997888831e-06
3.4941634241245136,0.0,6.693884466862032e-37,4.622398630062769e-06
3.498054474708171,0.0,8.540021383986015e-37,4.559595303769473e-06
3.501945525291829,0.0,1.089118964839868e-36,4.497645266075713e-06
3.5058365758754864,0.0,1.3884405833425704e-36,4.436536923727248e-06
3.509727626459144,0.0,1.7693546624541405e-36,4.3762588409794485e-06
3.5136186770428015,0.0,2.253917973660956e-36,4.316799737457402e-06
3.517509727626459,0.0,2.8700993833438103e-36,4.25814848604508e-06
3.5214007782101167,0.0,3.653350839458281e-36,4.200294110803185e-06
3.5252918287937742,0.0,4.648592125029625e-36,4.143225784915282e-06
3.529182879377432,0.0,5.9127173743530564e-36,4.086932828661834e-06
3.5330739299610894,0.0,7.517759275751412e-36,4.031404707421762e-06
3.536964980544747,0.0,9.55488196687303e-36,3.976631029701121e-06
3.5408560311284045,0.0,1.2139417679773908e-35,3.922601545188635e-06
3.544747081712062,0.0,1.541721748428658e-35,3.86930614283756e-06
3.5486381322957197,0.0,1.9572655849545335e-35,3.816734848973657e-06
3.5525291828793772,0.0,2.4838715745623623e-35,3.7648778254288533e-06
3.5564202334630353,0.0,3.1509690077064863e-35,3.7137253677002522e-06
3.560311284046693,0.0,3.99571719201486e-35,3.6632679031341864e-06
3.5642023346303504,0.0,5.065017724658476e-35,3.613495989134877e-06
3.568093385214008,0.0,6.418045819552389e-35,3.5644003113974885e-06
3.5719844357976656,0.0,8.129433327993858e-35,3.5159716821651666e-06
3.575875486381323,0.0,1.0293269662168014e-34,3.4682010385097485e-06
3.5797665369649807,0.0,1.3028128815526774e-34,3.421079440635836e-06
3.5836575875486383,0.0,1.6483383159970565e-34,3.374598070207911e-06
3.587548638132296,0.0,2.0847130287265083e-34,3.3287482287001774e-06
3.5914396887159534,0.0,2.6356141088686646e-34,3.2835213357687955e-06
3.595330739299611,0.0,3.330833956166703e-34,3.23890892764629e-06
3.5992217898832686,0.0,4.207845250766397e-34,3.194902655557705e-06
3.603112840466926,0.0,5.313762657473679e-34,3.1514942841583162e-06
3.6070038910505837,0.0,6.707800874924841e-34,3.1086756899925513e-06
3.6108949416342413,0.0,8.464353404056963e-34,3.0664388599738524e-06
3.614785992217899,0.0,1.0676847268708981e-33,3.0247758898851896e-06
3.6186770428015564,0.0,1.3462567358517067e-33,2.983678982899943e-06
3.622568093385214,0.0,1.6968691922567043e-33,2.9431404481228837e-06
3.6264591439688716,0.0,2.1379840306603952e-33,2.9031526991509697e-06
3.630350194552529,0.0,2.692750813033344e-33,2.863708252653704e-06
3.6342412451361867,0.0,3.390185725631478e-33,2.8247997269727675e-06
3.6381322957198443,0.0,4.266644245907417e-33,2.786419840740686e-06
3.642023346303502,0.0,5.3676599050691174e-33,2.74856141151826e-06
3.6459143968871595,0.0,6.750239252756089e-33,2.711217354450504e-06
3.649805447470817,0.0,8.485725082621485e-33,2.6743806809408537e-06
3.6536964980544746,0.0,1.0663367222335993e-32,2.6380444973433596e-06
3.657587548638132,0.0,1.3394773990922963e-32,2.602202003672695e-06
3.6614785992217898,0.0,1.6819459340428784e-32,2.566846492331641e-06
3.6653696498054473,0.0,2.1111752654905713e-32,2.5319713468558896e-06
3.669260700389105,0.0,2.6489402557391607e-32,2.4975700406758834e-06
3.6731517509727625,0.0,3.322428581254665e-32,2.4636361358954874e-06
3.6770428015564205,0.0,4.1655731133349526e-32,2.4301632820872427e-06
3.680933852140078,0.0,5.220708987496226e-32,2.3971452151040124e-06
3.6848249027237356,0.0,6.540633673856158e-32,2.364575755906726e-06
3.688715953307393,0.0,8.19116705038219e-32,2.332448809408096e-06
3.692607003891051,0.0,1.0254331582651777e-31,2.3007583633320195e-06
3.6964980544747084,0.0,1.2832301257771167e-31,2.2694984870884825e-06
3.700389105058366,0.0,1.605230317411942e-31,2.2386633306637507e-06
3.7042801556420235,0.0,2.007269921232068e-31,2.2082471235256198e-06
3.708171206225681,0.0,2.509052892442444e-31,2.1782441735435785e-06
3.7120622568093387,0.0,3.135086103551961e-31,2.1486488659236015e-06
3.7159533073929962,0.0,3.91583826521549e-31,2.119455662157436e-06
3.719844357976654,0.0,4.889175597345367e-31,2.0906590989861554e-06
3.7237354085603114,0.0,6.102139637261637e-31,2.062253787377798e-06
3.727626459143969,0.0,7.613147852016438e-31,2.034234411518895e-06
3.7315175097276265,0.0,9.494716533301021e-31,2.0065957278196927e-06
3.735408560311284,0.0,1.1836828602023987e-30,1.979332563932903e-06
3.7392996108949417,0.0,1.4751097424264959e-30,1.9524398177857705e-06
3.7431906614785992,0.0,1.8375912751987055e-30,1.9259124566253004e-06
3.747081712062257,0.0,2.2882797933904662e-30,1.8997455160764536e-06
3.7509727626459144,0.0,2.8484260409993758e-30,1.8739340992131352e-06
3.754863813229572,0.0,3.544348242920635e-30,1.84847337564181e-06
3.7587548638132295,0.0,4.4086278631693836e-30,1.8233585805975642e-06
3.762645914396887,0.0,5.481584493709066e-30,1.79858501405245e-06
3.7665369649805447,0.0,6.813094314004681e-30,1.7741480398359328e-06
3.7704280155642023,0.0,8.464831269419532e-30,1.7500430847673157e-06
3.77431906614786,0.0,1.0513028142401412e-29,1.7262656377999204e-06
3.7782101167315174,0.0,1.305187677349025e-29,1.7028112491769129e-06
3.782101167315175,0.0,1.6197713731721073e-29,1.6796755295985925e-06
3.7859922178988326,0.0,2.009417083628663e-29,1.6568541494009955e-06
3.78988326848249,0.0,2.4918510434735682e-29,1.6343428377456577e-06
3.7937743190661477,0.0,3.0889414882071887e-29,1.6121373818203852e-06
3.7976653696498053,0.0,3.827656023087319e-29,1.5902336260508843e-06
3.801556420233463,0.0,4.741237815915245e-29,1.5686274713231008e-06
3.805447470817121,0.0,5.870650058043619e-29,1.547314874216123e-06
3.8093385214007784,0.0,7.266349178865041e-29,1.5262918462455199e-06
3.813229571984436,0.0,8.990460775347331e-29,1.5055544531169326e-06
3.8171206225680936,0.0,1.1119448660503987e-28,1.4850988139898353e-06
3.821011673151751,0.0,1.3747387487630664e-28,1.464921100751274e-06
3.8249027237354087,0.0,1.6989973853561843e-28,1.4450175372994991e-06
3.8287937743190663,0.0,2.098944057450389e-28,1.4253843988373066e-06
3.832684824902724,0.0,2.5920575115488306e-28,1.4060180111749908e-06
3.8365758754863815,0.0,3.199808733807439e-28,1.3869147500427677e-06
3.840466926070039,0.0,3.94856255067911e-28,1.3680710404125373e-06
3.8443579766536966,0.0,4.870680491861214e-28,1.3494833558288605e-06
3.848249027237354,0.0,6.00586930818677e-28,1.3311482177490284e-06
3.8521400778210118,0.0,7.4028292087122455e-28,1.3130621948920939e-06
3.8560311284046693,0.0,9.121267633294987e-28,1.2952219025967507e-06
3.859922178988327,0.0,1.1234358651085117e-27,1.2776240021879332e-06
3.8638132295719845,0.0,1.3831745405726465e-27,1.260265200352025e-06
3.867704280155642,0.0,1.7023204060411053e-27,1.2431422485205534e-06
3.8715953307392996,0.0,2.0943113210569217e-27,1.2262519422622585e-06
3.875486381322957,0.0,2.5755903671436885e-27,1.2095911206834226e-06
3.8793774319066148,0.0,3.166270105001014e-27,1.1931566658363467e-06
3.8832684824902723,0.0,3.890941894939175e-27,1.1769455021358543e-06
3.88715953307393,0.0,4.7796615685077955e-27,1.160954595783745e-06
3.8910505836575875,0.0,5.869149401524317e-27,1.1451809542010448e-06
3.894941634241245,0.0,7.204250400867514e-27,1.1296216254679806e-06
3.8988326848249026,0.0,8.839710669616153e-27,1.1142736977715628e-06
3.90272373540856,0.0,1.0842337406806215e-26,1.0991342988606713e-06
3.906614785992218,0.0,1.3293624349897575e-26,1.084200595508547e-06
3.9105058365758754,0.0,1.6292941686149504e-26,1.0694697929825836e-06
3.914396887159533,0.0,1.9961410252314222e-26,1.0549391345213252e-06
3.9182879377431905,0.0,2.4446604942340642e-26,1.040605900818568e-06
3.922178988326848,0.0,2.9928262529798813e-26,1.026467409514472e-06
3.926070038910506,0.0,3.662520564220505e-26,1.0125210146935856e-06
3.9299610894941637,0.0,4.480373866719379e-26,9.987641063896965e-07
3.9338521400778212,0.0,5.478782444851752e-26,9.851941100973962e-07
3.937743190661479,0.0,6.697141457024003e-26,9.718084862902903e-07
3.9416342412451364,0.0,8.183338302144747e-26,9.586047299457592e-07
3.945525291828794,0.0,9.995560570782936e-26,9.455803700761648e-07
3.9494163424124515,0.0,1.2204483977784787e-25,9.327329692664313e-07
3.953307392996109,0.0,1.4895919082921234e-25,9.200601232179087e-07
3.9571984435797667,0.0,1.817401172687318e-25,9.075594602984342e-07
3.9610894941634243,0.0,2.21651114815528e-25,8.952286410985042e-07
3.964980544747082,0.0,2.7022445682350687e-25,8.830653579934786e-07
3.9688715953307394,0.0,3.2931764547749656e-25,8.71067334711732e-07
3.972762645914397,0.0,4.0118156421894105e-25,8.592323259086735e-07
3.9766536964980546,0.0,4.885427240088698e-25,8.475581167465512e-07
3.980544747081712,0.0,5.947024784059366e-25,8.360425224799693e-07
3.9844357976653697,0.0,7.236566606427675e-25,8.246833880470343e-07
3.9883268482490273,0.0,8.802397886775225e-25,8.134785876660557e-07
3.992217898832685,0.0,1.070298813943177e-24,8.024260244377283e-07
3.9961089494163424,0.0,1.3009023828745377e-24,7.915236299527181e-07
4.0,0.0,1.5805927690294963e-24,7.807693639045752e-07
4.003891050583658,0.0,1.919689055572655e-24,7.701612137079183e-07
4.007782101167315,0.0,2.330651848102848e-24,7.59697194121793e-07
4.011673151750973,0.0,2.8285218298871564e-24,7.493753468781543e-07
4.01556420233463,0.0,3.431446899279721e-24,7.391937403153966e-07
4.019455252918288,0.0,4.161315528272305e-24,7.291504690168601e-07
4.023346303501945,0.0,5.0445174418572886e-24,7.192436534542511e-07
4.027237354085603,0.0,6.1128568472324834e-24,7.09471439635906e-07
4.031128404669261,0.0,7.404648366962551e-24,6.998319987598335e-07
4.035019455252918,0.0,8.966031701921959e-24,6.903235268714724e-07
4.038910505836576,0.0,1.0852548047199347e-23,6.809442445260975e-07
4.042801556420233,0.0,1.3131029619456823e-23,6.71692396455813e-07
4.046692607003891,0.0,1.5881863579180412e-23,6.62566251241071e-07
4.0505836575875485,0.0,1.9201703444052918e-23,6.535641009866515e-07
4.054474708171206,0.0,2.3206715143537178e-23,6.446842610020456e-07
4.058365758754864,0.0,2.80364615778263e-23,6.359250694861823e-07
4.062256809338521,0.0,3.3858549411461297e-23,6.27284887216433e-07
4.066147859922179,0.0,4.087418543844141e-23,6.187620972418523e-07
4.070038910505836,0.0,4.9324817893645485e-23,6.103551045805754e-07
4.073929961089494,0.0,5.950007137275438e-23,6.020623359213336e-07
4.0778210116731515,0.0,7.174722352580922e-23,5.938822393290217e-07
4.081712062256809,0.0,8.648251854901841e-23,5.858132839542682e-07
4.085603112840467,0.0,1.042046680620242e-22,5.778539597469504e-07
4.089494163424124,0.0,1.255109558123047e-22,5.700027771736004e-07
4.093385214007782,0.0,1.5111644066824616e-22,5.62258266938654e-07
4.097276264591439,0.0,1.8187684475608665e-22,5.546189797094829e-07
4.101167315175097,0.0,2.1881582296550623e-22,5.47083485845166e-07
4.1050583657587545,0.0,2.6315743945858127e-22,5.396503751289441e-07
4.108949416342412,0.0,3.1636482987475065e-22,5.323182565043095e-07
4.11284046692607,0.0,3.801862088753037e-22,5.250857578146823e-07
4.116731517509727,0.0,4.567095965076533e-22,5.17951525546623e-07
4.120622568093385,0.0,5.48427889462264e-22,5.109142245765343e-07
4.124513618677042,0.0,6.583162015413942e-22,5.039725379208014e-07
4.1284046692607,0.0,7.8992374966198975e-22,4.971251664893341e-07
4.1322957198443575,0.0,9.474829769879983e-22,4.903708288424497e-07
4.136186770428015,0.0,1.1360390944955206e-21,4.837082609510638e-07
4.140077821011673,0.0,1.3616037995150168e-21,4.771362159601369e-07
4.14396887159533,0.0,1.6313376099258261e-21,4.706534639553365e-07
4.147859922178988,0.0,1.953766053699404e-21,4.6425879173286875e-07
4.151750972762645,0.0,2.339035896487231e-21,4.5795100257243707e-07
4.155642023346303,0.0,2.799218699619724e-21,4.5172891601328616e-07
4.1595330739299605,0.0,3.3486703061295245e-21,4.4559136763328825e-07
4.163424124513618,0.0,4.00445638705211e-21,4.395372088310312e-07
4.167315175097276,0.0,4.786855983836806e-21,4.3356530661086677e-07
4.171206225680933,0.0,5.719957101452881e-21,4.276745433708803e-07
4.175097276264592,0.0,6.832360894710909e-21,4.2186381669373917e-07
4.178988326848249,0.0,8.158013910525319e-21,4.1613203914038755e-07
4.182879377431907,0.0,9.737191274971253e-21,4.104781380465366e-07
4.186770428015564,0.0,1.1617657731950391e-20,4.0490105532192683e-07
4.190661478599222,0.0,1.385603815033586e-20,3.993997472523139e-07
4.19455252918288,0.0,1.65194346354352e-20,3.939731843041465e-07
4.198443579766537,0.0,1.9687333844675165e-20,3.886203509318966e-07
4.202334630350195,0.0,2.3453855675171536e-20,3.8334024538800867e-07
4.206225680933852,0.0,2.79304033469538e-20,3.781318795354303e-07
4.21011673151751,0.0,3.324878526497471e-20,3.7299427866269006e-07
4.214007782101167,0.0,3.956489115559891e-20,3.6792648130148823e-07
4.217898832684825,0.0,4.706301912969132e-20,3.6292753904676517e-07
4.221789883268483,0.0,5.596096686248875e-20,3.579965163792149e-07
4.22568093385214,0.0,6.65160193925082e-20,3.5313249049020986e-07
4.229571984435798,0.0,7.903198858344508e-20,3.483345511091051e-07
4.233463035019455,0.0,9.386748559313292e-20,3.436018003328857e-07
4.237354085603113,0.0,1.114456383656062e-19,3.3893335245813483e-07
4.2412451361867705,0.0,1.3226550191744974e-19,3.3432833381527873e-07
4.245136186770428,0.0,1.5691545085244285e-19,3.2978588260508676e-07
4.249027237354086,0.0,1.8608889206407207e-19,3.253051487373922e-07
4.252918287937743,0.0,2.206026920799752e-19,3.208852936720045e-07
4.256809338521401,0.0,2.6141877924594253e-19,3.165254902617826e-07
4.260700389105058,0.0,3.0966945742091e-19,3.1222492259784113e-07
4.264591439688716,0.0,3.666870567714042e-19,3.0798278585685856e-07
4.2684824902723735,0.0,4.340386505937803e-19,3.0379828615046115e-07
4.272373540856031,0.0,5.135666871431313e-19,2.996706403766525e-07
4.276264591439689,0.0,6.074365248502777e-19,2.9559907607326185e-07
4.280155642023346,0.0,7.181920211125212e-19,2.915828312733836e-07
4.284046692607004,0.0,8.488205125676469e-19,2.87621154362781e-07
4.287937743190661,0.0,1.0028287424620335e-18,2.837133039392271e-07
4.291828793774319,0.0,1.1843315430794369e-18,2.7985854867375726e-07
4.2957198443579765,0.0,1.3981553735964726e-18,2.7605616717380445e-07
4.299610894941634,0.0,1.649959152380121e-18,2.723054478481989e-07
4.3035019455252925,0.0,1.9463752147871054e-18,2.686056887739962e-07
4.30739299610895,0.0,2.295173681183601e-18,2.6495619756512194e-07
4.311284046692608,0.0,2.7054540446342616e-18,2.6135629124279077e-07
4.315175097276265,0.0,3.18786839437484e-18,2.5780529610769615e-07
4.319066147859923,0.0,3.754881392277374e-18,2.543025476139311e-07
4.32295719844358,0.0,4.421072929377734e-18,2.508473902446235e-07
4.326848249027238,0.0,5.203490324629663e-18,2.47439177389261e-07
4.3307392996108955,0.0,6.122058007267998e-18,2.440772712226822e-07
4.334630350194553,0.0,7.200053869173713e-18,2.4076104258571276e-07
4.338521400778211,0.0,8.464662909271236e-18,2.374898708674228e-07
4.342412451361868,0.0,9.947620446716285e-18,2.3426314388898265e-07
4.346303501945526,0.0,1.1685959086042072e-17,2.3108025778910043e-07
4.350194552529183,0.0,1.3722875812838027e-17,2.2794061691101212e-07
4.354085603112841,0.0,1.6108738125631736e-17,2.2484363369100894e-07
4.357976653696499,0.0,1.8902251017258026e-17,2.217887285484793e-07
4.361867704280156,0.0,2.2171809962951332e-17,2.1877532977744408e-07
4.365758754863814,0.0,2.5997068916460893e-17,2.1580287343956627e-07
4.369649805447471,0.0,3.0470756732507794e-17,2.1287080325861377e-07
4.373540856031129,0.0,3.57007805070169e-17,2.099785705163562e-07
4.377431906614786,0.0,4.1812660150654194e-17,2.071256339498762e-07
4.381322957198444,0.0,4.8952345194446684e-17,2.043114596502762e-07
4.385214007782102,0.0,5.728947249202921e-17,2.015355209627606e-07
4.389105058365759,0.0,6.702113227183004e-17,1.9879729838807653e-07
4.392996108949417,0.0,7.837622006435442e-17,1.96096279485293e-07
4.396887159533074,0.0,9.162046356675317e-17,1.934319587759013e-07
4.400778210116732,0.0,1.0706222671638852e-16,1.9080383764921842e-07
4.404669260700389,0.0,1.2505920836276164e-16,1.8821142426907433e-07
4.408560311284047,0.0,1.460261702208818e-16,1.8565423348177027e-07
4.412451361867705,0.0,1.7044384856324742e-16,1.8313178672528437e-07
4.416342412451362,0.0,1.9886922670776137e-16,1.8064361193971233e-07
4.42023346303502,0.0,2.3194737117729245e-16,1.7818924347892467e-07
4.424124513618677,0.0,2.704250638883691e-16,1.7576822202342449e-07
4.428015564202335,0.0,3.1516649637616454e-16,1.733800944943887e-07
4.4319066147859925,0.0,3.671713304525382e-16,1.7102441396887784e-07
4.43579766536965,0.0,4.2759547347122983e-16,1.6870073959619724e-07
4.439688715953308,0.0,4.977749662730533e-16,1.6640863651539498e-07
4.443579766536965,0.0,5.792534387342521e-16,1.641476757738807e-07
4.447470817120623,0.0,6.73813652582194e-16,1.6191743424714997e-07
4.45136186770428,0.0,7.83513724836149e-16,1.5971749455959956e-07
4.455252918287938,0.0,9.1072870907675e-16,1.575474450064184e-07
4.4591439688715955,0.0,1.0581983071013523e-15,1.5540687947654012e-07
4.463035019455253,0.0,1.2290815919136641e-15,1.5329539737664115e-07
4.466926070038911,0.0,1.427019746151494e-15,1.5121260355617386e-07
4.470817120622568,0.0,1.656207959923189e-15,1.4915810823341598e-07
4.474708171206226,0.0,1.921477790796413e-15,1.471315269225257e-07
4.478599221789883,0.0,2.228391468835722e-15,1.4513248036158788e-07
4.482490272373541,0.0,2.583349833902651e-15,1.4316059444163766e-07
4.4863813229571985,0.0,2.9937158240493138e-15,1.412155001366486e-07
4.490272373540856,0.0,3.4679556962803308e-15,1.392968334344719e-07
4.494163424124514,0.0,4.015800458194354e-15,1.3740423526871404e-07
4.498054474708171,0.0,4.648430325503303e-15,1.3553735145153993e-07
4.501945525291829,0.0,5.378685401171044e-15,1.33695832607389e-07
4.505836575875486,0.0,6.221306202536512e-15,1.3187933410759196e-07
4.509727626459144,0.0,7.193208149597464e-15,1.3008751600587593e-07
4.5136186770428015,0.0,8.313794677706573e-15,1.2832004297474566e-07
4.517509727626459,0.0,9.605314259204717e-15,1.265765842427293e-07
4.521400778210117,0.0,1.109326731987666e-14,1.2485681353247702e-07
4.525291828793774,0.0,1.2806869827514675e-14,1.231604089996994e-07
4.529182879377432,0.0,1.4779581222461837e-14,1.2148705317293786e-07
4.533073929961089,0.0,1.7049705366243604e-14,1.1983643289415105e-07
4.536964980544747,0.0,1.96610743182243e-14,1.1820823926010967e-07
4.5408560311284045,0.0,2.2663826027223745e-14,1.1660216756458727e-07
4.544747081712062,0.0,2.6115288462601937e-14,1.1501791724133656e-07
4.54863813229572,0.0,3.0080984326898174e-14,1.1345519180784033e-07
4.552529182879377,0.0,3.463577231137117e-14,1.1191369880982689e-07
4.556420233463035,0.0,3.986514290091647e-14,1.1039314976653926e-07
4.560311284046692,0.0,4.586668903278834e-14,1.0889326011674695e-07
4.56420233463035,0.0,5.2751774494356175e-14,1.0741374916549444e-07
4.5680933852140075,0.0,6.064742584222012e-14,1.05954340031568e-07
4.571984435797665,0.0,6.969847687562092e-14,1.0451475959568229e-07
4.575875486381323,0.0,8.006999834259563e-14,1.0309473844936482e-07
4.57976653696498,0.0,9.195004964378502e-14,1.016940108445411e-07
4.583657587548638,0.0,1.0555279387733194e-13,1.0031231464379844e-07
4.587548638132295,0.0,1.2112202269572298e-13,9.894939127133176e-08
4.591439688715953,0.0,1.3893514318475658e-13,9.760498566454985e-08
4.595330739299611,0.0,1.5930768539600841e-13,9.627884622634507e-08
4.599221789883268,0.0,1.8259839634476843e-13,9.497072477800561e-08
4.603112840466926,0.0,2.092149943113623e-13,9.368037651277338e-08
4.607003891050583,0.0,2.3962066625021887e-13,9.240755995002726e-08
4.610894941634241,0.0,2.7434140112339586e-13,9.115203689009427e-08
4.614785992217898,0.0,3.1397426315002826e-13,8.991357236966976e-08
4.618677042801556,0.0,3.591967214292842e-13,8.869193461784654e-08
4.622568093385214,0.0,4.1077716629424573e-13,8.748689501274145e-08
4.626459143968871,0.0,4.695867582450902e-13,8.6298228038708e-08
4.630350194552529,0.0,5.366127725656238e-13,8.512571124413517e-08
4.634241245136186,0.0,6.129736219392217e-13,8.396912519981452e-08
4.638132295719844,0.0,6.999357607598954e-13,8.282825345787786e-08
4.642023346303501,0.0,7.98932698614199e-13,8.170288251128813e-08
4.645914396887159,0.0,9.1158637684662e-13,8.05928017538852e-08
4.649805447470817,0.0,1.0397311914970643e-12,7.949780344097007e-08
4.653696498054474,0.0,1.1854409785246386e-12,7.841768265042905e-08
4.657587548638132,0.0,1.351059313448548e-12,7.735223724438162e-08
4.661478599221789,0.0,1.539233517719847e-12,7.630126783135396e-08
4.665369649805447,0.0,1.7529528086986868e-12,7.526457772896186e-08
4.6692607003891045,0.0,1.9955910795032183e-12,7.424197292710501e-08
4.673151750972763,0.0,2.2709548497142734e-12,7.32332620516573e-08
4.6770428015564205,0.0,2.5833369885076535e-12,7.223825632865407e-08
4.680933852140078,0.0,2.937576878841213e-12,7.125676954896352e-08
4.684824902723736,0.0,3.339127765494562e-12,7.028861803343823e-08
4.688715953307393,0.0,3.794132111765903e-12,6.933362059854243e-08
4.692607003891051,0.0,4.309505880247329e-12,6.839159852244273e-08
4.696498054474708,0.0,4.893032753184452e-12,6.746237551156345e-08
4.700389105058366,0.0,5.553469418408702e-12,6.654577766759249e-08
4.7042801556420235,0.0,6.30066316872906e-12,6.564163345493926e-08
4.708171206225681,0.0,7.145683197094867e-12,6.4749773668631e-08
4.712062256809339,0.0,8.100967118001307e-12,6.387003140264911e-08
4.715953307392996,0.0,9.180484408824916e-12,6.300224201869182e-08
4.719844357976654,0.0,1.0399918644482541e-11,6.214624311536503e-08
4.723735408560311,0.0,1.177687059656641e-11,6.130187449778842e-08
4.727626459143969,0.0,1.3331084485619187e-11,6.04689781476166e-08
4.7315175097276265,0.0,1.508469991432443e-11,5.96473981934677e-08
4.735408560311284,0.0,1.706253227210225e-11,5.883698088175149e-08
4.739299610894942,0.0,1.9292384690098456e-11,5.803757454789712e-08
4.743190661478599,0.0,2.1805394942194177e-11,5.724902958796833e-08
4.747081712062257,0.0,2.4636421035006297e-11,5.6471198430667755e-08
4.750972762645914,0.0,2.7824469610665992e-11,5.5703935509718245e-08
4.754863813229572,0.0,3.1413171703453844e-11,5.4947097236622634e-08
4.7587548638132295,0.0,3.54513108483859e-11,5.420054197379056e-08
4.762645914396887,0.0,3.999340904008939e-11,5.346413000803339e-08
4.766536964980545,0.0,4.510037658757277e-11,5.273772352441628e-08
4.770428015564202,0.0,5.084023250887372e-11,5.202118658046851e-08
4.77431906614786,0.0,5.728890276348028e-11,5.131438508074121e-08
4.778210116731517,0.0,6.453110433460182e-11,5.061718675171372e-08
4.782101167315175,0.0,7.266132395298027e-11,4.992946111703802e-08
4.785992217898833,0.0,8.178490110444827e-11,4.925107947312231e-08
4.78988326848249,0.0,9.201922589083142e-11,4.858191486504373e-08
4.793774319066148,0.0,1.0349506332441219e-10,4.792184206279008e-08
4.797665369649805,0.0,1.1635801673687652e-10,4.727073753782435e-08
4.801556420233464,0.0,1.3077014418179875e-10,4.662847943996574e-08
4.805447470817121,0.0,1.469117430131492e-10,4.5994947574588217e-08
4.809338521400779,0.0,1.6498331923957365e-10,4.5370023380124524e-08
4.8132295719844365,0.0,1.8520775979407186e-10,4.47535899058801e-08
4.817120622568094,0.0,2.0783272753127507e-10,4.414553179014505e-08
4.821011673151752,0.0,2.33133300579693e-10,4.3545735238606193e-08
4.824902723735409,0.0,2.6141487964542366e-10,4.295408800304995e-08
4.828793774319067,0.0,2.930163889984872e-10,4.2370479360357004e-08
4.832684824902724,0.0,3.283137991858301e-10,4.179480009178013e-08
4.836575875486382,0.0,3.677240020194223e-10,4.1226942462505033e-08
4.8404669260700395,0.0,4.1170907109806935e-10,4.066680020148891e-08
4.844357976653697,0.0,4.607809440526533e-10,4.0114268481571474e-08
4.848249027237355,0.0,5.155065658725906e-10,3.956924389985837e-08
4.852140077821012,0.0,5.765135360934726e-10,3.903162445836883e-08
4.85603112840467,0.0,6.444963063201687e-10,3.850130954494852e-08
4.859922178988327,0.0,7.202229785453122e-10,3.7978199914439497e-08
4.863813229571985,0.0,8.045427590203873e-10,3.7462197670108234e-08
4.8677042801556425,0.0,8.983941270670056e-10,3.6953206245323723e-08
4.8715953307393,0.0,1.0028137832020474e-09,3.645113038548677e-08
4.875486381322958,0.0,1.1189464463161349e-09,3.595587613020258e-08
4.879377431906615,0.0,1.2480555754154078e-09,3.5467350795697756e-08
4.883268482490273,0.0,1.3915350976386477e-09,3.4985462957474066e-08
4.88715953307393,0.0,1.5509222309228902e-09,3.451012243319993e-08
4.891050583657588,0.0,1.7279114968405319e-09,3.404124026583238e-08
4.8949416342412455,0.0,1.9243700267998748e-09,3.357872870697028e-08
4.898832684824903,0.0,2.1423542730217242e-09,3.312250120043192e-08
4.902723735408561,0.0,2.3841282445102856e-09,3.267247236605695e-08
4.906614785992218,0.0,2.652183397662829e-09,3.222855798372834e-08
4.910505836575876,0.0,2.9492603212459085e-09,3.179067497761032e-08
4.914396887159533,0.0,3.278372366244753e-09,3.135874140060217e-08
4.918287937743191,0.0,3.6428313826067152e-09,3.0932676419001456e-08
4.9221789883268485,0.0,4.046275737190637e-09,3.051240029737735e-08
4.926070038910506,0.0,4.492700800344913e-09,3.0097834383647807e-08
4.929961089494164,0.0,4.986492102512231e-09,2.9688901094361194e-08
4.933852140077821,0.0,5.532461377144656e-09,2.9285523900176124e-08
4.937743190661479,0.0,6.1358857220563106e-09,2.8887627311540383e-08
4.941634241245136,0.0,6.802550128191622e-09,2.8495136864562663e-08
4.945525291828794,0.0,7.538793642695032e-09,2.8107979107077934e-08
4.9494163424124515,0.0,8.351559452184975e-09,2.7726081584900525e-08
4.953307392996109,0.0,9.248449192314227e-09,2.734937282826558e-08
4.957198443579767,0.0,1.0237781811093842e-08,2.697778233845325e-08
4.961089494163424,0.0,1.1328657336123801e-08,2.6611240574595583e-08
4.964980544747082,0.0,1.253102591986789e-08,2.624967894066269e-08
4.968871595330739,0.0,1.3855762562486854e-08,2.5893029772624744e-08
4.972762645914397,0.0,1.5314747938563745e-08,2.5541226325789835e-08
4.976653696498055,0.0,1.6920955782372433e-08,2.5194202762312383e-08
4.980544747081712,0.0,1.8688547316215975e-08,2.4851894138872735e-08
4.98443579766537,0.0,2.0632973237850317e-08,2.4514236394522694e-08
4.988326848249027,0.0,2.2771083816172337e-08,2.4181166338697625e-08
4.992217898832685,0.0,2.5121247679241143e-08,2.3852621639390043e-08
4.996108949416342,0.0,2.7703479915380327e-08,2.3528540811485248e-08
5.0,0.0,3.0539580146624466e-08,2.3208863205254105e-08
5.003891050583658,0.0,3.365328127418566e-08,2.2893528995003477e-08
5.007782101167315,0.0,3.707040963796905e-08,2.2582479167879568e-08
5.011673151750973,0.0,4.0819057376517896e-08,2.2275655512824702e-08
5.01556420233463,0.0,4.492976782015334e-08,2.1973000609682815e-08
5.019455252918288,0.0,4.943573479854715e-08,2.1674457818454283e-08
5.023346303501945,0.0,5.437301679455188e-08,2.1379971268695554e-08
5.027237354085603,0.0,5.978076692886014e-08,2.1089485849063573e-08
5.031128404669261,0.0,6.570147981498681e-08,2.080294719700225e-08
5.035019455252918,0.0,7.21812563812059e-08,2.052030168856834e-08
5.038910505836576,0.0,7.927008781542238e-08,2.0241496428396656e-08
5.042801556420233,0.0,8.702215985055277e-08,1.9966479239800406e-08
5.046692607003891,0.0,9.549617867180238e-08,1.9695198655007275e-08
5.0505836575875485,0.0,1.0475571979328066e-07,1.9427603905526958e-08
5.054474708171206,0.0,1.1486960131964432e-07,1.916364491265071e-08
5.058365758754864,0.0,1.259122830789071e-07,1.8903272278078906e-08
5.062256809338521,0.0,1.3796429318512713e-07,1.8646437274676953e-08
5.066147859922179,0.0,1.5111268366436884e-07,1.8393091837355815e-08
5.070038910505836,0.0,1.6545151685403959e-07,1.8143188554077437e-08
5.073929961089494,0.0,1.8108238436435543e-07,1.7896680656981368e-08
5.0778210116731515,0.0,1.981149604712117e-07,1.765352201363295e-08
5.081712062256809,0.0,2.1666759189199961e-07,1.7413667118389487e-08
5.085603112840467,0.0,2.368679259797916e-07,1.717707108388432e-08
5.089494163424124,0.0,2.5885357945668727e-07,1.694368963262665e-08
5.093385214007782,0.0,2.82772849893783e-07,1.671347908871481e-08
5.097276264591439,0.0,3.0878547223303167e-07,1.6486396369663115e-08
5.101167315175097,0.0,3.370634227349726e-07,1.6262398978338732e-08
5.1050583657587545,0.0,3.677917728257289e-07,1.604144499500911e-08
5.108949416342412,0.0,4.011695954064962e-07,1.582349306949647e-08
5.1128404669260705,0.0,4.3741092627875814e-07,1.5608502413439794e-08
5.116731517509728,0.0,4.767457834282434e-07,1.5396432792661297e-08
5.120622568093386,0.0,5.194212470001602e-07,1.518724451963697e-08
5.124513618677043,0.0,5.657026028864845e-07,1.498089844606909e-08
5.128404669260701,0.0,6.158745529335884e-07,1.4777355955560231e-08
5.132295719844358,0.0,6.702424948639799e-07,1.4576578956386079e-08
5.136186770428016,0.0,7.291338750894249e-07,1.4378529874366942e-08
5.1400778210116735,0.0,7.928996176736307e-07,1.418317164583616e-08
5.143968871595331,0.0,8.619156327804174e-07,1.3990467710703482e-08
5.147859922178989,0.0,9.365844080174294e-07,1.3800382005613503e-08
5.151750972762646,0.0,1.017336686155225e-06,1.3612878957196206e-08
5.155642023346304,0.0,1.104633232766604e-06,1.3427923475410043e-08
5.159533073929961,0.0,1.1989666973904018e-06,1.3245480946974637e-08
5.163424124513619,0.0,1.3008635718772034e-06,1.3065517228893536e-08
5.167315175097277,0.0,1.4108862496206461e-06,1.288799864206416e-08
5.171206225680934,0.0,1.5296351894165562e-06,1.2712891964975348e-08
5.175097276264592,0.0,1.6577511877220781e-06,1.2540164427489786e-08
5.178988326848249,0.0,1.7959177631077417e-06,1.2369783704711652e-08
5.182879377431907,0.0,1.944863656705766e-06,1.2201717910936843e-08
5.186770428015564,0.0,2.1053654524573044e-06,1.2035935593686118e-08
5.190661478599222,0.0,2.2782503209485986e-06,1.1872405727818662e-08
5.19455252918288,0.0,2.4643988906004075e-06,1.1711097709726042e-08
5.198443579766537,0.0,2.664748249935236e-06,1.1551981351605076e-08
5.202334630350195,0.0,2.880295084592397e-06,1.1395026875808058e-08
5.206225680933852,0.0,3.1120989526900615e-06,1.1240204909270404e-08
5.21011673151751,0.0,3.361285702045664e-06,1.1087486478013327e-08
5.214007782101167,0.0,3.629051032660029e-06,1.0936843001721861e-08
5.217898832684825,0.0,3.916664207745201e-06,1.0788246288395916e-08
5.221789883268483,0.0,4.22547191643026e-06,1.0641668529074636e-08
5.22568093385214,0.0,4.55690229111217e-06,1.0497082292631809e-08
5.229571984435798,0.0,4.912469082228759e-06,1.0354460520642606e-08
5.233463035019455,0.0,5.2937759930172774e-06,1.021377652231947e-08
5.237354085603113,0.0,5.70252117658334e-06,1.007500396951739e-08
5.2412451361867705,0.0,6.1405018973405465e-06,9.938116891806467e-09
5.245136186770428,0.0,6.609619358589199e-06,9.803089671611988e-09
5.249027237354086,0.0,7.111883697682789e-06,9.669897039420007e-09
5.252918287937743,0.0,7.649419149881603e-06,9.538514069048426e-09
5.256809338521401,0.0,8.22446938161343e-06,9.408916172982312e-09
5.260700389105058,0.0,8.839402993450738e-06,9.281079097772253e-09
5.264591439688716,0.0,9.496719192670753e-06,9.154978919495753e-09
5.2684824902723735,0.0,1.0199053634788922e-05,9.030592039279744e-09
5.272373540856031,0.0,1.0949184432946866e-05,8.907895178884467e-09
5.276264591439689,0.0,1.1750038333490929e-05,8.786865376346836e-09
5.280155642023346,0.0,1.2604697055498712e-05,8.667479981683508e-09
5.284046692607004,0.0,1.3516403791394729e-05,8.549716652651817e-09
5.287937743190661,0.0,1.4488569865145267e-05,8.433553350568818e-09
5.291828793774319,0.0,1.5524781543834026e-05,8.318968336186629e-09
5.2957198443579765,0.0,1.66288069976946e-05,8.205940165624323e-09
5.299610894941634,0.0,1.7804603402914244e-05,8.094447686354582e-09
5.303501945525292,0.0,1.9056324180723493e-05,7.98447003324538e-09
5.307392996108949,0.0,2.0388326365450773e-05,7.875986624654961e-09
5.311284046692607,0.0,2.180517809334813e-05,7.76897715858035e-09
5.315175097276264,0.0,2.331166620308585e-05,7.66342160885775e-09
5.319066147859922,0.0,2.491280393787e-05,7.559300221414867e-09
5.3229571984435795,0.0,2.661383873815818e-05,7.456593510574124e-09
5.326848249027237,0.0,2.842026011293702e-05,7.3552822554058596e-09
5.330739299610895,0.0,3.0337807576481126e-05,7.255347496131456e-09
5.334630350194552,0.0,3.23724786364379e-05,7.156770530574925e-09
5.33852140077821,0.0,3.453053681797889e-05,7.059532910663119e-09
5.342412451361867,0.0,3.6818519707627484e-05,6.963616438973085e-09
5.346303501945525,0.0,3.924324699921605e-05,6.869003165326727e-09
5.3501945525291825,0.0,4.181182852324719e-05,6.7756753834313445e-09
5.35408560311284,0.0,4.453167223973501e-05,6.683615627566206e-09
5.357976653696499,0.0,4.741049217338669e-05,6.592806669313752e-09
5.361867704280156,0.0,5.045631626874997e-05,6.503231514335569e-09
5.365758754863814,0.0,5.367749414172613e-05,6.414873399191937e-09
5.369649805447471,0.0,5.708270470257669e-05,6.3277157882045815e-09
5.373540856031129,0.0,6.068096362432507e-05,6.241742370362286e-09
5.377431906614786,0.0,6.448163062919107e-05,6.156937056268205e-09
5.381322957198444,0.0,6.84944165644574e-05,6.073283975129012e-09
5.385214007782102,0.0,7.272939023793401e-05,5.990767471784601e-09
5.389105058365759,0.0,7.71969849819662e-05,5.909372103778495e-09
5.392996108949417,0.0,8.190800491373876e-05,5.829082638467714e-09
5.396887159533074,0.0,8.687363085845355e-05,5.749884050172245e-09
5.400778210116732,0.0,9.210542590082237e-05,5.67176151736292e-09
5.404669260700389,0.0,9.761534052921251e-05,5.594700419887813e-09
5.408560311284047,0.0,0.00010341571733572713,5.518686336236013e-09
5.412451361867705,0.0,0.00010951929523449486,5.443705040838888e-09
5.416342412451362,0.0,0.00011593921315949295,5.369742501407692e-09
5.42023346303502,0.0,0.0001226890132023421,5.296784876307672e-09
5.424124513618677,0.0,0.00012978264314969507,5.224818511967556e-09
5.428015564202335,0.0,0.00013723445837910355,5.153829940324422e-09
5.4319066147859925,0.0,0.0001450592230715951,5.0838058763032975e-09
5.43579766536965,0.0,0.00015327211069862803,5.014733215330804e-09
5.439688715953308,0.0,0.00016188870374063335,4.946599030882867e-09
5.443579766536965,0.0,0.0001709249925939963,4.87939057206545e-09
5.447470817120623,0.0,0.00018039737362308806,4.813095261228443e-09
5.45136186770428,0.0,0.00019032264631383932,4.747700691611701e-09
5.455252918287938,0.0,0.00020071800948535617,4.683194625023323e-09
5.4591439688715955,0.0,0.000211601056516222,4.619564989549224e-09
5.463035019455253,0.0,0.00022298976954241795,4.556799877294073e-09
5.466926070038911,0.0,0.00023490251258423094,4.4948875421526835e-09
5.470817120622568,0.0,0.00024735802356011034,4.433816397611926e-09
5.474708171206226,0.0,0.00026037540514619326,4.373575014582253e-09
5.478599221789883,0.0,0.00027397411444114023,4.314152119258949e-09
5.482490272373541,0.0,0.00028817395139702656,4.255536591012191e-09
5.4863813229571985,0.0,0.0003029950459783119,4.1977174603059416e-09
5.490272373540856,0.0,0.00031845784401237585,4.140683906645113e-09
5.494163424124514,0.0,0.0003345830916967673,4.084425256550472e-09
5.498054474708171,0.0,0.00035139181873015794,4.028930981561279e-09
5.501945525291829,0.0,0.0003689053200360406,3.974190696264846e-09
5.505836575875486,0.0,0.0003871451360504625,3.920194156353072e-09
5.509727626459144,0.0,0.00040613303154752944,3.866931256705176e-09
5.5136186770428015,0.0,0.00042589097297907194,3.814392029496703e-09
5.517509727626459,0.0,0.0004464411043077296,3.762566642333985e-09
5.521400778210117,0.0,0.0004678057213157697,3.7114453964141917e-09
5.525291828793774,0.0,0.0004900072443752283,3.6610187247101405e-09
5.529182879377432,0.0,0.0005130681896684419,3.6112771901799966e-09
5.533073929961089,0.0,0.000537011138851707,3.5622114840010865e-09
5.536964980544747,0.0,0.0005618587071586822,3.513812423827906e-09
5.5408560311284045,0.0,0.00058763350994422,3.4660709520736075e-09
5.544747081712062,0.0,0.0006143581276735673,3.4189781342150203e-09
5.54863813229572,0.0,0.0006420550693663208,3.3725251571205285e-09
5.552529182879377,0.0,0.0006707467345091373,3.3267033274007825e-09
5.556420233463035,0.0,0.000700455373455989,3.28150406978182e-09
5.560311284046692,0.0,0.0007312030463396983,3.236918925500175e-09
5.56420233463035,0.0,0.0007630115805235796,3.1929395507199637e-09
5.5680933852140075,0.0,0.0007959025266272546,3.149557714971296e-09
5.571984435797665,0.0,0.0008298971131660664,3.1067652996100863e-09
5.575875486381323,0.0,0.0008650161998489818,3.0645542962986044e-09
5.57976653696498,0.0,0.0009012802295854692,3.0229168055068598e-09
5.583657587548638,0.0,0.0009387091792574573,2.9818450350341596e-09
5.587548638132295,0.0,0.0009773225093182504,2.941331298550935e-09
5.591439688715953,0.0,0.001017139112286011,2.9013680141602084e-09
5.595330739299611,0.0,0.0010581772602052614,2.86194770297877e-09
5.599221789883268,0.0,0.0011004545511556565,2.823062987737468e-09
5.603112840466926,0.0,0.001143987854893115,2.7847065914006805e-09
5.607003891050583,0.0,0.0011887932577141812,2.746871335804391e-09
5.610894941634242,0.0,0.0012348860066402443,2.7095501403128627e-09
5.614785992217899,0.0,0.0012822804530238513,2.672736020493606e-09
5.618677042801557,0.0,0.001330989995685153,2.6364220868101602e-09
5.6225680933852145,0.0,0.0013810270236916259,2.6006015433328734e-09
5.626459143968872,0.0,0.0014324028588999194,2.5652676864670024e-09
5.63035019455253,0.0,0.001485127698383622,2.5304139036982515e-09
5.634241245136187,0.0,0.0015392105568758098,2.496033672355203e-09
5.638132295719845,0.0,0.0015946592093600029,2.4621205583887173e-09
5.642023346303502,0.0,0.0016514801339476996,2.4286682151677655e-09
5.64591439688716,0.0,0.0017096784551849432,2.3956703822917683e-09
5.6498054474708175,0.0,0.001769257887934378,2.3631208844189297e-09
5.653696498054475,0.0,0.0018302206819829482,2.3310136301106297e-09
5.657587548638133,0.0,0.0018925675675287548,2.299342610691389e-09
5.66147859922179,0.0,0.0019562977017035933,2.2681018991244072e-09
5.665369649805448,0.0,0.002021408616290333,2.2372856489023802e-09
5.669260700389105,0.0,0.0020878961667965333,2.2068880929533044e-09
5.673151750972763,0.0,0.0021557544830474937,2.176903542561269e-09
5.6770428015564205,0.0,0.0022249759214633216,2.1473263863017844e-09
5.680933852140078,0.0,0.0022955510191855016,2.1181510889917006e-09
5.684824902723736,0.0,0.0023674684502188823,2.089372190653272e-09
5.688715953307393,0.0,0.0024407149837549504,2.060984305492414e-09
5.692607003891051,0.0,0.002515275444841646,2.032982120890728e-09
5.696498054474708,0.0,0.0025911326775639233,2.005360396411334e-09
5.700389105058366,0.0,0.002668267510897568,1.9781139628180974e-09
5.7042801556420235,0.0,0.0027466587273966285,1.951237721108297e-09
5.708171206225681,0.0,0.002826283034872043,1.9247266415583203e-09
5.712062256809339,0.0,0.002907115041215744,1.8985757627824375e-09
5.715953307392996,0.0,0.0029891272325206024,1.87278019080426e-09
5.719844357976654,0.0,0.003072289954642152,1.8473350981408843e-09
5.723735408560311,0.0,0.0031565713983429354,1.8222357228994778e-09
5.727626459143969,0.0,0.003241937588154738,1.7974773678860737e-09
5.7315175097276265,0.0,0.0033283523750877514,1.773055399726572e-09
5.735408560311284,0.0,0.003415777433308959,1.74896524799958e-09
5.739299610894942,0.0,0.00350417226090471,1.7252024043811387e-09
5.743190661478599,0.0,0.0035934941848345665,1.7017624218009645e-09
5.747081712062257,0.0,0.0036836983701751093,1.67864091361026e-09
5.750972762645914,0.0,0.0037747378337434343,1.6558335527607287e-09
5.754863813229572,0.0,0.003866563462180645,1.6333360709948443e-09
5.7587548638132295,0.0,0.003959124034565707,1.6111442580470225e-09
5.762645914396887,0.0,0.004052366249619642,1.5892539608557454e-09
5.766536964980545,0.0,0.004146234757549195,1.5676610827862938e-09
5.770428015564202,0.0,0.00424067219656788,1.5463615828641325e-09
5.77431906614786,0.0,0.00433561923412064,1.525351475018623e-09
5.778210116731517,0.0,0.004431014612826416,1.5046268273370983e-09
5.782101167315175,0.0,0.004526795201140565,1.4841837613289911e-09
5.785992217898833,0.0,0.0046228960487265025,1.4640184512000157e-09
5.78988326848249,0.0,0.004719250446513073,1.4441271231362086e-09
5.793774319066148,0.0,0.004815789991401142,1.424506054597646e-09
5.797665369649805,0.0,0.0049124446555696,1.405151573621836e-09
5.801556420233463,0.0,0.005009142860317703,1.3860600581364902e-09
5.80544747081712,0.0,0.005105811554367163,1.3672279352817175e-09
5.809338521400778,0.0,0.0052023762965339665,1.3486516807413446e-09
5.813229571984436,0.0,0.005298761342666375,1.3303278180834015e-09
5.817120622568093,0.0,0.005394889736732219,1.3122529181094893e-09
5.821011673151751,0.0,0.0054906834059251525,1.2944235982130656e-09
5.824902723735408,0.0,0.0055860632596464715,1.2768365217463728e-09
5.828793774319066,0.0,0.005680949292206036,1.2594883973960417e-09
5.832684824902723,0.0,0.005775260689073113,1.242375978567106e-09
5.836575875486381,0.0,0.005868915936495526,1.2254960627754585e-09
5.840466926070039,0.0,0.005961832934293323,1.2088454910484934e-09
5.844357976653696,0.0,0.0060539291116215276,1.1924211473339393e-09
5.848249027237354,0.0,0.006145121545485163,1.1762199579167201e-09
5.852140077821011,0.0,0.006235327081778939,1.1602388908436998e-09
5.85603112840467,0.0,0.00632446245861377,1.144474955356299e-09
5.859922178988327,0.0,0.006412444431682323,1.128925201330778e-09
5.863813229571985,0.0,0.006499189901407189,1.1135867187261453e-09
5.8677042801556425,0.0,0.006584616041606025,1.0984566370395473e-09
5.8715953307393,0.0,0.006668640429400971,1.083532124769098e-09
5.875486381322958,0.0,0.006751181176092161,1.0688103888839495e-09
5.879377431906615,0.0,0.006832157058708943,1.0542886743016245e-09
5.883268482490273,0.0,0.0069114876519469565,1.0399642633723897e-09
5.88715953307393,0.0,0.006989093460194443,1.0258344753706929e-09
5.891050583657588,0.0,0.00706489604934738,1.0118966659934573e-09
5.8949416342412455,0.0,0.007138818178110006,9.981482268652263e-10
5.898832684824903,0.0,0.007210783928475224,9.845865850500337e-10
5.902723735408561,0.0,0.0072807188350781865,9.71209202569869e-10
5.906614785992218,0.0,0.007348550013116083,9.58013575929739e-10
5.910505836575876,0.0,0.007414206284527841,9.449972356491256e-10
5.914396887159533,0.0,0.007477618302129028,9.32157745799866e-10
5.918287937743191,0.0,0.007538718671399795,9.194927035502561e-10
5.9221789883268485,0.0,0.007597442069627214,9.069997387154023e-10
5.926070038910506,0.0,0.007653725362107721,8.946765133136288e-10
5.929961089494164,0.0,0.007707507715120833,8.825207211289664e-10
5.933852140077821,0.0,0.0077587307053914875,8.705300872795303e-10
5.937743190661479,0.0,0.007807338425765609,8.587023677918178e-10
5.941634241245136,0.0,0.007853277586831565,8.470353491807357e-10
5.945525291828794,0.0,0.007896497614229092,8.355268480353853e-10
5.9494163424124515,0.0,0.007936950741397112,8.241747106104292e-10
5.953307392996109,0.0,0.007974592097522428,8.129768124230403e-10
5.957198443579767,0.0,0.008009379790462689,8.019310578553263e-10
5.961089494163424,0.0,0.00804127498442916,7.910353797621281e-10
5.964980544747082,0.0,0.008070241972227684,7.802877390841879e-10
5.968871595330739,0.0,0.008096248241869745,7.696861244665307e-10
5.972762645914397,0.0,0.00811926453737971,7.592285518820728e-10
5.976653696498055,0.0,0.008139264913639048,7.489130642603014e-10
5.980544747081712,0.0,0.008156226785123621,7.387377311210433e-10
5.98443579766537,0.0,0.008170130968405888,7.287006482131653e-10
5.988326848249027,0.0,0.008180961718310063,7.187999371582264e-10
5.992217898832685,0.0,0.00818870675762484,7.090337450989304e-10
5.996108949416342,0.0,0.008193357300295202,6.994002443523957e-10
6.0,0.0,0.008194908068031978,6.898976320680946e-10
6.003891050583658,0.0,0.008193357300295202,6.805241298904814e-10
6.007782101167315,0.0,0.00818870675762484,6.712779836261673e-10
6.011673151750973,0.0,0.008180961718310063,6.621574629156399e-10
6.01556420233463,0.0,0.008170130968405888,6.531608609094458e-10
6.019455252918288,0.0,0.008156226785123621,6.442864939487466e-10
6.023346303501945,0.0,0.008139264913639048,6.35532701250251e-10
6.027237354085603,0.0,0.00811926453737971,6.268978445953921e-10
6.031128404669261,0.0,0.008096248241869745,6.183803080237621e-10
6.035019455252918,0.0,0.008070241972227684,6.099784975306771e-10
6.038910505836576,0.0,0.00804127498442916,6.016908407688876e-10
6.042801556420233,0.0,0.008009379790462689,5.935157867543052e-10
6.046692607003891,0.0,0.007974592097522428,5.854518055757626e-10
6.0505836575875485,0.0,0.007936950741397112,5.774973881086839e-10
6.054474708171206,0.0,0.007896497614229092,5.696510457326769e-10
6.058365758754864,0.0,0.007853277586831565,5.61911310052931e-10
6.062256809338521,0.0,0.007807338425765609,5.542767326254329e-10
6.066147859922179,0.0,0.0077587307053914875,5.467458846858819e-10
6.070038910505836,0.0,0.007707507715120833,5.393173568823222e-10
6.073929961089494,0.0,0.007653725362107721,5.319897590113776e-10
6.0778210116731515,0.0,0.007597442069627214,5.24761719758089e-10
6.081712062256809,0.0,0.007538718671399795,5.17631886439287e-10
6.085603112840467,0.0,0.007477618302129028,5.105989247504325e-10
6.089494163424124,0.0,0.007414206284527841,5.036615185159245e-10
6.093385214007782,0.0,0.007348550013116083,4.968183694427711e-10
6.097276264591439,0.0,0.0072807188350781865,4.900681968776372e-10
6.101167315175097,0.0,0.007210783928475224,4.834097375671627e-10
6.1050583657587545,0.0,0.007138818178110006,4.768417454215672e-10
6.108949416342413,0.0,0.007064896049347362,4.703629912814366e-10
6.1128404669260705,0.0,0.006989093460194425,4.639722626877127e-10
6.116731517509728,0.0,0.006911487651946938,4.5766836365476857e-10
6.120622568093386,0.0,0.006832157058708925,4.514501144465976e-10
6.124513618677043,0.0,0.006751181176092142,4.4531635135603734e-10
6.128404669260701,0.0,0.006668640429400952,4.39265926486977e-10
6.132295719844358,0.0,0.006584616041606006,4.332977075395485e-10
6.136186770428016,0.0,0.00649918990140717,4.274105775982111e-10
6.1400778210116735,0.0,0.006412444431682303,4.2160343492274016e-10
6.143968871595331,0.0,0.00632446245861375,4.1587519274203026e-10
6.147859922178989,0.0,0.006235327081778939,4.1022477905072536e-10
6.151750972762646,0.0,0.006145121545485163,4.046511364085876e-10
6.155642023346304,0.0,0.0060539291116215276,3.9915322174261523e-10
6.159533073929961,0.0,0.005961832934293323,3.9373000615182684e-10
6.163424124513619,0.0,0.005868915936495526,3.8838047471471983e-10
6.167315175097277,0.0,0.005775260689073113,3.83103626299323e-10
6.171206225680934,0.0,0.005680949292206036,3.7789847337585215e-10
6.175097276264592,0.0,0.0055860632596464715,3.7276404183188837e-10
6.178988326848249,0.0,0.0054906834059251525,3.676993707900907e-10
6.182879377431907,0.0,0.005394889736732219,3.6270351242836335e-10
6.186770428015564,0.0,0.005298761342666375,3.5777553180248143e-10
6.190661478599222,0.0,0.0052023762965339665,3.5291450667112557e-10
6.19455252918288,0.0,0.005105811554367163,3.4811952732328087e-10
6.198443579766537,0.0,0.005009142860317703,3.433896964080003e-10
6.202334630350195,0.0,0.0049124446555696,3.3872412876646126e-10
6.206225680933852,0.0,0.004815789991401142,3.3412195126632313e-10
6.21011673151751,0.0,0.004719250446513073,3.295823026383162e-10
6.214007782101167,0.0,0.0046228960487265025,3.251043333150702e-10
6.217898832684825,0.0,0.004526795201140565,3.2068720527211323e-10
6.221789883268483,0.0,0.004431014612826416,3.1633009187105015e-10
6.22568093385214,0.0,0.00433561923412064,3.1203217770485313e-10
6.229571984435798,0.0,0.00424067219656788,3.0779265844527215e-10
6.233463035019455,0.0,0.004146234757549195,3.0361074069230115e-10
6.237354085603113,0.0,0.004052366249619642,2.9948564182570655e-10
6.2412451361867705,0.0,0.003959124034565707,2.954165898585574e-10
6.245136186770428,0.0,0.003866563462180645,2.91402823292756e-10
6.249027237354086,0.0,0.0037747378337434343,2.874435909765313e-10
6.252918287937743,0.0,0.0036836983701751093,2.8353815196385785e-10
6.256809338521401,0.0,0.0035934941848345665,2.79685775375801e-10
6.260700389105058,0.0,0.00350417226090471,2.758857402637292e-10
6.264591439688716,0.0,0.003415777433308959,2.721373354744005e-10
6.2684824902723735,0.0,0.0033283523750877514,2.6843985951686723e-10
6.272373540856031,0.0,0.003241937588154738,2.647926204312035e-10
6.276264591439689,0.0,0.0031565713983429354,2.6119493565900214e-10
6.280155642023346,0.0,0.003072289954642152,2.5764613191564495e-10
6.284046692607004,0.0,0.0029891272325206024,2.541455450642947e-10
6.287937743190661,0.0,0.002907115041215744,2.506925199916131e-10
6.291828793774319,0.0,0.002826283034872043,2.4728641048515313e-10
6.2957198443579765,0.0,0.0027466587273966285,2.4392657911243155e-10
6.299610894941634,0.0,0.002668267510897568,2.406123971016302e-10
6.303501945525292,0.0,0.0025911326775639233,2.373432442239323e-10
6.307392996108949,0.0,0.002515275444841646,2.341185086774443e-10
6.311284046692607,0.0,0.0024407149837549504,2.3093758697270337e-10
6.315175097276264,0.0,0.0023674684502188823,2.2779988381974097e-10
6.319066147859922,0.0,0.0022955510191855016,2.2470481201667172e-10
6.3229571984435795,0.0,0.0022249759214633216,2.2165179233980895e-10
6.326848249027237,0.0,0.0021557544830474937,2.1864025343526005e-10
6.330739299610895,0.0,0.0020878961667965333,2.1566963171200752e-10
6.334630350194552,0.0,0.002021408616290333,2.1273937123642992e-10
6.33852140077821,0.0,0.0019562977017035933,2.098489236282687e-10
6.342412451361867,0.0,0.0018925675675287548,2.0699774795799603e-10
6.346303501945525,0.0,0.0018302206819829482,2.0418531064558907e-10
6.3501945525291825,0.0,0.001769257887934378,2.0141108536066794e-10
6.354085603112841,0.0,0.0017096784551849295,1.9867455292400137e-10
6.357976653696499,0.0,0.0016514801339476868,1.9597520121034308e-10
6.361867704280156,0.0,0.0015946592093599903,1.933125250525889e-10
6.365758754863814,0.0,0.0015392105568757975,1.906860261472425e-10
6.369649805447471,0.0,0.0014851276983836096,1.8809521296115552e-10
6.373540856031129,0.0,0.0014324028588999075,1.8553960063954564e-10
6.377431906614786,0.0,0.0013810270236916144,1.830187109152535e-10
6.381322957198444,0.0,0.0013309899956851414,1.8053207201924335e-10
6.385214007782102,0.0,0.0012822804530238405,1.7807921859230908e-10
6.389105058365759,0.0,0.0012348860066402336,1.756596915979903e-10
6.392996108949417,0.0,0.0011887932577141812,1.7327303823666128e-10
6.396887159533074,0.0,0.001143987854893115,1.709188118607975e-10
6.400778210116732,0.0,0.0011004545511556565,1.6859657189138318e-10
6.404669260700389,0.0,0.0010581772602052614,1.6630588373546466e-10
6.408560311284047,0.0,0.001017139112286011,1.64046318704814e-10
6.412451361867705,0.0,0.0009773225093182504,1.6181745393570747e-10
6.416342412451362,0.0,0.0009387091792574573,1.5961887230978507e-10
6.42023346303502,0.0,0.0009012802295854692,1.5745016237599126e-10
6.424124513618677,0.0,0.0008650161998489818,1.5531091827357585e-10
6.428015564202335,0.0,0.0008298971131660664,1.5320073965613594e-10
6.4319066147859925,0.0,0.0007959025266272546,1.5111923161669796e-10
6.43579766536965,0.0,0.0007630115805235796,1.4906600461380876e-10
6.439688715953308,0.0,0.0007312030463396983,1.4704067439863977e-10
6.443579766536965,0.0,0.000700455373455989,1.450428619430729e-10
6.447470817120623,0.0,0.0006707467345091373,1.430721933687718e-10
6.45136186770428,0.0,0.0006420550693663208,1.4112829987720895e-10
6.455252918287938,0.0,0.0006143581276735673,1.3921081768065118e-10
6.4591439688715955,0.0,0.00058763350994422,1.3731938793407503e-10
6.463035019455253,0.0,0.0005618587071586822,1.354536566680151e-10
6.466926070038911,0.0,0.000537011138851707,1.3361327472231697e-10
6.470817120622568,0.0,0.0005130681896684419,1.3179789768079774e-10
6.474708171206226,0.0,0.0004900072443752283,1.3000718580678748e-10
6.478599221789883,0.0,0.0004678057213157697,1.2824080397955092e-10
6.482490272373541,0.0,0.0004464411043077296,1.2649842163157312e-10
6.4863813229571985,0.0,0.00042589097297907194,1.247797126866924e-10
6.490272373540856,0.0,0.00040613303154752944,1.2308435549908114e-10
6.494163424124514,0.0,0.0003871451360504625,1.2141203279304781e-10
6.498054474708171,0.0,0.0003689053200360406,1.1976243160366452e-10
6.501945525291829,0.0,0.00035139181873015794,1.18135243218194e-10
6.505836575875486,0.0,0.0003345830916967673,1.1653016311831935e-10
6.509727626459144,0.0,0.00031845784401237585,1.1494689092315197e-10
6.5136186770428015,0.0,0.0003029950459783119,1.1338513033302034e-10
6.517509727626459,0.0,0.00028817395139702656,1.1184458907401616e-10
6.521400778210117,0.0,0.00027397411444114023,1.1032497884330031e-10
6.525291828793774,0.0,0.00026037540514619326,1.0882601525514553e-10
6.529182879377432,0.0,0.00024735802356011034,1.0734741778771858e-10
6.533073929961089,0.0,0.00023490251258423094,1.0588890973057904e-10
6.536964980544747,0.0,0.00022298976954241795,1.0445021813289797e-10
6.5408560311284045,0.0,0.000211601056516222,1.0303107375237391e-10
6.544747081712062,0.0,0.00020071800948535617,1.016312110048472e-10
6.54863813229572,0.0,0.00019032264631383932,1.0025036791459848e-10
6.552529182879377,0.0,0.00018039737362308806,9.888828606531905e-11
6.556420233463035,0.0,0.0001709249925939963,9.754471055175274e-11
6.560311284046692,0.0,0.00016188870374063335,9.621938993198906e-11
6.56420233463035,0.0,0.00015327211069862803,9.491207618041024e-11
6.5680933852140075,0.0,0.0001450592230715951,9.362252464127202e-11
6.571984435797665,0.0,0.00013723445837910355,9.235049398292046e-11
6.575875486381323,0.0,0.00012978264314969507,9.109574615262559e-11
6.57976653696498,0.0,0.0001226890132023421,8.985804633203394e-11
6.583657587548638,0.0,0.00011593921315949295,8.863716289322109e-11
6.587548638132295,0.0,0.00010951929523449486,8.743286735534655e-11
6.591439688715953,0.0,0.00010341571733572713,8.624493434189237e-11
6.595330739299611,0.0,9.761534052921251e-05,8.507314153848788e-11
6.599221789883268,0.0,9.210542590082237e-05,8.391726965130267e-11
6.603112840466926,0.0,8.687363085845355e-05,8.277710236600812e-11
6.607003891050584,0.0,8.190800491373766e-05,8.165242630729602e-11
6.610894941634242,0.0,7.719698498196518e-05,8.054303099894583e-11
6.614785992217899,0.0,7.272939023793305e-05,7.944870882443597e-11
6.618677042801557,0.0,6.84944165644565e-05,7.836925498808837e-11
6.6225680933852145,0.0,6.448163062919015e-05,7.73044674767444e-11
6.626459143968872,0.0,6.0680963624324264e-05,7.625414702195697e-11
6.63035019455253,0.0,5.708270470257593e-05,7.521809706270092e-11
6.634241245136187,0.0,5.367749414172536e-05,7.419612370858564e-11
6.638132295719845,0.0,5.045631626874925e-05,7.318803570357184e-11
6.642023346303502,0.0,4.741049217338602e-05,7.219364439017703e-11
6.64591439688716,0.0,4.453167223973501e-05,7.121276367417149e-11
6.6498054474708175,0.0,4.181182852324719e-05,7.024520998975012e-11
6.653696498054475,0.0,3.924324699921605e-05,6.929080226517998e-11
6.657587548638133,0.0,3.6818519707627484e-05,6.834936188891452e-11
6.66147859922179,0.0,3.453053681797889e-05,6.742071267616591e-11
6.665369649805448,0.0,3.23724786364379e-05,6.650468083593497e-11
6.669260700389105,0.0,3.0337807576481126e-05,6.560109493848537e-11
6.673151750972763,0.0,2.842026011293702e-05,6.470978588326359e-11
6.6770428015564205,0.0,2.661383873815818e-05,6.383058686725073e-11
6.680933852140078,0.0,2.491280393787e-05,6.29633333537484e-11
6.684824902723736,0.0,2.331166620308585e-05,6.210786304158473e-11
6.688715953307393,0.0,2.180517809334813e-05,6.126401583474253e-11
6.692607003891051,0.0,2.0388326365450773e-05,6.043163381239658e-11
6.696498054474708,0.0,1.9056324180723493e-05,5.961056119936139e-11
6.700389105058366,0.0,1.7804603402914244e-05,5.880064433693718e-11
6.7042801556420235,0.0,1.66288069976946e-05,5.8001731654155215e-11
6.708171206225681,0.0,1.5524781543834026e-05,5.721367363941082e-11
6.712062256809339,0.0,1.4488569865145267e-05,5.6436322812483847e-11
6.715953307392996,0.0,1.3516403791394729e-05,5.5669533696939185e-11
6.719844357976654,0.0,1.2604697055498712e-05,5.491316279290041e-11
6.723735408560311,0.0,1.1750038333490929e-05,5.416706855019619e-11
6.727626459143969,0.0,1.0949184432946866e-05,5.3431111341868524e-11
6.7315175097276265,0.0,1.0199053634788922e-05,5.2705153438043896e-11
6.735408560311284,0.0,9.496719192670753e-06,5.198905898015653e-11
6.739299610894942,0.0,8.839402993450738e-06,5.128269395552474e-11
6.743190661478599,0.0,8.22446938161343e-06,5.058592617226981e-11
6.747081712062257,0.0,7.649419149881603e-06,4.9898625234578565e-11
6.750972762645914,0.0,7.111883697682789e-06,4.922066251829915e-11
6.754863813229572,0.0,6.609619358589199e-06,4.855191114687124e-11
6.7587548638132295,0.0,6.1405018973405465e-06,4.7892245967580426e-11
6.762645914396887,0.0,5.70252117658334e-06,4.724154352813811e-11
6.766536964980545,0.0,5.2937759930172774e-06,4.659968205357689e-11
6.770428015564202,0.0,4.912469082228759e-06,4.59665414234617e-11
6.77431906614786,0.0,4.55690229111217e-06,4.534200314941047e-11
6.778210116731517,0.0,4.22547191643026e-06,4.472595035291859e-11
6.782101167315175,0.0,3.916664207745201e-06,4.411826774348716e-11
6.785992217898833,0.0,3.629051032660029e-06,4.3518841597045756e-11
6.78988326848249,0.0,3.361285702045664e-06,4.2927559734670943e-11
6.793774319066148,0.0,3.1120989526900615e-06,4.2344311501591434e-11
6.797665369649805,0.0,2.880295084592397e-06,4.1768987746480987e-11
6.801556420233463,0.0,2.664748249935236e-06,4.1201480801030123e-11
6.80544747081712,0.0,2.4643988906004075e-06,4.0641684459797944e-11
6.809338521400778,0.0,2.2782503209485986e-06,4.0089493960335183e-11
6.813229571984436,0.0,2.1053654524573044e-06,3.954480596357977e-11
6.817120622568093,0.0,1.944863656705766e-06,3.9007518534516375e-11
6.821011673151751,0.0,1.7959177631077417e-06,3.847753112310105e-11
6.824902723735408,0.0,1.6577511877220781e-06,3.79547445454428e-11
6.828793774319066,0.0,1.5296351894165562e-06,3.743906096524299e-11
6.832684824902723,0.0,1.4108862496206461e-06,3.693038387548496e-11
6.836575875486381,0.0,1.3008635718772034e-06,3.6428618080373735e-11
6.840466926070039,0.0,1.1989666973904018e-06,3.593366967752109e-11
6.844357976653696,0.0,1.104633232766604e-06,3.544544604037141e-11
6.848249027237354,0.0,1.017336686155225e-06,3.4963855800868195e-11
6.852140077821012,0.0,9.365844080174111e-07,3.4488808832353973e-11
6.85603112840467,0.0,8.619156327804021e-07,3.4020216232705156e-11
6.859922178988327,0.0,7.928996176736153e-07,3.355799030769278e-11
6.863813229571985,0.0,7.291338750894105e-07,3.3102044554572583e-11
6.8677042801556425,0.0,6.702424948639668e-07,3.265229364589544e-11
6.8715953307393,0.0,6.158745529335763e-07,3.2208653413539805e-11
6.875486381322958,0.0,5.657026028864734e-07,3.1771040832959345e-11
6.879377431906615,0.0,5.194212470001501e-07,3.133937400764577e-11
6.883268482490273,0.0,4.76745783428234e-07,3.091357215380272e-11
6.88715953307393,0.0,4.374109262787496e-07,3.049355558522679e-11
6.891050583657588,0.0,4.011695954064962e-07,3.0079245698395646e-11
6.8949416342412455,0.0,3.677917728257289e-07,2.967056495775698e-11
6.898832684824903,0.0,3.370634227349726e-07,2.926743688121907e-11
6.902723735408561,0.0,3.0878547223303167e-07,2.8869786025836756e-11
6.906614785992218,0.0,2.82772849893783e-07,2.8477537973693645e-11
6.910505836575876,0.0,2.5885357945668727e-07,2.8090619317974362e-11
6.914396887159533,0.0,2.368679259797916e-07,2.770895764922778e-11
6.918287937743191,0.0,2.1666759189199961e-07,2.733248154181521e-11
6.9221789883268485,0.0,1.981149604712117e-07,2.6961120540544326e-11
6.926070038910506,0.0,1.8108238436435543e-07,2.6594805147483137e-11
6.929961089494164,0.0,1.6545151685403959e-07,2.623346680895463e-11
6.933852140077821,0.0,1.5111268366436884e-07,2.587703790270663e-11
6.937743190661479,0.0,1.3796429318512713e-07,2.5525451725257436e-11
6.941634241245136,0.0,1.259122830789071e-07,2.5178642479412042e-11
6.945525291828794,0.0,1.1486960131964432e-07,2.483654526194888e-11
6.9494163424124515,0.0,1.0475571979328066e-07,2.449909605147382e-11
6.953307392996109,0.0,9.549617867180238e-08,2.4166231696438372e-11
6.957198443579767,0.0,8.702215985055277e-08,2.3837889903321937e-11
6.961089494163424,0.0,7.927008781542238e-08,2.351400922497327e-11
6.964980544747082,0.0,7.21812563812059e-08,2.3194529049111716e-11
6.968871595330739,0.0,6.570147981498681e-08,2.287938958698332e-11
6.972762645914397,0.0,5.978076692886014e-08,2.2568531862172367e-11
6.976653696498055,0.0,5.437301679455188e-08,2.2261897699563687e-11
6.980544747081712,0.0,4.943573479854715e-08,2.1959429714456168e-11
6.98443579766537,0.0,4.492976782015334e-08,2.166107130182293e-11
6.988326848249027,0.0,4.0819057376517896e-08,2.1366766625718655e-11
6.992217898832685,0.0,3.707040963796905e-08,2.1076460608829638e-11
6.996108949416342,0.0,3.365328127418566e-08,2.0790098922167005e-11
7.0,0.0,3.0539580146624466e-08,2.050762797489883e-11
7.003891050583658,0.0,2.7703479915380327e-08,2.0228994904321197e-11
7.007782101167315,0.0,2.5121247679241143e-08,1.995414756596547e-11
7.011673151750973,0.0,2.2771083816172337e-08,1.968303452383927e-11
7.01556420233463,0.0,2.0632973237850317e-08,1.9415605040801122e-11
7.019455252918288,0.0,1.8688547316215975e-08,1.915180906906473e-11
7.023346303501945,0.0,1.6920955782372433e-08,1.889159724083343e-11
7.027237354085603,0.0,1.5314747938563745e-08,1.8634920859060726e-11
7.031128404669261,0.0,1.3855762562486854e-08,1.8381731888337497e-11
7.035019455252918,0.0,1.253102591986789e-08,1.8131982945901933e-11
7.038910505836576,0.0,1.1328657336123801e-08,1.7885627292772653e-11
7.042801556420233,0.0,1.0237781811093842e-08,1.7642618825001298e-11
7.046692607003891,0.0,9.248449192314227e-09,1.7402912065044934e-11
7.0505836575875485,0.0,8.351559452184975e-09,1.7166462153254744e-11
7.054474708171206,0.0,7.538793642695032e-09,1.6933224839481295e-11
7.058365758754864,0.0,6.802550128191622e-09,1.6703156474792912e-11
7.062256809338521,0.0,6.1358857220563106e-09,1.6476214003307523e-11
7.066147859922179,0.0,5.532461377144656e-09,1.6252354954134604e-11
7.070038910505836,0.0,4.986492102512231e-09,1.603153743342719e-11
7.073929961089494,0.0,4.492700800344913e-09,1.5813720116541877e-11
7.0778210116731515,0.0,4.046275737190637e-09,1.559886224030476e-11
7.081712062256809,0.0,3.6428313826067152e-09,1.5386923595383297e-11
7.085603112840467,0.0,3.278372366244753e-09,1.517786451876096e-11
7.089494163424124,0.0,2.9492603212459085e-09,1.4971645886314967e-11
7.093385214007782,0.0,2.652183397662829e-09,1.4768229105494014e-11
7.097276264591439,0.0,2.3841282445102856e-09,1.4567576108096332e-11
7.101167315175097,0.0,2.1423542730217242e-09,1.4369649343145056e-11
7.105058365758755,0.0,1.9243700267998268e-09,1.4174411769861141e-11
7.108949416342413,0.0,1.7279114968404889e-09,1.398182685073125e-11
7.1128404669260705,0.0,1.5509222309228518e-09,1.379185854466984e-11
7.116731517509728,0.0,1.3915350976386132e-09,1.3604471300274641e-11
7.120622568093386,0.0,1.2480555754153768e-09,1.3419630049173036e-11
7.124513618677043,0.0,1.118946446316107e-09,1.323730019945961e-11
7.128404669260701,0.0,1.0028137832020224e-09,1.3057447629222121e-11
7.132295719844358,0.0,8.983941270669799e-10,1.2880038680156157e-11
7.136186770428016,0.0,8.045427590203673e-10,1.2705040151265822e-11
7.1400778210116735,0.0,7.202229785452943e-10,1.2532419292650744e-11
7.143968871595331,0.0,6.444963063201526e-10,1.2362143799376766e-11
7.147859922178989,0.0,5.765135360934563e-10,1.219418180543064e-11
7.151750972762646,0.0,5.155065658725758e-10,1.2028501877756136e-11
7.155642023346304,0.0,4.607809440526419e-10,1.1865073010371891e-11
7.159533073929961,0.0,4.117090710980591e-10,1.170386461856849e-11
7.163424124513619,0.0,3.6772400201941317e-10,1.1544846533185057e-11
7.167315175097277,0.0,3.283137991858219e-10,1.1387988994962956e-11
7.171206225680934,0.0,2.9301638899847984e-10,1.1233262648976851e-11
7.175097276264592,0.0,2.6141487964541627e-10,1.1080638539140829e-11
7.178988326848249,0.0,2.3313330057968726e-10,1.0930088102789565e-11
7.182879377431907,0.0,2.0783272753126915e-10,1.0781583165333126e-11
7.186770428015564,0.0,1.8520775979406659e-10,1.0635095934983975e-11
7.190661478599222,0.0,1.6498331923956895e-10,1.0490598997556233e-11
7.19455252918288,0.0,1.4691174301314552e-10,1.034806531133497e-11
7.198443579766537,0.0,1.307701441817955e-10,1.0207468202015821e-11
7.202334630350195,0.0,1.1635801673687652e-10,1.006878135771275e-11
7.206225680933852,0.0,1.0349506332441219e-10,9.931978824034238e-12
7.21011673151751,0.0,9.201922589083142e-11,9.797034999225792e-12
7.214007782101167,0.0,8.178490110444827e-11,9.663924629379012e-12
7.217898832684825,0.0,7.266132395298027e-11,9.532622803705204e-12
7.221789883268483,0.0,6.453110433460182e-11,9.40310494987375e-12
7.22568093385214,0.0,5.728890276348028e-11,9.275346829413274e-12
7.229571984435798,0.0,5.084023250887372e-11,9.149324533175834e-12
7.233463035019455,0.0,4.510037658757277e-11,9.025014476862239e-12
7.237354085603113,0.0,3.999340904008939e-11,8.902393396608485e-12
7.2412451361867705,0.0,3.54513108483859e-11,8.78143834463217e-12
7.245136186770428,0.0,3.1413171703453844e-11,8.66212668493773e-12
7.249027237354086,0.0,2.7824469610665992e-11,8.5444360890805e-12
7.252918287937743,0.0,2.4636421035006297e-11,8.428344531987844e-12
7.256809338521401,0.0,2.1805394942194177e-11,8.313830287837531e-12
7.260700389105058,0.0,1.9292384690098456e-11,8.20087192599165e-12
7.264591439688716,0.0,1.706253227210225e-11,8.089448306986226e-12
7.2684824902723735,0.0,1.508469991432443e-11,7.979538578574873e-12
7.272373540856031,0.0,1.3331084485619187e-11,7.871122171826648e-12
7.276264591439689,0.0,1.177687059656641e-11,7.764178797276481e-12
7.280155642023346,0.0,1.0399918644482541e-11,7.658688441128347e-12
7.284046692607004,0.0,9.180484408824916e-12,7.554631361509582e-12
7.287937743190661,0.0,8.100967118001307e-12,7.451988084776539e-12
7.291828793774319,0.0,7.145683197094867e-12,7.350739401869993e-12
7.2957198443579765,0.0,6.30066316872906e-12,7.250866364720499e-12
7.299610894941634,0.0,5.553469418408702e-12,7.1523502827021926e-12
7.303501945525292,0.0,4.893032753184452e-12,7.055172719135035e-12
7.307392996108949,0.0,4.309505880247329e-12,6.959315487834572e-12
7.311284046692607,0.0,3.794132111765903e-12,6.86476064970833e-12
7.315175097276264,0.0,3.339127765494562e-12,6.771490509398823e-12
7.319066147859922,0.0,2.937576878841213e-12,6.679487611971778e-12
7.3229571984435795,0.0,2.5833369885076535e-12,6.588734739649739e-12
7.326848249027237,0.0,2.2709548497142734e-12,6.499214908589687e-12
7.330739299610895,0.0,1.995591079503275e-12,6.410911365704799e-12
7.334630350194552,0.0,1.7529528086987369e-12,6.323807585529021e-12
7.33852140077821,0.0,1.5392335177198908e-12,6.237887267124623e-12
7.342412451361867,0.0,1.3510593134485866e-12,6.153134331031384e-12
7.346303501945525,0.0,1.1854409785246723e-12,6.0695329162576105e-12
7.350194552529183,0.0,1.0397311914970643e-12,5.9870673773116664e-12
7.354085603112841,0.0,9.1158637684662e-13,5.9057222812741695e-12
7.357976653696499,0.0,7.98932698614199e-13,5.825482404909748e-12
7.361867704280156,0.0,6.999357607598954e-13,5.746332731818046e-12
7.365758754863814,0.0,6.129736219392217e-13,5.668258449623642e-12
7.369649805447471,0.0,5.366127725656238e-13,5.5912449472038354e-12
7.373540856031129,0.0,4.695867582450902e-13,5.5152778119544314e-12
7.377431906614786,0.0,4.1077716629424573e-13,5.440342827092348e-12
7.381322957198444,0.0,3.591967214292842e-13,5.366425968995192e-12
7.385214007782102,0.0,3.1397426315002826e-13,5.293513404576665e-12
7.389105058365759,0.0,2.7434140112339586e-13,5.221591488697942e-12
7.392996108949417,0.0,2.3962066625021887e-13,5.150646761613919e-12
7.396887159533074,0.0,2.092149943113623e-13,5.080665946454448e-12
7.400778210116732,0.0,1.8259839634476843e-13,5.011635946739527e-12
7.404669260700389,0.0,1.5930768539600841e-13,4.943543843928426e-12
7.408560311284047,0.0,1.3893514318475658e-13,4.876376895002119e-12
7.412451361867705,0.0,1.2112202269572298e-13,4.810122530078381e-12
7.416342412451362,0.0,1.0555279387733194e-13,4.744768350059548e-12
7.42023346303502,0.0,9.195004964378502e-14,4.6803021243119685e-12
7.424124513618677,0.0,8.006999834259563e-14,4.616711788377248e-12
7.428015564202335,0.0,6.969847687562092e-14,4.5539854417143296e-12
7.4319066147859925,0.0,6.064742584222012e-14,4.49211134547251e-12
7.43579766536965,0.0,5.2751774494356175e-14,4.4310779202944536e-12
7.439688715953308,0.0,4.586668903278834e-14,4.370873744149321e-12
7.443579766536965,0.0,3.986514290091647e-14,4.311487550195076e-12
7.447470817120623,0.0,3.463577231137117e-14,4.252908224670087e-12
7.45136186770428,0.0,3.0080984326898174e-14,4.195124804813138e-12
7.455252918287938,0.0,2.6115288462601937e-14,4.138126476811932e-12
7.4591439688715955,0.0,2.2663826027223745e-14,4.081902573779236e-12
7.463035019455253,0.0,1.96610743182243e-14,4.026442573756752e-12
7.466926070038911,0.0,1.7049705366243604e-14,3.971736097745899e-12
7.470817120622568,0.0,1.4779581222461837e-14,3.917772907765491e-12
7.474708171206226,0.0,1.2806869827514675e-14,3.864542904935798e-12
7.478599221789883,0.0,1.109326731987666e-14,3.812036127588514e-12
7.482490272373541,0.0,9.605314259204717e-15,3.760242749402595e-12
7.4863813229571985,0.0,8.313794677706573e-15,3.709153077565216e-12
7.490272373540856,0.0,7.193208149597464e-15,3.658757550957931e-12
7.494163424124514,0.0,6.221306202536512e-15,3.6090467383672573e-12
7.498054474708171,0.0,5.378685401171044e-15,3.560011336719792e-12
7.501945525291829,0.0,4.648430325503303e-15,3.511642169341092e-12
7.505836575875486,0.0,4.015800458194354e-15,3.4639301842384174e-12
7.509727626459144,0.0,3.4679556962803308e-15,3.41686645240661e-12
7.5136186770428015,0.0,2.9937158240493138e-15,3.370442166157178e-12
7.517509727626459,0.0,2.583349833902651e-15,3.324648637469899e-12
7.521400778210117,0.0,2.228391468835722e-15,3.279477296367003e-12
7.525291828793774,0.0,1.921477790796413e-15,3.234919689309273e-12
7.529182879377432,0.0,1.656207959923189e-15,3.1909674776140497e-12
7.533073929961089,0.0,1.427019746151494e-15,3.147612435894735e-12
7.536964980544747,0.0,1.2290815919136641e-15,3.104846450521381e-12
7.5408560311284045,0.0,1.0581983071013523e-15,3.0626615181023633e-12
7.544747081712062,0.0,9.1072870907675e-16,3.021049743986508e-12
7.54863813229572,0.0,7.83513724836149e-16,2.98000334078574e-12
7.552529182879377,0.0,6.73813652582194e-16,2.939514626917642e-12
7.556420233463035,0.0,5.792534387342521e-16,2.8995760251679704e-12
7.560311284046692,0.0,4.977749662730533e-16,2.860180061272548e-12
7.56420233463035,0.0,4.2759547347122983e-16,2.8213193625185816e-12
7.5680933852140075,0.0,3.671713304525382e-16,2.782986656364823e-12
7.571984435797665,0.0,3.1516649637616454e-16,2.7451747690806382e-12
7.575875486381323,0.0,2.704250638883691e-16,2.7078766244034085e-12
7.57976653696498,0.0,2.3194737117729245e-16,2.671085242214329e-12
7.583657587548638,0.0,1.9886922670776137e-16,2.634793737232045e-12
7.587548638132295,0.0,1.7044384856324742e-16,2.5989953177241907e-12
7.591439688715953,0.0,1.460261702208818e-16,2.5636832842362924e-12
7.595330739299611,0.0,1.2505920836276164e-16,2.5288510283380347e-12
7.599221789883268,0.0,1.0706222671638852e-16,2.494492031386559e-12
7.603112840466927,0.0,9.162046356675057e-17,2.46059986330647e-12
7.607003891050584,0.0,7.837622006435217e-17,2.4271681813865922e-12
7.610894941634242,0.0,6.702113227182814e-17,2.3941907290928456e-12
7.614785992217899,0.0,5.728947249202759e-17,2.36166133489748e-12
7.618677042801557,0.0,4.895234519444529e-17,2.329573911124035e-12
7.6225680933852145,0.0,4.1812660150653005e-17,2.2979224528081346e-12
7.626459143968872,0.0,3.5700780507015887e-17,2.2667010365736286e-12
7.63035019455253,0.0,3.0470756732506925e-17,2.235903819524136e-12
7.634241245136187,0.0,2.5997068916460157e-17,2.2055250381495235e-12
7.638132295719845,0.0,2.2171809962950703e-17,2.1755590072473283e-12
7.642023346303502,0.0,1.890225101725749e-17,2.146000118858826e-12
7.64591439688716,0.0,1.6108738125631277e-17,2.116842841219486e-12
7.6498054474708175,0.0,1.3722875812837637e-17,2.088081717723792e-12
7.653696498054475,0.0,1.1685959086041656e-17,2.0597113659040157e-12
7.657587548638133,0.0,9.947620446716001e-18,2.0317264764229783e-12
7.66147859922179,0.0,8.464662909270995e-18,2.0041218120803815e-12
7.665369649805448,0.0,7.200053869173506e-18,1.9768922068327584e-12
7.669260700389105,0.0,6.122058007267823e-18,1.950032564826619e-12
7.673151750972763,0.0,5.203490324629515e-18,1.9235378594448525e-12
7.6770428015564205,0.0,4.421072929377609e-18,1.897403132365968e-12
7.680933852140078,0.0,3.754881392277267e-18,1.8716234926362335e-12
7.684824902723736,0.0,3.1878683943747493e-18,1.846194115754307e-12
7.688715953307393,0.0,2.705454044634185e-18,1.8211102427684133e-12
7.692607003891051,0.0,2.2951736811835194e-18,1.7963671793856871e-12
7.696498054474708,0.0,1.9463752147870504e-18,1.771960295093712e-12
7.700389105058366,0.0,1.649959152380121e-18,1.747885022293907e-12
7.7042801556420235,0.0,1.3981553735964726e-18,1.7241368554467454e-12
7.708171206225681,0.0,1.1843315430794369e-18,1.700711350228591e-12
7.712062256809339,0.0,1.0028287424620335e-18,1.6776041226999254e-12
7.715953307392996,0.0,8.488205125676469e-19,1.654810848484971e-12
7.719844357976654,0.0,7.181920211125212e-19,1.6323272619623617e-12
7.723735408560311,0.0,6.074365248502777e-19,1.6101491554669056e-12
7.727626459143969,0.0,5.135666871431313e-19,1.5882723785020994e-12
7.7315175097276265,0.0,4.340386505937803e-19,1.566692836963434e-12
7.735408560311284,0.0,3.666870567714042e-19,1.5454064923721643e-12
7.739299610894942,0.0,3.0966945742091e-19,1.5244093611195757e-12
7.743190661478599,0.0,2.6141877924594253e-19,1.503697513721433e-12
7.747081712062257,0.0,2.206026920799752e-19,1.4832670740826447e-12
7.750972762645914,0.0,1.8608889206407207e-19,1.4631142187718323e-12
7.754863813229572,0.0,1.5691545085244285e-19,1.4432351763058422e-12
7.7587548638132295,0.0,1.3226550191744974e-19,1.4236262264438974e-12
7.762645914396887,0.0,1.114456383656062e-19,1.4042836994913949e-12
7.766536964980545,0.0,9.386748559313292e-20,1.385203975613158e-12
7.770428015564202,0.0,7.903198858344508e-20,1.3663834841559726e-12
7.77431906614786,0.0,6.65160193925082e-20,1.3478187029804009e-12
7.778210116731517,0.0,5.596096686248875e-20,1.3295061578015944e-12
7.782101167315175,0.0,4.706301912969132e-20,1.311442421539143e-12
7.785992217898833,0.0,3.956489115559891e-20,1.2936241136756792e-12
7.78988326848249,0.0,3.324878526497471e-20,1.2760478996242712e-12
7.793774319066148,0.0,2.79304033469538e-20,1.2587104901043413e-12
7.797665369649805,0.0,2.3453855675171536e-20,1.2416086405261308e-12
7.801556420233463,0.0,1.9687333844675165e-20,1.2247391503834614e-12
7.80544747081712,0.0,1.65194346354352e-20,1.2080988626548135e-12
7.809338521400778,0.0,1.385603815033586e-20,1.1916846632124752e-12
7.813229571984436,0.0,1.1617657731950391e-20,1.1754934802397872e-12
7.817120622568093,0.0,9.737191274971253e-21,1.1595222836562359e-12
7.821011673151751,0.0,8.158013910525319e-21,1.1437680845504274e-12
7.824902723735408,0.0,6.832360894710909e-21,1.1282279346207006e-12
7.828793774319066,0.0,5.7199571014531656e-21,1.1128989256233844e-12
7.832684824902723,0.0,4.7868559838370435e-21,1.0977781888285494e-12
7.836575875486381,0.0,4.004456387052282e-21,1.0828628944831136e-12
7.840466926070039,0.0,3.3486703061296907e-21,1.068150251281305e-12
7.844357976653696,0.0,2.7992186996198634e-21,1.053637505842253e-12
7.848249027237355,0.0,2.339035896487231e-21,1.0393219421947383e-12
7.852140077821012,0.0,1.953766053699404e-21,1.0252008812688992e-12
7.85603112840467,0.0,1.6313376099258261e-21,1.0112716803948683e-12
7.859922178988327,0.0,1.3616037995150168e-21,9.97531732808198e-13
7.863813229571985,0.0,1.1360390944955206e-21,9.839784671620464e-13
7.8677042801556425,0.0,9.474829769879983e-22,9.706093470459404e-13
7.8715953307393,0.0,7.8992374966198975e-22,9.574218705111118e-13
7.875486381322958,0.0,6.583162015413942e-22,9.444135696022845e-13
7.879377431906615,0.0,5.48427889462264e-22,9.315820098957875e-13
7.883268482490273,0.0,4.567095965076533e-22,9.189247900439936e-13
7.88715953307393,0.0,3.801862088753037e-22,9.064395413258969e-13
7.891050583657588,0.0,3.1636482987475065e-22,8.941239272038458e-13
7.8949416342412455,0.0,2.6315743945858127e-22,8.819756428862497e-13
7.898832684824903,0.0,2.1881582296550623e-22,8.699924148962762e-13
7.902723735408561,0.0,1.8187684475608665e-22,8.581720006463592e-13
7.906614785992218,0.0,1.5111644066824616e-22,8.465121880185362e-13
7.910505836575876,0.0,1.255109558123047e-22,8.350107949504414e-13
7.914396887159533,0.0,1.042046680620242e-22,8.236656690269685e-13
7.918287937743191,0.0,8.648251854901841e-23,8.124746870774359e-13
7.9221789883268485,0.0,7.174722352580922e-23,8.014357547782732e-13
7.926070038910506,0.0,5.950007137275438e-23,7.905468062610561e-13
7.929961089494164,0.0,4.9324817893645485e-23,7.798058037259166e-13
7.933852140077821,0.0,4.087418543844141e-23,7.692107370601603e-13
7.937743190661479,0.0,3.3858549411461297e-23,7.58759623462095e-13
7.941634241245136,0.0,2.80364615778263e-23,7.484505070699697e-13
7.945525291828794,0.0,2.3206715143537178e-23,7.382814585959283e-13
7.9494163424124515,0.0,1.9201703444052918e-23,7.282505749649759e-13
7.953307392996109,0.0,1.5881863579180412e-23,7.183559789588097e-13
7.957198443579767,0.0,1.3131029619456823e-23,7.085958188645296e-13
7.961089494163424,0.0,1.0852548047199347e-23,6.98968268128081e-13
7.964980544747082,0.0,8.966031701921959e-24,6.894715250124465e-13
7.968871595330739,0.0,7.404648366962551e-24,6.801038122604424e-13
7.972762645914397,0.0,6.1128568472324834e-24,6.708633767621351e-13
7.976653696498055,0.0,5.0445174418572886e-24,6.617484892267378e-13
7.980544747081712,0.0,4.161315528272305e-24,6.527574438590041e-13
7.98443579766537,0.0,3.431446899279721e-24,6.438885580399801e-13
7.988326848249027,0.0,2.8285218298871564e-24,6.3514017201213e-13
7.992217898832685,0.0,2.330651848102848e-24,6.265106485687079e-13
7.996108949416342,0.0,1.919689055572655e-24,6.179983727473709e-13
8.0,0.0,1.5805927690294963e-24,6.096017515279554e-13
