t,d_energy,T_energy,u_order,u_exc,d_thermal,T_thermal,u_thermal,entropy,u_naive
0.0,0.35,0.20000000000000007,0.19250156250000003,0.019020000000000013,0.35,0.2,0.21152156250000004,0.19020000000000006,0.21152156250000004
0.004,0.35120736311111095,0.20197853811030292,0.1921302907152858,0.019391271784714226,0.3512073631111047,0.20197853811040611,0.21152156250002183,0.19201319076905504,0.21114344784853234
0.008,0.35241724475195735,0.20394822193064344,0.19175732328595757,0.019764239214042467,0.352417244751945,0.20394822193084092,0.2115215625000422,0.19381624440701112,0.21076345801675558
0.012,0.3536296332446862,0.20590932030340645,0.191382661816687,0.020138900683313036,0.35362963324466806,0.20590932030368997,0.21152156250006124,0.19560941344120272,0.21038159140530446
0.016,0.354844516725453,0.20786209029020197,0.19100630805306185,0.02051525444693819,0.3548445167254292,0.20786209029056413,0.21152156250007906,0.19739293892692295,0.2099978465282537
0.02,0.35606188314381054,0.20980677781874027,0.19062826388280638,0.020893298617193662,0.35606188314378134,0.20980677781917417,0.2115215625000957,0.19916705107824634,0.20961222201459495
0.024,0.35728172026211624,0.21174361828426982,0.1902485313369898,0.021273031163010245,0.3572817202620818,0.21174361828476934,0.21152156250011137,0.20093196985470227,0.20922471660971553
0.028,0.35850401565495726,0.21367283710941148,0.18986711259122163,0.021654449908778402,0.35850401565491774,0.21367283710997098,0.21152156250012608,0.20268790550752327,0.2088353291768776
0.032,0.35972875670859444,0.21559465026584326,0.189484009966834,0.022037552533166027,0.3597287567085499,0.21559465026645774,0.21152156250013993,0.2044350590888242,0.2084440586986973
0.036000000000000004,0.3609559306204254,0.21750926476096055,0.1890992259320498,0.02242233656795023,0.36095593062037606,0.21750926476162508,0.2115215625001529,0.2061736229267479,0.20805090427862466
0.04,0.3621855243984669,0.21941687909233423,0.18871276310313695,0.02280879939686309,0.3621855243984129,0.2194168790930447,0.21152156250016513,0.20790378106932028,0.20765586514242215
0.044,0.363417524860857,0.2213176836725323,0.1883246242455473,0.023196938254452737,0.3634175248607985,0.22131768367328497,0.2115215625001767,0.20962570969950656,0.20725894063964367
0.048,0.3646519186353771,0.22321186122662556,0.18793481227504036,0.023586750224959683,0.36465191863531415,0.22321186122741643,0.21152156250018755,0.21133957752372493,0.20686013024511124
0.052000000000000005,0.36588869215899467,0.22509958716448894,0.18754333025879155,0.023978232241208486,0.3658886921589274,0.22509958716531506,0.21152156250019788,0.213045546135868,0.20645943356039123
0.056,0.36712783167742646,0.22698102992982766,0.18715018141648304,0.024371381083516996,0.36712783167735497,0.22698102993068575,0.2115215625002076,0.21474377035870823,0.20605685031526844
0.06,0.36836932324472316,0.22885635132767085,0.1867553691213787,0.02476619337862135,0.36836932324464755,0.2288563513285583,0.21152156250021678,0.21643439856437915,0.20565238036921765
0.064,0.3696131527228752,0.2307257068319404,0.18635889690138063,0.0251626655986194,0.3696131527227956,0.23072570683285465,0.2115215625002255,0.21811757297549664,0.2052460237128732
0.068,0.37085930578144066,0.2325892458745496,0.18596076844006842,0.025560794059931616,0.3708593057813571,0.23258924587548832,0.21152156250023374,0.2197934299483322,0.2048377804694952
0.07200000000000001,0.37210776789719513,0.2344471121173718,0.1855609875777192,0.025960574922280846,0.37210776789710776,0.23444711211833266,0.21152156250024157,0.2214621002393422,0.20442765089643206
0.076,0.3733585243538042,0.23629944370830056,0.18515955831230907,0.026362004187690972,0.3733585243537131,0.23629944370928166,0.21152156250024895,0.2231237092562393,0.2040156353865802
0.08,0.37461156024151876,0.23814637352252627,0.18475648480049459,0.026765077699505452,0.374611560241424,0.23814637352352583,0.211521562500256,0.22477837729469974,0.2036017344698388
0.084,0.3758668604568936,0.23998802939005756,0.18435177135857406,0.02716979114142598,0.3758668604567953,0.23998802939107358,0.2115215625002627,0.22642621976170613,0.20318594881455962
0.088,0.3771244097025295,0.24182453431043374,0.18394542246342846,0.027576140036571575,0.37712440970242767,0.24182453431146497,0.21152156250026907,0.2280673473864457,0.20276827922899315
0.092,0.37838419248683897,0.24365600665550416,0.1835374427534404,0.02798411974655965,0.3783841924867337,0.243656006656549,0.2115215625002751,0.22970186641961443,0.20234872666272763
0.096,0.37964619312383685,0.2454825603610694,0.18312783702939195,0.02839372547060809,0.3796461931237282,0.24548256036212662,0.2115215625002809,0.23132987882190098,0.20192729220812342
0.1,0.3809103957329547,0.24730430510813128,0.1827166102553397,0.02880495224466034,0.38091039573284274,0.24730430510919962,0.2115215625002864,0.23295148244237535,0.2015039771017404
0.10400000000000001,0.38217678423888074,0.24912134649442935,0.1823037675594669,0.029217794940533146,0.3821767842387655,0.2491213464955074,0.21152156250029164,0.2345667711874421,0.2010787827257588
0.108,0.38344534237142464,0.25093378619689566,0.1818893142349125,0.02963224826508754,0.3834453423713062,0.25093378619798257,0.21152156250029666,0.23617583518097113,0.2006517106093926
0.112,0.384716053665408,0.2527417221256132,0.18147325574057566,0.030048306759424378,0.3847160536652864,0.25274172212670815,0.21152156250030138,0.23777876091617595,0.20022276243029558
0.116,0.3859889014605809,0.25454524856981453,0.1810555977018959,0.030465964798104143,0.38598890146045617,0.25454524857091626,0.21152156250030604,0.2393756313997603,0.19979194001595882
0.12,0.38726386890156445,0.2563444563364198,0.1806363459116086,0.03088521658839144,0.3872638689014366,0.2563444563375277,0.21152156250031037,0.24096652628881887,0.19935924534509952
0.124,0.3885409389378198,0.2581394328815828,0.180215506330474,0.03130605616952603,0.388540938937689,0.258139432882696,0.21152156250031456,0.24255152202094724,0.19892468054904133
0.128,0.3898200943236446,0.259930262435668,0.1797930850879809,0.031728477412019146,0.3898200943235108,0.25993026243678574,0.21152156250031856,0.24413069193797202,0.19848824791308425
0.132,0.39110131761819583,0.2617170261220636,0.17936908848302288,0.03215247401697716,0.39110131761805905,0.2617170261231852,0.21152156250032242,0.2457041064036957,0.198049949877865
0.136,0.39238459118554087,0.26349980207019835,0.17894352298454783,0.03257803951545221,0.3923845911854012,0.2634998020713232,0.21152156250032605,0.2472718329160124,0.1976097890407067
0.14,0.39366989719473594,0.2652786655231088,0.1785163952321794,0.03300516726782062,0.39366989719459344,0.2652786655242364,0.21152156250032958,0.24883393621373215,0.1971677681569572
0.14400000000000002,0.39495721761993297,0.26705368893987885,0.17808771203681015,0.03343385046318988,0.39495721761978764,0.2670536889410086,0.21152156250033302,0.2503904783784265,0.19672389014131636
0.148,0.3962465342405146,0.2688249420932492,0.17765748038116586,0.03386408211883419,0.3962465342403665,0.26882494209438046,0.2115215625003362,0.25194151893158423,0.1962781580691507
0.152,0.39753782864125814,0.2705924921626777,0.17722570742034058,0.03429585507965947,0.3975378286411073,0.2705924921638101,0.21152156250033932,0.2534871149273507,0.19583057517779584
0.156,0.39883108221252866,0.27235640382311116,0.1767924004823016,0.034729162017698434,0.3988310822123751,0.27235640382424436,0.21152156250034235,0.25502732104110304,0.1953811448678455
0.16,0.400126276150501,0.2741167393297109,0.17635756706836392,0.035163995431636126,0.40012627615034474,0.27411673933084424,0.21152156250034523,0.25656218965409805,0.19492987070442738
0.164,0.4014233914574118,0.27587355859875845,0.17592121485363424,0.035600347646365806,0.40142339145725286,0.2758735585998918,0.21152156250034798,0.2580917709344111,0.19447675641846413
0.168,0.40272240894184125,0.2776269192849583,0.17548335168742277,0.03603821081257727,0.4027224089416797,0.2776269192860913,0.2115215625003507,0.25961611291437764,0.1940218059079205
0.17200000000000001,0.40402330921902513,0.2793768768553307,0.17504398559362375,0.0364775769063763,0.404023309218861,0.2793768768564629,0.21152156250035328,0.26113526156472444,0.19356502323903446
0.176,0.4053260727111971,0.281123484659885,0.17460312477106316,0.03691843772893688,0.4053260727110303,0.28112348466101617,0.21152156250035578,0.26264926086557555,0.19310641264753317
0.18,0.4066306796479618,0.2828667939992466,0.17416077759381357,0.03736078490618647,0.4066306796477925,0.28286679400037656,0.21152156250035817,0.2641581528745009,0.1926459785398323
0.184,0.40793711006669914,0.28460685418940157,0.17371695261147532,0.037804609888524715,0.40793711006652733,0.28460685419052983,0.21152156250036047,0.26566197779176687,0.1921837254942187
0.188,0.4092453438129996,0.2863437126237102,0.1732716585494244,0.038249903950575655,0.4092453438128253,0.28634371262483665,0.2115215625003627,0.2671607740229351,0.19171965826201548
0.192,0.4105553605411309,0.28807741483233806,0.17282490430902497,0.038696658190975064,0.41055536054095415,0.28807741483346244,0.21152156250036486,0.26865457823895456,0.1912537817687293
0.196,0.41186713971453687,0.2898080045392349,0.17237669896780794,0.039144863532192105,0.4118671397143577,0.289808004540357,0.21152156250036694,0.2701434254338726,0.19078610111517916
0.2,0.4131806606063679,0.2915355237167918,0.1719270517796135,0.03959451072038652,0.4131806606061863,0.2915355237179115,0.21152156250036896,0.27162734898029145,0.19031662157860615
0.20400000000000001,0.41449590230004363,0.2932600126382954,0.17147597217469834,0.04004559032530169,0.41449590229985966,0.2932600126394126,0.21152156250037088,0.2731063806826852,0.18984534861376337
0.20800000000000002,0.41581284368984844,0.294981509928291,0.17102346975980612,0.04049809274019391,0.4158128436896621,0.2949815099294053,0.21152156250037282,0.2745805508286866,0.18937228785398597
0.212,0.41713146348155916,0.2967000526109604,0.17056955431820195,0.040952008181798095,0.4171314634813704,0.2967000526120718,0.21152156250037463,0.2760498882384444,0.18889744511224008
0.216,0.4184517401931059,0.29841567615661635,0.17011423580966897,0.04140732669033107,0.41845174019291476,0.2984156761577247,0.2115215625003764,0.27751442031215157,0.18842082638215094
0.22,0.41977365215526585,0.3001284145264048,0.16965752437046794,0.041864038129532107,0.4197736521550724,0.3001284145275099,0.21152156250037815,0.27897417307583167,0.1879424378390087
0.224,0.42109717751239073,0.301838300215305,0.16919943031325863,0.04232213218674141,0.42109717751219494,0.3018383002164067,0.2115215625003798,0.2804291712254708,0.18746228584075184
0.228,0.42242229422316707,0.30354536429351137,0.1687399641269829,0.04278159837301715,0.422422294222969,0.30354536429460954,0.21152156250038145,0.2818794381695761,0.18698037692892772
0.232,0.4237489800614108,0.30524963644627534,0.16827913647670903,0.043242426023291015,0.4237489800612105,0.3052496364473699,0.21152156250038295,0.2833249960702363,0.1864967178296294
0.23600000000000002,0.4250772126168953,0.3069511450122819,0.16781695820343692,0.04370460429656311,0.4250772126166927,0.30695114501337306,0.21152156250038454,0.2847658658827572,0.1860113154544084
0.24,0.4264069692962136,0.30864991702063277,0.16735344032386348,0.044168122176136554,0.4264069692960087,0.30864991702172007,0.21152156250038606,0.28620206739393994,0.1855241769011625
0.244,0.42773822732367467,0.3103459782264981,0.1668885940301089,0.04463296846989115,0.42773822732346756,0.3103459782275816,0.21152156250038748,0.2876336192590639,0.18503530945499844
0.248,0.42907096374223436,0.3120393531455069,0.16642243068940174,0.0450991318105983,0.429070963742025,0.31203935314658654,0.2115215625003889,0.28906053903763956,0.18454472058906854
0.252,0.4304051554144604,0.3137300650869293,0.16595496184372405,0.04556660065627599,0.43040515541424884,0.313730065088005,0.21152156250039025,0.2904828432279849,0.1840524179653808
0.256,0.43174077902353214,0.31541813618571024,0.1654861992094154,0.04603536329058464,0.43174077902331837,0.3154181361867819,0.2115215625003916,0.29190054730068016,0.18355840943558216
0.26,0.43307781107427523,0.31710358743340694,0.1650161546767358,0.04650540782326423,0.4330778110740593,0.3171035874344746,0.2115215625003929,0.29331366573095335,0.18306270304171407
0.264,0.4344162278942311,0.31878643870808204,0.1645448403093868,0.046976722190613246,0.434416227894013,0.31878643870914547,0.2115215625003942,0.2947222120300456,0.18256530701693946
0.268,0.4357560056347613,0.32046670880319755,0.16407226834399116,0.04744929415600888,0.43575600563454103,0.3204667088042567,0.2115215625003954,0.29612619877559926,0.18206622978624135
0.272,0.43709712027218683,0.3221444154555583,0.16359845118953026,0.04792311131046978,0.4370971202719644,0.3221444154566133,0.2115215625003966,0.297525637641116,0.18156547996709207
0.276,0.4384395476089631,0.32381957537234646,0.16312340142673884,0.04839816107326121,0.4384395476087385,0.3238195753733971,0.21152156250039778,0.29892053942452496,0.18106306637009226
0.28,0.4397832632748896,0.3254922042572864,0.16264713180745785,0.04887443069254218,0.4397832632746629,0.3254922042583329,0.21152156250039894,0.30031091407589733,0.1805589979995795
0.28400000000000003,0.44112824272835544,0.3271623168359831,0.1621696552539436,0.049351907246056426,0.4411282427281266,0.3271623168370253,0.2115215625004001,0.3016967707243503,0.18005328405420587
0.28800000000000003,0.44247446125761974,0.3288299268804653,0.1616909848581346,0.049830577641865444,0.4424744612573888,0.3288299268815031,0.21152156250040122,0.3030781177041688,0.17954593392748402
0.292,0.4438218939821279,0.3304950472329733,0.16121113388087452,0.05031042861912551,0.44382189398189487,0.33049504723400663,0.21152156250040222,0.304454962580184,0.17903695720830054
0.296,0.44517051585386314,0.3321576898290217,0.16073011575109222,0.05079144674890782,0.44517051585362805,0.33215768983005084,0.21152156250040327,0.30582731217243675,0.1785263636813972
0.3,0.44652030165873374,0.3338178657197712,0.16024794406493745,0.0512736184350626,0.44652030165849654,0.33381786572079575,0.21152156250040433,0.3071951725801582,0.17801416332781822
0.304,0.44787122601799567,0.33547558509373465,0.1597646325848737,0.051756929915126336,0.4478712260177564,0.3354755850947549,0.21152156250040535,0.30855854920509357,0.17750036632532426
0.308,0.44922326338971086,0.3371308572978539,0.159280195238726,0.05224136726127404,0.44922326338946955,0.3371308572988697,0.21152156250040632,0.3099174467742001,0.17698498304877133
0.312,0.4505763880702411,0.33878369085796595,0.1587946461186856,0.05272691638131444,0.4505763880699977,0.33878369085897736,0.2115215625004073,0.31127186936173995,0.17646802407045528
0.316,0.4519305741957773,0.3404340934986908,0.15830799948026983,0.0532135630197302,0.45193057419553195,0.34043409349969794,0.21152156250040824,0.3126218204107976,0.17594950016042046
0.32,0.45328579574390476,0.3420820721627628,0.15782026974123786,0.05370129275876218,0.45328579574365735,0.3420820721637655,0.2115215625004092,0.3139673027542413,0.1754294222867323
0.324,0.4546420265352032,0.34372763302982845,0.15733147148046228,0.05419009101953775,0.4546420265349538,0.3437276330308269,0.21152156250041015,0.3153083186351513,0.17490780161571343
0.328,0.4559992402348831,0.3453707815347357,0.15684161943675592,0.05467994306324412,0.4559992402346316,0.34537078153572964,0.21152156250041104,0.31664486972673844,0.17438464951214255
0.332,0.45735741035445676,0.34701152238533245,0.1563507285076545,0.05517083399234554,0.4573574103542033,0.347011522386322,0.21152156250041193,0.31797695715176927,0.1738599775394157
0.336,0.45871651025344523,0.34864985957979827,0.1558588137481545,0.055662748751845535,0.45871651025318977,0.3486498595807834,0.21152156250041285,0.31930458150151964,0.17333379745966954
0.34,0.46007651314112025,0.35028579642352553,0.15536589036940682,0.05615567213059323,0.4600765131408628,0.35028579642450625,0.2115215625004137,0.32062774285427326,0.17280612123386543
0.34400000000000003,0.4614373920782813,0.35191933554557064,0.1548719737373656,0.056649588762634435,0.4614373920780219,0.35191933554654703,0.2115215625004145,0.32194644079338336,0.1722769610218349
0.34800000000000003,0.4627991199790683,0.3535504789146918,0.15437707937139292,0.05714448312860713,0.4627991199788069,0.35355047891566377,0.21152156250041534,0.32326067442491296,0.1717463291822853
0.352,0.46416166961280836,0.3551792278549902,0.15388122294281886,0.05764033955718119,0.46416166961254496,0.35517922785595774,0.2115215625004162,0.32457044239486965,0.17121423827276508
0.356,0.4655250136058983,0.35680558306117105,0.15338442027345725,0.05813714222654278,0.465525013605633,0.35680558306213433,0.211521562500417,0.3258757429060503,0.17068070104958846
0.36,0.46688912444372155,0.35842954461344034,0.15288668733407718,0.05863487516592287,0.46688912444345426,0.35842954461439924,0.21152156250041776,0.327176573734509,0.17014573046771952
0.364,0.46825397447259937,0.3600511119920495,0.1523880402428303,0.059133522257169724,0.46825397447233014,0.36005111199300416,0.2115215625004186,0.3284729322456612,0.16960933968061376
0.368,0.469619535901777,0.3616702840915055,0.15188849526363415,0.05963306723636589,0.46961953590150585,0.3616702840924559,0.21152156250041937,0.3297648154100393,0.16907154204001854
0.372,0.47098578080544373,0.363287059234456,0.15138806880451156,0.06013349369548848,0.4709857808051706,0.3632870592354022,0.21152156250042017,0.3310522198187076,0.16853235109573056
0.376,0.4723526811247871,0.36490143518526597,0.15088677741588613,0.060634785084113914,0.47235268112451206,0.3649014351862077,0.2115215625004209,0.33233514169835326,0.16799178059531042
0.38,0.47372020867008113,0.3665134091632931,0.1503846377888348,0.06113692471116524,0.47372020866980413,0.36651340916423075,0.21152156250042164,0.33361357692605914,0.16744984448375427
0.384,0.475088335122808,0.36812297785588083,0.14988166675329592,0.06163989574670412,0.47508833512252907,0.36812297785681414,0.21152156250042242,0.33488752104377456,0.16690655690312103
0.388,0.4764570320378134,0.3697301374310705,0.14937788127623564,0.062143681223764395,0.4764570320375326,0.36973013743199984,0.21152156250042317,0.33615696927248706,0.1663619321921161
0.392,0.47782627084549506,0.3713348835500539,0.14887329845976988,0.06264826404023016,0.47782627084521234,0.371334883550979,0.21152156250042387,0.3374219165261134,0.16581598488563015
0.396,0.479196022854024,0.3729372113793657,0.14836793553924515,0.06315362696075488,0.4791960228537394,0.3729372113802866,0.2115215625004246,0.33868235742510905,0.16526872971423315
0.4,0.48056625925159907,0.3745371156028347,0.14786180988127598,0.06365975261872406,0.4805662592513126,0.3745371156037516,0.2115215625004253,0.33993828630981343,0.16472018160362292
0.404,0.4819369511087333,0.3761345904332971,0.1473549389817407,0.06416662351825932,0.4819369511084449,0.37613459043421,0.21152156250042603,0.341189697253534,0.1641703556740282
0.40800000000000003,0.48330806938057286,0.3777296296240831,0.14684734046373557,0.06467422203626447,0.4833080693802826,0.37772962962499185,0.21152156250042675,0.3424365840753786,0.16361926723956569
0.41200000000000003,0.4846795849092478,0.37932222648028385,0.14633903207548754,0.0651825304245125,0.48467958490895563,0.3793222264811887,0.21152156250042745,0.34367894035284274,0.16306693180755047
0.41600000000000004,0.48605146842625424,0.3809123738698101,0.14583003168822575,0.06569153081177428,0.4860514684259602,0.38091237387071086,0.21152156250042817,0.3449167594341612,0.16251336507776035
0.42,0.487423690554868,0.38250006423424493,0.14532035729401283,0.0662012052059872,0.48742369055457213,0.38250006423514177,0.21152156250042886,0.34615003445042697,0.16195858294165258
0.424,0.48879622181258914,0.3840852895995036,0.14481002700353557,0.06671153549646447,0.4887962218122914,0.3840852896003964,0.21152156250042958,0.3473787583274873,0.16140260148153382
0.428,0.4901690326136168,0.3856680415863027,0.14429905904385626,0.06722250345614376,0.4901690326133172,0.3856680415871916,0.21152156250043022,0.3486029237976208,0.16084543696968218
0.432,0.4915420932713546,0.3872483114204494,0.1437874717561243,0.06773409074387578,0.4915420932710532,0.3872483114213344,0.21152156250043086,0.349822523411003,0.16028710586742176
0.436,0.49291537400094604,0.38882608994295437,0.14327528359324893,0.06824627890675111,0.4929153740006427,0.38882608994383544,0.21152156250043153,0.35103754954696426,0.1597276248241489
0.44,0.49428884492183855,0.3904013676199753,0.14276251311753427,0.06875904938246577,0.4942888449215334,0.3904013676208526,0.21152156250043228,0.3522479944250464,0.15916701067631048
0.444,0.4956624760603777,0.39197413455259844,0.14224917899827544,0.06927238350172461,0.49566247606007074,0.39197413455347196,0.21152156250043294,0.35345385011586294,0.15860528044633304
0.448,0.49703623735242947,0.3935443804864612,0.14173530000931814,0.0697862624906819,0.49703623735212066,0.3935443804873309,0.21152156250043355,0.3546551085517671,0.15804245134150421
0.452,0.4984100986460306,0.3951120948212232,0.14122089502658108,0.07030066747341897,0.49841009864571995,0.39511209482208914,0.2115215625004342,0.3558517615373327,0.15747854075280404
0.456,0.49978402970406743,0.39667726661988995,0.1407059830255424,0.07081557947445762,0.49978402970375496,0.39667726662075226,0.21152156250043488,0.35704380075965175,0.15691356625368835
0.46,0.5011580002069815,0.3982398846179949,0.14019058307869012,0.0713309794213099,0.5011580002066673,0.3982398846188535,0.21152156250043552,0.35823121779845324,0.15634754559882208
0.464,0.5025319797555027,0.399799937232643,0.1396747143529379,0.07184684814706215,0.5025319797551867,0.399799937233498,0.2115215625004362,0.3594140041360465,0.15578049672276378
0.468,0.503905937873408,0.4013574125714222,0.13915839610700614,0.0723631663929939,0.5039059378730902,0.4013574125722736,0.2115215625004368,0.3605921511670935,0.15521243773860013
0.47200000000000003,0.5052798440103071,0.40291229844118565,0.1386416476887696,0.07287991481123043,0.5052798440099876,0.4029122984420335,0.21152156250043747,0.36176565020821244,0.15464338693653146
0.47600000000000003,0.5066536675444532,0.4044645823567097,0.1381244885325715,0.07339707396742852,0.5066536675441319,0.40446458235755395,0.2115215625004381,0.3629344925074176,0.15407336278240713
0.48,0.5080273777855784,0.4060142515492302,0.1376069381565058,0.07391462434349425,0.5080273777852553,0.40601425155007104,0.21152156250043877,0.36409866925339646,0.15350238391621127
0.484,0.5094009439777543,0.40756129297486354,0.13708901615966698,0.07443254634033306,0.5094009439774294,0.40756129297570093,0.21152156250043944,0.36525817158462937,0.1529304691504989
0.488,0.510774335302276,0.40910569332291213,0.1365707422193697,0.07495082028063033,0.5107743353019494,0.40910569332374613,0.21152156250044007,0.3664129905983524,0.15235763746878206
0.492,0.5121475208805699,0.41064743902406153,0.1360521360883375,0.07546942641166254,0.5121475208802415,0.41064743902489204,0.21152156250044074,0.3675631173593681,0.15178390802386635
0.496,0.513520469777124,0.41218651625846925,0.13553321759186246,0.07598834490813758,0.5135204697767938,0.41218651625929636,0.21152156250044138,0.3687085429087043,0.15120930013613734
0.5,0.5148931510024407,0.413722910963751,0.1350140066249359,0.07650755587506414,0.5148931510021088,0.41372291096457486,0.21152156250044202,0.36984925827212634,0.1506338332917972
0.504,0.5162655335160119,0.4152566088428658,0.1344945231493511,0.07702703935064895,0.5162655335156782,0.4152566088436863,0.21152156250044268,0.3709852544685023,0.15005752714105208
0.508,0.517637586229314,0.41678759537190196,0.13397478719077924,0.0775467753092208,0.5176375862289785,0.4167875953727192,0.2115215625004433,0.3721165225180244,0.14948040149624928
0.512,0.5190092780088249,0.4183158558077694,0.13345481883581856,0.0780667436641815,0.5190092780084876,0.4183158558085832,0.2115215625004439,0.37324305345028974,0.14890247632996506
0.516,0.5203805776790599,0.41984137519579723,0.13293463822901863,0.0785869242709814,0.5203805776787208,0.41984137519660775,0.21152156250044457,0.37436483831223927,0.14832377177304296
0.52,0.5217514540256275,0.4213641383772425,0.13241426556987942,0.07910729693012061,0.5217514540252867,0.42136413837804987,0.2115215625004452,0.37548186817596113,0.14774430811258277
0.524,0.5231218757983043,0.4228841299967102,0.13189372110982692,0.07962784139017312,0.5231218757979617,0.4228841299975142,0.21152156250044582,0.37659413414635623,0.14716410578988037
0.528,0.5244918117141267,0.4244013345094858,0.13137302514916632,0.08014853735083372,0.5244918117137825,0.4244013345102867,0.21152156250044646,0.37770162736866847,0.1465831853983183
0.532,0.5258612304605021,0.4259157361887868,0.1308521980340123,0.08066936446598774,0.5258612304601562,0.4259157361895846,0.2115215625004471,0.3788043390358844,0.14600156768120798
0.536,0.527230100698335,0.42742731913292925,0.13033126015319924,0.0811903023468008,0.5272301006979874,0.427427319133724,0.21152156250044768,0.3799022603959984,0.1454192735295828
0.54,0.5285983910651701,0.42893606727241596,0.1298102319351709,0.08171133056482913,0.5285983910648209,0.4289360672732077,0.21152156250044832,0.3809953827591491,0.14483632397994312
0.544,0.5299660701783517,0.4304419643769456,0.1292891338448509,0.08223242865514914,0.5299660701780007,0.43044196437773435,0.21152156250044896,0.3820836975046269,0.14425274021195306
0.548,0.5313331066381962,0.4319449940623453,0.1287679863804952,0.08275357611950483,0.5313331066378434,0.43194499406313097,0.21152156250044962,0.3831671960877523,0.14366854354608963
0.552,0.5326994690311803,0.43344513979742744,0.12824681007052738,0.08327475242947265,0.5326994690308257,0.4334451397982102,0.21152156250045026,0.38424587004662913,0.14308375544124388
0.556,0.5340651259331417,0.4349423849107742,0.12772562547035732,0.08379593702964273,0.5340651259327853,0.43494238491155385,0.21152156250045093,0.3853197110087717,0.14249839749227527
0.56,0.5354300459124934,0.4364367125974475,0.12720445315918527,0.08431710934081477,0.5354300459121354,0.43643671259822425,0.21152156250045157,0.3863887106976064,0.14191249142751908
0.5640000000000001,0.5367941975334494,0.43792810592563053,0.12668331373679104,0.08483824876320899,0.5367941975330897,0.43792810592640447,0.21152156250045212,0.38745286093885156,0.14132605910624702
0.5680000000000001,0.5381575493592615,0.4394165478431979,0.1261622278203102,0.08535933467968983,0.5381575493589,0.43941654784396883,0.2115215625004528,0.38851215366677355,0.14073912251608192
0.5720000000000001,0.5395200699554679,0.44090202118421673,0.1256412160409986,0.08588034645900143,0.5395200699551047,0.44090202118498495,0.21152156250045345,0.3895665809303201,0.1401517037703669
0.5760000000000001,0.5408817278931503,0.4423845086753827,0.12512029904098454,0.08640126345901551,0.5408817278927854,0.442384508676148,0.211521562500454,0.3906161348991354,0.13956382510548895
0.58,0.5422424917522011,0.4438639929423862,0.12459949747001227,0.08692206502998777,0.5422424917518346,0.4438639929431488,0.21152156250045467,0.39166080786945157,0.13897550887815793
0.584,0.5436023301245988,0.4453404565162166,0.12407883198217515,0.0874427305178249,0.5436023301242306,0.4453404565169764,0.21152156250045528,0.3927005922698638,0.13838677756264067
0.588,0.5449612116176905,0.44681388183939846,0.12355832323264172,0.08796323926735831,0.5449612116173208,0.4468138818401557,0.21152156250045584,0.39373548066698416,0.1377976537479522
0.592,0.5463191048574824,0.4482842512721672,0.12303799187437417,0.08848357062562587,0.546319104857111,0.4482842512729217,0.2115215625004565,0.39476546577097915,0.13720816013500267
0.596,0.5476759784919351,0.4497515470985788,0.12251785855484153,0.08900370394515851,0.547675978491562,0.44975154709933063,0.21152156250045714,0.3957905404409881,0.13661831953370224
0.6,0.5490318011942655,0.45121575153255944,0.1219979439127277,0.08952361858727234,0.5490318011938908,0.4512157515333086,0.21152156250045773,0.3968106976904257,0.13602815486002312
0.604,0.5503865416662528,0.45267684672389263,0.12147826857463578,0.09004329392536424,0.5503865416658764,0.45267684672463904,0.21152156250045837,0.39782593069216804,0.13543768913302065
0.608,0.5517401686415477,0.4541348147641449,0.1209588531517903,0.09056270934820974,0.5517401686411697,0.45413481476488876,0.21152156250045903,0.39883623278362185,0.13484694547181258
0.612,0.5530926508889863,0.4555896376925326,0.12043971823673699,0.09108184426326303,0.5530926508886066,0.4555896376932738,0.21152156250045961,0.39984159747167985,0.13425594709251876
0.616,0.5544439572159042,0.45704129750172684,0.11992088440004328,0.09160067809995674,0.5544439572155229,0.4570412975024655,0.21152156250046028,0.4008420184375599,0.13366471730516058
0.62,0.5557940564714541,0.45848977614360054,0.11940237218699869,0.09211919031300134,0.555794056471071,0.4584897761443368,0.2115215625004609,0.40183748954153037,0.13307327951052142
0.624,0.5571429175499222,0.45993505553491604,0.11888420211431722,0.09263736038568282,0.5571429175495376,0.4599350555356498,0.2115215625004615,0.40282800482752174,0.13248165719696892
0.628,0.5584905093940462,0.46137711756295335,0.11836639466684303,0.093155167833157,0.5584905093936601,0.4613771175636847,0.2115215625004621,0.40381355852762374,0.13188987393723964
0.632,0.5598368009983314,0.46281594409108173,0.11784897029425957,0.09367259220574045,0.5598368009979436,0.46281594409181065,0.21152156250046275,0.40479414506647066,0.13129795338518646
0.636,0.5611817614123652,0.4642515169642715,0.11733194940780439,0.09418961309219565,0.5611817614119758,0.4642515169649981,0.2115215625004634,0.4057697590655128,0.13070591927249026
0.64,0.5625253597441292,0.46568381801454994,0.11681535237698974,0.0947062101230103,0.5625253597437383,0.46568381801527425,0.211521562500464,0.4067403953471764,0.13011379540533602
0.644,0.5638675651633085,0.4671128290663986,0.11629919952633087,0.09522236297366918,0.563867565162916,0.46711282906712054,0.21152156250046467,0.40770604893891116,0.1295216056610543
0.648,0.565208346904596,0.46853853194209344,0.11578351113208278,0.09573805136791724,0.565208346904202,0.46853853194281325,0.2115215625004653,0.4086667150771262,0.12892937398472934
0.652,0.5665476742709925,0.4699609084669894,0.11526830741898614,0.09625325508101389,0.5665476742705969,0.46996090846770694,0.2115215625004659,0.40962238921101596,0.1283371243857739
0.656,0.5678855166371009,0.47137994047474585,0.11475360855702457,0.09676795394297547,0.5678855166367036,0.47137994047546106,0.21152156250046655,0.4105730670062733,0.12774488093447225
0.66,0.5692218434524133,0.472795609812497,0.11423943465819325,0.09728212784180679,0.5692218434520145,0.47279560981320995,0.21152156250046716,0.41151874434869345,0.1271526677584919
0.664,0.5705566242445923,0.4742078983459652,0.11372580577328044,0.0977957567267196,0.570556624244192,0.47420789834667587,0.21152156250046777,0.41245941734766844,0.1265605090393655
0.668,0.5718898286227422,0.47561678796451745,0.11321274188866322,0.09830882061133682,0.5718898286223403,0.47561678796522594,0.2115215625004684,0.4133950823395703,0.12596842900894267
0.672,0.573221426280673,0.4770222605861658,0.11270026292311801,0.09882129957688203,0.5732214262802695,0.4770222605868722,0.21152156250046905,0.4143257358910263,0.12537645194581426
0.676,0.5745513870001533,0.4784242981625108,0.11218838872464754,0.09933317377535249,0.5745513869997483,0.47842429816321513,0.2115215625004697,0.41525137480208446,0.12478460217170866
0.68,0.5758796806541541,0.47982288268362905,0.11167713906732481,0.09984442343267524,0.5758796806537475,0.4798228826843312,0.2115215625004703,0.416171996109271,0.12419290404786189
0.684,0.5772062772100794,0.4812179961829031,0.11116653364815571,0.10035502885184432,0.5772062772096713,0.48121799618360334,0.211521562500471,0.41708759708853865,0.12360138197136226
0.6880000000000001,0.578531146732987,0.4826096207417969,0.11065659208396043,0.1008649704160396,0.5785311467325773,0.482609620742495,0.2115215625004716,0.4179981752581091,0.12301006037147058
0.6920000000000001,0.5798542593887939,0.483997738494572,0.11014733390827608,0.10137422859172397,0.5798542593883826,0.4839977384952681,0.21152156250047227,0.41890372838120554,0.12241896370591665
0.6960000000000001,0.5811755854474698,0.48538233163294936,0.10963877856828003,0.10188278393172,0.5811755854470572,0.4853823316336436,0.2115215625004729,0.4198042544686802,0.12182811645717408
0.7000000000000001,0.5824950952862158,0.48676338241071365,0.10913094542173624,0.10239061707826379,0.5824950952858017,0.48676338241140593,0.21152156250047355,0.4206997517815349,0.12123754312871306
0.704,0.5838127593926267,0.48814087314826,0.10862385373396508,0.10289770876603495,0.5838127593922111,0.4881408731489504,0.2115215625004741,0.4215902188333345,0.12064726824123351
0.708,0.5851285483678385,0.489514786237085,0.10811752267483758,0.10340403982516247,0.5851285483674215,0.48951478623777356,0.21152156250047477,0.4224756543925157,0.12005731632887884
0.712,0.5864424329296585,0.4908851041442201,0.10761197131579524,0.1039095911842048,0.5864424329292399,0.4908851041449067,0.21152156250047544,0.42335605748459043,0.1194677119354314
0.716,0.5877543839156777,0.49225180941660723,0.10710721862689686,0.10441434387310317,0.5877543839152577,0.49225180941729213,0.21152156250047605,0.42423142739424335,0.11887847961049183
0.72,0.5890643722863652,0.493614884685419,0.106603283473892,0.10491827902610802,0.5890643722859437,0.49361488468610193,0.2115215625004767,0.4251017636673274,0.11828964390564178
0.724,0.5903723691281427,0.49497431267031855,0.10610018461532417,0.10542137788467588,0.5903723691277197,0.4949743126709997,0.21152156250047732,0.4259670661127524,0.11770122937059263
0.728,0.5916783456564402,0.49633007618366504,0.1055979406996622,0.10592362180033783,0.5916783456560157,0.4963300761843443,0.21152156250047793,0.4268273348042733,0.11711326054932034
0.732,0.5929822732187296,0.49768215813465827,0.10509657026246345,0.10642499223753658,0.5929822732183038,0.49768215813533584,0.21152156250047857,0.42768257008217314,0.11652576197618836
0.736,0.5942841232975385,0.4990305415334281,0.10459609172356696,0.10692547077643307,0.5942841232971112,0.49903054153410387,0.21152156250047915,0.42853277255484595,0.11593875817205929
0.74,0.5955838675134404,0.5003752094950634,0.10409652338432,0.10742503911568002,0.5955838675130116,0.5003752094957375,0.21152156250047982,0.42937794310027605,0.11535227364039648
0.744,0.5968814776280229,0.5017161452435845,0.10359788342483722,0.10792367907516281,0.5968814776275927,0.501716145244257,0.21152156250048046,0.4302180828674173,0.1147663328633574
0.748,0.5981769255468321,0.5030533321158562,0.10310018990129387,0.10842137259870616,0.5981769255464005,0.503053332116527,0.21152156250048113,0.43105319327747166,0.11418096029787912
0.752,0.5994701833222924,0.504386753565442,0.10260346074325435,0.10891810175674566,0.5994701833218593,0.5043867535661113,0.21152156250048176,0.4318832760250671,0.11359618037175753
0.756,0.6007612231566017,0.5057163931664008,0.10210771375103596,0.10941384874896411,0.6007612231561672,0.5057163931670682,0.2115215625004824,0.4327083330793376,0.11301201747972205
0.76,0.6020500174046005,0.507042234617022,0.10161296659310982,0.10990859590689023,0.6020500174041645,0.5070422346176878,0.211521562500483,0.433528366684902,0.1124284959795058
0.764,0.6033365385766146,0.5083642617435047,0.10111923680353876,0.11040232569646125,0.6033365385761772,0.508364261744169,0.21152156250048368,0.43434337936274825,0.11184564018791406
0.768,0.6046207593412711,0.5096824585035752,0.10062654177945365,0.11089502072054638,0.6046207593408323,0.5096824585042379,0.21152156250048432,0.4351533739110172,0.1112634743768909
0.772,0.6059026525282862,0.510996808990045,0.10013489877856888,0.11138666372143118,0.6059026525278459,0.5109968089907061,0.21152156250048498,0.4359583534056909,0.110682022769586
0.776,0.6071821911312245,0.5123072974343099,0.09964432491673729,0.11187723758326275,0.6071821911307829,0.5123072974349696,0.2115215625004856,0.4367583212011853,0.11010130953642296
0.78,0.6084593483102296,0.5136139082097896,0.09915483716554568,0.11236672533445435,0.6084593483097867,0.5136139082104477,0.2115215625004862,0.4375532809308477,0.10952135879116971
0.784,0.6097340973947247,0.5149166258353051,0.09866645234995187,0.11285511015004816,0.6097340973942803,0.5149166258359616,0.21152156250048681,0.43834323650735885,0.10894219458701321
0.788,0.6110064118860825,0.5162154349783978,0.09817918714596321,0.11334237535403682,0.6110064118856368,0.516215434979053,0.21152156250048743,0.4391281921230421,0.10836384091263888
0.792,0.6122762654602648,0.5175103204585879,0.09769305807835796,0.11382850442164208,0.6122762654598177,0.5175103204592416,0.2115215625004881,0.43990815225007995,0.10778632168831692
0.796,0.61354363197043,0.5188012672505707,0.09720808151844991,0.11431348098155014,0.6135436319699816,0.518801267251223,0.21152156250048865,0.4406831216406378,0.1072096607619956
0.8,0.6148084854495085,0.5200882604873542,0.09672427368189684,0.1147972888181032,0.6148084854490586,0.520088260488005,0.2115215625004893,0.4414531053268965,0.10663388190540432
0.804,0.6160708001127448,0.521371285463334,0.09624165062655372,0.11527991187344634,0.6160708001122936,0.5213712854639835,0.21152156250048998,0.4422181086209955,0.10605900881016658
0.808,0.6173305503602076,0.5226503276373085,0.09576022825037044,0.1157613342496296,0.6173305503597549,0.5226503276379566,0.21152156250049065,0.44297813711488504,0.10548506508392419
0.812,0.6185877107792638,0.5239253726354318,0.09528002228933595,0.11624154021066409,0.6185877107788098,0.5239253726360785,0.21152156250049126,0.44373319668009126,0.10491207424647489
0.8160000000000001,0.61984225614702,0.5251964062541059,0.09480104831546837,0.11672051418453167,0.6198422561465647,0.5251964062547514,0.21152156250049187,0.4444832934673919,0.10434005972592399
0.8200000000000001,0.6210941614327281,0.5264634144628118,0.0943233217348513,0.11719824076514872,0.6210941614322716,0.526463414463456,0.21152156250049248,0.4452284339064072,0.10376904485485122
0.8240000000000001,0.6223434018001548,0.5277263834068777,0.09384685778571841,0.11767470471428162,0.6223434017996969,0.5277263834075206,0.2115215625004931,0.4459686247051032,0.10319905286649439
0.8280000000000001,0.6235899526099157,0.5289852994101871,0.093371671536585,0.11814989096341505,0.6235899526094565,0.5289852994108287,0.21152156250049373,0.4467038728492111,0.10263010689095126
0.8320000000000001,0.6248337894217726,0.5302401489778238,0.09289777788442807,0.11862378461557196,0.6248337894213121,0.5302401489784642,0.21152156250049434,0.44743418560156284,0.10206222995140035
0.836,0.6260748879968936,0.5314909187986563,0.0924251915529149,0.11909637094708517,0.6260748879964319,0.5314909187992954,0.21152156250049495,0.4481595705013437,0.10149544496034273
0.84,0.6273132243000757,0.532737595747859,0.09195392709068086,0.11956763540931915,0.6273132242996127,0.532737595748497,0.21152156250049559,0.4488800353632624,0.10092977471586517
0.844,0.6285487745019293,0.5339801668893729,0.09148399886965648,0.12003756363034358,0.6285487745014648,0.5339801668900096,0.21152156250049617,0.44959558827664214,0.10036524189792684
0.848,0.6297815149810235,0.5352186194783022,0.09101542108344449,0.12050614141655555,0.6297815149805579,0.5352186194789379,0.2115215625004968,0.45030623760442956,0.09980186906466998
0.852,0.6310114223259944,0.5364529409632516,0.09054820774574661,0.12097335475425341,0.6310114223255275,0.5364529409638862,0.21152156250049747,0.45101199198212766,0.09923967864875638
0.856,0.6322384733376115,0.5376831189885987,0.09008237268884157,0.12143918981115848,0.6322384733371434,0.5376831189892322,0.21152156250049808,0.45171286031664887,0.09867869295373075
0.86,0.6334626450308062,0.5389091413967058,0.08961792956211294,0.12190363293788709,0.6334626450303369,0.5389091413973383,0.2115215625004987,0.4524088517850933,0.09811893415041203
0.864,0.6346839146366591,0.54013099623007,0.08915489183062869,0.12236667066937135,0.6346839146361886,0.5401309962307014,0.21152156250049928,0.4530999758334513,0.0975604242733138
0.868,0.6359022596043472,0.5413486717334095,0.08869327277377165,0.12282828972622838,0.6359022596038755,0.5413486717340399,0.21152156250049992,0.4537862421752313,0.09700318521709592
0.872,0.6371176576030502,0.5425621563556894,0.08823308548392161,0.12328847701607841,0.6371176576025772,0.5425621563563188,0.21152156250050053,0.45446766079001555,0.09644723873304684
0.876,0.6383300865238148,0.5437714387520847,0.08777434286518894,0.12374721963481113,0.6383300865233407,0.5437714387527129,0.21152156250050114,0.45514424192194375,0.09589260642559982
0.88,0.6395395244813787,0.5449765077858808,0.08731705763220024,0.12420450486779978,0.6395395244809033,0.5449765077865081,0.21152156250050172,0.4558159960781255,0.09533930974888252
0.884,0.640745949815951,0.5461773525303137,0.08686124230893581,0.12466032019106423,0.6407459498154744,0.5461773525309399,0.21152156250050236,0.45648293402698487,0.0947873700033021
0.888,0.6419493410949517,0.547373962270346,0.0864069092276195,0.1251146532723805,0.6419493410944739,0.5473739622709713,0.21152156250050302,0.45714506679653444,0.09423680833216685
0.892,0.643149677114708,0.5485663265043834,0.08595407052766009,0.12556749197233996,0.643149677114229,0.5485663265050077,0.2115215625005036,0.45780240567258584,0.09368764571834513
0.896,0.644346936902108,0.5497544349459271,0.08550273815464608,0.12601882434535394,0.6443469369016277,0.5497544349465505,0.21152156250050425,0.45845496219689047,0.093139902980963
0.9,0.6455410997162107,0.5509382775251672,0.08505292385939173,0.1264686386406083,0.6455410997157291,0.5509382775257897,0.21152156250050486,0.45910274816521945,0.0925936007721416
0.904,0.6467321450498136,0.5521178443905121,0.08460463919703602,0.12691692330296397,0.646732145049331,0.5521178443911339,0.21152156250050547,0.4597457756253784,0.0920487595737757
0.908,0.6479200526309762,0.5532931259100587,0.08415789552619399,0.12736366697380605,0.6479200526304925,0.5532931259106796,0.2115215625005061,0.460384056875161,0.09150539969435369
0.912,0.6491048024244994,0.5544641126729996,0.08371270400816012,0.1278088584918399,0.6491048024240146,0.5544641126736196,0.2115215625005067,0.4610176044602417,0.09096354126582076
0.916,0.6502863746333617,0.5556307954909705,0.08326907560616437,0.12825248689383564,0.6502863746328758,0.5556307954915898,0.2115215625005073,0.46164643117200965,0.0904232042404864
0.92,0.6514647497001101,0.5567931653993368,0.08282702108468008,0.12869454141531997,0.6514647496996231,0.5567931653999553,0.2115215625005079,0.46227055004534456,0.08988440838797636
0.924,0.6526399083082081,0.5579512136584182,0.08238655100878442,0.1291350114912156,0.6526399083077199,0.5579512136590359,0.21152156250050852,0.46288997435633505,0.08934717329223121
0.928,0.6538118313833372,0.5591049317546546,0.08194767574357058,0.12957388675642942,0.6538118313828479,0.5591049317552714,0.21152156250050907,0.46350471761994333,0.08881151834855154
0.932,0.6549805000946559,0.5602543114017106,0.08151040545361202,0.13001115704638802,0.6549805000941655,0.5602543114023266,0.21152156250050969,0.4641147935876146,0.08827746276069132
0.936,0.6561458958560125,0.5613993445415204,0.08107475010247821,0.13044681239752182,0.656145895855521,0.5613993445421358,0.2115215625005103,0.4647202162448344,0.08774502553800029
0.9400000000000001,0.6573080003271129,0.5625400233452735,0.0806407194523023,0.13088084304769773,0.6573080003266203,0.5625400233458882,0.2115215625005109,0.46532099980863484,0.087214225492616
0.9440000000000001,0.6584667954146447,0.5636763402143398,0.08020832306340002,0.13131323943660003,0.658466795414151,0.5636763402149537,0.21152156250051157,0.4659171587250504,0.08668508123670667
0.9480000000000001,0.6596222632733547,0.5648082877811365,0.07977757029393939,0.13174399220606067,0.6596222632728599,0.5648082877817496,0.21152156250051213,0.4665087076665261,0.0861576111797657
0.9520000000000001,0.6607743863070821,0.5659358589099355,0.07934847029966204,0.13217309220033802,0.6607743863065861,0.565935858910548,0.21152156250051277,0.46709566152927723,0.0856318335259587
0.9560000000000001,0.6619231471697463,0.5670590466976133,0.07892103203365429,0.13260053046634573,0.6619231471692493,0.5670590466982252,0.21152156250051335,0.46767803543060493,0.08510776627152362
0.96,0.6630685287662896,0.5681778444743412,0.07849526424616939,0.13302629825383064,0.6630685287657915,0.5681778444749523,0.21152156250051396,0.46825584470616605,0.08458542720222541
0.964,0.6642105142535745,0.5692922458042183,0.07807117548449923,0.13345038701550083,0.6642105142530752,0.5692922458048288,0.21152156250051457,0.4688291049072005,0.08406483389086497
0.968,0.6653490870412352,0.5704022444858473,0.07764877409289607,0.133872788407104,0.6653490870407349,0.5704022444864573,0.2115215625005152,0.469397831797717,0.0835460036948444
0.972,0.6664842307924854,0.5715078345528524,0.07722806821254351,0.13429349428745654,0.666484230791984,0.5715078345534618,0.2115215625005158,0.46996204135163866,0.08302895375378806
0.976,0.667615929424879,0.572609010274341,0.07680906578157659,0.13471249671842342,0.6676159294243766,0.5726090102749498,0.21152156250051637,0.47052174974990957,0.08251370098722129
0.98,0.6687441671110267,0.5737057661553084,0.07639177453515046,0.13512978796484956,0.6687441671105233,0.5737057661559167,0.21152156250051696,0.4710769733775639,0.08200026209230622
0.984,0.6698689282792674,0.5747980969369872,0.07597620200555717,0.13554536049444285,0.669868928278763,0.574798096937595,0.2115215625005175,0.4716277288207589,0.08148865354163679
0.988,0.670990197614294,0.5758859975971402,0.07556235552239048,0.13595920697760958,0.6709901976137886,0.5758859975977474,0.21152156250051818,0.47217403286377363,0.08097889158109206
0.992,0.6721079600577351,0.5769694633502986,0.07515024221275787,0.13637132028724214,0.6721079600572287,0.5769694633509054,0.2115215625005188,0.4727159024859736,0.08047099222774977
0.996,0.6732222008086904,0.5780484896479461,0.07473986900153971,0.1367816934984603,0.6732222008081832,0.5780484896485524,0.21152156250051934,0.47325335485874437,0.0799649712678599
1.0,0.6743329053242231,0.5791230721786472,0.07433124261169444,0.1371903198883056,0.6743329053237149,0.5791230721792532,0.2115215625005199,0.47378640734239397,0.07946084425487894
1.004,0.6754400593198059,0.5801932068681237,0.07392436956461014,0.13759719293538988,0.6754400593192967,0.5801932068687291,0.2115215625005205,0.4743150774830266,0.0789586265075656
1.008,0.6765436487697236,0.5812588898792753,0.07351925618050156,0.13800230631949847,0.6765436487692135,0.5812588898798803,0.2115215625005211,0.47483938300938805,0.07845833310813827
1.012,0.6776436599074311,0.5823201176121501,0.07311590857885174,0.13840565392114826,0.67764365990692,0.5823201176127547,0.21152156250052168,0.47535934182968514,0.07795997890049461
1.016,0.6787400792258669,0.5833768867038611,0.07271433267889828,0.13880722982110177,0.6787400792253548,0.5833768867044652,0.21152156250052226,0.4758749720283804,0.07746357848849433
1.02,0.6798328934777225,0.5844291940284505,0.0723145342001636,0.13920702829983644,0.6798328934772095,0.5844291940290544,0.21152156250052284,0.47638629186296166,0.07696914623430436
1.024,0.6809220896756687,0.5854770366967049,0.0719165186630281,0.1396050438369719,0.6809220896751549,0.5854770366973084,0.21152156250052345,0.4768933197606915,0.07647669625680795
1.028,0.6820076550925374,0.5865204120559173,0.07152029138934657,0.14000127111065344,0.6820076550920227,0.5865204120565205,0.211521562500524,0.47739607431533376,0.07598624243007769
1.032,0.6830895772614601,0.5875593176896001,0.07112585750310624,0.1403957049968938,0.6830895772609445,0.5875593176902029,0.21152156250052456,0.4778945742838615,0.07549779838191242
1.036,0.6841678439759641,0.5885937514171484,0.07073322193112677,0.1407883405688733,0.6841678439754475,0.5885937514177507,0.21152156250052517,0.478388838583146,0.07501137749243876
1.04,0.685242443290024,0.5896237112934538,0.07034238940380089,0.14117917309619918,0.6852424432895066,0.5896237112940559,0.2115215625005258,0.4788788862866295,0.07452699289277724
1.044,0.6863133635180728,0.5906491956084706,0.06995336445587534,0.1415681980441247,0.6863133635175545,0.5906491956090725,0.21152156250052637,0.479364736620982,0.07404465746377367
1.048,0.6873805932349683,0.591670202886733,0.0695661514272718,0.14195541107272824,0.687380593234449,0.5916702028873346,0.21152156250052695,0.4798464089627431,0.07356438383479527
1.052,0.6884441212759185,0.5926867318868254,0.06918075446394635,0.1423408080360537,0.6884441212753983,0.5926867318874268,0.21152156250052756,0.48032392283495196,0.07308618438259254
1.056,0.6895039367363655,0.5936987816008062,0.06879717751878771,0.1427243849812123,0.6895039367358445,0.5936987816014075,0.21152156250052812,0.480797297903764,0.07261007123022623
1.06,0.6905600289718268,0.5947063512535861,0.06841542435255284,0.14310613814744721,0.690560028971305,0.5947063512541869,0.21152156250052873,0.48126655397505913,0.07213605624606047
1.064,0.6916123875976958,0.595709440302258,0.06803549853483978,0.14348606396516028,0.6916123875971733,0.5957094403028588,0.21152156250052928,0.4817317109910383,0.07166415104282092
1.068,0.6926610024890019,0.5967080484353872,0.06765740344509674,0.14386415905490327,0.6926610024884784,0.5967080484359877,0.21152156250052984,0.482192789026814,0.0711943669767193
1.072,0.6937058637801286,0.5977021755722522,0.06728114227366666,0.14424042022633338,0.6937058637796042,0.5977021755728525,0.21152156250053045,0.48264980828699394,0.07072671514664348
1.076,0.6947469618644928,0.5986918218620455,0.06690671802286703,0.14461484447713305,0.6947469618639677,0.5986918218626456,0.211521562500531,0.4831027891022575,0.07026120639341318
1.08,0.6957842873941837,0.5996769876830291,0.06653413350810354,0.14498742899189646,0.6957842873936578,0.5996769876836292,0.21152156250053158,0.48355175192592975,0.06979785129910178
1.084,0.6968178312795617,0.6006576736416508,0.06616339135901747,0.1453581711409826,0.696817831279035,0.6006576736422506,0.2115215625005322,0.4839967173305523,0.06933666018642379
1.088,0.6978475846888182,0.6016338805716146,0.06579449402066583,0.14572706847933423,0.6978475846882908,0.6016338805722145,0.21152156250053275,0.48443770600445035,0.06887764311818781
1.092,0.6988735390474977,0.602605609532915,0.0654274437547334,0.14609411874526662,0.6988735390469695,0.6026056095335147,0.21152156250053328,0.48487473874830167,0.06842080989681516
1.096,0.6998956860379797,0.6035728618108271,0.06506224264077635,0.14645931985922364,0.6998956860374507,0.6035728618114268,0.21152156250053386,0.485307836471704,0.06796617006392387
1.1,0.7009140175989239,0.6045356389148602,0.06469889257749611,0.14682266992250395,0.7009140175983941,0.6045356389154596,0.2115215625005344,0.48573702018974513,0.06751373289997803
1.104,0.7019285259246777,0.6054939425776698,0.06433739528404316,0.1471841672159569,0.7019285259241472,0.6054939425782692,0.21152156250053494,0.486162311019575,0.06706350742400201
1.108,0.7029392034646459,0.6064477747539344,0.06397775230135005,0.14754381019864996,0.7029392034641146,0.6064477747545339,0.21152156250053553,0.48658373017698253,0.06661550239335955
1.112,0.703946042922624,0.6073971376191932,0.06361996499349254,0.1479015975065075,0.7039460429220921,0.6073971376197926,0.21152156250053608,0.48700129897297667,0.06616972630359758
1.116,0.7049490372560954,0.6083420335686464,0.06326403454907836,0.14825752795092165,0.7049490372555627,0.6083420335692458,0.2115215625005367,0.4874150388103735,0.06572618738835416
1.12,0.7059481796754921,0.6092824652159211,0.06290996198266297,0.14861160051733704,0.7059481796749587,0.6092824652165206,0.21152156250053725,0.4878249711803907,0.06528489361933058
1.124,0.7069434636434208,0.6102184353918021,0.06255774813619074,0.1489638143638093,0.7069434636428867,0.6102184353924016,0.21152156250053783,0.48823111765925037,0.06484585270632698
1.1280000000000001,0.7079348828738533,0.6111499471429258,0.06220739368046237,0.14931416881953768,0.7079348828733185,0.6111499471435253,0.21152156250053844,0.48863349990479016,0.06440907209734151
1.1320000000000001,0.7089224313312826,0.6120770037304429,0.06185889911662596,0.14966266338337408,0.7089224313307472,0.6120770037310426,0.21152156250053902,0.4890321396530856,0.0639745589787322
1.1360000000000001,0.7099061032298453,0.6129996086286468,0.06151226477769224,0.15000929772230784,0.7099061032293091,0.6129996086292465,0.21152156250053958,0.4894270587150831,0.0635423202754416
1.1400000000000001,0.7108858930324096,0.6139177655235692,0.06116749083007266,0.15035407166992734,0.7108858930318728,0.6139177655241692,0.21152156250054016,0.48981827897324476,0.0631123626512835
1.1440000000000001,0.7118617954496312,0.6148314783115457,0.06082457727513986,0.15069698522486016,0.7118617954490939,0.6148314783121458,0.21152156250054072,0.49020582237820753,0.06268469250929116
1.1480000000000001,0.7128338054389765,0.6157407510977484,0.060483523950809255,0.15103803854919076,0.7128338054384384,0.6157407510983485,0.21152156250054124,0.49058971094545467,0.06225931599212685
1.1520000000000001,0.7138019182037121,0.6166455881946896,0.06014433053314172,0.15137723196685834,0.7138019182031734,0.6166455881952898,0.2115215625005418,0.49096996675200394,0.061836238982552194
1.156,0.7147661291918651,0.6175459941206962,0.059806996537965805,0.15171456596203425,0.7147661291913258,0.6175459941212966,0.21152156250054238,0.49134661193311024,0.06141546710395853
1.16,0.7157264340951507,0.6184419735983547,0.059471521322519365,0.15205004117748064,0.7157264340946108,0.6184419735989555,0.211521562500543,0.49171966867898614,0.060997005720956884
1.164,0.7166828288478695,0.619333531552929,0.05913790408710949,0.1523836584128905,0.716682828847329,0.61933353155353,0.21152156250054352,0.49208915923153956,0.06058085994002719
1.168,0.7176353096257752,0.6202206731107501,0.058806143876789965,0.15271541862321006,0.717635309625234,0.6202206731113513,0.21152156250054416,0.4924551058811299,0.06016703461022575
1.172,0.7185838728449117,0.6211034035975799,0.05847623958305591,0.15304532291694414,0.71858387284437,0.6211034035981813,0.2115215625005447,0.49281753096334335,0.05975553432395067
1.176,0.7195285151604226,0.6219817285369491,0.05814818994555424,0.15337337255444577,0.7195285151598804,0.6219817285375508,0.2115215625005453,0.4931764568557887,0.059346363417764614
1.18,0.720469233465331,0.6228556536484708,0.05782199355380956,0.15369956894619047,0.7204692334647882,0.6228556536490727,0.21152156250054585,0.49353190597491436,0.058939525973273926
1.184,0.7214060248892916,0.6237251848461283,0.05749764884896493,0.15402391365103513,0.7214060248887483,0.6237251848467305,0.21152156250054643,0.493883900772846,0.058535025818063864
1.188,0.7223388867973157,0.6245903282365407,0.05717515412553614,0.1543464083744639,0.7223388867967718,0.6245903282371432,0.211521562500547,0.4942324637342474,0.05813286652668887
1.192,0.7232678167884691,0.6254510901172057,0.05685450753317943,0.1546670549668206,0.7232678167879246,0.6254510901178085,0.2115215625005476,0.4945776173732048,0.0577330514217174
1.196,0.724192812694543,0.6263074769747191,0.05653570707847159,0.15498585542152843,0.724192812693998,0.6263074769753223,0.21152156250054815,0.4949193842301341,0.05733558357483064
1.2,0.7251138725787003,0.6271594954829748,0.0562187506267016,0.15530281187329847,0.7251138725781547,0.6271594954835782,0.21152156250054874,0.4952577868687134,0.0569404658079741
1.204,0.7260309947340953,0.628007152501342,0.05590363590367341,0.15561792659632664,0.7260309947335493,0.6280071525019459,0.21152156250054932,0.4955928478728404,0.05654770069456153
1.208,0.7269441776824696,0.6288504550728254,0.05559036049751881,0.15593120200248126,0.7269441776819231,0.6288504550734297,0.21152156250054993,0.4959245898436164,0.05615729056073033
1.212,0.7278534201727233,0.6296894104222032,0.05527892186052007,0.15624264063947996,0.7278534201721762,0.6296894104228079,0.21152156250055046,0.4962530353963557,0.055769237486647597
1.216,0.7287587211794625,0.6305240259541489,0.05496931731094121,0.15655224518905883,0.7287587211789149,0.630524025954754,0.2115215625005511,0.49657820715762274,0.05538354330786613
1.22,0.7296600799015242,0.6313543092513344,0.05466154403486755,0.15686001846513245,0.729660079900976,0.6313543092519399,0.21152156250055168,0.49690012776229714,0.0550002096167294
1.224,0.7305574957604776,0.6321802680725164,0.05435559908805261,0.1571659634119474,0.730557495759929,0.6321802680731223,0.21152156250055223,0.4972188198506669,0.05461923776382478
1.228,0.731450968399105,0.6330019103506067,0.05405147939777179,0.15747008310222826,0.731450968398556,0.633001910351213,0.21152156250055276,0.4975343060655499,0.05424062885948415
1.232,0.7323404976798593,0.6338192441907261,0.05374918176468234,0.15777238073531769,0.7323404976793099,0.633819244191333,0.21152156250055335,0.49784660904944533,0.053864383775330815
1.236,0.7332260836833024,0.6346322778682453,0.0534487028646884,0.15807285963531167,0.7332260836827525,0.6346322778688525,0.21152156250055396,0.49815575144171553,0.053490503145872226
1.24,0.7341077267065219,0.6354410198268086,0.05315003925081119,0.15837152324918882,0.7341077267059716,0.6354410198274163,0.21152156250055448,0.4984617558757963,0.05311898737013743
1.244,0.7349854272615287,0.636245478676348,0.05285318735506298,0.15866837514493706,0.7349854272609779,0.6362454786769561,0.21152156250055507,0.49876464497644046,0.052749836613358025
1.248,0.7358591860736351,0.6370456631910807,0.05255814349032477,0.15896341900967523,0.7358591860730839,0.6370456631916895,0.2115215625005557,0.4990644413569909,0.05238305080869243
1.252,0.7367290040798143,0.6378415823074979,0.05226490385222662,0.1592566586477734,0.7367290040792627,0.6378415823081072,0.21152156250055626,0.49936116761668625,0.0520186296589918
1.256,0.7375948824270419,0.638633245122339,0.05197346452103043,0.15954809797896963,0.7375948824264899,0.6386332451229488,0.21152156250055681,0.4996548463379979,0.051656572638607
1.26,0.7384568224706191,0.6394206608905579,0.051683821463513885,0.15983774103648613,0.7384568224700667,0.6394206608911683,0.21152156250055737,0.4999455000840008,0.05129687899523583
1.264,0.73931482577248,0.6402038390232776,0.05139597053485593,0.16012559196514414,0.7393148257719272,0.6402038390238886,0.21152156250055798,0.5002331513957761,0.05093954775180921
1.268,0.7401688940994812,0.6409827890857354,0.05110990748052211,0.16041165501947796,0.740168894098928,0.6409827890863469,0.21152156250055854,0.5005178227898469,0.05058457770841566
1.272,0.7410190294216763,0.6417575207952201,0.05082562793815005,0.16069593456184997,0.7410190294211227,0.6417575207958323,0.21152156250055915,0.5007995367556489,0.05023196744426285
1.276,0.7418652339105746,0.642528044019001,0.05054312743943396,0.16097843506056608,0.7418652339100207,0.6425280440196138,0.21152156250055976,0.5010783157530337,0.049881715319675585
1.28,0.7427075099373849,0.6432943687722487,0.05026240141200781,0.16125916108799226,0.7427075099368307,0.6432943687728621,0.21152156250056034,0.5013541822098067,0.04953381947812879
1.284,0.7435458600712453,0.6440565052159495,0.049983445181326525,0.1615381173186735,0.7435458600706908,0.6440565052165635,0.21152156250056087,0.5016271585192993,0.04918827784831483
1.288,0.7443802870774389,0.6448144636548143,0.049706253972544974,0.16181530852745504,0.744380287076884,0.644814463655429,0.2115215625005614,0.5018972670379768,0.04884508814624428
1.292,0.7452107939155959,0.6455682545351809,0.04943082291239341,0.1620907395876066,0.7452107939150406,0.6455682545357962,0.21152156250056203,0.5021645300830799,0.04850424787737868
1.296,0.7460373837378841,0.6463178884429113,0.04915714703104994,0.16236441546895009,0.7460373837373285,0.6463178884435274,0.21152156250056264,0.5024289699303026,0.04816575433879478
1.3,0.7468600598871861,0.6470633761012863,0.04888522126400842,0.16263634123599163,0.7468600598866302,0.647063376101903,0.2115215625005632,0.5026906088115047,0.04782960462137896
1.304,0.7476788258952651,0.6478047283688938,0.048615040453942215,0.16290652204605782,0.7476788258947089,0.6478047283695113,0.21152156250056378,0.5029494689124602,0.047495795612050924
1.308,0.7484936854809201,0.6485419562375165,0.04834659935256235,0.16317496314743768,0.7484936854803637,0.6485419562381347,0.2115215625005644,0.503205572370642,0.047164323996015695
1.312,0.7493046425481297,0.6492750708300151,0.04807989262247059,0.16344166987752948,0.749304642547573,0.6492750708306341,0.21152156250056492,0.5034589412730422,0.046835186259042816
1.316,0.7501117011841864,0.6500040833982108,0.047814914839006045,0.163706647660994,0.7501117011836294,0.6500040833988305,0.21152156250056553,0.5037095976540279,0.04650837868977168
1.32,0.7509148656578207,0.6507290053207655,0.047551660492085646,0.1639699020079144,0.7509148656572635,0.6507290053213859,0.21152156250056608,0.5039575634932342,0.0461838973820424
1.324,0.7517141404173171,0.6514498481010615,0.047290123988037225,0.16423143851196284,0.7517141404167597,0.6514498481016826,0.21152156250056658,0.504202860713493,0.045861738237250566
1.328,0.7525095300886202,0.6521666233650814,0.047030299651425356,0.16449126284857468,0.7525095300880625,0.6521666233657032,0.21152156250056717,0.5044455111787984,0.0455418969667253
1.332,0.753301039473434,0.6528793428592871,0.046772181726869366,0.16474938077313064,0.753301039472876,0.6528793428599098,0.21152156250056778,0.504685536692309,0.04522436909412979
1.336,0.7540886735473125,0.653588018448501,0.046515764380852996,0.16500579811914706,0.7540886735467544,0.6535880184491245,0.2115215625005683,0.5049229589943854,0.04490914995788255
1.34,0.7548724374577445,0.6542926621137873,0.046261041703525144,0.1652605207964749,0.7548724374571861,0.6542926621144117,0.21152156250056892,0.5051577997606662,0.04459623471359918
1.344,0.7556523365222304,0.6549932859503358,0.04600800771049184,0.1655135547895082,0.7556523365216719,0.6549932859509611,0.21152156250056953,0.5053900806001791,0.044285618336553284
1.348,0.7564283762263541,0.6556899021653476,0.045756656344598405,0.1657649061554016,0.7564283762257953,0.6556899021659738,0.21152156250057014,0.50561982305349,0.04397729562415549
1.352,0.7572005622218481,0.6563825230759246,0.045506981477701845,0.1660145810222982,0.7572005622212891,0.6563825230765515,0.21152156250057072,0.5058470485908872,0.04367126119844973
1.356,0.7579689003246547,0.6570711611069605,0.045258976912432955,0.16626258558756707,0.7579689003240956,0.6570711611075885,0.2115215625005713,0.5060717786106038,0.04336750950862575
1.36,0.7587333965129818,0.6577558287890384,0.04501263638394761,0.1665089261160524,0.7587333965124226,0.6577558287896672,0.21152156250057183,0.5062940344370759,0.04306603483354669
1.364,0.7594940569253543,0.6584365387563298,0.04476795356166731,0.16675360893833271,0.7594940569247949,0.6584365387569594,0.2115215625005724,0.5065138373192375,0.042766831284291124
1.368,0.7602508878586623,0.6591133037445002,0.04452492205100827,0.16699664044899176,0.7602508878581027,0.6591133037451307,0.21152156250057302,0.506731208428852,0.0424698928067082
1.372,0.7610038957662056,0.6597861365886194,0.044283535395098834,0.16723802710490124,0.7610038957656459,0.6597861365892508,0.2115215625005736,0.5069461688588802,0.04217521318398512
1.3760000000000001,0.7617530872557355,0.6604550502210776,0.04404378707648485,0.1674777754235152,0.7617530872551757,0.66045505022171,0.2115215625005742,0.5071587396218848,0.04188278603922605
1.3800000000000001,0.7624984690874944,0.6611200576695079,0.0438056705188228,0.1677158919811772,0.7624984690869344,0.6611200576701413,0.2115215625005748,0.5073689416484711,0.041592604838041225
1.3840000000000001,0.7632400481722529,0.6617811720547142,0.043569179088560346,0.16795238341143967,0.7632400481716928,0.6617811720553486,0.21152156250057536,0.5075767957857642,0.041304662891145635
1.3880000000000001,0.7639778315693457,0.6624384065886078,0.04333430609660406,0.16818725640339602,0.7639778315687855,0.662438406589243,0.21152156250057597,0.5077823227959211,0.04101895335696622
1.3920000000000001,0.7647118264847067,0.6630917745721495,0.04310104479997374,0.1684205177000263,0.7647118264841465,0.6630917745727858,0.21152156250057647,0.5079855433546804,0.0407354692442564
1.3960000000000001,0.7654420402689028,0.663741289393302,0.0428693884034435,0.16865217409655653,0.7654420402683425,0.6637412893939393,0.21152156250057708,0.5081864780499474,0.04045420341471764
1.4000000000000001,0.7661684804151679,0.6643869645249878,0.04263933006116912,0.16888223243883094,0.7661684804146075,0.6643869645256261,0.21152156250057766,0.5083851473804141,0.04017514858562627
1.4040000000000001,0.7668911545574367,0.6650288135230574,0.04241086287830142,0.1691106996216986,0.7668911545568763,0.6650288135236967,0.2115215625005782,0.5085815717542149,0.03989829733246551
1.408,0.7676100704683794,0.6656668500242661,0.04218397991258548,0.16933758258741458,0.7676100704678189,0.6656668500249063,0.21152156250057877,0.508775771487619,0.03962364209156116
1.412,0.768325236057437,0.6663010877442597,0.04195867417594543,0.1695628883240546,0.7683252360568765,0.666301087744901,0.21152156250057935,0.5089677668037559,0.03935117516272049
1.416,0.7690366593688585,0.6669315404755708,0.041734938636054576,0.16978662386394547,0.769036659368298,0.6669315404762132,0.2115215625005799,0.5091575778313775,0.03908088871187321
1.42,0.769744348579739,0.6675582220856242,0.04151276621789081,0.17000879628210924,0.7697443485791785,0.6675582220862676,0.21152156250058043,0.5093452246036544,0.0388127747737137
1.424,0.7704483119980605,0.668181146514753,0.041292149805276866,0.1702294126947232,0.7704483119975001,0.6681811465153975,0.21152156250058102,0.5095307270570066,0.038546825254343796
1.428,0.7711485580607356,0.6688003277742263,0.041073082242405363,0.1704484802575947,0.7711485580601751,0.6688003277748718,0.2115215625005816,0.5097141050299686,0.03828303193391503
1.432,0.7718450953316526,0.6694157799442858,0.0408555563353485,0.17066600616465152,0.7718450953310921,0.6694157799449324,0.21152156250058213,0.5098953782620892,0.038021386469269815
1.436,0.7725379324997255,0.6700275171721968,0.040639564853552135,0.17088199764644793,0.772537932499165,0.6700275171728444,0.2115215625005827,0.5100745663928645,0.037761880396580315
1.44,0.7732270783769464,0.6706355536703077,0.04042510053131414,0.17109646196868591,0.7732270783763859,0.6706355536709564,0.2115215625005833,0.5102516889607047,0.03750450513398474
1.444,0.7739125418964424,0.6712399037141241,0.04021215606924688,0.17130940643075318,0.773912541895882,0.6712399037147739,0.2115215625005839,0.5104267654019345,0.03724925198421981
1.448,0.7745943321105369,0.6718405816403934,0.04000072413572357,0.17152083836427642,0.7745943321099765,0.6718405816410445,0.21152156250058443,0.5105998150498267,0.03699611213724873
1.452,0.7752724581888146,0.6724376018452034,0.039790797368308546,0.17173076513169153,0.7752724581882543,0.6724376018458555,0.2115215625005851,0.5107708571336685,0.03674507667288418
1.456,0.7759469294161929,0.6730309787820914,0.03958236837517136,0.1719391941248287,0.7759469294156326,0.6730309787827448,0.21152156250058565,0.5109399107778597,0.03649613656340504
1.46,0.776617755190997,0.6736207269601695,0.039375429736484197,0.17214613276351584,0.7766177551904366,0.673620726960824,0.21152156250058624,0.5111069950010451,0.03624928267616659
1.464,0.7772849450230416,0.6742068609422608,0.039169974005802966,0.17235158849419713,0.7772849450224812,0.6742068609429164,0.21152156250058682,0.5112721287152767,0.03600450577620337
1.468,0.7779485085317185,0.6747893953430497,0.03896599371143177,0.1725555687885683,0.7779485085311583,0.6747893953437065,0.21152156250058737,0.5114353307252092,0.03576179652882337
1.472,0.7786084554440901,0.6753683448272473,0.03876348135777049,0.17275808114222954,0.7786084554435299,0.6753683448279053,0.21152156250058798,0.5115966197273264,0.035521145502194124
1.476,0.779264795592989,0.6759437241077687,0.03856242942664586,0.17295913307335417,0.7792647955924289,0.6759437241084278,0.21152156250058854,0.5117560143091987,0.035282543169918454
1.48,0.7799175389151255,0.6765155479439263,0.03836283037862547,0.17315873212137456,0.7799175389145655,0.6765155479445867,0.2115215625005891,0.5119135329487712,0.03504597991360056
1.484,0.780566695449201,0.6770838311396369,0.03816467665431487,0.17335688584568518,0.7805666954486411,0.6770838311402985,0.21152156250058973,0.5120691940136828,0.034811446025400844
1.488,0.7812122753340298,0.6776485885416433,0.03796796067563764,0.17355360182436247,0.78121227533347,0.677648588542306,0.2115215625005903,0.5122230157606154,0.03457893171057947
1.492,0.7818542888066679,0.6782098350377511,0.03777267484709862,0.17374888765290142,0.7818542888061082,0.678209835038415,0.2115215625005908,0.5123750163346719,0.03434842709002741
1.496,0.7824927462005495,0.6787675855550805,0.03757881155702978,0.17394275094297024,0.7824927461999901,0.6787675855557458,0.21152156250059134,0.5125252137687861,0.03411992220278495
1.5,0.783127657943633,0.6793218550583334,0.03738636317881905,0.17413519932118096,0.7831276579430738,0.679321855059,0.21152156250059195,0.5126736259831592,0.033893407008546705
1.504,0.7837590345565537,0.6798726585480754,0.03719532207212211,0.17432624042787792,0.7837590345559946,0.6798726585487432,0.2115215625005925,0.5128202707847264,0.03366887139015264
1.508,0.7843868866507862,0.680420011059034,0.03700568058405683,0.17451588191594317,0.7843868866502272,0.6804200110597031,0.21152156250059306,0.5129651658666516,0.033446305156064365
1.512,0.7850112249268155,0.6809639276584124,0.03681743105038063,0.17470413144961947,0.7850112249262566,0.6809639276590825,0.21152156250059367,0.5131083288078518,0.03322569804282652
1.516,0.7856320601723177,0.6815044234442182,0.03663056579665055,0.17489099670334948,0.7856320601717589,0.6815044234448897,0.21152156250059426,0.5132497770725459,0.033007039717512274
1.52,0.7862494032603491,0.6820415135436105,0.03644507713936611,0.17507648536063392,0.7862494032597904,0.6820415135442832,0.21152156250059484,0.5133895280098352,0.03279031978015273
1.524,0.7868632651475459,0.6825752131112603,0.03626095738709499,0.175260605112905,0.7868632651469873,0.6825752131119343,0.21152156250059537,0.5135275988533072,0.03257552776614951
1.528,0.7874736568723332,0.6831055373277289,0.036078198841581595,0.17544336365841842,0.7874736568717748,0.6831055373284041,0.21152156250059587,0.5136640067206691,0.03236265314867006
1.532,0.7880805895531443,0.6836325013978624,0.035896793798838166,0.17562476870116187,0.7880805895525862,0.6836325013985388,0.21152156250059648,0.5137987686134052,0.032151685341025346
1.536,0.7886840743866502,0.6841561205492022,0.03571673455021906,0.175804827949781,0.7886840743860923,0.68415612054988,0.21152156250059706,0.5139319014164625,0.03194261369902923
1.54,0.7892841226459996,0.684676410030413,0.03553801338347756,0.17598354911652248,0.7892841226454419,0.684676410031092,0.2115215625005976,0.5140634218979602,0.031735427523339216
1.544,0.7898807456790691,0.6851933851097266,0.035360622583806005,0.176160939916194,0.7898807456785116,0.685193385110407,0.21152156250059811,0.5141933467089256,0.03153011606177804
1.548,0.7904739549067251,0.685707061073403,0.03518455443485835,0.17633700806514166,0.7904739549061679,0.6857070610740846,0.21152156250059867,0.5143216923830548,0.03132666851163575
1.552,0.7910637618210964,0.6862174532242081,0.035009801219756054,0.17651176128024398,0.7910637618205394,0.686217453224891,0.21152156250059923,0.5144484753364972,0.031125074021951863
1.556,0.7916501779838573,0.6867245768799087,0.034836355222076926,0.1766852072779231,0.7916501779833005,0.686724576880593,0.21152156250059984,0.5145737118676649,0.030925321695777094
1.56,0.7922332150245233,0.6872284473717842,0.034664208726826996,0.17685735377317305,0.7922332150239667,0.6872284473724698,0.2115215625006004,0.5146974181570655,0.030727400592414272
1.564,0.7928128846387573,0.6877290800431557,0.0344933540213955,0.1770282084786045,0.792812884638201,0.6877290800438427,0.21152156250060097,0.5148196102671587,0.030531299729638358
1.568,0.7933891985866883,0.6882264902479319,0.03432378339649321,0.17719777910350681,0.7933891985861323,0.6882264902486203,0.21152156250060153,0.5149403041422359,0.030337008085894783
1.572,0.7939621686912414,0.6887206933491724,0.034155489147073864,0.1773660733529262,0.7939621686906857,0.6887206933498621,0.2115215625006021,0.515059515608322,0.030144514602475993
1.576,0.7945318068364798,0.689211704717668,0.0339884635732391,0.17753309892676092,0.7945318068359245,0.6892117047183591,0.2115215625006026,0.5151772603730995,0.029953808185675928
1.58,0.7950981249659599,0.6896995397305391,0.033822698981126685,0.17769886351887335,0.7950981249654049,0.6896995397312315,0.2115215625006031,0.5152935540258562,0.029764877708921975
1.584,0.795661135081097,0.6901842137698502,0.03365818768378234,0.17786337481621767,0.7956611350805424,0.690184213770544,0.2115215625006036,0.5154084120374514,0.02957771201488419
1.588,0.7962208492395454,0.6906657422212426,0.03349492200201509,0.17802664049798494,0.796220849238991,0.6906657422219377,0.2115215625006042,0.5155218497603063,0.029392299917561367
1.592,0.7967772795535891,0.6911441404725841,0.0333328942652364,0.17818866823476365,0.7967772795530349,0.6911441404732805,0.21152156250060478,0.5156338824284135,0.029208630204343933
1.596,0.7973304381885469,0.6916194239126364,0.03317209681228294,0.17834946568771712,0.7973304381879929,0.6916194239133342,0.2115215625006053,0.5157445251573668,0.029026691638053187
1.6,0.7978803373611889,0.6920916079297396,0.03301252199222337,0.1785090405077767,0.7978803373606352,0.6920916079304387,0.2115215625006059,0.5158537929444125,0.028846472958956648
1.604,0.7984269893381672,0.6925607079105139,0.03285416216514895,0.1786674003348511,0.7984269893376139,0.6925607079112144,0.21152156250060639,0.515961700668519,0.02866796288675941
1.608,0.7989704064344585,0.6930267392385797,0.03269700970294842,0.17882455279705162,0.7989704064339055,0.6930267392392816,0.21152156250060694,0.5160682630904662,0.02849115012257127
1.612,0.7995106010118201,0.6934897172932938,0.03254105699006687,0.1789805055099332,0.7995106010112675,0.693489717293997,0.21152156250060747,0.5161734948529538,0.028316023350849207
1.616,0.80004758547726,0.6939496574485033,0.03238629642424906,0.17913526607575098,0.8000475854767076,0.693949657449208,0.21152156250060802,0.5162774104807286,0.02814257124131541
1.62,0.8005813722815184,0.6944065750713182,0.032232720417267095,0.17928884208273294,0.8005813722809664,0.6944065750720243,0.21152156250060858,0.516380024380729,0.02797078245085014
1.624,0.8011119739175651,0.6948604855208994,0.03208032139563257,0.1794412411043675,0.8011119739170134,0.6948604855216068,0.21152156250060908,0.5164813508422488,0.02780064562535991
1.6280000000000001,0.8016394029191078,0.695311404147265,0.03192909180129356,0.1795924706987065,0.8016394029185565,0.6953114041479738,0.21152156250060966,0.5165814040371164,0.027632149401620197
1.6320000000000001,0.8021636718591163,0.6957593462901138,0.03177902409231613,0.17974253840768387,0.8021636718585653,0.6957593462908241,0.21152156250061016,0.5166801980198936,0.02746528240909305
1.6360000000000001,0.8026847933483581,0.696204327277667,0.03163011074355092,0.17989145175644908,0.8026847933478074,0.6962043272783787,0.21152156250061072,0.5167777467280895,0.027300033271719086
1.6400000000000001,0.8032027800339494,0.6966463624255247,0.03148234424728477,0.18003921825271527,0.8032027800333991,0.6966463624262377,0.21152156250061122,0.5168740639823909,0.027136390609683963
1.6440000000000001,0.8037176445979193,0.697085467035542,0.03133571711387733,0.18018584538612267,0.8037176445973694,0.6970854670362564,0.21152156250061177,0.5169691634869089,0.026974343041159303
1.6480000000000001,0.8042293997557874,0.6975216563947213,0.03119022187238312,0.18033134062761694,0.8042293997552379,0.6975216563954371,0.2115215625006123,0.5170630588294424,0.02681387918401759
1.6520000000000001,0.8047380582551559,0.6979549457741213,0.031045851071159022,0.18047571142884097,0.8047380582546066,0.6979549457748385,0.2115215625006128,0.5171557634817541,0.026654987657521566
1.6560000000000001,0.8052436328743147,0.6983853504277839,0.030902597278457268,0.18061896522154278,0.8052436328737659,0.6983853504285026,0.21152156250061332,0.517247290799865,0.026497657083987325
1.6600000000000001,0.8057461364208619,0.6988128855916773,0.030760453083004076,0.18076110941699594,0.8057461364203136,0.6988128855923974,0.21152156250061385,0.51733765402436,0.02634187609042172
1.6640000000000001,0.806245581730337,0.6992375664826563,0.03061941109456425,0.18090215140543575,0.8062455817297891,0.6992375664833779,0.21152156250061438,0.5174268662807114,0.026187633310133636
1.668,0.8067419816648684,0.6996594082974398,0.030479463944491747,0.1810420985555083,0.806741981664321,0.6996594082981626,0.2115215625006148,0.5175149405796128,0.026034917384319126
1.672,0.8072353491118358,0.7000784262116041,0.030340604286266247,0.18118095821373378,0.8072353491112888,0.7000784262123284,0.21152156250061532,0.5176018898173287,0.025883716963620587
1.676,0.8077256969825453,0.7004946353785944,0.030202824796016173,0.18131873770398382,0.8077256969819987,0.7004946353793201,0.21152156250061585,0.5176877267760573,0.025734020709659723
1.68,0.8082130382109198,0.7009080509287514,0.03006611817302795,0.18145544432697208,0.8082130382103737,0.7009080509294786,0.21152156250061635,0.517772464124306,0.025585817296544494
1.684,0.8086973857522034,0.7013186879683556,0.029930477140242034,0.18159108535975801,0.8086973857516577,0.7013186879690843,0.21152156250061685,0.517856114417278,0.025439095412349805
1.688,0.8091787525816789,0.7017265615786873,0.029795894444735443,0.1817256680552646,0.8091787525811337,0.7017265615794173,0.21152156250061732,0.5179386900972738,0.02529384376057223
1.692,0.8096571516934011,0.7021316868151031,0.029662362858191283,0.18185919964180877,0.8096571516928563,0.7021316868158345,0.21152156250061785,0.518020203494103,0.025150051061558557
1.696,0.810132596098943,0.7025340787061295,0.02952987517735533,0.1819916873226447,0.8101325960983986,0.7025340787068624,0.21152156250061835,0.5181006668255077,0.02500770605390843
1.7,0.8106050988261564,0.7029337522525717,0.02939842422447964,0.1821231382755204,0.8106050988256125,0.7029337522533059,0.21152156250061882,0.5181800921975975,0.02486679749585076
1.704,0.8110746729179477,0.7033307224266389,0.0292680028477536,0.18225355965224646,0.8110746729174042,0.7033307224273744,0.21152156250061924,0.5182584916052959,0.024727314166594468
1.708,0.8115413314310664,0.7037250041710855,0.029138603921722357,0.1823829585782777,0.8115413314305234,0.7037250041718224,0.21152156250061974,0.5183358769327964,0.024589244867653046
1.712,0.812005087434909,0.7041166123983685,0.02901022034769302,0.182511342152307,0.8120050874343665,0.704116612399107,0.2115215625006202,0.51841225995403,0.024452578424143518
1.716,0.8124659540103362,0.7045055619898212,0.0288828450541285,0.1826387174458715,0.8124659540097942,0.7045055619905609,0.21152156250062068,0.5184876523331418,0.024317303686059506
1.72,0.812923944248505,0.7048918677948403,0.028756470997029347,0.1827650915029707,0.8129239442479634,0.7048918677955813,0.21152156250062115,0.5185620656249782,0.024183409529518772
1.724,0.8133790712497144,0.7052755446300917,0.028631091160303813,0.18289047133969621,0.8133790712491734,0.7052755446308342,0.21152156250062162,0.5186355112755824,0.024050884857984966
1.728,0.8138313481222659,0.7056566072787303,0.028506698556125767,0.18301486394387428,0.8138313481217253,0.705656607279474,0.211521562500622,0.5187080006227008,0.023919718603464195
1.732,0.8142807879813369,0.7060350704896339,0.028383286225281665,0.18313827627471838,0.8142807879807968,0.7060350704903792,0.2115215625006225,0.5187795448962963,0.023789899727675957
1.736,0.8147274039478698,0.7064109489766557,0.028260847237505368,0.18326071526249463,0.8147274039473303,0.7064109489774024,0.21152156250062298,0.5188501552190713,0.02366141722319897
1.74,0.8151712091474741,0.7067842574178886,0.02813937469180227,0.1833821878081978,0.8151712091469351,0.7067842574186367,0.21152156250062346,0.5189198426069992,0.02353426011459188
1.744,0.8156122167093426,0.7071550104549461,0.028018861716761937,0.1835027007832381,0.8156122167088041,0.7071550104556956,0.21152156250062393,0.5189886179698626,0.02340841745948888
1.748,0.816050439765182,0.7075232226922583,0.027899301470860036,0.18362226102914,0.8160504397646441,0.7075232226930093,0.21152156250062434,0.5190564921118007,0.023283878349670536
1.752,0.8164858914481574,0.7078889086963824,0.027780687142749158,0.1837408753572509,0.8164858914476201,0.7078889086971348,0.21152156250062482,0.5191234757318635,0.02316063191210988
1.756,0.8169185848918505,0.7082520829953275,0.02766301195153934,0.1838585505484607,0.8169185848913137,0.7082520829960813,0.21152156250062523,0.5191895794245723,0.02303866730999393
1.76,0.8173485332292321,0.7086127600778946,0.027546269147067776,0.18397529335293222,0.8173485332286958,0.7086127600786499,0.21152156250062573,0.5192548136804893,0.022917973743720767
1.764,0.8177757495916477,0.7089709543930308,0.02743045201015846,0.1840911104898416,0.817775749591112,0.7089709543937874,0.21152156250062615,0.5193191888867914,0.022798540451872414
1.768,0.8182002471078179,0.7093266803491973,0.02731555385287142,0.18420600864712858,0.8182002471072828,0.7093266803499554,0.21152156250062656,0.5193827153278516,0.022680356712163542
1.772,0.8186220389028521,0.7096799523137529,0.02720156801874211,0.18431999448125794,0.8186220389023176,0.7096799523145123,0.21152156250062704,0.519445403185827,0.022563411842366328
1.776,0.8190411380972759,0.7100307846123499,0.027088487883010683,0.18443307461698935,0.8190411380967417,0.7100307846131106,0.21152156250062745,0.5195072625412512,0.02244769520121156
1.78,0.8194575578060715,0.710379191528345,0.026976306852842018,0.18454525564715799,0.819457557805538,0.7103791915291073,0.21152156250062792,0.5195683033736339,0.02233319618926615
1.784,0.8198713111377338,0.7107251873022247,0.0268650183675355,0.18465654413246457,0.8198713111372008,0.7107251873029883,0.2115215625006284,0.5196285355620647,0.022219904249787266
1.788,0.8202824111933374,0.7110687861310415,0.026754615898726023,0.18476694660127402,0.820282411192805,0.7110687861318065,0.2115215625006288,0.5196879688858221,0.022107808869553387
1.792,0.8206908710656191,0.7114100021678675,0.02664509295057541,0.18487646954942463,0.8206908710650872,0.7114100021686338,0.2115215625006292,0.519746613024989,0.02199689957967222
1.796,0.8210967038380727,0.7117488495212585,0.026536443059954822,0.18498511944004523,0.8210967038375413,0.7117488495220261,0.21152156250062962,0.5198044775610701,0.02188716595636599
1.8,0.8214999225840579,0.7120853422547323,0.026428659796618056,0.185092902703382,0.8214999225835271,0.7120853422555014,0.21152156250063006,0.5198615719776162,0.021778597621734036
1.804,0.8219005403659223,0.7124194943862608,0.026321736763366344,0.1851998257366337,0.8219005403653921,0.7124194943870312,0.21152156250063048,0.5199179056608514,0.021671184244493075
1.808,0.8222985702341362,0.7127513198877741,0.026215667596204292,0.18530589490379573,0.8222985702336065,0.7127513198885458,0.2115215625006309,0.5199734879003044,0.021564915540695284
1.812,0.8226940252264413,0.7130808326846775,0.026110445964487236,0.18541111653551276,0.8226940252259122,0.7130808326854506,0.2115215625006313,0.5200283278894444,0.021459781274424564
1.816,0.8230869183670121,0.7134080466553827,0.026006065571060454,0.18551549692893957,0.8230869183664835,0.7134080466561572,0.21152156250063175,0.5200824347263194,0.021355771258470945
1.82,0.8234772626656304,0.7137329756308495,0.025902520152390092,0.18561904234760995,0.8234772626651023,0.7137329756316253,0.21152156250063217,0.5201358174141982,0.021252875354983478
1.824,0.8238650711168727,0.7140556333941409,0.02579980347868595,0.18572175902131408,0.8238650711163452,0.7140556333949182,0.21152156250063253,0.520188484862216,0.02115108347610204
1.828,0.8242503566993108,0.7143760336799918,0.025697909354016432,0.18582365314598356,0.824250356698784,0.7143760336807704,0.21152156250063295,0.5202404458860225,0.021050385584567864
1.832,0.824633132374725,0.7146941901743873,0.025596831616415683,0.18592473088358438,0.8246331323741989,0.7146941901751672,0.2115215625006333,0.5202917092084329,0.020950771694313468
1.836,0.8250134110873301,0.7150101165141549,0.02549656413798316,0.1860249983620169,0.8250134110868045,0.7150101165149362,0.21152156250063373,0.5203422834600808,0.020852231871031846
1.84,0.8253912057630137,0.7153238262865685,0.025397100824975594,0.18612446167502447,0.8253912057624887,0.715323826287351,0.2115215625006341,0.5203921771800747,0.02075475623272541
1.844,0.8257665293085881,0.715635333028963,0.02529843561789177,0.18622312688210824,0.8257665293080636,0.7156353330297469,0.2115215625006345,0.5204413988166553,0.02065833495023486
1.848,0.8261393946110532,0.7159446502283623,0.025200562491549977,0.1863210000084501,0.8261393946105293,0.7159446502291474,0.21152156250063486,0.5204899567278558,0.02056295824774805
1.852,0.8265098145368737,0.7162517913211167,0.025103475455158383,0.18641808704484164,0.8265098145363504,0.7162517913219033,0.21152156250063525,0.5205378591821628,0.020468616403289397
1.856,0.8268778019312667,0.716556769692554,0.025007168552378518,0.18651439394762154,0.826877801930744,0.7165567696933418,0.2115215625006356,0.5205851143591803,0.02037529974918984
1.86,0.827243369617503,0.7168595986766392,0.024911635861382075,0.18660992663861795,0.827243369616981,0.7168595986774284,0.21152156250063603,0.5206317303502939,0.020282998672537765
1.864,0.82760653039622,0.717160291555648,0.024816871494900798,0.18670469100509926,0.8276065303956986,0.7171602915564386,0.2115215625006364,0.5206777151593367,0.020191703615610852
1.868,0.8279672970447466,0.7174588615598487,0.02472286960027011,0.18679869289972992,0.8279672970442259,0.7174588615606406,0.21152156250063672,0.520723076703256,0.020101405076289547
1.872,0.8283256823164403,0.7177553218671973,0.02462962435946615,0.1868919381405339,0.8283256823159202,0.7177553218679904,0.21152156250063714,0.5207678228127819,0.020012093608451978
1.8760000000000001,0.8286816989400363,0.7180496856030405,0.024537129989136694,0.18698443251086333,0.8286816989395167,0.7180496856038351,0.21152156250063753,0.5208119612330948,0.01992375982235086
1.8800000000000001,0.829035359619008,0.7183419658398327,0.02444538074062579,0.1870761817593743,0.829035359618489,0.7183419658406285,0.211521562500638,0.5208554996244958,0.019836394384972436
1.8840000000000001,0.8293866770309397,0.7186321755968593,0.02435437089999257,0.1871671916000075,0.8293866770304213,0.7186321755976565,0.2115215625006383,0.5208984455630753,0.019749988020377827
1.8880000000000001,0.8297356638269109,0.7189203278399745,0.024264094788024052,0.18725746771197596,0.8297356638263932,0.718920327840773,0.21152156250063864,0.5209408065413832,0.019664531510027165
1.8920000000000001,0.8300823326308916,0.7192064354813458,0.02417454676024227,0.1873470157397578,0.8300823326303746,0.7192064354821455,0.21152156250063894,0.5209825899690995,0.01958001569308634
1.8960000000000001,0.8304266960391499,0.7194905113792097,0.02408572120690567,0.18743584129309435,0.8304266960386335,0.7194905113800109,0.21152156250063933,0.5210238031737036,0.019496431466717156
1.9000000000000001,0.8307687666196701,0.7197725683376386,0.023997612553005185,0.1875239499469948,0.8307687666191543,0.719772568338441,0.21152156250063972,0.5210644534011446,0.01941376978635072
1.9040000000000001,0.8311085569115829,0.7200526191063147,0.023910215258254805,0.18761134724174525,0.8311085569110678,0.7200526191071184,0.21152156250064003,0.5211045478165109,0.019332021665944603
1.9080000000000001,0.831446079424606,0.7203306763803156,0.023823523817076836,0.18769803868292317,0.8314460794240914,0.7203306763811206,0.21152156250064047,0.5211440935046991,0.019251178178223846
1.9120000000000001,0.8317813466384963,0.7206067527999086,0.02373753275858222,0.18778402974141778,0.8317813466379823,0.720606752800715,0.2115215625006408,0.5211830974710833,0.019171230454906124
1.9160000000000001,0.8321143710025131,0.7208808609503545,0.02365223664654559,0.18786932585345442,0.8321143710019996,0.7208808609511621,0.21152156250064116,0.5212215666421821,0.019092169686911444
1.92,0.8324451649348914,0.72115301336172,0.02356763007937569,0.1879539324206244,0.8324451649343785,0.7211530133625287,0.21152156250064155,0.5212595078663268,0.01901398712455641
1.924,0.8327737408223274,0.7214232225086994,0.023483707690080714,0.18803785480991933,0.8327737408218151,0.7214232225095094,0.21152156250064183,0.5212969279143266,0.01893667407773348
1.928,0.8331001110194732,0.7216915008104463,0.023400464146229198,0.18812109835377086,0.8331001110189616,0.7216915008112575,0.2115215625006422,0.5213338334801347,0.01886022191607539
1.932,0.8334242878484436,0.721957860630412,0.023317894149906166,0.18820366835009383,0.8334242878479325,0.7219578606312246,0.21152156250064252,0.5213702311815119,0.01878462206910507
1.936,0.8337462835983313,0.7222223142761944,0.023235992437665144,0.1882855700623349,0.8337462835978209,0.7222223142770082,0.21152156250064286,0.5214061275606895,0.018709866026371196
1.94,0.834066110524735,0.7224848739993943,0.02315475378047529,0.18836680871952477,0.8340661105242253,0.7224848740002093,0.21152156250064316,0.5214415290850302,0.018635945337569765
1.944,0.834383780849296,0.7227455519954803,0.02307417298366489,0.18844738951633513,0.834383780848787,0.7227455519962966,0.21152156250064352,0.5214764421476885,0.018562851612651792
1.948,0.8346993067592455,0.7230043604036624,0.022994244886860277,0.18852731761313973,0.8346993067587372,0.7230043604044801,0.21152156250064386,0.521510873068269,0.01849057652191757
1.952,0.8350127004069625,0.7232613113067738,0.022914964363920882,0.1886065981360792,0.8350127004064548,0.7232613113075926,0.21152156250064416,0.5215448280934829,0.018419111796097547
1.956,0.8353239739095407,0.723516416731159,0.022836326322870512,0.18868523617712954,0.8353239739090337,0.7235164167319791,0.21152156250064455,0.5215783133978019,0.018348449226420177
1.96,0.8356331393483664,0.7237696886465723,0.022758325705824457,0.1887632367941756,0.83563313934786,0.7237696886473937,0.21152156250064483,0.5216113350841127,0.018278580664667005
1.964,0.8359402087687051,0.7240211389660824,0.022680957488913283,0.18884060501108674,0.8359402087681993,0.724021138966905,0.21152156250064513,0.5216438991843667,0.018209498023215195
1.968,0.836245194179299,0.7242707795459851,0.02260421668220271,0.18891734581779732,0.8362451941787938,0.7242707795468089,0.21152156250064544,0.5216760116602293,0.018141193275067684
1.972,0.8365481075519731,0.7245186221857232,0.022528098329610006,0.18899346417039,0.8365481075514686,0.7245186221865482,0.21152156250064574,0.5217076784037261,0.0180736584538714
1.976,0.8368489608212512,0.7247646786278141,0.022452597508817167,0.18906896499118286,0.8368489608207472,0.7247646786286404,0.21152156250064605,0.5217389052378884,0.018006885653923554
1.98,0.8371477658839812,0.7250089605577852,0.02237770933118053,0.18914385316881951,0.837147765883478,0.7250089605586125,0.21152156250064633,0.5217696979173935,0.01794086703016643
1.984,0.8374445345989703,0.7252514796041144,0.022303428941637213,0.18921813355836278,0.8374445345984677,0.725251479604943,0.21152156250064663,0.5218000621292062,0.017875594798170757
1.988,0.837739278786628,0.7254922473381805,0.02222975151860854,0.18929181098139147,0.8377392787861261,0.7254922473390103,0.21152156250064694,0.5218300034932147,0.017811061234108062
1.992,0.8380320102286201,0.7257312752742182,0.022156672273900127,0.18936489022609992,0.8380320102281187,0.725731275275049,0.21152156250064721,0.5218595275628661,0.01774725867471212
1.996,0.8383227406675295,0.7259685748692803,0.022084186452599425,0.1894373760474006,0.8383227406670288,0.7259685748701123,0.2115215625006475,0.5218886398257973,0.01768417951722978
2.0,0.8386114818065284,0.7262041575232081,0.022012289332969906,0.18950927316703015,0.8386114818060284,0.7262041575240413,0.2115215625006478,0.5219173457044655,0.01762181621936135
2.004,0.838898245309057,0.7264380345786061,0.02194097622634287,0.18958058627365715,0.8388982453085576,0.7264380345794405,0.2115215625006481,0.5219456505567732,0.01756016129919094
2.008,0.8391830427985122,0.7266702173208246,0.021870242477006287,0.18965132002299373,0.8391830427980135,0.7266702173216602,0.2115215625006484,0.5219735596766938,0.01749920733510675
2.012,0.8394658858579447,0.7269007169779482,0.02180008346209115,0.18972147903790887,0.8394658858574466,0.726900716978785,0.21152156250064869,0.5220010782948902,0.017438946965711653
2.016,0.8397467860297645,0.7271295447207905,0.021730494591455197,0.1897910679085448,0.8397467860292671,0.7271295447216285,0.2115215625006489,0.522028211579334,0.017379372889724375
2.02,0.8400257548154546,0.727356711662895,0.021661471307564288,0.18986009119243574,0.8400257548149579,0.7273567116637341,0.21152156250064919,0.5220549646359197,0.017320477865871348
2.024,0.8403028036752934,0.7275822288605412,0.021593009085371304,0.18992855341462875,0.8403028036747974,0.7275822288613815,0.2115215625006495,0.5220813425090765,0.017262254712769532
2.028,0.8405779440280851,0.7278061073127583,0.02152510343219281,0.1899964590678072,0.8405779440275897,0.7278061073135997,0.2115215625006498,0.5221073501823763,0.017204696308800435
2.032,0.8408511872508981,0.7280283579613427,0.02145774988758341,0.1900638126124166,0.8408511872504034,0.7280283579621853,0.21152156250065007,0.5221329925791399,0.01714779559197549
2.036,0.841122544678812,0.7282489916908826,0.021390944023208076,0.19013061847679197,0.8411225446783178,0.7282489916917263,0.21152156250065035,0.5221582745630386,0.017091545559793104
2.04,0.8413920276046712,0.728468019328787,0.02132468144271234,0.19019688105728771,0.8413920276041776,0.7284680193296319,0.21152156250065063,0.5221832009386926,0.01703593926908741
2.044,0.8416596472788482,0.7286854516453214,0.02125895778159045,0.19026260471840956,0.8416596472783552,0.7286854516461674,0.21152156250065096,0.5222077764522669,0.01698096983586924
2.048,0.8419254149090128,0.7289012993536476,0.021193768707051704,0.1903277937929483,0.8419254149085205,0.7289012993544945,0.21152156250065113,0.5222320057920634,0.0169266304351591
2.052,0.8421893416599102,0.7291155731098693,0.021129109917884806,0.19039245258211523,0.8421893416594185,0.7291155731107174,0.21152156250065143,0.5222558935891095,0.016872914300812798
2.056,0.842451438653146,0.7293282835130832,0.021064977144320502,0.1904565853556795,0.8424514386526549,0.7293282835139325,0.2115215625006517,0.5222794444177427,0.016819814725339617
2.06,0.8427117169669787,0.7295394411054347,0.021001366147892497,0.19052019635210754,0.8427117169664883,0.729539441106285,0.21152156250065196,0.5223026627961932,0.016767325059713293
2.064,0.8429701876361199,0.7297490563721777,0.020938272721296725,0.1905832897787033,0.8429701876356301,0.7297490563730291,0.21152156250065218,0.5223255531871612,0.016715438713176173
2.068,0.8432268616515411,0.7299571397417411,0.02087569268824901,0.19064586981175102,0.8432268616510521,0.7299571397425937,0.2115215625006524,0.522348119998392,0.016664149153036486
2.072,0.8434817499602886,0.7301637015857987,0.020813621903341205,0.19070794059665883,0.8434817499598002,0.7301637015866523,0.21152156250065265,0.5223703675832466,0.01661344990445912
2.076,0.843734863465304,0.7303687522193436,0.02075205625189586,0.19076950624810415,0.8437348634648163,0.7303687522201984,0.21152156250065293,0.5223923002412689,0.016563334550250025
2.08,0.8439862130252536,0.7305723019007682,0.020690991649819523,0.19083057085018054,0.8439862130247665,0.730572301901624,0.21152156250065318,0.52241392221875,0.016513796730634318
2.084,0.8442358094543627,0.7307743608319474,0.0206304240434547,0.19089113845654535,0.8442358094538763,0.7307743608328043,0.2115215625006534,0.522435237709287,0.016464830143028658
2.088,0.8444836635222582,0.7309749391583273,0.02057034940943051,0.19095121309056953,0.8444836635217725,0.7309749391591853,0.21152156250065365,0.5224562508543401,0.016416428541807422
2.092,0.844729785953817,0.7311740469690172,0.020510763754512187,0.1910107987454878,0.8447297859533318,0.7311740469698763,0.21152156250065388,0.5224769657437847,0.016368585738063615
2.096,0.8449741874290211,0.7313716942968866,0.020451663115449277,0.19106989938455077,0.8449741874285365,0.7313716942977466,0.2115215625006541,0.5224973864164602,0.01632129559936407
2.1,0.8452168785828197,0.7315678911186649,0.020393043558822967,0.19112851894117705,0.8452168785823357,0.731567891119526,0.21152156250065435,0.5225175168607141,0.016274552049499538
2.104,0.8454578700049974,0.7317626473550475,0.02033490118089205,0.191186661319108,0.8454578700045141,0.7317626473559096,0.21152156250065454,0.5225373610149445,0.016228349068229554
2.108,0.8456971722400485,0.7319559728708028,0.020277232107438172,0.19124433039256186,0.8456971722395658,0.7319559728716659,0.21152156250065482,0.5225569227681357,0.0161826806910224
2.112,0.8459347957870577,0.7321478774748855,0.020220032493610002,0.19130153000639002,0.8459347957865755,0.7321478774757496,0.211521562500655,0.5225762059603926,0.016137541008790356
2.116,0.846170751099587,0.7323383709205523,0.02016329852376659,0.19135826397623346,0.8461707510991054,0.7323383709214174,0.21152156250065526,0.5225952143834696,0.016092924167620315
2.12,0.846405048585569,0.7325274629054818,0.020107026411319645,0.19141453608868042,0.846405048585088,0.7325274629063477,0.2115215625006555,0.5226139517812964,0.016048824368499925
2.124,0.8466376986072053,0.7327151630718969,0.02005121239857546,0.19147035010142457,0.846637698606725,0.732715163072764,0.2115215625006557,0.5226324218504995,0.016005235867039544
2.128,0.8468687114808716,0.732901481006693,0.019995852756575574,0.19152570974342448,0.8468687114803919,0.732901481007561,0.21152156250065596,0.5226506282409202,0.01596215297319001
2.132,0.8470980974770281,0.7330864262415666,0.019940943784937225,0.19158061871506285,0.8470980974765491,0.7330864262424356,0.21152156250065612,0.522668574556128,0.015919570050956455
2.136,0.847325866820136,0.7332700082531494,0.01988648181169275,0.19163508068830734,0.8473258668196576,0.7332700082540194,0.21152156250065637,0.5226862643539308,0.015877481518108395
2.14,0.8475520296885791,0.733452236463145,0.019832463193128657,0.19168909930687142,0.8475520296881014,0.733452236464016,0.21152156250065657,0.5227037011468805,0.01583588184588606
2.144,0.8477765962145918,0.7336331202384683,0.01977888431362394,0.1917426781863761,0.8477765962141146,0.7336331202393404,0.21152156250065676,0.5227208884027753,0.015794765558703253
2.148,0.8479995764841911,0.7338126688913885,0.019725741585488156,0.19179582091451186,0.8479995764837146,0.7338126688922616,0.21152156250065696,0.5227378295451575,0.015754127233846955
2.152,0.848220980537116,0.7339908916796752,0.019673031448798565,0.19184853105120148,0.8482209805366401,0.7339908916805493,0.21152156250065723,0.5227545279538076,0.01571396150117355
2.156,0.8484408183667702,0.7341677978067467,0.019620750371237387,0.19190081212876264,0.8484408183662949,0.7341677978076216,0.21152156250065735,0.5227709869652339,0.015674263042802082
2.16,0.8486590999201712,0.7343433964218216,0.019568894847928203,0.1919526676520719,0.8486590999196966,0.7343433964226974,0.2115215625006575,0.5227872098731597,0.01563502659280457
2.164,0.8488758350979043,0.7345176966200734,0.019517461401272265,0.1920041010987278,0.8488758350974304,0.7345176966209502,0.21152156250065773,0.5228031999290038,0.01559624693689348
2.168,0.8490910337540815,0.7346907074427875,0.019466446580784436,0.1920551159192156,0.8490910337536082,0.7346907074436655,0.21152156250065796,0.5228189603423601,0.015557918912106625
2.172,0.8493047056963052,0.7348624378775213,0.019415846962928775,0.19210571553707123,0.8493047056958325,0.7348624378784002,0.21152156250065815,0.5228344942814707,0.01552003740648943
2.176,0.8495168606856374,0.7350328968582654,0.019365659150954007,0.19215590334904603,0.8495168606851653,0.7350328968591453,0.21152156250065834,0.5228498048736966,0.015482597358774858
2.18,0.8497275084365729,0.7352020932656093,0.019315879774728692,0.19220568272527136,0.8497275084361015,0.7352020932664901,0.21152156250065857,0.5228648952059838,0.015445593758061052
2.184,0.849936658617018,0.7353700359269079,0.019266505490576232,0.19225505700942375,0.8499366586165472,0.7353700359277897,0.21152156250065873,0.522879768325325,0.015409021643486839
2.188,0.8501443208482732,0.7355367336164517,0.019217532981109873,0.19230402951889017,0.8501443208478031,0.7355367336173344,0.21152156250065887,0.5228944272392188,0.01537287610390517
2.192,0.8503505047050212,0.7357021950556378,0.01916895895506732,0.19235260354493272,0.8503505047045518,0.7357021950565215,0.21152156250065907,0.5229088749161227,0.015337152277554712
2.196,0.8505552197153183,0.7358664289131446,0.019120780147145695,0.19240078235285435,0.8505552197148496,0.7358664289140291,0.21152156250065918,0.5229231142859044,0.015301845351729586
2.2,0.8507584753605918,0.7360294438051073,0.01907299331783603,0.19244856918216402,0.8507584753601237,0.7360294438059927,0.21152156250065934,0.5229371482402879,0.015266950562447493
2.204,0.8509602810756399,0.7361912482952968,0.019025595253258053,0.192495967246742,0.8509602810751724,0.7361912482961831,0.21152156250065954,0.5229509796332953,0.015232463194116233
2.208,0.8511606462486375,0.7363518508952995,0.018978582764994912,0.1925429797350051,0.8511606462481707,0.7363518508961868,0.2115215625006597,0.5229646112816858,0.015198378579198764
2.212,0.8513595802211453,0.7365112600647,0.018931952689927884,0.19258960981007217,0.8513595802206791,0.7365112600655882,0.21152156250065987,0.5229780459653904,0.015164692097877032
2.216,0.8515570922881234,0.7366694842112647,0.018885701890071212,0.1926358606099288,0.8515570922876579,0.7366694842121538,0.21152156250066007,0.5229912864279417,0.015131399177714385
2.22,0.8517531916979485,0.7368265316911283,0.018839827252407168,0.19268173524759286,0.8517531916974835,0.7368265316920183,0.21152156250066023,0.523004335376901,0.01509849529331703
2.224,0.8519478876524357,0.7369824108089813,0.018794325688721095,0.19272723681127898,0.8519478876519714,0.7369824108098721,0.21152156250066034,0.5230171954842814,0.01506597596599432
2.228,0.8521411893068639,0.7371371298182597,0.01874919413543657,0.19277236836456352,0.8521411893064001,0.7371371298191514,0.21152156250066054,0.5230298693869655,0.015033836763418261
2.232,0.852333105770005,0.7372906969213361,0.018704429553451033,0.19281713294654898,0.8523331057695419,0.7372906969222287,0.2115215625006607,0.5230423596871215,0.015002073299282014
2.236,0.852523646104157,0.7374431202697126,0.018660028927971327,0.19286153357202865,0.8525236461036946,0.7374431202706062,0.21152156250066084,0.5230546689526141,0.014970681232957828
2.24,0.8527128193251808,0.7375944079642154,0.01861598926834962,0.19290557323165036,0.852712819324719,0.7375944079651098,0.21152156250066098,0.5230667997174112,0.014939656269154205
2.244,0.8529006344025405,0.73774456805519,0.018572307607919655,0.19294925489208034,0.8529006344020793,0.7377445680560852,0.21152156250066118,0.5230787544819876,0.014908994157572582
2.248,0.8530871002593474,0.7378936085426993,0.018528981003833128,0.1929925814961669,0.8530871002588868,0.7378936085435953,0.21152156250066131,0.5230905357137244,0.014878690692563538
2.2520000000000002,0.8532722257724077,0.7380415373767218,0.018486006536896447,0.19303555596310357,0.8532722257719477,0.7380415373776188,0.21152156250066145,0.523102145847305,0.014848741712782618
2.2560000000000002,0.8534560197722733,0.7381883624573526,0.01844338131140785,0.19307818118859216,0.8534560197718138,0.7381883624582504,0.2115215625006616,0.5231135872851067,0.014819143100845873
2.2600000000000002,0.8536384910432958,0.7383340916350037,0.018401102454994902,0.19312046004500516,0.853638491042837,0.7383340916359021,0.21152156250066176,0.5231248623975892,0.01478989078298517
2.2640000000000002,0.8538196483236848,0.7384787327106069,0.01835916711845226,0.19316239538154775,0.8538196483232265,0.7384787327115062,0.21152156250066184,0.5231359735236782,0.014760980728703438
2.2680000000000002,0.8539995003055684,0.7386222934358185,0.018317572475579868,0.19320399002442015,0.8539995003051107,0.7386222934367187,0.211521562500662,0.5231469229711473,0.014732408950429793
2.2720000000000002,0.8541780556350571,0.7387647815132238,0.018276315723021557,0.1932452467769785,0.8541780556346,0.7387647815141246,0.21152156250066212,0.5231577130169934,0.014704171503174759
2.2760000000000002,0.8543553229123114,0.7389062045965425,0.01823539408010423,0.19328616841989585,0.8543553229118549,0.738906204597444,0.21152156250066223,0.5231683459078109,0.014676264484185533
2.2800000000000002,0.8545313106916118,0.7390465702908371,0.018194804788677205,0.19332675771132282,0.8545313106911558,0.7390465702917395,0.2115215625006624,0.5231788238601606,0.014648684032601514
2.2840000000000003,0.8547060274814322,0.7391858861527205,0.018154545112952256,0.1933670173870478,0.8547060274809768,0.7391858861536237,0.21152156250066256,0.5231891490609358,0.01462142632910999
2.2880000000000003,0.854879481744516,0.7393241596905651,0.01811461233934406,0.19340695016065598,0.8548794817440611,0.7393241596914691,0.21152156250066267,0.5231993236677239,0.014594487595602198
2.2920000000000003,0.8550516818979553,0.7394613983647133,0.018075003776311112,0.1934465587236889,0.855051681897501,0.7394613983656181,0.21152156250066287,0.5232093498091653,0.0145678640948298
2.2960000000000003,0.855222636313273,0.7395976095876879,0.018035716754197153,0.19348584574580285,0.8552226363128193,0.7395976095885936,0.21152156250066295,0.5232192295853083,0.01454155213006175
2.3000000000000003,0.855392353316507,0.7397328007244047,0.017996748625073288,0.19352481387492673,0.8553923533160538,0.7397328007253111,0.21152156250066315,0.5232289650679596,0.014515548044741734
2.3040000000000003,0.855560841188298,0.7398669790923844,0.01795809676258038,0.1935634657374197,0.8555608411878454,0.7398669790932914,0.21152156250066323,0.5232385583010325,0.014489848222146152
2.308,0.8557281081639796,0.740000151961966,0.017919758561772223,0.19360180393822785,0.8557281081635275,0.7400001519628737,0.21152156250066337,0.5232480113008908,0.014464449085042807
2.312,0.8558941624336707,0.7401323265565216,0.017881731438959138,0.19363983106104093,0.8558941624332191,0.7401323265574301,0.2115215625006635,0.5232573260566893,0.014439347095350193
2.316,0.8560590121423708,0.7402635100526703,0.017844012831552316,0.1936775496684477,0.8560590121419198,0.7402635100535798,0.2115215625006637,0.5232665045307107,0.014414538753797706
2.32,0.8562226653900579,0.7403937095804949,0.017806600197908588,0.19371496230209148,0.8562226653896076,0.740393709581405,0.21152156250066376,0.5232755486586991,0.014390020599586491
2.324,0.8563851302317883,0.7405229322237559,0.017769491017175936,0.1937520714828241,0.8563851302313386,0.7405229322246668,0.21152156250066387,0.5232844603501897,0.014365789210051267
2.328,0.8565464146777995,0.74065118502011,0.017732682789139524,0.19378887971086053,0.8565464146773503,0.7406511850210216,0.211521562500664,0.5232932414888362,0.014341841200323096
2.332,0.8567065266936144,0.7407784749613258,0.017696173034068518,0.19382538946593153,0.8567065266931657,0.7407784749622383,0.2115215625006642,0.5233018939327325,0.01431817322299305
2.336,0.8568654742001491,0.7409048089935026,0.017659959292563327,0.1938616032074367,0.856865474199701,0.7409048089944159,0.21152156250066434,0.5233104195147336,0.014294781967776966
2.34,0.857023265073822,0.7410301940172876,0.01762403912540374,0.19389752337459626,0.8570232650733745,0.7410301940182016,0.21152156250066437,0.5233188200427709,0.014271664161181244
2.344,0.8571799071466648,0.7411546368880945,0.017588410113397568,0.19393315238660247,0.8571799071462178,0.7411546368890091,0.2115215625006645,0.5233270973001659,0.014248816566169777
2.348,0.8573354082064372,0.7412781444163222,0.017553069857229955,0.19396849264277005,0.8573354082059907,0.7412781444172376,0.21152156250066462,0.523335253045939,0.01422623598183205
2.352,0.8574897759967414,0.7414007233675749,0.017518015977313568,0.19400354652268648,0.8574897759962955,0.7414007233684909,0.21152156250066473,0.5233432890151162,0.014203919243052436
2.356,0.8576430182171408,0.7415223804628801,0.017483246113639214,0.19403831638636082,0.8576430182166955,0.7415223804637969,0.21152156250066487,0.5233512069190316,0.014181863220180807
2.36,0.8577951425232794,0.74164312237891,0.01744875792562733,0.19407280457437268,0.8577951425228345,0.7416431223798274,0.21152156250066495,0.5233590084456273,0.014160064818704294
2.364,0.8579461565270029,0.7417629557482003,0.01741454909198023,0.19410701340801984,0.8579461565265586,0.7417629557491183,0.21152156250066506,0.5233666952597499,0.014138520978920563
2.368,0.8580960677964831,0.741881887159371,0.017380617310534884,0.1941409451894652,0.8580960677960393,0.7418818871602897,0.21152156250066512,0.5233742690034427,0.014117228675612326
2.372,0.8582448838563426,0.741999923157347,0.017346960298116575,0.19417460220188348,0.8582448838558994,0.7419999231582664,0.21152156250066523,0.5233817312962369,0.014096184917723329
2.376,0.8583926121877823,0.7421170702435784,0.017313575790393245,0.19420798670960682,0.8583926121873396,0.7421170702444986,0.21152156250066534,0.5233890837354372,0.014075386748035773
2.38,0.8585392602287102,0.7422333348762619,0.017280461541730588,0.1942411009582695,0.8585392602282681,0.7422333348771827,0.2115215625006655,0.5233963278964061,0.014054831242849182
2.384,0.858684835373872,0.7423487234705604,0.017247615325047864,0.19427394717495217,0.8586848353734304,0.742348723471482,0.21152156250066553,0.5234034653328439,0.014034515511660822
2.388,0.8588293449749831,0.7424632423988257,0.01721503493167456,0.19430652756832548,0.858829344974542,0.7424632423997478,0.21152156250066562,0.5234104975770658,0.014014436696847671
2.392,0.8589727963408628,0.7425768979908178,0.01718271817120767,0.1943388443287924,0.8589727963404222,0.7425768979917406,0.21152156250066573,0.5234174261402769,0.013994591973349912
2.396,0.8591151967375695,0.7426896965339272,0.01715066287136983,0.19437089962863024,0.8591151967371295,0.7426896965348507,0.2115215625006658,0.5234242525128422,0.013974978548356075
2.4,0.859256553388538,0.7428016442733952,0.01711886687786824,0.19440269562213178,0.8592565533880986,0.7428016442743195,0.21152156250066592,0.5234309781645556,0.013955593660989805
2.404,0.8593968734747174,0.7429127474125354,0.017087328054254284,0.19443423444574576,0.8593968734742785,0.7429127474134604,0.21152156250066606,0.5234376045449048,0.0139364345819983
2.408,0.8595361641347115,0.7430230121129543,0.017056044281784002,0.19446551821821603,0.8595361641342731,0.7430230121138799,0.21152156250066612,0.5234441330833328,0.01391749861344238
2.412,0.8596744324649197,0.7431324444947721,0.017025013459279318,0.19449654904072072,0.8596744324644818,0.7431324444956984,0.21152156250066625,0.5234505651894976,0.01389878308838836
2.416,0.85981168551968,0.743241050636844,0.016994233502990078,0.19452732899700995,0.8598116855192426,0.7432410506377708,0.2115215625006663,0.523456902253528,0.013880285370601545
2.42,0.8599479303114127,0.7433488365769801,0.016963702346456846,0.1945578601535432,0.8599479303109757,0.7433488365779075,0.21152156250066645,0.5234631456462772,0.013862002854241613
2.424,0.8600831738107657,0.7434558083121665,0.016933417940374507,0.19458814455962553,0.8600831738103293,0.7434558083130947,0.21152156250066656,0.5234692967195724,0.013843932963559683
2.428,0.8602174229467614,0.7435619717987857,0.016903378252456656,0.19461818424754337,0.8602174229463254,0.7435619717997145,0.21152156250066664,0.5234753568064633,0.013826073152597191
2.432,0.8603506846069437,0.7436673329528362,0.01687358126730091,0.19464798123269914,0.8603506846065083,0.7436673329537655,0.21152156250066673,0.5234813272214657,0.013808420904886615
2.436,0.8604829656375278,0.7437718976501526,0.01684402498625479,0.19467753751374525,0.8604829656370929,0.7437718976510826,0.2115215625006669,0.5234872092608037,0.013790973733154074
2.44,0.8606142728435494,0.7438756717266257,0.016814707427282614,0.1947068550727174,0.8606142728431151,0.7438756717275564,0.21152156250066692,0.523493004202649,0.01377372917902369
2.444,0.8607446129890165,0.7439786609784217,0.01678562662483314,0.19473593587516688,0.8607446129885826,0.743978660979353,0.21152156250066703,0.5234987133073565,0.01375668481272391
2.448,0.860873992797061,0.7440808711622009,0.01675678062970804,0.194764781870292,0.8608739927966277,0.7440808711631328,0.2115215625006671,0.5235043378176982,0.01373983823279567
2.452,0.8610024189500926,0.7441823079953374,0.016728167508931066,0.19479339499106896,0.8610024189496597,0.7441823079962699,0.21152156250066723,0.5235098789590935,0.013723187065802502
2.456,0.8611298980899522,0.7442829771561371,0.01669978534561825,0.1948217771543818,0.8611298980895198,0.7442829771570701,0.21152156250066728,0.5235153379398376,0.013706728966042516
2.46,0.8612564368180681,0.7443828842840559,0.01667163223884873,0.19484993026115133,0.8612564368176362,0.7443828842849896,0.21152156250066734,0.5235207159513269,0.01369046161526236
2.464,0.8613820416956112,0.7444820349799179,0.01664370630353643,0.1948778561964636,0.8613820416951798,0.7444820349808522,0.2115215625006674,0.523526014168281,0.013674382722373089
2.468,0.8615067192436526,0.7445804348061329,0.016616005670302688,0.19490555682969735,0.8615067192432218,0.7445804348070678,0.21152156250066753,0.5235312337489638,0.013658490023168034
2.472,0.8616304759433213,0.744678089286913,0.016588528485349547,0.19493303401465045,0.8616304759428909,0.7446780892878486,0.21152156250066761,0.5235363758354,0.013642781280042605
2.476,0.8617533182359628,0.7447750039084903,0.01656127291033396,0.19496028958966607,0.8617533182355328,0.7447750039094263,0.21152156250066767,0.5235414415535907,0.013627254281716072
2.48,0.8618752525232987,0.7448711841193317,0.016534237122242782,0.19498732537775726,0.8618752525228691,0.7448711841202683,0.2115215625006678,0.523546432013725,0.013611906842955367
2.484,0.861996285167587,0.7449666353303562,0.016507419313268584,0.1950141431867314,0.861996285167158,0.7449666353312936,0.21152156250066784,0.5235513483103903,0.01359673680430086
2.488,0.8621164224917832,0.74506136291515,0.01648081769068624,0.19504074480931377,0.8621164224913547,0.7450613629160879,0.21152156250066795,0.5235561915227797,0.013581742031794138
2.492,0.8622356707797019,0.7451553722101808,0.016454430476730553,0.19506713202326953,0.8622356707792739,0.7451553722111192,0.21152156250066798,0.5235609627148962,0.0135669204167078
2.496,0.8623540362761791,0.7452486685150126,0.016428255908474323,0.19509330659152574,0.8623540362757516,0.7452486685159515,0.211521562500668,0.5235656629357552,0.013552269875277299
2.5,0.8624715251872356,0.74534125709252,0.016402292237707658,0.19511927026229237,0.8624715251868085,0.7453412570934594,0.21152156250066811,0.5235702932195849,0.013537788348434757
2.504,0.8625881436802402,0.7454331431691013,0.01637653773081776,0.19514502476918227,0.8625881436798136,0.7454331431700413,0.21152156250066814,0.5235748545860234,0.013523473801544866
2.508,0.8627038978840744,0.7455243319348915,0.016350990668669737,0.1951705718313303,0.8627038978836484,0.7455243319358321,0.2115215625006682,0.5235793480403133,0.013509324224142754
2.512,0.8628187938892972,0.745614828543975,0.016325649346488138,0.19519591315351192,0.8628187938888716,0.7456148285449161,0.21152156250066828,0.5235837745734951,0.013495337629673991
2.516,0.86293283774831,0.7457046381145966,0.01630051207373938,0.19522105042626064,0.8629328377478849,0.7457046381155383,0.21152156250066834,0.5235881351625975,0.013481512055236533
2.52,0.863046035475523,0.7457937657293741,0.016275577174014885,0.1952459853259851,0.8630460354750984,0.7457937657303163,0.2115215625006684,0.5235924307708251,0.013467845561324786
2.524,0.8631583930475215,0.7458822164355077,0.016250842984915175,0.19527071951508485,0.8631583930470973,0.7458822164364504,0.21152156250066845,0.5235966623477444,0.013454336231575678
2.528,0.8632699164032324,0.7459699952449907,0.01622630785793468,0.19529525464206535,0.8632699164028086,0.745969995245934,0.21152156250066853,0.523600830829467,0.013440982172516793
2.532,0.8633806114440916,0.7460571071348194,0.01620197015834733,0.19531959234165266,0.8633806114436683,0.7460571071357632,0.21152156250066861,0.5236049371388312,0.01342778151331656
2.536,0.863490484034212,0.7461435570472015,0.01617782826509307,0.19534373423490695,0.8634904840337891,0.7461435570481457,0.21152156250066867,0.5236089821855806,0.01341473240553647
2.54,0.8635995400005513,0.7462293498897642,0.016153880570665115,0.19536768192933493,0.8635995400001288,0.7462293498907089,0.21152156250066867,0.5236129668665415,0.013401833022885395
2.544,0.86370778513308,0.7463144905357623,0.016130125480998004,0.195391437019002,0.863707785132658,0.7463144905367076,0.2115215625006688,0.5236168920657963,0.013389081560975891
2.548,0.863815225184951,0.7463989838242854,0.016106561415356494,0.19541500108464355,0.8638152251845295,0.7463989838252312,0.21152156250066886,0.5236207586548576,0.01337647623708259
2.552,0.8639218658726681,0.7464828345604636,0.016083186806225256,0.1954383756937748,0.863921865872247,0.7464828345614098,0.2115215625006689,0.5236245674928368,0.013364015289902638
2.556,0.8640277128762551,0.7465660475156736,0.01606000009919936,0.1954615624008007,0.8640277128758345,0.7465660475166203,0.21152156250066897,0.5236283194266135,0.013351696979318184
2.56,0.8641327718394264,0.7466486274277435,0.01603699975287548,0.19548456274712456,0.8641327718390062,0.7466486274286908,0.21152156250066897,0.523632015291001,0.013339519586160873
2.564,0.8642370483697558,0.7467305790011578,0.0160141842387441,0.19550737826125592,0.864237048369336,0.7467305790021055,0.21152156250066903,0.5236356559089106,0.01332748141197845
2.568,0.8643405480388471,0.74681190690726,0.01599155204108234,0.19553001045891769,0.8643405480384277,0.7468119069082082,0.21152156250066906,0.5236392420915132,0.013315580778803312
2.572,0.8644432763825044,0.7468926157844563,0.01596910165684756,0.19555246084315245,0.8644432763820855,0.7468926157854051,0.21152156250066914,0.5236427746383997,0.013303816028923197
2.576,0.8645452389009025,0.7469727102384179,0.015946831595571864,0.19557473090442817,0.8645452389004841,0.7469727102393672,0.21152156250066922,0.5236462543377384,0.013292185524653794
2.58,0.8646464410587574,0.7470521948422819,0.015924740379257396,0.19559682212074267,0.8646464410583394,0.7470521948432316,0.2115215625006693,0.5236496819664312,0.01328068764811348
2.584,0.8647468882854973,0.7471310741368524,0.015902826542272295,0.19561873595772772,0.8647468882850797,0.7471310741378027,0.21152156250066928,0.5236530582902676,0.013269320801000012
2.588,0.8648465859754332,0.7472093526308012,0.015881088631247497,0.19564047386875255,0.8648465859750161,0.7472093526317519,0.21152156250066934,0.5236563840640769,0.013258083404369235
2.592,0.8649455394879302,0.7472870348008661,0.015859525204974374,0.19566203729502568,0.8649455394875135,0.7472870348018172,0.21152156250066942,0.5236596600318775,0.013246973898415853
2.596,0.8650437541475784,0.74736412509205,0.015838134834303023,0.195683427665697,0.8650437541471622,0.7473641250930017,0.21152156250066942,0.5236628869270261,0.013235990742256142
2.6,0.865141235244364,0.747440627917819,0.015816916102041473,0.19570464639795854,0.8651412352439483,0.7474406279187711,0.21152156250066947,0.5236660654723635,0.013225132413712709
2.604,0.8652379880338407,0.7475165476602988,0.01579586760285551,0.19572569489714453,0.8652379880334253,0.7475165476612515,0.21152156250066953,0.523669196380359,0.013214397409101209
2.608,0.8653340177373005,0.747591888670472,0.015774987943169384,0.19574657455683064,0.8653340177368856,0.7475918886714251,0.2115215625006696,0.523672280353253,0.01320378424301907
2.612,0.8654293295419453,0.7476666552683723,0.015754275741067202,0.19576728675893285,0.8654293295415307,0.7476666552693259,0.21152156250066967,0.5236753180831981,0.013193291448136168
2.616,0.8655239286010579,0.7477408517432804,0.01573372962619517,0.19578783287380488,0.8655239286006438,0.7477408517442344,0.2115215625006697,0.5236783102523977,0.013182917574987506
2.62,0.8656178200341732,0.7478144823539176,0.015713348239664443,0.19580821426033557,0.8656178200337594,0.747814482354872,0.21152156250066975,0.5236812575332436,0.013172661191767835
2.624,0.8657110089272494,0.7478875513286388,0.01569313023395492,0.1958284322660451,0.865711008926836,0.7478875513295936,0.2115215625006698,0.5236841605884509,0.013162520884128228
2.628,0.8658035003328389,0.7479600628656252,0.015673074272819585,0.19584848822718048,0.8658035003324258,0.7479600628665805,0.2115215625006699,0.5236870200711924,0.013152495254974604
2.632,0.8658952992702595,0.7480320211330755,0.015653179031189735,0.1958683834688103,0.8658952992698469,0.7480320211340313,0.21152156250066997,0.5236898366252296,0.013142582924268204
2.636,0.8659864107257654,0.7481034302693975,0.015633443195080865,0.19588811930491917,0.8659864107253531,0.7481034302703538,0.21152156250067003,0.5236926108850442,0.013132782528827968
2.64,0.8660768396527174,0.7481742943833969,0.01561386546149941,0.19590769703850064,0.8660768396523055,0.7481742943843537,0.2115215625006701,0.5236953434759657,0.013123092722134844
2.644,0.8661665909717544,0.7482446175544677,0.015594444538350027,0.19592711796165002,0.8661665909713429,0.7482446175554248,0.21152156250067022,0.5236980350142986,0.013113512174138038
2.648,0.8662556695709632,0.7483144038327793,0.015575179144343814,0.1959463833556562,0.866255669570552,0.7483144038337369,0.21152156250067028,0.523700686107448,0.013104039571063104
2.652,0.8663440803060494,0.7483836572394653,0.015556068008907112,0.19596549449109293,0.8663440803056386,0.7483836572404233,0.21152156250067022,0.523703297354043,0.013094673615221984
2.656,0.8664318280005072,0.7484523817668094,0.015537109872091052,0.195984452627909,0.8664318280000969,0.7484523817677678,0.21152156250067028,0.5237058693440584,0.013085413024824896
2.66,0.8665189174457901,0.7485205813784315,0.015518303484481867,0.1960032590155182,0.8665189174453801,0.7485205813793903,0.21152156250067033,0.5237084026589359,0.013076256533794106
2.664,0.8666053534014799,0.7485882600094725,0.015499647607111937,0.19602191489288806,0.8666053534010703,0.7485882600104318,0.2115215625006704,0.5237108978717022,0.013067202891579557
2.668,0.8666911405954568,0.7486554215667793,0.01548114101137144,0.19604042148862863,0.8666911405950476,0.748655421567739,0.2115215625006704,0.5237133555470873,0.013058250862976375
2.672,0.8667762837240689,0.7487220699290872,0.015462782478920769,0.19605878002107927,0.8667762837236601,0.7487220699300473,0.21152156250067042,0.5237157762416389,0.013049399227944153
2.676,0.8668607874523011,0.748788208947203,0.01544457080160368,0.19607699169839632,0.8668607874518928,0.7487882089481636,0.21152156250067047,0.523718160503838,0.013040646781428154
2.68,0.8669446564139444,0.7488538424441866,0.015426504781361096,0.19609505771863894,0.8669446564135364,0.7488538424451476,0.21152156250067053,0.5237205088742113,0.01303199233318225
2.684,0.8670278952117639,0.7489189742155319,0.015408583230145665,0.19611297926985435,0.8670278952113564,0.7489189742164933,0.21152156250067058,0.5237228218854417,0.013023434707593734
2.688,0.8671105084176682,0.7489836080293465,0.015390804969836884,0.19613075753016318,0.8671105084172611,0.7489836080303083,0.21152156250067058,0.5237251000624794,0.013014972743509885
2.692,0.8671925005728768,0.7490477476265311,0.015373168832157023,0.196148393667843,0.86719250057247,0.7490477476274934,0.2115215625006706,0.5237273439226492,0.01300660529406634
2.696,0.8672738761880878,0.7491113967209581,0.01535567365858772,0.19616588884141234,0.8672738761876815,0.7491113967219206,0.2115215625006706,0.5237295539757583,0.012998331226517251
2.7,0.8673546397436462,0.749174558999648,0.015338318300287196,0.1961832441997128,0.8673546397432402,0.749174559000611,0.2115215625006707,0.5237317307242009,0.01299014942206718
2.704,0.8674347956897105,0.7492372381229476,0.01532110161800819,0.19620046088199186,0.8674347956893048,0.749237238123911,0.21152156250067072,0.5237338746630635,0.012982058775704767
2.708,0.8675143484464196,0.7492994377247039,0.015304022482016564,0.19621754001798344,0.8675143484460143,0.7492994377256678,0.21152156250067075,0.5237359862802264,0.012974058196038139
2.712,0.8675933024040596,0.7493611614124405,0.015287079772010537,0.1962344827279895,0.8675933024036547,0.7493611614134047,0.21152156250067075,0.5237380660564662,0.012966146605132015
2.716,0.8676716619232301,0.7494224127675307,0.015270272377040565,0.1962512901229595,0.8676716619228255,0.7494224127684952,0.2115215625006708,0.523740114465555,0.012958322938346593
2.72,0.8677494313350094,0.7494831953453709,0.015253599195430054,0.19626796330457,0.8677494313346051,0.7494831953463358,0.21152156250067086,0.5237421319743596,0.012950586144178067
2.724,0.8678266149411207,0.749543512675553,0.015237059134696414,0.19628450336530362,0.8678266149407168,0.7495435126765182,0.2115215625006709,0.5237441190429387,0.012942935184100893
2.728,0.8679032170140968,0.7496033682620353,0.015220651111473077,0.19630091138852696,0.8679032170136933,0.749603368263001,0.21152156250067092,0.5237460761246392,0.01293536903241171
2.732,0.8679792417974451,0.7496627655833142,0.01520437405143186,0.1963171884485682,0.867979241797042,0.7496627655842802,0.21152156250067097,0.5237480036661908,0.01292788667607494
2.736,0.8680546935058115,0.7497217080925924,0.015188226889206331,0.19633333561079372,0.8680546935054088,0.7497217080935589,0.21152156250067103,0.5237499021077994,0.01292048711457006
2.74,0.8681295763251446,0.7497801992179487,0.01517220856831546,0.19634935393168457,0.8681295763247423,0.7497801992189156,0.211521562500671,0.5237517718832397,0.012913169359740451
2.744,0.8682038944128593,0.749838242362506,0.01515631804108802,0.196365244458912,0.8682038944124574,0.7498382423634731,0.211521562500671,0.5237536134199464,0.012905932435643974
2.748,0.8682776518979995,0.7498958409045973,0.015140554268587758,0.19638100823141227,0.868277651897598,0.7498958409055648,0.21152156250067097,0.5237554271391035,0.012898775378405107
2.7520000000000002,0.8683508528814011,0.7499529981979333,0.015124916220539046,0.19639664627946093,0.8683508528809999,0.7499529981989013,0.21152156250067108,0.523757213455733,0.012891697236068707
2.7560000000000002,0.8684235014358541,0.750009717571767,0.015109402875253067,0.19641215962474698,0.8684235014354532,0.7500097175727353,0.2115215625006711,0.5237589727787831,0.012884697068455343
2.7600000000000002,0.8684956016062642,0.7500660023310581,0.015094013219554881,0.1964275492804452,0.8684956016058636,0.7500660023320267,0.21152156250067117,0.5237607055112133,0.01287777394701825
2.7640000000000002,0.8685671574098143,0.7501218557566367,0.015078746248710844,0.19644281625128915,0.868567157409414,0.7501218557576057,0.21152156250067117,0.5237624120500801,0.012870926954701847
2.7680000000000002,0.8686381728361253,0.7501772811053666,0.015063600966356774,0.1964579615336433,0.8686381728357254,0.7501772811063359,0.21152156250067117,0.5237640927866214,0.012864155185801763
2.7720000000000002,0.8687086518474166,0.7502322816103062,0.015048576384426658,0.1964729861155734,0.8687086518470171,0.7502322816112758,0.21152156250067117,0.5237657481063379,0.012857457745826497
2.7760000000000002,0.8687785983786658,0.7502868604808701,0.015033671523082024,0.19648789097691804,0.8687785983782665,0.75028686048184,0.2115215625006712,0.5237673783890764,0.012850833751360497
2.7800000000000002,0.868848016337768,0.7503410209029893,0.015018885410641822,0.1965026770893582,0.8688480163373691,0.7503410209039596,0.21152156250067125,0.5237689840091091,0.012844282329928874
2.7840000000000003,0.8689169096056952,0.7503947660392702,0.01500421708351292,0.19651734541648708,0.8689169096052967,0.7503947660402409,0.21152156250067125,0.5237705653352139,0.012837802619863538
2.7880000000000003,0.8689852820366545,0.7504480990291532,0.014989665586121248,0.19653189691387876,0.8689852820362562,0.7504480990301242,0.2115215625006713,0.5237721227307525,0.01283139377017088
2.7920000000000003,0.8690531374582458,0.75050102298907,0.014975229970843454,0.1965463325291566,0.8690531374578478,0.7505010229900413,0.21152156250067136,0.5237736565537474,0.012825054940400909
2.7960000000000003,0.8691204796716195,0.7505535410126003,0.014960909297939114,0.19656065320206095,0.869120479671222,0.750553541013572,0.21152156250067133,0.5237751671569586,0.012818785300517867
2.8000000000000003,0.8691873124516336,0.750605656170628,0.014946702635483654,0.1965748598645164,0.8691873124512364,0.7506056561716,0.21152156250067142,0.5237766548879587,0.012812584030772298
2.8040000000000003,0.8692536395470095,0.7506573715114959,0.014932609059301633,0.19658895344069843,0.8692536395466126,0.7506573715124683,0.21152156250067142,0.5237781200892071,0.012806450321574557
2.8080000000000003,0.8693194646804885,0.7507086900611595,0.014918627652900755,0.19660293484709931,0.8693194646800919,0.7507086900621321,0.21152156250067142,0.5237795630981233,0.01280038337336978
2.8120000000000003,0.8693847915489866,0.7507596148233407,0.014904757507406417,0.19661680499259365,0.8693847915485904,0.7507596148243136,0.21152156250067145,0.5237809842471589,0.01279438239651422
2.816,0.8694496238237499,0.7508101487796799,0.014890997721496699,0.19663056477850333,0.869449623823354,0.7508101487806532,0.21152156250067147,0.5237823838638687,0.012788446611153059
2.82,0.8695139651505083,0.7508602948898877,0.014877347401338059,0.19664421509866198,0.8695139651501127,0.7508602948908614,0.21152156250067153,0.5237837622709814,0.012782575247099522
2.824,0.8695778191496295,0.7509100560918953,0.014863805660521444,0.19665775683947856,0.8695778191492343,0.7509100560928693,0.2115215625006715,0.5237851197864685,0.01277676754371548
2.828,0.8696411894162722,0.7509594353020047,0.014850371619999081,0.19667119088000096,0.8696411894158772,0.7509594353029789,0.21152156250067156,0.5237864567236125,0.012771022749793328
2.832,0.8697040795205385,0.7510084354150369,0.01483704440802167,0.1966845180919784,0.8697040795201437,0.7510084354160115,0.2115215625006716,0.5237877733910745,0.012765340123439273
2.836,0.8697664930076261,0.7510570593044812,0.014823823160076192,0.19669773933992388,0.8697664930072316,0.751057059305456,0.2115215625006716,0.5237890700929606,0.012759718931957955
2.84,0.8698284333979799,0.751105309822641,0.0148107070188242,0.1967108554811758,0.8698284333975856,0.7511053098236161,0.2115215625006716,0.5237903471288874,0.012754158451738405
2.844,0.8698899041874425,0.7511531898007817,0.014797695134040733,0.19672386736595932,0.8698899041870486,0.751153189801757,0.21152156250067164,0.5237916047940467,0.012748657968141288
2.848,0.8699509088474052,0.7512007020492751,0.014784786662553595,0.19673677583744645,0.8699509088470115,0.7512007020502507,0.21152156250067164,0.523792843379269,0.0127432167753875
2.852,0.8700114508249571,0.7512478493577445,0.014771980768183328,0.1967495817318167,0.8700114508245638,0.7512478493587205,0.21152156250067167,0.5237940631710867,0.01273783417644804
2.856,0.8700715335430348,0.7512946344952088,0.014759276621683533,0.1967622858783165,0.8700715335426418,0.7512946344961852,0.21152156250067172,0.5237952644517956,0.012732509482935148
2.86,0.8701311604005706,0.7513410602102255,0.01474667340068187,0.19677488909931817,0.8701311604001779,0.7513410602112021,0.2115215625006717,0.5237964474995164,0.012727242014994745
2.864,0.8701903347726408,0.7513871292310323,0.014734170289621406,0.19678739221037864,0.8701903347722485,0.7513871292320092,0.21152156250067172,0.5237976125882549,0.012722031101200106
2.868,0.8702490600106132,0.7514328442656892,0.014721766479702546,0.19679979602029743,0.8702490600102211,0.7514328442666665,0.21152156250067178,0.5237987599879613,0.01271687607844679
2.872,0.8703073394422933,0.7514782080022188,0.01470946116882553,0.19681210133117447,0.8703073394419015,0.7514782080031963,0.21152156250067178,0.5237998899645893,0.012711776291848803
2.876,0.8703651763720716,0.7515232231087458,0.014697253561533239,0.19682430893846684,0.87036517637168,0.7515232231097234,0.21152156250067178,0.523801002780153,0.012706731094635984
2.88,0.870422574081068,0.7515678922336356,0.014685142868954667,0.19683641963104534,0.8704225740806767,0.7515678922346136,0.21152156250067178,0.5238020986927843,0.012701739848052592
2.884,0.870479535827278,0.7516122180056336,0.014673128308748819,0.19684843419125117,0.870479535826887,0.7516122180066118,0.21152156250067178,0.5238031779567898,0.0126968019212571
2.888,0.8705360648457163,0.7516562030340008,0.014661209105049058,0.19686035339495098,0.8705360648453255,0.7516562030349794,0.21152156250067183,0.5238042408227052,0.012691916691223194
2.892,0.870592164348561,0.7516998499086515,0.014649384488407968,0.19687217801159204,0.8705921643481704,0.7516998499096302,0.2115215625006719,0.5238052875373501,0.012687083542641881
2.896,0.8706478375252967,0.7517431612002877,0.014637653695742698,0.19688390880425735,0.8706478375249064,0.7517431612012666,0.2115215625006719,0.5238063183438828,0.012682301867824848
2.9,0.8707030875428571,0.7517861394605349,0.01462601597028079,0.19689554652971925,0.870703087542467,0.7517861394615141,0.2115215625006719,0.523807333481852,0.012677571066608918
2.904,0.8707579175457669,0.7518287872220755,0.014614470561506339,0.19690709193849368,0.870757917545377,0.7518287872230549,0.21152156250067194,0.5238083331872505,0.012672890546261624
2.908,0.8708123306562834,0.751871106998782,0.014603016725106914,0.1969185457748931,0.8708123306558938,0.7518711069997618,0.21152156250067192,0.5238093176925659,0.01266825972138799
2.912,0.870866329974537,0.7519131012858495,0.01459165372292057,0.19692990877707947,0.8708663299741477,0.7519131012868296,0.21152156250067194,0.5238102872268321,0.012663678013838359
2.916,0.8709199185786713,0.7519547725599273,0.014580380822883583,0.1969411816771165,0.8709199185782823,0.7519547725609075,0.21152156250067197,0.5238112420156791,0.012659144852617328
2.92,0.8709730995249829,0.7519961232792485,0.014569197298978615,0.1969523652010214,0.8709730995245942,0.751996123280229,0.21152156250067197,0.5238121822813827,0.012654659673793839
2.924,0.8710258758480599,0.7520371558837617,0.01455810243118312,0.19696346006881693,0.8710258758476715,0.7520371558847425,0.211521562500672,0.5238131082429137,0.012650221920412272
2.928,0.8710782505609204,0.7520778727952588,0.014547095505418486,0.19697446699458154,0.8710782505605322,0.75207787279624,0.21152156250067203,0.5238140201159852,0.012645831042404678
2.932,0.8711302266551498,0.7521182764175041,0.014536175813499372,0.19698538668650065,0.8711302266547619,0.7521182764184855,0.21152156250067206,0.5238149181131007,0.012641486496504015
2.936,0.8711818071010383,0.7521583691363609,0.014525342653083664,0.19699621984691637,0.8711818071006507,0.7521583691373426,0.21152156250067206,0.5238158024436005,0.012637187746158464
2.94,0.8712329948477168,0.7521981533199192,0.014514595327622727,0.1970069671723773,0.8712329948473295,0.7521981533209011,0.21152156250067206,0.5238166733137081,0.012632934261446804
2.944,0.8712837928232927,0.752237631318621,0.01450393314631219,0.1970176293536878,0.8712837928229057,0.7522376313196032,0.21152156250067208,0.5238175309265755,0.012628725518994733
2.948,0.8713342039349852,0.752276805465386,0.01449335542404311,0.19702820707595695,0.8713342039345984,0.7522768054663683,0.2115215625006721,0.5238183754823281,0.012624561001892324
2.952,0.8713842310692593,0.7523156780757351,0.014482861481353557,0.19703870101864648,0.8713842310688727,0.7523156780767177,0.2115215625006721,0.5238192071781089,0.01262044019961237
2.956,0.8714338770919604,0.7523542514479152,0.014472450644380607,0.19704911185561946,0.871433877091574,0.7523542514488981,0.21152156250067217,0.523820026208122,0.012616362607929804
2.96,0.8714831448484465,0.7523925278630211,0.01446212224481286,0.1970594402551872,0.8714831448480604,0.7523925278640042,0.21152156250067214,0.5238208327636752,0.012612327728842063
2.964,0.8715320371637215,0.7524305095851177,0.014451875619843143,0.19706968688015686,0.8715320371633357,0.7524305095861012,0.21152156250067214,0.5238216270332233,0.012608335070490428
2.968,0.8715805568425669,0.7524681988613622,0.014441710112121895,0.19707985238787817,0.8715805568421813,0.7524681988623457,0.21152156250067214,0.5238224092024093,0.012604384147082353
2.972,0.8716287066696726,0.7525055979221228,0.014431625069710777,0.1970899374302893,0.8716287066692873,0.7525055979231065,0.21152156250067214,0.5238231794541048,0.012600474478814716
2.976,0.8716764894097684,0.7525427089811,0.01442161984603675,0.1970999426539633,0.8716764894093832,0.7525427089820841,0.21152156250067222,0.5238239379684521,0.012596605591798024
2.98,0.8717239078077532,0.7525795342354455,0.014411693799846467,0.19710986870015357,0.8717239078073683,0.7525795342364299,0.21152156250067225,0.5238246849229027,0.012592777017981553
2.984,0.8717709645888247,0.7526160758658796,0.014401846295161275,0.19711971620483873,0.8717709645884402,0.7526160758668643,0.21152156250067228,0.5238254204922579,0.012588988295079404
2.988,0.8718176624586083,0.7526523360368095,0.01439207670123229,0.19712948579876774,0.8718176624582239,0.7526523360377944,0.21152156250067225,0.523826144848707,0.012585238966497481
2.992,0.8718640041032844,0.7526883168964452,0.014382384392496193,0.1971391781075038,0.8718640041029002,0.7526883168974303,0.21152156250067228,0.5238268581618657,0.012581528581261341
2.996,0.8719099921897168,0.7527240205769167,0.014372768748531174,0.1971487937514689,0.8719099921893328,0.7527240205779019,0.21152156250067228,0.5238275605988141,0.012577856693944968
3.0,0.8719556293655787,0.7527594491943878,0.014363229154013368,0.19715833334598667,0.871955629365195,0.7527594491953732,0.21152156250067228,0.5238282523241333,0.012574222864600429
3.004,0.8720009182594793,0.7527946048491716,0.01435376499867365,0.19716779750132638,0.8720009182590959,0.7527946048501574,0.21152156250067233,0.5238289334999432,0.01257062665868836
3.008,0.8720458614810892,0.7528294896258445,0.014344375677254755,0.19717718682274532,0.872045861480706,0.7528294896268304,0.2115215625006723,0.5238296042859378,0.01256706764700938
3.012,0.872090461621265,0.752864105593358,0.014335060589468887,0.19718650191053114,0.872090461620882,0.7528641055943442,0.2115215625006724,0.5238302648394206,0.012563545405636273
3.016,0.872134721252174,0.7528984548051525,0.014325819139955545,0.1971957433600445,0.8721347212517911,0.7528984548061388,0.21152156250067236,0.5238309153153411,0.012560059515847113
3.02,0.8721786429274171,0.7529325392992674,0.014316650738239898,0.1972049117617601,0.8721786429270345,0.7529325393002541,0.21152156250067242,0.5238315558663278,0.012556609564059113
3.024,0.8722222291821524,0.7529663610984533,0.014307554798691346,0.19721400770130867,0.8722222291817701,0.7529663610994402,0.2115215625006724,0.5238321866427236,0.012553195141763418
3.028,0.8722654825332173,0.7529999222102813,0.01429853074048253,0.1972230317595175,0.8722654825328352,0.7529999222112683,0.2115215625006724,0.5238328077926185,0.012549815845460572
3.032,0.8723084054792498,0.7530332246272526,0.014289577987548723,0.19723198451245133,0.8723084054788679,0.7530332246282399,0.21152156250067242,0.5238334194618839,0.012546471276596943
3.036,0.87235100050081,0.7530662703269072,0.014280695968547485,0.19724086653145254,0.8723510005004284,0.7530662703278947,0.21152156250067242,0.523834021794204,0.0125431610415018
3.04,0.8723932700605003,0.7530990612719324,0.014271884116818784,0.19724967838318125,0.8723932700601188,0.75309906127292,0.2115215625006724,0.5238346149311092,0.0125398847513253
3.044,0.8724352166030848,0.753131599410269,0.014263141870345398,0.19725842062965465,0.8724352166027035,0.7531315994112567,0.2115215625006724,0.5238351990120069,0.012536642021977157
3.048,0.8724768425556089,0.7531638866752186,0.014254468671713618,0.1972670938282864,0.8724768425552278,0.7531638866762067,0.21152156250067242,0.5238357741742136,0.01253343247406614
3.052,0.8725181503275177,0.7531959249855501,0.014245863968074387,0.19727569853192567,0.8725181503271369,0.7531959249865383,0.2115215625006724,0.5238363405529852,0.012530255732840303
3.056,0.8725591423107736,0.7532277162456034,0.014237327211104692,0.19728423528889533,0.872559142310393,0.7532277162465918,0.21152156250067247,0.5238368982815478,0.012527111428127987
3.06,0.8725998208799736,0.753259262345395,0.014228857856969437,0.19729270464303064,0.8725998208795932,0.7532592623463835,0.2115215625006724,0.5238374474911275,0.012523999194279533
3.064,0.8726401883924658,0.7532905651607213,0.01422045536628342,0.19730110713371662,0.8726401883920857,0.7532905651617101,0.21152156250067242,0.5238379883109797,0.012520918670109748
3.068,0.8726802471884656,0.7533216265532623,0.014212119204073849,0.19730944329592626,0.8726802471880857,0.7533216265542512,0.21152156250067242,0.5238385208684191,0.012517869498841126
3.072,0.8727199995911705,0.7533524483706829,0.014203848839743108,0.1973177136602569,0.8727199995907907,0.753352448371672,0.21152156250067244,0.5238390452888468,0.012514851328047723
3.076,0.8727594479068752,0.753383032446736,0.014195643747031795,0.19732591875296826,0.8727594479064956,0.7533830324477254,0.21152156250067247,0.5238395616957809,0.012511863809599797
3.08,0.8727985944250856,0.7534133806013628,0.014187503403982142,0.19733405909601787,0.8727985944247061,0.7534133806023523,0.21152156250067247,0.5238400702108819,0.0125089065996091
3.084,0.8728374414186317,0.753443494640793,0.01417942729290181,0.19734213520709817,0.8728374414182525,0.7534434946417827,0.21152156250067247,0.5238405709539818,0.01250597935837491
3.088,0.8728759911437813,0.7534733763576453,0.014171414900327809,0.19735014759967223,0.8728759911434023,0.7534733763586352,0.21152156250067247,0.5238410640431111,0.012503081750330722
3.092,0.8729142458403514,0.7535030275310258,0.014163465716990982,0.19735809678300906,0.8729142458399725,0.7535030275320158,0.21152156250067244,0.5238415495945243,0.012500213443991598
3.096,0.8729522077318197,0.7535324499266267,0.014155579237780578,0.1973659832622195,0.8729522077314409,0.7535324499276168,0.21152156250067247,0.5238420277227278,0.01249737411190224
3.1,0.872989879025436,0.7535616452968237,0.014147754961709322,0.19737380753829067,0.8729898790250574,0.7535616452978141,0.2115215625006725,0.5238424985405042,0.012494563430585633
3.104,0.8730272619123323,0.753590615380774,0.01413999239187858,0.19738157010812146,0.8730272619119539,0.7535906153817644,0.21152156250067247,0.5238429621589398,0.01249178108049245
3.108,0.8730643585676321,0.7536193619045112,0.014132291035444052,0.19738927146455598,0.873064358567254,0.7536193619055019,0.2115215625006725,0.5238434186874477,0.012489026745951015
3.112,0.8731011711505601,0.7536478865810429,0.014124650403581542,0.1973969120964185,0.8731011711501822,0.7536478865820337,0.21152156250067253,0.5238438682337938,0.012486300115117923
3.116,0.8731377018045499,0.7536761911104441,0.014117070011453271,0.1974044924885468,0.8731377018041722,0.7536761911114352,0.21152156250067258,0.5238443109041215,0.01248360087992934
3.12,0.8731739526573522,0.753704277179953,0.014109549378174258,0.19741201312182577,0.8731739526569747,0.7537042771809445,0.21152156250067256,0.5238447468029747,0.012480928736052825
3.124,0.8732099258211422,0.7537321464640644,0.014102088026779092,0.19741947447322095,0.873209925820765,0.753732146465056,0.2115215625006726,0.5238451760333226,0.012478283382839886
3.128,0.8732456233926257,0.7537598006246226,0.014094685484189028,0.197426877015811,0.8732456233922485,0.7537598006256143,0.21152156250067256,0.5238455986965824,0.012475664523279032
3.132,0.873281047453145,0.7537872413109142,0.014087341281179324,0.1974342212188207,0.8732810474527681,0.7537872413119062,0.21152156250067267,0.5238460148926429,0.012473071863949494
3.136,0.8733162000687851,0.7538144701597606,0.01408005495234683,0.1974415075476532,0.8733162000684084,0.7538144701607528,0.2115215625006726,0.5238464247198868,0.01247050511497553
3.14,0.8733510832904773,0.7538414887956083,0.014072826036077927,0.19744873646392208,0.8733510832901008,0.7538414887966007,0.21152156250067267,0.5238468282752133,0.012467963989981266
3.144,0.8733856991541042,0.7538682988306208,0.01406565407451669,0.19745590842548333,0.8733856991537279,0.7538682988316133,0.21152156250067264,0.5238472256540602,0.012465448206046191
3.148,0.8734200496806028,0.7538949018647674,0.014058538613533416,0.19746302388646658,0.8734200496802267,0.7538949018657601,0.21152156250067272,0.5238476169504254,0.012462957483661148
3.152,0.8734541368760675,0.7539212994859139,0.014051479202693297,0.19747008329730673,0.8734541368756916,0.7539212994869068,0.21152156250067264,0.5238480022568887,0.012460491546684951
3.156,0.8734879627318526,0.7539474932699107,0.01404447539522545,0.19747708710477463,0.8734879627314768,0.7539474932709037,0.21152156250067267,0.5238483816646327,0.012458050122301525
3.16,0.8735215292246735,0.7539734847806813,0.014037526747992196,0.19748403575200787,0.8735215292242979,0.7539734847816745,0.21152156250067272,0.5238487552634634,0.012455632940977577
3.164,0.8735548383167087,0.7539992755703098,0.01403063282145863,0.19749092967854134,0.8735548383163332,0.7539992755713032,0.2115215625006727,0.5238491231418312,0.012453239736420884
3.168,0.8735878919556992,0.7540248671791285,0.01402379317966241,0.19749776932033763,0.8735878919553239,0.7540248671801221,0.2115215625006727,0.5238494853868512,0.012450870245539019
3.172,0.8736206920750496,0.7540502611358034,0.014017007390183847,0.19750455510981613,0.8736206920746745,0.7540502611367973,0.21152156250067272,0.5238498420843218,0.012448524208398698
3.176,0.8736532405939265,0.7540754589574213,0.014010275024116194,0.19751128747588387,0.8736532405935516,0.7540754589584153,0.21152156250067272,0.5238501933187466,0.012446201368185587
3.18,0.8736855394173578,0.7541004621495738,0.014003595656036316,0.19751796684396375,0.8736855394169831,0.7541004621505679,0.21152156250067272,0.5238505391733511,0.012443901471164665
3.184,0.8737175904363307,0.7541252722064428,0.013996968863975473,0.19752459363602456,0.8737175904359561,0.7541252722074371,0.2115215625006728,0.5238508797301039,0.012441624266641072
3.188,0.873749395527889,0.7541498906108843,0.01399039422939046,0.19753116827060957,0.8737493955275145,0.7541498906118788,0.2115215625006728,0.5238512150697345,0.012439369506921476
3.192,0.8737809565552305,0.7541743188345121,0.01398387133713494,0.19753769116286504,0.8737809565548561,0.7541743188355068,0.21152156250067283,0.5238515452717519,0.012437136947275933
3.196,0.873812275367803,0.7541985583377806,0.01397739977543107,0.19754416272456893,0.8738122753674288,0.7541985583387755,0.21152156250067286,0.523851870414463,0.012434926345900247
3.2,0.8738433538014007,0.7542226105700672,0.013970979135841296,0.19755058336415873,0.8738433538010266,0.7542226105710622,0.2115215625006729,0.5238521905749902,0.012432737463878804
3.204,0.8738741936782586,0.754246476969754,0.01396460901324048,0.19755695348675958,0.8738741936778848,0.7542464769707491,0.2115215625006729,0.5238525058292895,0.012430570065147901
3.208,0.873904796807148,0.7542701589643093,0.013958289005788216,0.19756327349421188,0.8739047968067744,0.7542701589653045,0.21152156250067294,0.5238528162521678,0.012428423916459519
3.212,0.8739351649834701,0.7542936579703676,0.013952018714901485,0.19756954378509853,0.8739351649830966,0.754293657971363,0.21152156250067286,0.5238531219172998,0.012426298787345597
3.216,0.8739652999893495,0.754316975393811,0.013945797745227317,0.19757576475477276,0.8739652999889762,0.7543169753948066,0.21152156250067286,0.5238534228972459,0.012424194450082771
3.22,0.8739952035937273,0.7543401126298472,0.013939625704615953,0.19758193679538405,0.8739952035933543,0.7543401126308431,0.21152156250067286,0.523853719263467,0.012422110679657535
3.224,0.8740248775524535,0.75436307106309,0.013933502204094072,0.197588060295906,0.8740248775520807,0.7543630710640858,0.21152156250067286,0.5238540110863434,0.01242004725373187
3.228,0.8740543236083788,0.7543858520676356,0.013927426857838366,0.19759413564216163,0.8740543236080061,0.7543858520686318,0.21152156250067286,0.5238542984351886,0.012418003952609336
3.232,0.8740835434914455,0.7544084570071437,0.013921399283149173,0.19760016321685084,0.874083543491073,0.75440845700814,0.21152156250067292,0.5238545813782671,0.012415980559201574
3.236,0.8741125389187787,0.7544308872349114,0.013915419100424552,0.19760614339957547,0.8741125389184063,0.7544308872359078,0.21152156250067292,0.5238548599828091,0.01241397685899527
3.24,0.8741413115947761,0.7544531440939524,0.01390948593313443,0.1976120765668656,0.8741413115944039,0.7544531440949489,0.2115215625006729,0.5238551343150262,0.012411992640019513
3.244,0.8741698632111976,0.7544752289170722,0.013903599407795016,0.197617963092205,0.8741698632108256,0.754475228918069,0.21152156250067294,0.5238554044401267,0.012410027692813616
3.248,0.8741981954472544,0.7544971430269444,0.01389775915394341,0.19762380334605664,0.8741981954468825,0.7544971430279412,0.21152156250067292,0.5238556704223309,0.01240808181039532
3.2520000000000002,0.8742263099696973,0.7545188877361853,0.013891964804112563,0.19762959769588745,0.8742263099693255,0.7545188877371822,0.21152156250067294,0.5238559323248855,0.012406154788229448
3.2560000000000002,0.8742542084329047,0.7545404643474289,0.013886215993806246,0.19763534650619383,0.874254208432533,0.754540464348426,0.211521562500673,0.5238561902100785,0.012404246424196907
3.2600000000000002,0.8742818924789699,0.7545618741534013,0.013880512361474369,0.19764105013852565,0.8742818924785983,0.7545618741543985,0.21152156250067303,0.523856444139253,0.01240235651856416
3.2640000000000002,0.8743093637377881,0.7545831184369935,0.01387485354848854,0.19764670895151148,0.8743093637374167,0.754583118437991,0.21152156250067297,0.5238566941728227,0.012400484873953059
3.2680000000000002,0.8743366238271424,0.754604198471336,0.013869239199117657,0.19765232330088237,0.8743366238267712,0.7546041984723335,0.21152156250067294,0.5238569403702842,0.012398631295311064
3.2720000000000002,0.8743636743527896,0.7546251155198695,0.013863668960503983,0.19765789353949606,0.8743636743524186,0.7546251155208671,0.21152156250067294,0.5238571827902319,0.012396795589881866
3.2760000000000002,0.8743905169085455,0.7546458708364183,0.013858142482639169,0.19766342001736087,0.8743905169081746,0.7546458708374161,0.21152156250067297,0.5238574214903711,0.012394977567176387
3.2800000000000002,0.8744171530763692,0.7546664656652616,0.013852659418340664,0.1976689030816594,0.8744171530759985,0.7546664656662595,0.21152156250067292,0.5238576565275316,0.01239317703894415
3.2840000000000003,0.8744435844264478,0.7546869012412043,0.013847219423228198,0.1976743430767718,0.8744435844260773,0.7546869012422024,0.21152156250067297,0.5238578879576802,0.012391393819145047
3.2880000000000003,0.8744698125172793,0.7547071787896479,0.013841822155700538,0.1976797403442995,0.8744698125169089,0.7547071787906461,0.21152156250067294,0.5238581158359349,0.012389627723921418
3.2920000000000003,0.8744958388957561,0.7547272995266602,0.0138364672769125,0.19768509522308755,0.8744958388953858,0.7547272995276585,0.21152156250067297,0.5238583402165764,0.012387878571570574
3.2960000000000003,0.8745216650972474,0.7547472646590451,0.013831154450751997,0.19769040804924803,0.8745216650968772,0.7547472646600435,0.211521562500673,0.5238585611530613,0.012386146182517589
3.3000000000000003,0.8745472926456811,0.7547670753844115,0.013825883343817456,0.19769567915618258,0.8745472926453111,0.7547670753854101,0.21152156250067303,0.5238587786980345,0.012384430379288536
3.3040000000000003,0.8745727230536253,0.7547867328912423,0.01382065362539532,0.19770090887460473,0.8745727230532555,0.7547867328922411,0.21152156250067303,0.5238589929033413,0.012382730986483995
3.3080000000000003,0.8745979578223695,0.754806238358962,0.01381546496743776,0.19770609753256227,0.8745979578219998,0.754806238359961,0.21152156250067305,0.5238592038200391,0.012381047830752945
3.3120000000000003,0.8746229984420045,0.7548255929580046,0.013810317044540634,0.1977112454554594,0.8746229984416349,0.7548255929590036,0.2115215625006731,0.5238594114984102,0.012379380740766999
3.3160000000000003,0.8746478463915028,0.7548447978498802,0.013805209533921597,0.19771635296607845,0.8746478463911334,0.7548447978508795,0.2115215625006731,0.5238596159879724,0.012377729547194955
3.3200000000000003,0.8746725031387979,0.7548638541872429,0.013800142115398343,0.1977214203846017,0.8746725031384285,0.7548638541882422,0.21152156250067314,0.5238598173374909,0.012376094082677687
3.3240000000000003,0.8746969701408627,0.7548827631139553,0.013795114471367203,0.19772644802863287,0.8746969701404934,0.7548827631149547,0.21152156250067314,0.52386001559499,0.01237447418180337
3.3280000000000003,0.8747212488437887,0.7549015257651553,0.01379012628678169,0.19773143621321831,0.8747212488434195,0.754901525766155,0.21152156250067308,0.5238602108077636,0.012372869681083023
3.332,0.8747453406828631,0.7549201432673216,0.013785177249131439,0.19773638525086856,0.8747453406824941,0.7549201432683214,0.21152156250067314,0.5238604030223869,0.012371280418926375
3.336,0.8747692470826469,0.7549386167383373,0.013780267048421207,0.19774129545157887,0.874769247082278,0.754938616739337,0.21152156250067314,0.5238605922847268,0.012369706235618021
3.34,0.8747929694570511,0.7549569472875549,0.013775395377150081,0.19774616712284995,0.8747929694566823,0.7549569472885548,0.21152156250067317,0.5238607786399523,0.01236814697329393
3.344,0.8748165092094132,0.7549751360158603,0.01377056193029094,0.19775100056970912,0.8748165092090446,0.7549751360168604,0.21152156250067317,0.5238609621325458,0.012366602475918224
3.348,0.8748398677325736,0.754993184015736,0.013765766405269908,0.1977557960947301,0.8748398677322052,0.7549931840167363,0.2115215625006731,0.5238611428063127,0.012365072589260298
3.352,0.8748630464089503,0.755011092371324,0.013761008501946205,0.1977605539980538,0.874863046408582,0.7550110923723244,0.2115215625006732,0.5238613207043922,0.012363557160872177
3.356,0.8748860466106141,0.755028862158488,0.013756287922592004,0.197765274577408,0.874886046610246,0.7550288621594886,0.21152156250067317,0.5238614958692669,0.012362056040066249
3.36,0.874908869699363,0.7550464944448759,0.013751604371872584,0.19776995812812748,0.8749088696989952,0.7550464944458767,0.21152156250067317,0.5238616683427729,0.012360569077893199
3.364,0.8749315170267961,0.7550639902899814,0.013746957556826516,0.19777460494317353,0.8749315170264284,0.7550639902909823,0.2115215625006732,0.5238618381661094,0.012359096127120318
3.368,0.8749539899343868,0.7550813507452044,0.013742347186846155,0.19777921531315387,0.8749539899340192,0.7550813507462054,0.21152156250067317,0.5238620053798487,0.012357637042210039
3.372,0.874976289753556,0.7550985768539128,0.013737772973658224,0.19778378952634185,0.8749762897531885,0.7550985768549139,0.2115215625006732,0.5238621700239454,0.01235619167929876
3.376,0.8749984178057446,0.7551156696515017,0.01373323463130453,0.1977883278686955,0.8749984178053772,0.7551156696525029,0.2115215625006732,0.5238623321377454,0.012354759896175972
3.38,0.8750203754024851,0.755132630165454,0.013728731876123022,0.19779283062387704,0.8750203754021179,0.7551326301664553,0.2115215625006732,0.5238624917599958,0.012353341552263615
3.384,0.8750421638454735,0.7551494594153995,0.01372426442672871,0.19779729807327137,0.8750421638451064,0.7551494594164009,0.2115215625006732,0.5238626489288533,0.012351936508595741
3.388,0.8750637844266402,0.7551661584131737,0.013719832003995036,0.19780173049600497,0.8750637844262732,0.7551661584141753,0.21152156250067325,0.5238628036818933,0.012350544627798424
3.392,0.8750852384282205,0.755182728162877,0.013715434331035285,0.19780612816896478,0.8750852384278536,0.7551827281638787,0.21152156250067325,0.5238629560561193,0.01234916577406996
3.396,0.8751065271228247,0.7551991696609318,0.013711071133184115,0.19781049136681594,0.8751065271224578,0.7551991696619336,0.21152156250067328,0.5238631060879704,0.012347799813161258
3.4,0.8751276517735078,0.755215483896141,0.01370674213797926,0.19781482036202078,0.8751276517731411,0.7552154838971429,0.21152156250067325,0.5238632538133308,0.01234644661235657
3.404,0.8751486136338388,0.755231671849745,0.013702447075143539,0.1978191154248565,0.8751486136334722,0.755231671850747,0.21152156250067322,0.5238633992675377,0.01234510604045441
3.408,0.8751694139479689,0.7552477344954789,0.013698185676566776,0.19782337682343332,0.8751694139476024,0.7552477344964809,0.21152156250067325,0.5238635424853897,0.012343777967748765
3.412,0.8751900539507004,0.7552636727996279,0.013693957676288018,0.19782760482371203,0.875190053950334,0.7552636728006301,0.21152156250067322,0.5238636835011549,0.012342462266010506
3.416,0.8752105348675541,0.7552794877210851,0.013689762810477924,0.19783179968952214,0.8752105348671878,0.7552794877220873,0.21152156250067322,0.523863822348579,0.012341158808469092
3.42,0.8752308579148366,0.7552951802114054,0.013685600817421237,0.19783596168257883,0.8752308579144704,0.7552951802124076,0.2115215625006732,0.5238639590608932,0.012339867469794475
3.424,0.8752510242997074,0.7553107512148617,0.013681471437499438,0.1978400910625006,0.8752510242993413,0.755310751215864,0.21152156250067322,0.523864093670822,0.012338588126079252
3.428,0.8752710352202451,0.7553262016684994,0.013677374413173527,0.19784418808682652,0.8752710352198791,0.7553262016695019,0.21152156250067322,0.5238642262105907,0.01233732065482106
3.432,0.8752908918655138,0.7553415325021914,0.013673309488966926,0.19784825301103315,0.875290891865148,0.755341532503194,0.21152156250067325,0.5238643567119332,0.012336064934905182
3.436,0.8753105954156283,0.7553567446386911,0.013669276411448624,0.19785228608855138,0.8753105954152626,0.7553567446396939,0.2115215625006733,0.5238644852060991,0.012334820846587395
3.44,0.8753301470418192,0.7553718389936872,0.013665274929216395,0.19785628757078366,0.8753301470414536,0.7553718389946901,0.21152156250067328,0.5238646117238617,0.012333588271477033
3.444,0.8753495479064978,0.7553868164758559,0.01366130479288014,0.1978602577071199,0.8753495479061323,0.7553868164768589,0.21152156250067328,0.5238647362955242,0.01233236709252028
3.448,0.87536879916332,0.7554016779869147,0.013657365755045463,0.1978641967449546,0.8753687991629546,0.7554016779879177,0.21152156250067328,0.5238648589509277,0.012331157193983665
3.452,0.8753879019572505,0.7554164244216741,0.013653457570297206,0.19786810492970286,0.8753879019568852,0.7554164244226772,0.21152156250067325,0.5238649797194579,0.012329958461437791
3.456,0.8754068574246259,0.7554310566680902,0.013649579995183346,0.19787198250481672,0.8754068574242607,0.7554310566690934,0.21152156250067328,0.5238650986300519,0.012328770781741258
3.46,0.8754256666932176,0.7554455756073163,0.013645732788198917,0.19787582971180115,0.8754256666928526,0.7554455756083196,0.21152156250067325,0.5238652157112051,0.012327594043024807
3.464,0.8754443308822948,0.7554599821137543,0.013641915709769978,0.19787964679023007,0.8754443308819299,0.7554599821147577,0.21152156250067325,0.5238653309909779,0.01232642813467568
3.468,0.8754628511026856,0.7554742770551053,0.013638128522237966,0.19788343397776204,0.8754628511023208,0.7554742770561089,0.21152156250067325,0.5238654444970021,0.012325272947322137
3.472,0.8754812284568398,0.7554884612924209,0.013634370989843872,0.19788719151015613,0.8754812284564751,0.7554884612934246,0.21152156250067333,0.523865556256488,0.012324128372818256
3.476,0.8754994640388896,0.7555025356801527,0.01363064287871279,0.19789091962128724,0.875499464038525,0.7555025356811564,0.21152156250067328,0.52386566629623,0.012322994304228837
3.48,0.87551755893471,0.7555165010662024,0.013626943956838578,0.19789461854316145,0.8755175589343455,0.7555165010672062,0.21152156250067325,0.5238657746426133,0.012321870635814589
3.484,0.8755355142219801,0.7555303582919717,0.01362327399406843,0.1978982885059316,0.8755355142216156,0.7555303582929755,0.21152156250067328,0.5238658813216202,0.012320757263017427
3.488,0.8755533309702423,0.7555441081924107,0.013619632762087892,0.19790192973791215,0.875553330969878,0.7555441081934147,0.21152156250067325,0.523865986358836,0.01231965408244606
3.492,0.8755710102409628,0.7555577515960674,0.013616020034405724,0.19790554246559433,0.8755710102405986,0.7555577515970715,0.2115215625006733,0.523866089779455,0.012318560991861635
3.496,0.8755885530875898,0.7555712893251355,0.01361243558633907,0.19790912691366097,0.8755885530872256,0.7555712893261398,0.21152156250067336,0.5238661916082871,0.012317477890163717
3.5,0.8756059605556127,0.755584722195503,0.013608879194998732,0.1979126833050013,0.8756059605552486,0.7555847221965074,0.2115215625006734,0.5238662918697623,0.012316404677376323
3.504,0.8756232336826208,0.7555980510167994,0.013605350639274429,0.19791621186072558,0.8756232336822568,0.755598051017804,0.21152156250067344,0.5238663905879377,0.012315341254634207
3.508,0.8756403734983608,0.7556112765924435,0.013601849699820447,0.1979197128001796,0.8756403734979968,0.7556112765934482,0.21152156250067347,0.5238664877865029,0.012314287524169317
3.512,0.8756573810247944,0.75562439971969,0.01359837615904104,0.19792318634095898,0.8756573810244306,0.7556243997206947,0.21152156250067342,0.5238665834887849,0.012313243389297412
3.516,0.8756742572761559,0.7556374211896765,0.01359492980107635,0.1979266326989237,0.8756742572757922,0.7556374211906812,0.2115215625006734,0.5238666777177545,0.012312208754404837
3.52,0.8756910032590085,0.7556503417874695,0.013591510411788155,0.19793005208821185,0.8756910032586449,0.7556503417884743,0.21152156250067342,0.523866770496031,0.012311183524935522
3.524,0.875707619972301,0.755663162292111,0.01358811777874588,0.19793344472125415,0.8757076199719375,0.7556631622931158,0.2115215625006734,0.5238668618458883,0.012310167607378106
3.528,0.8757241084074237,0.7556758834766629,0.013584751691212645,0.1979368108087874,0.8757241084070602,0.7556758834776679,0.21152156250067342,0.5238669517892591,0.012309160909253236
3.532,0.8757404695482639,0.7556885061082541,0.013581411940131549,0.1979401505598685,0.8757404695479004,0.7556885061092591,0.21152156250067347,0.5238670403477411,0.012308163339101036
3.536,0.8757567043712614,0.7557010309481235,0.013578098318111896,0.19794346418188813,0.875756704370898,0.7557010309491287,0.21152156250067347,0.5238671275426018,0.012307174806468743
3.54,0.8757728138454632,0.7557134587516664,0.013574810619415689,0.1979467518805844,0.8757728138450999,0.7557134587526715,0.21152156250067347,0.523867213394783,0.012306195221898497
3.544,0.8757887989325779,0.7557257902684774,0.013571548639944211,0.19795001386005584,0.8757887989322146,0.7557257902694826,0.21152156250067347,0.5238672979249063,0.012305224496915287
3.548,0.8758046605870299,0.7557380262423954,0.013568312177224609,0.1979532503227755,0.8758046605866667,0.7557380262434007,0.2115215625006735,0.523867381153278,0.01230426254401506
3.552,0.875820399756013,0.7557501674115465,0.013565101030396744,0.19795646146960327,0.87582039975565,0.7557501674125521,0.2115215625006735,0.5238674630998933,0.012303309276652966
3.556,0.875836017379544,0.7557622145083883,0.013561915000200021,0.19795964749980002,0.875836017379181,0.755762214509394,0.2115215625006735,0.5238675437844421,0.012302364609231791
3.56,0.8758515143905153,0.7557741682597517,0.013558753888960441,0.19796280861103963,0.8758515143901525,0.7557741682607574,0.21152156250067353,0.5238676232263124,0.012301428457090511
3.564,0.875866891714748,0.7557860293868842,0.013555617500577688,0.1979659449994223,0.8758668917143853,0.7557860293878901,0.2115215625006735,0.5238677014445956,0.012300500736492985
3.568,0.8758821502710433,0.7557977986054929,0.013552505640512337,0.19796905685948774,0.8758821502706807,0.7557977986064988,0.2115215625006735,0.5238677784580913,0.012299581364616828
3.572,0.8758972909712356,0.7558094766257851,0.013549418115773145,0.19797214438422692,0.875897290970873,0.7558094766267911,0.21152156250067355,0.5238678542853108,0.012298670259542403
3.576,0.8759123147202427,0.7558210641525116,0.013546354734904597,0.19797520776509547,0.8759123147198802,0.7558210641535176,0.2115215625006735,0.5238679289444823,0.012297767340241962
3.58,0.8759272224161178,0.755832561885007,0.013543315307974327,0.19797824719202578,0.8759272224157554,0.755832561886013,0.21152156250067347,0.5238680024535549,0.012296872526568919
3.584,0.8759420149501,0.7558439705172314,0.013540299646560762,0.19798126285343925,0.8759420149497378,0.7558439705182376,0.21152156250067355,0.5238680748302027,0.012295985739247294
3.588,0.8759566932066651,0.7558552907378114,0.013537307563740919,0.19798425493625912,0.875956693206303,0.7558552907388176,0.2115215625006735,0.5238681460918297,0.01229510689986123
3.592,0.875971258063575,0.75586652323008,0.013534338874078242,0.1979872236259218,0.8759712580632129,0.7558665232310863,0.21152156250067355,0.523868216255573,0.012294235930844727
3.596,0.8759857103919277,0.7558776686721171,0.013531393393610553,0.19799016910638947,0.8759857103915657,0.7558776686731236,0.21152156250067353,0.523868285338307,0.01229337275547143
3.6,0.8760000510562073,0.7558887277367902,0.013528470939838033,0.197993091560162,0.8760000510558453,0.7558887277377966,0.21152156250067347,0.5238683533566482,0.012292517297844597
3.604,0.8760142809143319,0.7558997010917924,0.01352557133171148,0.1979959911682886,0.87601428091397,0.7558997010927989,0.2115215625006735,0.5238684203269582,0.012291669482887183
3.608,0.8760284008177033,0.7559105893996833,0.013522694389620437,0.1979988681103796,0.8760284008173416,0.75591058940069,0.21152156250067353,0.5238684862653481,0.01229082923633206
3.612,0.8760424116112548,0.7559213933179275,0.013519839935381656,0.19800172256461837,0.8760424116108932,0.7559213933189343,0.21152156250067353,0.5238685511876822,0.012289996484712329
3.616,0.8760563141334996,0.755932113498933,0.013517007792227453,0.1980045547077726,0.8760563141331381,0.7559321134999398,0.21152156250067353,0.5238686151095817,0.01228917115535181
3.62,0.8760701092165778,0.75594275059009,0.013514197784794289,0.1980073647152057,0.8760701092162164,0.755942750591097,0.2115215625006735,0.5238686780464284,0.012288353176355604
3.624,0.8760837976863043,0.7559533052338093,0.013511409739111422,0.1980101527608886,0.876083797685943,0.7559533052348163,0.2115215625006735,0.5238687400133687,0.012287542476600813
3.628,0.8760973803622157,0.7559637780675597,0.013508643482589578,0.19801291901741047,0.8760973803618546,0.7559637780685667,0.21152156250067347,0.5238688010253165,0.012286738985727354
3.632,0.8761108580576171,0.755974169723906,0.013505898844009814,0.19801566365599022,0.876110858057256,0.7559741697249132,0.21152156250067353,0.5238688610969572,0.01228594263412891
3.636,0.8761242315796278,0.7559844808305464,0.013503175653512452,0.1980183868464876,0.8761242315792668,0.7559844808315536,0.21152156250067353,0.5238689202427512,0.012285153352943974
3.64,0.8761375017292281,0.7559947120103488,0.013500473742586073,0.19802108875741395,0.8761375017288671,0.7559947120113562,0.21152156250067358,0.5238689784769374,0.01228437107404704
3.644,0.8761506693013044,0.756004863881389,0.01349779294405659,0.19802376955594345,0.8761506693009434,0.7560048638823964,0.21152156250067355,0.5238690358135362,0.012283595730039875
3.648,0.8761637350846948,0.7560149370569857,0.013495133092076485,0.19802642940792356,0.876163735084334,0.7560149370579932,0.21152156250067355,0.523869092266353,0.012282827254242923
3.652,0.8761766998622342,0.7560249321457376,0.013492494022114075,0.19802906847788596,0.8761766998618735,0.7560249321467452,0.21152156250067353,0.5238691478489819,0.012282065580686808
3.656,0.876189564410799,0.7560348497515595,0.013489875570942868,0.1980316869290572,0.8761895644104384,0.7560348497525671,0.21152156250067355,0.5238692025748082,0.012281310644103961
3.66,0.8762023295013512,0.7560446904737171,0.013487277576631032,0.198034284923369,0.8762023295009906,0.7560446904747248,0.21152156250067353,0.523869256457012,0.012280562379920323
3.664,0.8762149958989829,0.7560544549068636,0.013484699878530978,0.19803686262146905,0.8762149958986223,0.7560544549078713,0.21152156250067358,0.5238693095085716,0.012279820724247192
3.668,0.8762275643629596,0.7560641436410739,0.01348214231726894,0.19803942018273107,0.8762275643625991,0.7560641436420816,0.21152156250067355,0.5238693617422658,0.012279085613873149
3.672,0.8762400356467641,0.75607375726188,0.013479604734734736,0.19804195776526531,0.8762400356464036,0.7560737572628877,0.21152156250067355,0.5238694131706779,0.012278356986256098
3.676,0.8762524104981395,0.7560832963503055,0.01347708697407154,0.19804447552592847,0.876252410497779,0.7560832963513133,0.21152156250067355,0.5238694638061976,0.012277634779515401
3.68,0.8762646896591318,0.7560927614829003,0.013474588879665805,0.19804697362033424,0.8762646896587714,0.756092761483908,0.21152156250067353,0.5238695136610252,0.012276918932424113
3.684,0.8762768738661328,0.756102153231774,0.013472110297137239,0.1980494522028628,0.8762768738657724,0.7561021532327817,0.21152156250067353,0.5238695627471732,0.01227620938440133
3.688,0.876288963849922,0.7561114721646304,0.013469651073328842,0.19805191142667117,0.8762889638495617,0.7561114721656382,0.2115215625006735,0.5238696110764703,0.012275506075504606
3.692,0.8763009603357089,0.7561207188448013,0.013467211056297024,0.19805435144370304,0.8763009603353485,0.7561207188458091,0.2115215625006736,0.5238696586605637,0.0122748089464225
3.696,0.8763128640431741,0.7561298938312788,0.013464790095301899,0.19805677240469818,0.8763128640428138,0.7561298938322868,0.21152156250067353,0.5238697055109215,0.012274117938467196
3.7,0.8763246756865111,0.7561389976787498,0.013462388040797534,0.19805917445920249,0.8763246756861509,0.7561389976797579,0.21152156250067353,0.5238697516388359,0.01227343299356722
3.704,0.876336395974467,0.7561480309376281,0.013460004744422353,0.19806155775557768,0.876336395974107,0.7561480309386361,0.21152156250067353,0.5238697970554262,0.012272754054260255
3.708,0.8763480256103837,0.7561569941540867,0.013457640058989561,0.19806392244101048,0.8763480256100237,0.7561569941550947,0.21152156250067353,0.5238698417716409,0.012272081063686036
3.712,0.8763595652922377,0.756165887870091,0.013455293838477787,0.19806626866152227,0.8763595652918778,0.7561658878710991,0.2115215625006735,0.5238698857982601,0.012271413965579367
3.716,0.8763710157126807,0.7561747126234304,0.013452965938021557,0.19806859656197848,0.8763710157123208,0.7561747126244386,0.2115215625006735,0.5238699291458989,0.012270752704263165
3.72,0.8763823775590793,0.7561834689477505,0.013450656213902148,0.19807090628609791,0.8763823775587195,0.7561834689487588,0.21152156250067353,0.5238699718250093,0.012270097224641665
3.724,0.8763936515135548,0.7561921573725844,0.013448364523538255,0.19807319797646178,0.876393651513195,0.7561921573735927,0.21152156250067347,0.5238700138458825,0.01226944747219366
3.728,0.8764048382530221,0.7562007784233845,0.013446090725476863,0.19807547177452323,0.8764048382526624,0.7562007784243928,0.21152156250067355,0.5238700552186525,0.012268803392965837
3.732,0.8764159384492289,0.7562093326215533,0.013443834679384203,0.19807772782061583,0.8764159384488693,0.7562093326225617,0.21152156250067355,0.5238700959532968,0.012268164933566215
3.736,0.8764269527687948,0.7562178204844747,0.013441596246036767,0.19807996625396324,0.8764269527684352,0.7562178204854832,0.2115215625006735,0.5238701360596404,0.01226753204115765
3.74,0.8764378818732489,0.7562262425255447,0.013439375287312311,0.1980821872126877,0.8764378818728894,0.7562262425265533,0.21152156250067353,0.5238701755473572,0.012266904663451414
3.744,0.8764487264190689,0.7562345992542017,0.013437171666181084,0.19808439083381896,0.8764487264187094,0.7562345992552103,0.21152156250067358,0.5238702144259724,0.012266282748700888
3.748,0.8764594870577184,0.7562428911759564,0.013434985246697008,0.1980865772533031,0.8764594870573589,0.7562428911769651,0.2115215625006736,0.5238702527048652,0.012265666245695288
3.7520000000000002,0.8764701644356846,0.7562511187924229,0.01343281589398899,0.19808874660601106,0.8764701644353251,0.7562511187934315,0.21152156250067364,0.5238702903932703,0.012265055103753527
3.7560000000000002,0.8764807591945158,0.7562592826013472,0.013430663474252277,0.19809089902574772,0.8764807591941565,0.7562592826023561,0.2115215625006736,0.5238703275002812,0.012264449272718076
3.7600000000000002,0.8764912719708586,0.7562673830966382,0.013428527854739929,0.19809303464526012,0.8764912719704994,0.7562673830976471,0.21152156250067355,0.5238703640348513,0.012263848702948997
3.7640000000000002,0.8765017033964944,0.7562754207683956,0.013426408903754284,0.19809515359624574,0.8765017033961352,0.7562754207694046,0.21152156250067358,0.5238704000057965,0.012263253345317977
3.7680000000000002,0.876512054098376,0.7562833961029402,0.013424306490638513,0.19809725600936154,0.8765120540980169,0.7562833961039492,0.21152156250067355,0.5238704354217976,0.012262663151202459
3.7720000000000002,0.8765223246986641,0.756291309582842,0.013422220485768398,0.1980993420142316,0.876522324698305,0.7562913095838512,0.21152156250067364,0.5238704702914013,0.012262078072479867
3.7760000000000002,0.8765325158147632,0.7562991616869496,0.013420150760543885,0.19810141173945614,0.8765325158144042,0.7562991616879587,0.2115215625006736,0.523870504623024,0.01226149806152187
3.7800000000000002,0.8765426280593572,0.756306952890418,0.013418097187381028,0.19810346531261902,0.8765426280589983,0.7563069528914271,0.21152156250067355,0.5238705384249519,0.012260923071188744
3.7840000000000003,0.8765526620404452,0.7563146836647374,0.01341605963970367,0.19810550286029638,0.8765526620400863,0.7563146836657466,0.21152156250067358,0.5238705717053445,0.012260353054823791
3.7880000000000003,0.8765626183613765,0.7563223544777611,0.01341403799193553,0.19810752450806451,0.8765626183610177,0.7563223544787703,0.2115215625006736,0.5238706044722354,0.012259787966247836
3.7920000000000003,0.8765724976208856,0.756329965793733,0.013412032119492092,0.19810953038050794,0.8765724976205268,0.7563299657947423,0.21152156250067358,0.5238706367335353,0.012259227759753782
3.7960000000000003,0.8765823004131271,0.756337518073316,0.01341004189877268,0.19811152060122736,0.8765823004127684,0.7563375180743254,0.2115215625006736,0.5238706684970329,0.012258672390101248
3.8000000000000003,0.8765920273277101,0.7563450117736186,0.013408067207152562,0.19811349529284744,0.8765920273273514,0.7563450117746281,0.21152156250067364,0.5238706997703972,0.012258121812511253
3.8040000000000003,0.8766016789497323,0.7563524473482227,0.01340610792297516,0.19811545457702487,0.8766016789493737,0.7563524473492322,0.21152156250067355,0.5238707305611798,0.012257575982661004
3.8080000000000003,0.876611255859814,0.7563598252472103,0.013404163925544312,0.19811739857445573,0.8766112558594555,0.7563598252482199,0.21152156250067355,0.5238707608768157,0.012257034856678686
3.8120000000000003,0.8766207586341322,0.7563671459171906,0.013402235095116502,0.1981193274048835,0.8766207586337738,0.7563671459182001,0.21152156250067353,0.5238707907246257,0.012256498391138388
3.8160000000000003,0.8766301878444536,0.7563744098013261,0.013400321312893333,0.1981212411871067,0.8766301878440951,0.7563744098023356,0.21152156250067358,0.5238708201118185,0.012255966543055047
3.8200000000000003,0.8766395440581678,0.7563816173393596,0.013398422461013899,0.1981231400389862,0.8766395440578094,0.756381617340369,0.2115215625006735,0.5238708490454915,0.012255439269879459
3.8240000000000003,0.876648827838321,0.7563887689676397,0.013396538422547302,0.19812502407745275,0.8766488278379626,0.7563887689686494,0.2115215625006736,0.5238708775326331,0.012254916529493369
3.8280000000000003,0.8766580397436479,0.7563958651191481,0.013394669081485223,0.19812689341851483,0.8766580397432896,0.7563958651201578,0.21152156250067355,0.5238709055801243,0.012254398280204616
3.8320000000000003,0.8766671803286047,0.7564029062235237,0.013392814322734538,0.1981287481772655,0.8766671803282465,0.7564029062245335,0.21152156250067355,0.5238709331947403,0.012253884480742326
3.8360000000000003,0.8766762501434014,0.7564098927070897,0.01339097403210993,0.19813058846789014,0.8766762501430434,0.7564098927080996,0.21152156250067355,0.5238709603831523,0.012253375090252176
3.84,0.8766852497340337,0.7564168249928781,0.013389148096326775,0.1981324144036733,0.8766852497336758,0.756416824993888,0.21152156250067355,0.5238709871519285,0.012252870068291719
3.844,0.8766941796423148,0.7564237035006551,0.0133873364029938,0.19813422609700626,0.8766941796419568,0.7564237035016651,0.21152156250067355,0.5238710135075365,0.012252369374825753
3.848,0.8767030404059067,0.7564305286469468,0.013385538840606066,0.198136023659394,0.8767030404055489,0.7564305286479568,0.21152156250067355,0.5238710394563443,0.012251872970221763
3.852,0.8767118325583524,0.7564373008450629,0.013383755298537763,0.1981378072014623,0.8767118325579947,0.7564373008460731,0.2115215625006736,0.5238710650046218,0.012251380815245414
3.856,0.8767205566291061,0.7564440205051226,0.013381985667035252,0.19813957683296482,0.8767205566287484,0.7564440205061328,0.2115215625006736,0.5238710901585427,0.012250892871056091
3.86,0.8767292131435644,0.756450688034078,0.013380229837210144,0.19814133266278985,0.8767292131432068,0.7564506880350883,0.21152156250067358,0.5238711149241856,0.012250409099202511
3.864,0.8767378026230974,0.7564573038357394,0.013378487701032275,0.19814307479896778,0.8767378026227398,0.7564573038367496,0.2115215625006736,0.5238711393075358,0.012249929461618363
3.868,0.8767463255850784,0.756463868310798,0.013376759151322972,0.19814480334867704,0.8767463255847209,0.7564638683118085,0.21152156250067353,0.5238711633144862,0.012249453920618042
3.872,0.8767547825429145,0.7564703818568519,0.013375044081748158,0.19814651841825184,0.876754782542557,0.7564703818578623,0.21152156250067355,0.5238711869508393,0.012248982438892378
3.876,0.8767631740060767,0.7564768448684279,0.013373342386811659,0.1981482201131884,0.8767631740057192,0.7564768448694381,0.21152156250067355,0.5238712102223084,0.012248514979504492
3.88,0.8767715004801294,0.7564832577370055,0.01337165396184855,0.1981499085381515,0.876771500479772,0.7564832577380158,0.21152156250067353,0.5238712331345187,0.012248051505885616
3.884,0.8767797624667601,0.7564896208510415,0.013369978703018435,0.1981515837969816,0.8767797624664029,0.7564896208520518,0.21152156250067344,0.5238712556930087,0.012247591981831063
3.888,0.8767879604638088,0.7564959345959917,0.013368316507298961,0.19815324599270104,0.8767879604634516,0.7564959345970022,0.21152156250067344,0.5238712779032321,0.012247136371496136
3.892,0.876796094965297,0.756502199354335,0.013366667272479161,0.1981548952275209,0.8767960949649398,0.7565021993553454,0.21152156250067342,0.5238712997705587,0.012246684639392186
3.896,0.8768041664614564,0.7565084155055953,0.013365030897153204,0.19815653160284685,0.8768041664610993,0.7565084155066056,0.2115215625006734,0.523871321300275,0.012246236750382661
3.9,0.8768121754387581,0.7565145834263649,0.01336340728071377,0.19815815521928626,0.8768121754384011,0.7565145834273753,0.2115215625006734,0.5238713424975869,0.012245792669679218
3.904,0.8768201223799408,0.7565207034903272,0.013361796323345733,0.19815976617665435,0.8768201223795837,0.7565207034913375,0.2115215625006734,0.52387136336762,0.012245352362837894
3.908,0.8768280077640388,0.7565267760682779,0.013360197926019928,0.1981613645739801,0.8768280077636819,0.7565267760692882,0.21152156250067336,0.5238713839154205,0.012244915795755292
3.912,0.8768358320664107,0.7565328015281485,0.013358611990486817,0.19816295050951319,0.8768358320660538,0.7565328015291589,0.21152156250067333,0.5238714041459578,0.012244482934664852
3.916,0.8768435957587666,0.7565387802350277,0.013357038419270275,0.19816452408072976,0.8768435957584096,0.7565387802360382,0.21152156250067333,0.5238714240641242,0.012244053746133153
3.92,0.876851299309196,0.7565447125511829,0.01335547711566148,0.19816608538433853,0.8768512993088392,0.7565447125521935,0.21152156250067333,0.5238714436747369,0.012243628197056239
3.924,0.8768589431821957,0.7565505988360829,0.013353927983712715,0.1981676345162873,0.8768589431818389,0.7565505988370934,0.2115215625006734,0.5238714629825388,0.012243206254656021
3.928,0.8768665278386961,0.7565564394464179,0.013352390928231442,0.19816917157176858,0.8768665278383394,0.7565564394474286,0.2115215625006734,0.5238714819922001,0.012242787886476711
3.932,0.8768740537360892,0.7565622347361224,0.013350865854774109,0.19817069664522588,0.8768740537357325,0.7565622347371331,0.21152156250067344,0.5238715007083188,0.012242373060381279
3.936,0.8768815213282547,0.7565679850563956,0.013349352669640359,0.1981722098303597,0.876881521327898,0.7565679850574062,0.21152156250067344,0.5238715191354223,0.012241961744547994
3.94,0.8768889310655871,0.7565736907557218,0.013347851279867018,0.198173711220133,0.8768889310652304,0.7565736907567325,0.21152156250067342,0.5238715372779681,0.012241553907466975
3.944,0.8768962833950218,0.7565793521798929,0.013346361593222285,0.19817520090677776,0.8768962833946652,0.7565793521809037,0.21152156250067336,0.5238715551403453,0.01224114951793679
3.948,0.8769035787600619,0.7565849696720277,0.013344883518199815,0.19817667898180022,0.8769035787597053,0.7565849696730385,0.21152156250067342,0.5238715727268753,0.012240748545061101
3.952,0.8769108176008036,0.7565905435725929,0.013343416964013049,0.19817814553598698,0.876910817600447,0.7565905435736037,0.21152156250067336,0.5238715900418132,0.01224035095824535
3.956,0.8769180003539624,0.7565960742194237,0.013341961840589486,0.19817960065941054,0.8769180003536059,0.7565960742204344,0.21152156250067336,0.523871607089348,0.012239956727193472
3.96,0.8769251274528989,0.7566015619477435,0.013340518058564904,0.1981810444414351,0.8769251274525425,0.7566015619487543,0.21152156250067325,0.5238716238736049,0.012239565821904677
3.964,0.8769321993276439,0.7566070070901849,0.013339085529277832,0.19818247697072222,0.8769321993272875,0.7566070070911955,0.21152156250067328,0.5238716403986451,0.012239178212670234
3.968,0.876939216404924,0.7566124099768082,0.013337664164763957,0.19818389833523609,0.8769392164045676,0.756612409977819,0.2115215625006733,0.5238716566684674,0.012238793870070328
3.972,0.8769461791081866,0.7566177709351228,0.013336253877750498,0.1981853086222495,0.8769461791078303,0.7566177709361337,0.21152156250067328,0.523871672687009,0.012238412764970919
3.976,0.8769530878576249,0.7566230902901059,0.01333485458165077,0.19818670791834928,0.8769530878572687,0.7566230902911167,0.21152156250067328,0.5238716884581467,0.01223803486852066
3.98,0.8769599430702025,0.7566283683642218,0.013333466190558758,0.19818809630944131,0.8769599430698463,0.7566283683652326,0.21152156250067336,0.5238717039856972,0.012237660152147879
3.984,0.8769667451596779,0.7566336054774415,0.013332088619243686,0.19818947388075636,0.8769667451593217,0.7566336054784525,0.21152156250067328,0.5238717192734185,0.012237288587557522
3.988,0.8769734945366291,0.7566388019472626,0.013330721783144567,0.1981908407168555,0.8769734945362729,0.7566388019482736,0.21152156250067336,0.523871734325011,0.012236920146728227
3.992,0.8769801916084776,0.7566439580887271,0.013329365598365037,0.19819219690163503,0.8769801916081215,0.7566439580897381,0.2115215625006733,0.5238717491441178,0.012236554801909333
3.996,0.8769868367795125,0.7566490742144408,0.013328019981668,0.19819354251833204,0.8769868367791563,0.7566490742154519,0.21152156250067336,0.5238717637343261,0.012236192525618025
4.0,0.8769934304509143,0.7566541506345926,0.013326684850470323,0.19819487764952973,0.8769934304505581,0.7566541506356037,0.2115215625006734,0.5238717780991676,0.012235833290636431
4.0040000000000004,0.8769999730207784,0.7566591876569722,0.013325360122837812,0.1981962023771622,0.8769999730204223,0.7566591876579832,0.21152156250067333,0.5238717922421198,0.012235477070008795
4.008,0.8770064648841389,0.756664185586989,0.013324045717479863,0.19819751678252015,0.8770064648837829,0.7566641855880001,0.21152156250067333,0.5238718061666066,0.012235123837038689
4.0120000000000005,0.8770129064329917,0.7566691447276905,0.013322741553744544,0.1981988209462555,0.8770129064326357,0.7566691447287017,0.21152156250067336,0.5238718198759991,0.012234773565286225
4.016,0.8770192980563175,0.7566740653797805,0.013321447551613365,0.19820011494838666,0.8770192980559616,0.7566740653807918,0.21152156250067333,0.5238718333736164,0.012234426228565328
4.0200000000000005,0.8770256401401051,0.756678947841637,0.013320163631696367,0.1982013988683037,0.8770256401397492,0.7566789478426482,0.21152156250067333,0.5238718466627267,0.012234081800941031
4.024,0.8770319330673737,0.7566837924093297,0.013318889715227085,0.19820267278477297,0.8770319330670178,0.756683792410341,0.2115215625006734,0.5238718597465474,0.012233740256726815
4.0280000000000005,0.877038177218196,0.7566885993766387,0.013317625724057619,0.1982039367759424,0.87703817721784,0.75668859937765,0.2115215625006734,0.5238718726282466,0.012233401570481948
4.032,0.8770443729697204,0.7566933690350712,0.013316371580653703,0.19820519091934632,0.8770443729693644,0.7566933690360826,0.21152156250067342,0.523871885310944,0.012233065717008895
4.0360000000000005,0.8770505206961932,0.75669810167388,0.013315127208089875,0.19820643529191018,0.8770505206958373,0.7566981016748914,0.21152156250067342,0.5238718977977105,0.012232732671350739
4.04,0.8770566207689809,0.7567027975800795,0.013313892530044603,0.1982076699699554,0.8770566207686251,0.756702797581091,0.2115215625006734,0.5238719100915699,0.012232402408788621
4.0440000000000005,0.8770626735565922,0.7567074570384645,0.013312667470795568,0.19820889502920444,0.8770626735562363,0.7567074570394761,0.2115215625006734,0.5238719221954996,0.012232074904839236
4.048,0.8770686794246992,0.7567120803316261,0.01331145195521485,0.19821011054478516,0.8770686794243435,0.7567120803326377,0.2115215625006734,0.5238719341124312,0.012231750135252337
4.0520000000000005,0.8770746387361601,0.7567166677399692,0.013310245908764227,0.19821131659123584,0.8770746387358044,0.7567166677409808,0.21152156250067344,0.5238719458452507,0.012231428076008289
4.056,0.8770805518510395,0.7567212195417291,0.013309049257490517,0.19821251324250952,0.8770805518506838,0.7567212195427407,0.21152156250067344,0.5238719573967997,0.012231108703315615
4.0600000000000005,0.8770864191266304,0.7567257360129885,0.013307861928020985,0.19821370057197904,0.8770864191262747,0.7567257360140002,0.21152156250067342,0.5238719687698764,0.012230791993608634
4.064,0.8770922409174752,0.7567302174276939,0.013306683847558664,0.19821487865244133,0.8770922409171196,0.7567302174287056,0.21152156250067344,0.5238719799672356,0.012230477923545048
4.0680000000000005,0.8770980175753865,0.7567346640576721,0.013305514943877826,0.1982160475561222,0.8770980175750309,0.7567346640586838,0.21152156250067342,0.5238719909915897,0.012230166470003617
4.072,0.8771037494494682,0.7567390761726465,0.01330435514531949,0.1982172073546805,0.8771037494491126,0.7567390761736582,0.21152156250067344,0.5238720018456089,0.012229857610081853
4.0760000000000005,0.877109436886136,0.7567434540402533,0.013303204380786884,0.19821835811921318,0.8771094368857804,0.7567434540412651,0.21152156250067344,0.5238720125319231,0.012229551321093698
4.08,0.8771150802291378,0.7567477979260577,0.013302062579741033,0.198219499920259,0.8771150802287822,0.7567477979270695,0.21152156250067347,0.5238720230531206,0.01222924758056729
4.0840000000000005,0.8771206798195742,0.7567521080935697,0.013300929672196345,0.19822063282780367,0.8771206798192186,0.7567521080945815,0.21152156250067347,0.5238720334117507,0.012228946366242712
4.088,0.8771262359959189,0.75675638480426,0.013299805588716181,0.19822175691128385,0.8771262359955634,0.7567563848052719,0.21152156250067342,0.523872043610323,0.012228647656069782
4.0920000000000005,0.8771317490940383,0.7567606283175758,0.01329869026040855,0.1982228722395915,0.877131749093683,0.7567606283185877,0.21152156250067342,0.5238720536513085,0.01222835142820586
4.096,0.877137219447212,0.7567648388909564,0.01329758361892182,0.1982239788810782,0.8771372194468567,0.7567648388919683,0.21152156250067342,0.5238720635371398,0.012228057661013716
4.1,0.8771426473861519,0.7567690167798483,0.013296485596440363,0.19822507690355967,0.8771426473857966,0.7567690167808604,0.21152156250067344,0.5238720732702125,0.012227766333059355
4.104,0.8771480332390221,0.7567731622377214,0.013295396125680415,0.19822616637431964,0.8771480332386669,0.7567731622387335,0.21152156250067347,0.5238720828528849,0.012227477423109938
4.108,0.8771533773314586,0.7567772755160832,0.013294315139885817,0.19822724736011424,0.8771533773311033,0.7567772755170953,0.2115215625006735,0.523872092287479,0.012227190910131679
4.112,0.8771586799865881,0.7567813568644945,0.013293242572823848,0.19822831992717618,0.8771586799862329,0.7567813568655067,0.21152156250067358,0.5238721015762812,0.012226906773287796
4.116,0.8771639415250478,0.7567854065305848,0.013292178358781041,0.19822938414121904,0.8771639415246926,0.756785406531597,0.2115215625006736,0.5238721107215425,0.012226624991936455
4.12,0.8771691622650039,0.7567894247600662,0.013291122432559175,0.19823044006744087,0.8771691622646486,0.7567894247610785,0.21152156250067355,0.523872119725479,0.012226345545628778
4.124,0.8771743425221705,0.7567934117967491,0.013290074729471102,0.19823148777052893,0.8771743425218153,0.7567934117977614,0.21152156250067358,0.5238721285902729,0.01222606841410683
4.128,0.8771794826098288,0.7567973678825562,0.013289035185336792,0.19823252731466323,0.8771794826094735,0.7567973678835686,0.21152156250067358,0.5238721373180727,0.01222579357730167
4.132,0.8771845828388453,0.7568012932575378,0.01328800373647926,0.19823355876352083,0.87718458283849,0.7568012932585501,0.2115215625006736,0.5238721459109938,0.012225521015331387
4.136,0.8771896435176901,0.7568051881598851,0.013286980319720625,0.19823458218027942,0.877189643517335,0.7568051881608975,0.21152156250067355,0.5238721543711187,0.012225250708499195
4.14,0.877194664952456,0.756809052825946,0.013285964872378143,0.1982355976276219,0.877194664952101,0.7568090528269584,0.21152156250067358,0.5238721627004981,0.012224982637291514
4.144,0.8771996474468758,0.756812887490238,0.013284957332260304,0.19823660516773972,0.8771996474465208,0.7568128874912505,0.21152156250067358,0.5238721709011509,0.012224716782376101
4.148,0.8772045913023409,0.7568166923854633,0.01328395763766298,0.19823760486233707,0.8772045913019858,0.7568166923864758,0.21152156250067358,0.523872178975065,0.012224453124600193
4.152,0.8772094968179186,0.756820467742522,0.013282965727365537,0.19823859677263453,0.8772094968175635,0.7568204677435344,0.2115215625006736,0.5238721869241975,0.012224191644988664
4.156,0.8772143642903709,0.7568242137905264,0.013281981540627017,0.19823958095937302,0.8772143642900159,0.7568242137915389,0.2115215625006736,0.5238721947504753,0.012223932324742216
4.16,0.8772191940141711,0.756827930756815,0.013281005017182396,0.1982405574828176,0.8772191940138161,0.7568279307578275,0.21152156250067358,0.5238722024557958,0.01222367514523557
4.164,0.877223986281522,0.756831618866966,0.01328003609723874,0.19824152640276133,0.8772239862811669,0.7568316188679786,0.2115215625006736,0.5238722100420271,0.012223420088015715
4.168,0.8772287413823728,0.7568352783448107,0.01327907472147157,0.19824248777852846,0.8772287413820178,0.7568352783458232,0.2115215625006736,0.523872217511008,0.01222316713480013
4.172,0.8772334596044368,0.7568389094124469,0.013278120831021131,0.19824344166897886,0.8772334596040817,0.7568389094134595,0.2115215625006737,0.5238722248645494,0.01222291626747506
4.176,0.8772381412332081,0.7568425122902531,0.013277174367488662,0.19824438813251138,0.877238141232853,0.7568425122912656,0.21152156250067364,0.5238722321044345,0.012222667468093806
4.18,0.8772427865519788,0.7568460871969005,0.013276235272932861,0.19824532722706717,0.8772427865516238,0.7568460871979131,0.21152156250067367,0.5238722392324182,0.012222420718875018
4.184,0.8772473958418561,0.7568496343493674,0.013275303489866209,0.19824625901013382,0.877247395841501,0.75684963435038,0.21152156250067364,0.5238722462502291,0.01222217600220103
4.188,0.8772519693817782,0.7568531539629513,0.013274378961251408,0.1982471835387486,0.8772519693814232,0.7568531539639639,0.21152156250067358,0.5238722531595686,0.012221933300616194
4.192,0.877256507448532,0.7568566462512826,0.013273461630497833,0.19824810086950218,0.8772565074481771,0.7568566462522952,0.21152156250067358,0.5238722599621123,0.012221692596825241
4.196,0.877261010316769,0.756860111426337,0.013272551441457954,0.1982490110585421,0.877261010316414,0.7568601114273497,0.2115215625006736,0.5238722666595096,0.012221453873691671
4.2,0.8772654782590212,0.7568635496984485,0.013271648338423965,0.19824991416157609,0.8772654782586663,0.7568635496994611,0.2115215625006736,0.5238722732533845,0.012221217114236146
4.204,0.8772699115457185,0.7568669612763219,0.013270752266124172,0.19825081023387586,0.8772699115453636,0.7568669612773345,0.21152156250067358,0.523872279745336,0.012220982301634898
4.208,0.8772743104452038,0.7568703463670456,0.013269863169719662,0.1982516993302804,0.8772743104448489,0.7568703463680583,0.2115215625006736,0.5238722861369386,0.012220749419218168
4.212,0.8772786752237492,0.756873705176104,0.013268980994800825,0.1982525815051992,0.8772786752233945,0.7568737051771167,0.2115215625006736,0.5238722924297422,0.012220518450468681
4.216,0.8772830061455725,0.7568770379073896,0.013268105687383989,0.19825345681261602,0.8772830061452178,0.7568770379084024,0.21152156250067358,0.523872298625273,0.012220289379020068
4.22,0.877287303472852,0.756880344763216,0.013267237193908071,0.19825432530609197,0.8772873034724973,0.7568803447642287,0.21152156250067358,0.5238723047250335,0.012220062188655387
4.224,0.8772915674657427,0.7568836259443291,0.013266375461231257,0.19825518703876882,0.877291567465388,0.7568836259453419,0.21152156250067358,0.5238723107305033,0.01221983686330562
4.228,0.8772957983823916,0.75688688164992,0.013265520436627674,0.19825604206337233,0.8772957983820369,0.7568868816509329,0.2115215625006736,0.5238723166431386,0.012219613387048191
4.232,0.8772999964789534,0.7568901120776368,0.013264672067784105,0.19825689043221587,0.8772999964785987,0.7568901120786498,0.2115215625006736,0.5238723224643738,0.012219391744105489
4.236,0.8773041620096055,0.7568933174235966,0.013263830302796752,0.19825773219720327,0.8773041620092508,0.7568933174246094,0.21152156250067364,0.5238723281956208,0.012219171918843447
4.24,0.8773082952265631,0.7568964978823967,0.013262995090168006,0.19825856740983205,0.8773082952262085,0.7568964978834095,0.21152156250067358,0.5238723338382697,0.012218953895770088
4.244,0.8773123963800945,0.7568996536471272,0.013262166378803241,0.19825939612119683,0.8773123963797399,0.75689965364814,0.21152156250067358,0.5238723393936893,0.012218737659534122
4.248,0.8773164657185358,0.7569027849093822,0.013261344118007664,0.1982602183819924,0.8773164657181812,0.7569027849103951,0.21152156250067364,0.523872344863227,0.012218523194923541
4.252,0.8773205034883059,0.7569058918592715,0.01326052825748316,0.1982610342425169,0.8773205034879514,0.7569058918602845,0.21152156250067358,0.5238723502482097,0.012218310486864224
4.256,0.8773245099339212,0.756908974685432,0.013259718747325094,0.19826184375267497,0.8773245099335667,0.7569089746864448,0.21152156250067358,0.5238723555499437,0.012218099520418604
4.26,0.8773284852980098,0.7569120335750386,0.013258915538019347,0.1982626469619807,0.8773284852976554,0.7569120335760515,0.21152156250067358,0.5238723607697152,0.012217890280784273
4.264,0.8773324298213266,0.7569150687138166,0.013258118580439125,0.19826344391956094,0.8773324298209723,0.7569150687148296,0.21152156250067358,0.5238723659087905,0.012217682753292661
4.268,0.8773363437427675,0.7569180802860521,0.013257327825841946,0.1982642346741581,0.8773363437424131,0.7569180802870651,0.21152156250067358,0.5238723709684163,0.01221747692340772
4.272,0.8773402272993831,0.756921068474603,0.013256543225866653,0.19826501927413342,0.8773402272990288,0.7569210684756161,0.2115215625006736,0.5238723759498202,0.012217272776724604
4.276,0.8773440807263938,0.7569240334609106,0.013255764732530328,0.19826579776746966,0.8773440807260395,0.7569240334619238,0.2115215625006736,0.5238723808542105,0.012217070298968378
4.28,0.8773479042572031,0.7569269754250104,0.01325499229822539,0.19826657020177466,0.8773479042568488,0.7569269754260236,0.2115215625006736,0.5238723856827775,0.012216869475992728
4.284,0.8773516981234118,0.7569298945455425,0.01325422587571664,0.19826733662428342,0.8773516981230576,0.7569298945465556,0.2115215625006736,0.5238723904366924,0.012216670293778714
4.288,0.877355462554832,0.7569327909997624,0.013253465418138268,0.19826809708186174,0.8773554625544777,0.7569327910007757,0.21152156250067367,0.5238723951171088,0.012216472738433496
4.292,0.8773591977795004,0.7569356649635529,0.013252710878991016,0.19826885162100902,0.8773591977791463,0.7569356649645663,0.21152156250067364,0.5238723997251624,0.012216276796189111
4.296,0.8773629040236927,0.7569385166114334,0.013251962212139203,0.19826960028786084,0.8773629040233385,0.7569385166124468,0.21152156250067367,0.5238724042619712,0.012216082453401242
4.3,0.877366581511936,0.7569413461165706,0.013251219371807977,0.19827034312819206,0.877366581511582,0.756941346117584,0.21152156250067367,0.5238724087286362,0.012215889696547997
4.304,0.8773702304670236,0.7569441536507895,0.01325048231258039,0.19827108018741965,0.8773702304666695,0.756944153651803,0.21152156250067367,0.5238724131262411,0.012215698512228732
4.308,0.8773738511100269,0.7569469393845836,0.013249750989394628,0.19827181151060547,0.8773738511096729,0.756946939385597,0.21152156250067364,0.5238724174558531,0.01221550888716284
4.312,0.8773774436603097,0.7569497034871244,0.013249025357541203,0.19827253714245882,0.8773774436599557,0.7569497034881381,0.2115215625006737,0.5238724217185228,0.0122153208081886
4.316,0.8773810083355409,0.7569524461262734,0.01324830537266017,0.19827325712733987,0.877381008335187,0.7569524461272871,0.21152156250067375,0.5238724259152847,0.012215134262261992
4.32,0.8773845453517074,0.7569551674685902,0.0132475909907384,0.1982739715092616,0.8773845453513535,0.7569551674696039,0.21152156250067375,0.5238724300471572,0.012214949236455587
4.324,0.8773880549231273,0.7569578676793439,0.013246882168106839,0.1982746803318932,0.8773880549227734,0.7569578676803576,0.21152156250067372,0.5238724341151432,0.012214765717957368
4.328,0.8773915372624627,0.7569605469225226,0.013246178861437788,0.19827538363856229,0.8773915372621087,0.7569605469235362,0.21152156250067372,0.5238724381202299,0.012214583694069645
4.332,0.877394992580732,0.7569632053608433,0.01324548102774227,0.19827608147225784,0.877394992580378,0.7569632053618568,0.2115215625006737,0.5238724420633891,0.012214403152207922
4.336,0.877398421087323,0.7569658431557617,0.013244788624367296,0.19827677387563272,0.8773984210869691,0.7569658431567752,0.21152156250067364,0.5238724459455778,0.012214224079899803
4.34,0.8774018229900055,0.7569684604674822,0.013244101608993305,0.19827746089100676,0.8774018229896515,0.7569684604684958,0.21152156250067364,0.5238724497677386,0.012214046464783909
4.344,0.8774051984949431,0.7569710574549676,0.013243419939631467,0.19827814256036858,0.8774051984945892,0.7569710574559811,0.21152156250067367,0.5238724535307988,0.0122138702946088
4.348,0.8774085478067065,0.7569736342759483,0.013242743574621114,0.19827881892537894,0.8774085478063526,0.7569736342769617,0.21152156250067364,0.5238724572356719,0.012213695557231919
4.352,0.8774118711282848,0.7569761910869318,0.013242072472627184,0.19827949002737286,0.8774118711279308,0.7569761910879453,0.21152156250067367,0.5238724608832572,0.012213522240618528
4.356,0.8774151686610983,0.756978728043213,0.0132414065926376,0.19828015590736245,0.8774151686607443,0.7569787280442265,0.21152156250067364,0.52387246447444,0.01221335033284067
4.36,0.8774184406050101,0.7569812452988826,0.013240745893960832,0.1982808166060392,0.8774184406046561,0.7569812452998961,0.21152156250067364,0.5238724680100919,0.012213179822076153
4.364,0.8774216871583386,0.7569837430068367,0.013240090336223273,0.19828147216377676,0.8774216871579846,0.7569837430078503,0.21152156250067367,0.5238724714910713,0.012213010696607511
4.368,0.8774249085178689,0.7569862213187865,0.013239439879366799,0.19828212262063322,0.8774249085175151,0.7569862213198002,0.2115215625006737,0.5238724749182231,0.012212842944821025
4.372,0.877428104878865,0.7569886803852668,0.013238794483646291,0.19828276801635375,0.8774281048785112,0.7569886803862806,0.21152156250067375,0.5238724782923793,0.012212676555205677
4.376,0.8774312764350811,0.7569911203556456,0.013238154109627136,0.19828340839037284,0.8774312764347274,0.7569911203566595,0.2115215625006737,0.5238724816143586,0.012212511516352229
4.38,0.8774344233787735,0.7569935413781329,0.013237518718182819,0.1982840437818172,0.8774344233784198,0.7569935413791469,0.21152156250067375,0.5238724848849681,0.012212347816952185
4.384,0.877437545900712,0.7569959435997896,0.013236888270492549,0.19828467422950743,0.8774375459003583,0.7569959436008036,0.21152156250067375,0.5238724881050011,0.012212185445796872
4.388,0.8774406441901912,0.7569983271665365,0.01323626272803877,0.19828529977196127,0.8774406441898376,0.7569983271675504,0.21152156250067372,0.5238724912752398,0.012212024391776464
4.392,0.8774437184350423,0.757000692223163,0.013235642052604798,0.1982859204473952,0.8774437184346887,0.757000692224177,0.21152156250067372,0.5238724943964536,0.012211864643879033
4.396,0.877446768821644,0.7570030389133362,0.013235026206272517,0.19828653629372756,0.8774467688212904,0.7570030389143502,0.21152156250067375,0.5238724974694003,0.012211706191189624
4.4,0.8774497955349335,0.757005367379609,0.013234415151419987,0.19828714734858005,0.8774497955345799,0.757005367380623,0.21152156250067375,0.5238725004948259,0.012211549022889338
4.404,0.8774527987584182,0.7570076777634293,0.013233808850719144,0.1982877536492809,0.8774527987580646,0.7570076777644432,0.21152156250067375,0.523872503473465,0.012211393128254396
4.408,0.8774557786741861,0.757009970205148,0.013233207267133439,0.1982883552328666,0.8774557786738325,0.7570099702061621,0.21152156250067378,0.5238725064060408,0.012211238496655246
4.412,0.8774587354629171,0.7570122448440284,0.013232610363915615,0.1982889521360844,0.8774587354625636,0.7570122448450425,0.2115215625006738,0.5238725092932652,0.01221108511755567
4.416,0.8774616693038937,0.7570145018182532,0.013232018104605415,0.19828954439539462,0.8774616693035402,0.7570145018192674,0.2115215625006738,0.5238725121358393,0.012210932980511877
4.42,0.8774645803750117,0.7570167412649345,0.013231430453027283,0.19829013204697277,0.8774645803746582,0.7570167412659485,0.21152156250067378,0.5238725149344533,0.012210782075171667
4.424,0.8774674688527911,0.7570189633201202,0.013230847373288232,0.19829071512671184,0.8774674688524376,0.7570189633211344,0.2115215625006738,0.5238725176897867,0.012210632391273513
4.428,0.8774703349123864,0.7570211681188043,0.013230268829775545,0.19829129367022452,0.8774703349120329,0.7570211681198185,0.21152156250067386,0.5238725204025084,0.012210483918645746
4.432,0.8774731787275971,0.7570233557949333,0.013229694787154557,0.1982918677128455,0.8774731787272437,0.7570233557959476,0.21152156250067378,0.5238725230732773,0.012210336647205678
4.436,0.8774760004708788,0.7570255264814156,0.013229125210366554,0.19829243728963347,0.8774760004705254,0.7570255264824299,0.21152156250067383,0.5238725257027417,0.01221019056695877
4.44,0.8774788003133526,0.7570276803101287,0.013228560064626561,0.19829300243537346,0.8774788003129992,0.757027680311143,0.21152156250067386,0.5238725282915402,0.012210045667997804
4.444,0.8774815784248159,0.7570298174119272,0.013227999315421181,0.19829356318457886,0.8774815784244625,0.7570298174129415,0.2115215625006738,0.5238725308403016,0.012209901940502041
4.448,0.8774843349737526,0.7570319379166515,0.013227442928506507,0.19829411957149354,0.8774843349733992,0.7570319379176658,0.2115215625006738,0.5238725333496446,0.012209759374736444
4.452,0.877487070127343,0.7570340419531346,0.01322689086990599,0.1982946716300941,0.8774870701269896,0.7570340419541489,0.2115215625006738,0.5238725358201787,0.01220961796105082
4.456,0.877489784051474,0.7570361296492109,0.013226343105908303,0.19829521939409178,0.8774897840511207,0.7570361296502252,0.2115215625006738,0.5238725382525037,0.012209477689879079
4.46,0.8774924769107494,0.757038201131723,0.013225799603065292,0.1982957628969348,0.877492476910396,0.7570382011327372,0.21152156250067375,0.5238725406472103,0.0122093385517384
4.464,0.8774951488684988,0.7570402565265301,0.013225260328189985,0.19829630217181007,0.8774951488681454,0.7570402565275444,0.21152156250067383,0.5238725430048802,0.012209200537228463
4.468,0.8774978000867885,0.7570422959585152,0.013224725248354382,0.19829683725164568,0.8774978000864351,0.7570422959595294,0.21152156250067378,0.5238725453260858,0.012209063637030686
4.472,0.8775004307264305,0.7570443195515929,0.013224194330887583,0.19829736816911248,0.8775004307260771,0.7570443195526071,0.21152156250067378,0.523872547611391,0.012208927841907446
4.476,0.8775030409469926,0.7570463274287166,0.013223667543373665,0.19829789495662636,0.8775030409466392,0.7570463274297308,0.21152156250067375,0.5238725498613507,0.012208793142701341
4.48,0.8775056309068078,0.7570483197118862,0.013223144853649758,0.19829841764635026,0.8775056309064544,0.7570483197129004,0.21152156250067372,0.5238725520765113,0.012208659530334407
4.484,0.8775082007629837,0.7570502965221557,0.013222626229804002,0.19829893627019604,0.8775082007626304,0.7570502965231699,0.21152156250067378,0.523872554257411,0.012208526995807413
4.488,0.8775107506714124,0.7570522579796397,0.0132221116401736,0.19829945085982642,0.877510750671059,0.7570522579806539,0.21152156250067375,0.5238725564045792,0.012208395530199105
4.492,0.8775132807867791,0.7570542042035215,0.013221601053342882,0.19829996144665715,0.8775132807864258,0.7570542042045357,0.21152156250067375,0.5238725585185376,0.012208265124665482
4.496,0.8775157912625724,0.7570561353120603,0.013221094438141352,0.1983004680618587,0.877515791262219,0.7570561353130744,0.21152156250067372,0.5238725605997996,0.01220813577043908
4.5,0.8775182822510924,0.7570580514225972,0.013220591763641779,0.19830097073635827,0.8775182822507391,0.7570580514236114,0.2115215625006737,0.5238725626488707,0.012208007458828272
4.5040000000000004,0.877520753903461,0.7570599526515641,0.01322009299915824,0.1983014695008418,0.8775207539031077,0.7570599526525783,0.21152156250067372,0.5238725646662485,0.012207880181216534
4.508,0.8775232063696299,0.7570618391144892,0.013219598114244332,0.19830196438575567,0.8775232063692766,0.7570618391155035,0.21152156250067375,0.5238725666524232,0.012207753929061779
4.5120000000000005,0.8775256397983905,0.757063710926005,0.013219107078691207,0.19830245542130884,0.8775256397980373,0.7570637109270193,0.21152156250067372,0.5238725686078772,0.012207628693895647
4.516,0.8775280543373825,0.7570655681998546,0.013218619862525696,0.19830294263747433,0.8775280543370293,0.7570655682008689,0.21152156250067372,0.5238725705330853,0.01220750446732284
4.5200000000000005,0.8775304501331025,0.7570674110488989,0.013218136436008575,0.19830342606399143,0.8775304501327494,0.7570674110499133,0.21152156250067367,0.5238725724285154,0.012207381241020415
4.524,0.8775328273309134,0.7570692395851234,0.013217656769632607,0.1983039057303674,0.8775328273305604,0.7570692395861378,0.21152156250067367,0.5238725742946276,0.012207259006737154
4.5280000000000005,0.8775351860750528,0.757071053919645,0.013217180834120783,0.19830438166587924,0.8775351860746997,0.7570710539206594,0.2115215625006737,0.5238725761318755,0.012207137756292874
4.532,0.8775375265086414,0.7570728541627184,0.013216708600424556,0.19830485389957545,0.8775375265082883,0.7570728541637329,0.21152156250067375,0.5238725779407053,0.012207017481577778
4.5360000000000005,0.8775398487736922,0.7570746404237435,0.013216240039721949,0.19830532246027807,0.8775398487733391,0.7570746404247579,0.2115215625006737,0.5238725797215563,0.012206898174551816
4.54,0.8775421530111187,0.7570764128112709,0.013215775123415898,0.1983057873765841,0.8775421530107657,0.7570764128122854,0.21152156250067375,0.5238725814748613,0.012206779827244026
4.5440000000000005,0.8775444393607434,0.7570781714330098,0.013215313823132417,0.1983062486768676,0.8775444393603905,0.7570781714340243,0.21152156250067372,0.523872583201046,0.012206662431751919
4.548,0.8775467079613065,0.7570799163958336,0.01321485611071882,0.19830670638928122,0.8775467079609536,0.7570799163968481,0.21152156250067375,0.5238725849005299,0.01220654598024082
4.5520000000000005,0.8775489589504738,0.7570816478057866,0.013214401958242078,0.19830716054175795,0.8775489589501209,0.7570816478068011,0.21152156250067378,0.5238725865737258,0.01220643046494328
4.556,0.8775511924648451,0.7570833657680903,0.013213951337987057,0.19830761116201298,0.8775511924644922,0.7570833657691048,0.21152156250067375,0.5238725882210402,0.012206315878158437
4.5600000000000005,0.8775534086399629,0.7570850703871502,0.0132135042224548,0.19830805827754522,0.87755340863961,0.7570850703881649,0.2115215625006738,0.5238725898428733,0.012206202212251407
4.564,0.8775556076103198,0.757086761766562,0.01321306058436084,0.1983085019156392,0.8775556076099669,0.7570867617675765,0.21152156250067375,0.5238725914396192,0.012206089459652689
4.5680000000000005,0.8775577895093672,0.757088440009117,0.013212620396633526,0.1983089421033665,0.8775577895090143,0.7570884400101316,0.21152156250067378,0.5238725930116657,0.012205977612857558
4.572,0.8775599544695232,0.75709010521681,0.013212183632412377,0.1983093788675877,0.8775599544691702,0.7570901052178245,0.21152156250067378,0.5238725945593947,0.01220586666442548
4.5760000000000005,0.8775621026221802,0.7570917574908436,0.013211750265046392,0.19830981223495364,0.8775621026218273,0.7570917574918582,0.21152156250067372,0.5238725960831823,0.012205756606979513
4.58,0.8775642340977133,0.7570933969316358,0.013211320268092411,0.19831024223190763,0.8775642340973605,0.7570933969326505,0.21152156250067378,0.5238725975833988,0.012205647433205746
4.5840000000000005,0.8775663490254882,0.7570950236388256,0.01321089361531351,0.19831066888468651,0.8775663490251354,0.7570950236398404,0.21152156250067375,0.5238725990604085,0.012205539135852709
4.588,0.8775684475338684,0.7570966377112789,0.013210470280677407,0.1983110922193226,0.8775684475335156,0.7570966377122935,0.2115215625006738,0.5238726005145704,0.012205431707730816
4.5920000000000005,0.8775705297502233,0.7570982392470941,0.01321005023835483,0.19831151226164523,0.8775705297498705,0.7570982392481087,0.21152156250067378,0.5238726019462379,0.01220532514171178
4.596,0.8775725958009362,0.7570998283436089,0.013209633462717875,0.19831192903728218,0.8775725958005833,0.7570998283446235,0.21152156250067375,0.5238726033557586,0.01220521943072809
4.6000000000000005,0.8775746458114111,0.7571014050974059,0.013209219928338569,0.1983123425716615,0.8775746458110583,0.7571014050984205,0.21152156250067372,0.5238726047434752,0.012205114567772422
4.604,0.8775766799060811,0.757102969604318,0.013208809609987162,0.1983127528900129,0.8775766799057283,0.7571029696053327,0.21152156250067378,0.5238726061097247,0.012205010545897123
4.6080000000000005,0.8775786982084155,0.7571045219594349,0.013208402482630669,0.19831316001736937,0.8775786982080628,0.7571045219604496,0.21152156250067378,0.5238726074548392,0.012204907358213654
4.612,0.8775807008409272,0.7571060622571084,0.013207998521431272,0.19831356397856878,0.8775807008405745,0.757106062258123,0.2115215625006737,0.5238726087791455,0.012204804997892059
4.616,0.8775826879251801,0.757107590590958,0.013207597701744844,0.19831396479825517,0.8775826879248274,0.7571075905919727,0.21152156250067375,0.5238726100829654,0.01220470345816042
4.62,0.8775846595817967,0.7571091070538771,0.013207199999119396,0.19831436250088064,0.8775846595814439,0.7571091070548919,0.2115215625006737,0.5238726113666158,0.012204602732304368
4.624,0.8775866159304647,0.7571106117380383,0.013206805389293605,0.19831475711070642,0.877586615930112,0.757110611739053,0.21152156250067375,0.5238726126304084,0.012204502813666526
4.628,0.8775885570899453,0.7571121047348988,0.01320641384819527,0.19831514865180477,0.8775885570895926,0.7571121047359135,0.21152156250067378,0.5238726138746505,0.012204403695646014
4.632,0.8775904831780793,0.7571135861352063,0.013206025351939885,0.19831553714806013,0.8775904831777266,0.757113586136221,0.21152156250067383,0.5238726150996442,0.01220430537169793
4.636,0.8775923943117947,0.7571150560290043,0.013205639876829189,0.19831592262317088,0.877592394311442,0.757115056030019,0.21152156250067378,0.5238726163056876,0.012204207835332858
4.64,0.8775942906071138,0.7571165145056377,0.0132052573993496,0.19831630510065043,0.8775942906067611,0.7571165145066525,0.2115215625006738,0.5238726174930733,0.01220411108011635
4.644,0.8775961721791601,0.7571179616537582,0.013204877896170876,0.19831668460382917,0.8775961721788074,0.757117961654773,0.21152156250067378,0.5238726186620902,0.012204015099668442
4.648,0.877598039142165,0.7571193975613293,0.013204501344144672,0.1983170611558554,0.8775980391418123,0.757119397562344,0.21152156250067375,0.5238726198130224,0.012203919887663173
4.652,0.8775998916094753,0.7571208223156323,0.013204127720303088,0.198317434779697,0.8775998916091226,0.7571208223166469,0.21152156250067375,0.5238726209461492,0.012203825437828086
4.656,0.8776017296935591,0.7571222360032706,0.013203757001857235,0.19831780549814276,0.8776017296932064,0.7571222360042854,0.21152156250067372,0.5238726220617461,0.01220373174394375
4.66,0.8776035535060137,0.7571236387101765,0.013203389166195878,0.19831817333380414,0.877603553505661,0.7571236387111913,0.21152156250067372,0.5238726231600845,0.012203638799843285
4.664,0.8776053631575714,0.7571250305216147,0.013203024190884042,0.198318538309116,0.8776053631572187,0.7571250305226295,0.21152156250067372,0.5238726242414312,0.012203546599411898
4.668,0.8776071587581068,0.7571264115221886,0.013202662053661622,0.19831890044633843,0.8776071587577541,0.7571264115232034,0.21152156250067375,0.5238726253060488,0.012203455136586416
4.672,0.877608940416643,0.7571277817958448,0.013202302732442,0.198319259767558,0.8776089404162902,0.7571277817968597,0.21152156250067378,0.5238726263541962,0.012203364405354803
4.676,0.8776107082413582,0.757129141425879,0.013201946205310743,0.1983196162946893,0.8776107082410055,0.7571291414268937,0.21152156250067375,0.5238726273861282,0.012203274399755729
4.68,0.8776124623395929,0.7571304904949396,0.013201592450524177,0.19831997004947585,0.8776124623392402,0.7571304904959545,0.21152156250067375,0.5238726284020954,0.012203185113878119
4.684,0.8776142028178553,0.7571318290850347,0.013201241446508137,0.19832032105349193,0.8776142028175026,0.7571318290860495,0.21152156250067375,0.5238726294023448,0.012203096541860674
4.688,0.8776159297818287,0.7571331572775352,0.013200893171856567,0.19832066932814346,0.877615929781476,0.7571331572785499,0.21152156250067375,0.5238726303871194,0.012203008677891466
4.692,0.8776176433363772,0.7571344751531807,0.013200547605330263,0.19832101489466974,0.8776176433360244,0.7571344751541954,0.21152156250067372,0.5238726313566587,0.012202921516207454
4.696,0.8776193435855523,0.7571357827920845,0.01320020472585554,0.19832135777414453,0.8776193435851996,0.7571357827930991,0.21152156250067372,0.5238726323111984,0.0122028350510941
4.7,0.8776210306325993,0.7571370802737376,0.013199864512522941,0.19832169798747706,0.8776210306322466,0.7571370802747523,0.21152156250067372,0.5238726332509702,0.012202749276884887
4.704,0.8776227045799635,0.7571383676770149,0.013199526944585944,0.19832203555541408,0.8776227045796108,0.7571383676780296,0.2115215625006737,0.5238726341762028,0.012202664187960933
4.708,0.877624365529296,0.7571396450801784,0.013199192001459708,0.19832237049854032,0.8776243655289433,0.7571396450811931,0.21152156250067367,0.523872635087121,0.012202579778750547
4.712,0.8776260135814603,0.7571409125608832,0.013198859662719846,0.19832270283728015,0.8776260135811076,0.757140912561898,0.21152156250067372,0.5238726359839461,0.012202496043728807
4.716,0.8776276488365382,0.7571421701961817,0.013198529908101046,0.198323032591899,0.8776276488361855,0.7571421701971963,0.2115215625006737,0.5238726368668962,0.012202412977417164
4.72,0.8776292713938358,0.7571434180625278,0.01319820271749596,0.19832335978250404,0.8776292713934831,0.7571434180635426,0.2115215625006737,0.5238726377361858,0.012202330574383009
4.724,0.8776308813518897,0.7571446562357828,0.013197878070953928,0.1983236844290461,0.877630881351537,0.7571446562367975,0.21152156250067372,0.5238726385920263,0.012202248829239287
4.728,0.8776324788084726,0.7571458847912186,0.013197555948679702,0.19832400655132035,0.8776324788081199,0.7571458847922333,0.21152156250067372,0.5238726394346257,0.012202167736644072
4.732,0.8776340638605996,0.7571471038035232,0.013197236331032307,0.19832432616896772,0.8776340638602469,0.757147103804538,0.21152156250067372,0.5238726402641887,0.012202087291300191
4.736,0.8776356366045337,0.757148313346805,0.013196919198523796,0.19832464330147628,0.877635636604181,0.7571483133478197,0.21152156250067375,0.5238726410809171,0.01220200748795481
4.74,0.8776371971357918,0.7571495134945969,0.01319660453181807,0.19832495796818198,0.8776371971354391,0.7571495134956117,0.21152156250067372,0.5238726418850093,0.012201928321399052
4.744,0.8776387455491506,0.7571507043198614,0.01319629231172967,0.1983252701882704,0.8776387455487978,0.7571507043208762,0.21152156250067378,0.5238726426766608,0.012201849786467614
4.748,0.8776402819386518,0.7571518858949945,0.013195982519222611,0.19832557998077746,0.8776402819382992,0.7571518858960092,0.21152156250067375,0.523872643456064,0.012201771878038363
4.752,0.8776418063976088,0.7571530582918303,0.013195675135409222,0.1983258873645908,0.8776418063972562,0.7571530582928452,0.21152156250067375,0.5238726442234084,0.012201694591031983
4.756,0.877643319018611,0.7571542215816457,0.013195370141548991,0.19832619235845106,0.8776433190182585,0.7571542215826605,0.2115215625006737,0.5238726449788805,0.012201617920411576
4.76,0.8776448198935306,0.7571553758351639,0.01319506751904738,0.19832649498095267,0.8776448198931781,0.7571553758361788,0.2115215625006737,0.523872645722664,0.012201541861182299
4.764,0.8776463091135274,0.7571565211225595,0.013194767249454734,0.19832679525054533,0.8776463091131749,0.7571565211235743,0.21152156250067372,0.5238726464549397,0.012201466408390994
4.768,0.8776477867690544,0.7571576575134621,0.013194469314465116,0.1983270931855349,0.8776477867687019,0.7571576575144771,0.21152156250067375,0.5238726471758854,0.012201391557125822
4.772,0.8776492529498637,0.7571587850769612,0.013194173695915216,0.19832738880408482,0.8776492529495112,0.7571587850779762,0.21152156250067378,0.5238726478856767,0.012201317302515897
4.776,0.8776507077450115,0.7571599038816098,0.01319388037578319,0.1983276821242168,0.877650707744659,0.7571599038826249,0.21152156250067383,0.5238726485844858,0.012201243639730928
4.78,0.8776521512428637,0.7571610139954291,0.01319358933618759,0.19832797316381248,0.8776521512425112,0.7571610139964441,0.21152156250067383,0.5238726492724829,0.012201170563980875
4.784,0.8776535835311008,0.7571621154859116,0.013193300559386265,0.1983282619406138,0.8776535835307483,0.7571621154869267,0.2115215625006738,0.5238726499498351,0.012201098070515564
4.788,0.877655004696724,0.7571632084200267,0.013193014027775271,0.19832854847222472,0.8776550046963715,0.7571632084210419,0.21152156250067386,0.5238726506167068,0.012201026154624381
4.792,0.8776564148260597,0.7571642928642238,0.013192729723887768,0.19832883277611227,0.8776564148257073,0.757164292865239,0.21152156250067383,0.5238726512732607,0.012200954811635903
4.796,0.8776578140047654,0.7571653688844363,0.013192447630392967,0.19832911486960708,0.877657814004413,0.7571653688854514,0.21152156250067378,0.5238726519196559,0.012200884036917544
4.8,0.877659202317834,0.7571664365460857,0.0131921677300951,0.19832939476990494,0.8776592023174816,0.7571664365471008,0.2115215625006738,0.5238726525560498,0.012200813825875243
4.804,0.8776605798495998,0.757167495914086,0.013191890005932334,0.19832967249406772,0.8776605798492474,0.7571674959151011,0.21152156250067375,0.523872653182597,0.012200744173953108
4.808,0.877661946683743,0.7571685470528472,0.013191614440975715,0.19832994805902437,0.8776619466833906,0.7571685470538623,0.21152156250067375,0.5238726537994499,0.012200675076633097
4.812,0.8776633029032952,0.7571695900262793,0.013191341018428109,0.19833022148157195,0.8776633029029428,0.7571695900272943,0.2115215625006738,0.5238726544067583,0.01220060652943467
4.816,0.8776646485906442,0.7571706248977961,0.013191069721623268,0.19833049277837683,0.8776646485902918,0.7571706248988112,0.21152156250067378,0.5238726550046702,0.012200538527914485
4.82,0.8776659838275388,0.7571716517303192,0.013190800534024718,0.19833076196597532,0.8776659838271865,0.7571716517313344,0.2115215625006738,0.5238726555933304,0.012200471067666058
4.824,0.8776673086950942,0.757172670586282,0.013190533439224746,0.1983310290607753,0.877667308694742,0.7571726705872972,0.21152156250067383,0.5238726561728826,0.01220040414431945
4.828,0.8776686232737965,0.7571736815276329,0.013190268420943497,0.1983312940790565,0.8776686232734443,0.7571736815286482,0.21152156250067378,0.5238726567434673,0.012200337753540942
4.832,0.8776699276435076,0.7571746846158396,0.013190005463027834,0.1983315570369722,0.8776699276431555,0.757174684616855,0.21152156250067383,0.5238726573052235,0.012200271891032729
4.836,0.8776712218834705,0.7571756799118927,0.013189744549450424,0.19833181795054963,0.8776712218831184,0.7571756799129081,0.2115215625006738,0.5238726578582876,0.012200206552532605
4.84,0.8776725060723133,0.7571766674763092,0.0131894856643088,0.1983320768356912,0.8776725060719612,0.7571766674773246,0.2115215625006738,0.523872658402794,0.012200141733813646
4.844,0.8776737802880547,0.7571776473691362,0.01318922879182429,0.1983323337081757,0.8776737802877026,0.7571776473701517,0.21152156250067383,0.5238726589388752,0.012200077430683931
4.848,0.8776750446081082,0.757178619649955,0.013188973916341112,0.19833258858365893,0.8776750446077561,0.7571786196509706,0.21152156250067386,0.5238726594666617,0.012200013638986202
4.852,0.8776762991092872,0.7571795843778842,0.01318872102232539,0.1983328414776747,0.8776762991089352,0.7571795843788997,0.21152156250067386,0.5238726599862816,0.01219995035459759
4.856,0.8776775438678094,0.7571805416115832,0.013188470094364213,0.1983330924056358,0.8776775438674573,0.7571805416125987,0.21152156250067386,0.5238726604978612,0.012199887573429312
4.86,0.8776787789593011,0.7571814914092566,0.01318822111716474,0.19833334138283534,0.8776787789589491,0.757181491410272,0.2115215625006738,0.5238726610015251,0.01219982529142637
4.864,0.8776800044588026,0.7571824338286565,0.013187974075553137,0.19833358842444687,0.8776800044584505,0.757182433829672,0.21152156250067383,0.5238726614973954,0.012199763504567265
4.868,0.8776812204407719,0.757183368927087,0.013187728954473768,0.19833383354552625,0.8776812204404199,0.7571833689281026,0.21152156250067383,0.5238726619855931,0.012199702208863704
4.872,0.8776824269790898,0.7571842967614076,0.013187485738988208,0.19833407676101183,0.8776824269787378,0.757184296762423,0.21152156250067383,0.5238726624662366,0.012199641400360318
4.876,0.877683624147064,0.7571852173880358,0.013187244414274393,0.19833431808572569,0.8776836241467121,0.7571852173890512,0.2115215625006738,0.523872662939443,0.01219958107513438
4.88,0.8776848120174338,0.7571861308629513,0.013187004965625623,0.19833455753437437,0.8776848120170819,0.7571861308639668,0.21152156250067375,0.523872663405327,0.012199521229295513
4.884,0.8776859906623742,0.7571870372416997,0.013186767378449687,0.19833479512155042,0.8776859906620224,0.7571870372427151,0.21152156250067378,0.5238726638640024,0.012199461858985424
4.888,0.8776871601535005,0.7571879365793944,0.01318653163826807,0.19833503086173196,0.8776871601531486,0.75718793658041,0.21152156250067378,0.5238726643155802,0.012199402960377616
4.892,0.8776883205618726,0.757188828930722,0.013186297730714922,0.19833526476928512,0.8776883205615208,0.7571888289317376,0.21152156250067375,0.5238726647601705,0.01219934452967712
4.896,0.8776894719579993,0.7571897143499438,0.013186065641536283,0.19833549685846374,0.8776894719576475,0.7571897143509594,0.21152156250067378,0.5238726651978813,0.012199286563120238
4.9,0.8776906144118424,0.7571905928909001,0.013185835356589131,0.1983357271434109,0.8776906144114905,0.7571905928919157,0.2115215625006738,0.5238726656288192,0.012199229056974244
4.904,0.8776917479928212,0.7571914646070133,0.013185606861840579,0.19833595563815948,0.8776917479924694,0.7571914646080288,0.21152156250067383,0.5238726660530887,0.01219917200753715
4.908,0.8776928727698166,0.7571923295512905,0.01318538014336701,0.19833618235663297,0.8776928727694648,0.7571923295523061,0.21152156250067375,0.523872666470793,0.012199115411137414
4.912,0.877693988811175,0.757193187776328,0.013185155187353179,0.19833640731264687,0.8776939888108233,0.7571931877773437,0.2115215625006738,0.523872666882034,0.012199059264133704
4.916,0.8776950961847131,0.7571940393343135,0.013184931980091368,0.1983366305199087,0.8776950961843614,0.7571940393353291,0.2115215625006738,0.5238726672869115,0.012199003562914621
4.92,0.8776961949577211,0.7571948842770292,0.01318471050798067,0.19833685199201936,0.8776961949573694,0.7571948842780448,0.2115215625006738,0.5238726676855238,0.012198948303898454
4.924,0.8776972851969675,0.7571957226558557,0.013184490757525971,0.19833707174247409,0.8776972851966159,0.7571957226568713,0.21152156250067375,0.523872668077968,0.012198893483532921
4.928,0.8776983669687031,0.7571965545217743,0.013184272715337246,0.19833728978466278,0.8776983669683515,0.7571965545227899,0.21152156250067375,0.5238726684643394,0.01219883909829491
4.932,0.8776994403386643,0.7571973799253707,0.013184056368128732,0.1983375061318713,0.8776994403383127,0.7571973799263864,0.21152156250067375,0.5238726688447322,0.01219878514469025
4.936,0.8777005053720781,0.757198198916838,0.013183841702718033,0.19833772079728199,0.8777005053717265,0.7571981989178537,0.21152156250067375,0.5238726692192387,0.012198731619253432
4.94,0.8777015621336652,0.7571990115459794,0.013183628706025432,0.19833793379397457,0.8777015621333136,0.757199011546995,0.21152156250067372,0.52387266958795,0.012198678518547413
4.944,0.8777026106876443,0.7571998178622112,0.01318341736507302,0.19833814513492698,0.8777026106872928,0.7571998178632269,0.21152156250067364,0.5238726699509557,0.012198625839163315
4.948,0.8777036510977362,0.7572006179145666,0.013183207666983877,0.19833835483301615,0.8777036510973847,0.7572006179155822,0.2115215625006737,0.5238726703083443,0.01219857357772023
4.952,0.877704683427167,0.7572014117516975,0.013182999598981338,0.1983385629010187,0.8777046834268155,0.7572014117527132,0.21152156250067364,0.5238726706602025,0.01219852173086496
4.956,0.8777057077386726,0.7572021994218785,0.013182793148388203,0.19833876935161182,0.8777057077383211,0.757202199422894,0.21152156250067367,0.5238726710066158,0.01219847029527178
4.96,0.8777067240945021,0.7572029809730089,0.01318258830262597,0.19833897419737404,0.8777067240941506,0.7572029809740245,0.21152156250067367,0.5238726713476687,0.01219841926764222
4.964,0.8777077325564219,0.7572037564526166,0.01318238504921399,0.19833917745078605,0.8777077325560704,0.7572037564536322,0.21152156250067367,0.523872671683444,0.012198368644704825
4.968,0.8777087331857188,0.7572045259078602,0.013182183375768817,0.19833937912423122,0.8777087331853674,0.7572045259088759,0.21152156250067367,0.5238726720140232,0.012198318423214904
4.972,0.8777097260432047,0.7572052893855323,0.013181983270003349,0.1983395792299967,0.8777097260428532,0.7572052893865479,0.21152156250067367,0.523872672339487,0.012198268599954345
4.976,0.8777107111892194,0.7572060469320618,0.013181784719726159,0.19833977778027384,0.8777107111888679,0.7572060469330775,0.2115215625006737,0.5238726726599142,0.012198219171731353
4.98,0.8777116886836346,0.7572067985935177,0.013181587712840673,0.19833997478715934,0.8777116886832831,0.7572067985945333,0.21152156250067372,0.5238726729753831,0.012198170135380243
4.984,0.8777126585858576,0.7572075444156108,0.01318139223734449,0.19834017026265552,0.8777126585855061,0.7572075444166264,0.2115215625006737,0.5238726732859702,0.01219812148776122
4.988,0.8777136209548346,0.7572082844436971,0.013181198281328665,0.1983403642186714,0.8777136209544831,0.7572082844447128,0.2115215625006737,0.5238726735917512,0.012198073225760142
4.992,0.8777145758490549,0.7572090187227805,0.013181005832976865,0.1983405566670232,0.8777145758487034,0.7572090187237962,0.21152156250067375,0.5238726738928001,0.01219802534628833
4.996,0.8777155233265536,0.7572097472975154,0.013180814880564773,0.1983407476194353,0.8777155233262021,0.7572097472985312,0.21152156250067372,0.5238726741891905,0.012197977846282331
5.0,0.8777164634449157,0.7572104702122097,0.01318062541245932,0.19834093708754072,0.8777164634445642,0.7572104702132254,0.21152156250067375,0.5238726744809942,0.012197930722703705
5.0040000000000004,0.8777173962612795,0.7572111875108267,0.013180437417117965,0.1983411250828821,0.877717396260928,0.7572111875118425,0.21152156250067383,0.5238726747682824,0.012197883972538825
5.008,0.8777183218323399,0.757211899236989,0.013180250883087996,0.19834131161691207,0.8777183218319884,0.7572118992380047,0.21152156250067383,0.5238726750511248,0.012197837592798664
5.0120000000000005,0.8777192402143519,0.7572126054339798,0.013180065799005849,0.1983414967009942,0.8777192402140004,0.7572126054349957,0.2115215625006738,0.5238726753295903,0.012197791580518584
5.016,0.8777201514631341,0.757213306144747,0.013179882153596362,0.19834168034640368,0.8777201514627826,0.7572133061457629,0.21152156250067383,0.5238726756037464,0.01219774593275812
5.0200000000000005,0.8777210556340719,0.7572140014119043,0.013179699935672192,0.19834186256432784,0.8777210556337204,0.7572140014129202,0.21152156250067383,0.52387267587366,0.0121977006466008
5.024,0.8777219527821211,0.7572146912777348,0.01317951913413298,0.198342043365867,0.8777219527817696,0.7572146912787507,0.21152156250067383,0.5238726761393967,0.012197655719153919
5.0280000000000005,0.8777228429618109,0.7572153757841934,0.013179339737964816,0.19834222276203525,0.8777228429614594,0.7572153757852093,0.21152156250067383,0.5238726764010213,0.012197611147548349
5.032,0.8777237262272477,0.7572160549729089,0.013179161736239455,0.19834240076376058,0.8777237262268962,0.7572160549739249,0.2115215625006739,0.523872676658597,0.012197566928938352
5.0360000000000005,0.8777246026321178,0.7572167288851872,0.013178985118113731,0.19834257738188635,0.8777246026317663,0.7572167288862031,0.21152156250067383,0.5238726769121869,0.012197523060501347
5.04,0.8777254722296912,0.7572173975620131,0.013178809872828816,0.19834275262717127,0.8777254722293397,0.757217397563029,0.21152156250067383,0.5238726771618524,0.012197479539437759
5.0440000000000005,0.8777263350728243,0.7572180610440534,0.013178635989709656,0.1983429265102904,0.8777263350724728,0.7572180610450693,0.2115215625006738,0.5238726774076542,0.012197436362970797
5.048,0.8777271912139634,0.7572187193716591,0.01317846345816424,0.19834309904183578,0.8777271912136119,0.7572187193726749,0.2115215625006738,0.5238726776496522,0.012197393528346267
5.0520000000000005,0.8777280407051479,0.7572193725848677,0.01317829226768301,0.19834327023231701,0.8777280407047964,0.7572193725858836,0.21152156250067383,0.5238726778879051,0.012197351032832381
5.056,0.8777288835980134,0.7572200207234059,0.013178122407838154,0.19834344009216187,0.8777288835976619,0.7572200207244217,0.2115215625006738,0.5238726781224712,0.012197308873719588
5.0600000000000005,0.8777297199437949,0.757220663826692,0.013177953868282985,0.19834360863171704,0.8777297199434434,0.7572206638277078,0.21152156250067378,0.5238726783534072,0.012197267048320356
5.064,0.8777305497933297,0.7572213019338379,0.013177786638751413,0.19834377586124863,0.8777305497929782,0.7572213019348538,0.2115215625006738,0.5238726785807695,0.012197225553969014
5.0680000000000005,0.8777313731970605,0.7572219350836523,0.013177620709057158,0.19834394179094292,0.877731373196709,0.7572219350846682,0.2115215625006739,0.5238726788046132,0.012197184388021547
5.072,0.877732190205039,0.7572225633146419,0.013177456069093207,0.1983441064309068,0.8777321902046875,0.7572225633156578,0.21152156250067386,0.5238726790249927,0.012197143547855423
5.0760000000000005,0.8777330008669281,0.757223186665015,0.013177292708831225,0.19834426979116881,0.8777330008665766,0.7572231866660308,0.21152156250067383,0.5238726792419619,0.012197103030869426
5.08,0.8777338052320053,0.7572238051726826,0.0131771306183209,0.19834443188167916,0.8777338052316538,0.7572238051736985,0.21152156250067383,0.5238726794555734,0.012197062834483461
5.0840000000000005,0.877734603349166,0.7572244188752619,0.013176969787689298,0.19834459271231078,0.8777346033488145,0.7572244188762777,0.21152156250067378,0.5238726796658791,0.012197022956138377
5.088,0.8777353952669259,0.7572250278100774,0.013176810207140366,0.19834475229285967,0.8777353952665744,0.7572250278110932,0.21152156250067378,0.5238726798729302,0.012196983393295795
5.0920000000000005,0.8777361810334243,0.7572256320141642,0.013176651866954258,0.19834491063304574,0.8777361810330728,0.75722563201518,0.21152156250067378,0.523872680076777,0.012196944143437936
5.096,0.8777369606964269,0.7572262315242696,0.013176494757486727,0.19834506774251334,0.8777369606960754,0.7572262315252853,0.21152156250067378,0.5238726802774694,0.012196905204067458
5.1000000000000005,0.8777377343033287,0.7572268263768553,0.013176338869168608,0.19834522363083143,0.8777377343029772,0.7572268263778712,0.21152156250067378,0.5238726804750558,0.012196866572707262
5.104,0.8777385019011569,0.7572274166081006,0.01317618419250515,0.1983453783074949,0.8777385019008055,0.7572274166091164,0.21152156250067378,0.5238726806695844,0.012196828246900339
5.1080000000000005,0.8777392635365738,0.757228002253903,0.013176030718075472,0.19834553178192454,0.8777392635362224,0.7572280022549188,0.21152156250067375,0.5238726808611025,0.012196790224209606
5.112,0.8777400192558795,0.7572285833498816,0.01317587843653204,0.198345684063468,0.8777400192555281,0.7572285833508975,0.21152156250067375,0.5238726810496568,0.012196752502217722
5.1160000000000005,0.8777407691050149,0.7572291599313791,0.013175727338599988,0.19834583516140006,0.8777407691046635,0.7572291599323949,0.21152156250067378,0.5238726812352931,0.012196715078526939
5.12,0.877741513129564,0.7572297320334632,0.013175577415076661,0.1983459850849234,0.8777415131292127,0.7572297320344791,0.21152156250067378,0.5238726814180565,0.012196677950758935
5.124,0.8777422513747575,0.7572302996909297,0.013175428656830983,0.19834613384316904,0.8777422513744061,0.7572302996919457,0.21152156250067378,0.5238726815979915,0.012196641116554642
5.128,0.8777429838854747,0.7572308629383041,0.013175281054802927,0.1983462814451971,0.8777429838851233,0.7572308629393201,0.2115215625006738,0.5238726817751418,0.012196604573574101
5.132,0.8777437107062468,0.7572314218098436,0.013175134600002907,0.1983464278999971,0.8777437107058954,0.7572314218108597,0.21152156250067383,0.5238726819495506,0.012196568319496297
5.136,0.8777444318812594,0.7572319763395398,0.01317498928351132,0.19834657321648874,0.877744431880908,0.7572319763405557,0.2115215625006738,0.5238726821212604,0.012196532352018992
5.14,0.877745147454355,0.7572325265611196,0.013174845096477978,0.19834671740352208,0.8777451474540036,0.7572325265621356,0.21152156250067383,0.5238726822903127,0.012196496668858574
5.144,0.8777458574690358,0.7572330725080486,0.013174702030121497,0.1983468604698786,0.8777458574686844,0.7572330725090646,0.2115215625006739,0.5238726824567488,0.012196461267749911
5.148,0.8777465619684667,0.7572336142135322,0.013174560075728814,0.19834700242427122,0.8777465619681153,0.7572336142145483,0.21152156250067386,0.523872682620609,0.012196426146446192
5.152,0.8777472609954772,0.7572341517105181,0.013174419224654697,0.19834714327534536,0.8777472609951258,0.7572341517115342,0.2115215625006739,0.5238726827819334,0.012196391302718768
5.156,0.8777479545925646,0.757234685031698,0.01317427946832111,0.19834728303167892,0.8777479545922132,0.7572346850327141,0.21152156250067386,0.5238726829407612,0.012196356734357004
5.16,0.8777486428018964,0.7572352142095097,0.013174140798216778,0.19834742170178324,0.877748642801545,0.7572352142105259,0.2115215625006739,0.5238726830971309,0.012196322439168142
5.164,0.8777493256653125,0.7572357392761393,0.013174003205896649,0.1983475592941034,0.8777493256649611,0.7572357392771554,0.21152156250067386,0.5238726832510806,0.012196288414977129
5.168,0.8777500032243284,0.7572362602635225,0.013173866682981358,0.19834769581701867,0.877750003223977,0.7572362602645387,0.21152156250067392,0.5238726834026478,0.012196254659626486
5.172,0.8777506755201372,0.7572367772033475,0.013173731221156714,0.1983478312788433,0.8777506755197858,0.7572367772043638,0.21152156250067397,0.5238726835518693,0.012196221170976164
5.176,0.8777513425936123,0.757237290127056,0.013173596812173215,0.1983479656878268,0.8777513425932609,0.7572372901280723,0.21152156250067397,0.5238726836987815,0.012196187946903391
5.18,0.87775200448531,0.7572377990658459,0.013173463447845505,0.1983480990521546,0.8777520044849586,0.7572377990668621,0.21152156250067397,0.5238726838434201,0.012196154985302531
5.184,0.8777526612354715,0.7572383040506722,0.013173331120051972,0.19834823137994803,0.8777526612351201,0.7572383040516885,0.21152156250067394,0.52387268398582,0.012196122284084945
5.188,0.8777533128840257,0.7572388051122501,0.013173199820734132,0.1983483626792659,0.8777533128836743,0.7572388051132664,0.21152156250067397,0.5238726841260163,0.012196089841178849
5.192,0.8777539594705919,0.757239302281056,0.013173069541896164,0.19834849295810383,0.8777539594702405,0.7572393022820723,0.21152156250067394,0.5238726842640428,0.01219605765452917
5.196,0.8777546010344814,0.7572397955873296,0.013172940275604512,0.1983486222243955,0.87775460103413,0.7572397955883459,0.21152156250067397,0.5238726843999332,0.012196025722097412
5.2,0.8777552376147009,0.7572402850610758,0.01317281201398726,0.19834875048601275,0.8777552376143495,0.7572402850620921,0.21152156250067403,0.5238726845337205,0.012195994041861521
5.204,0.8777558692499537,0.7572407707320663,0.013172684749233795,0.19834887775076626,0.8777558692496024,0.7572407707330826,0.21152156250067394,0.5238726846654373,0.012195962611815747
5.208,0.8777564959786432,0.7572412526298419,0.01317255847359422,0.19834900402640585,0.8777564959782919,0.7572412526308582,0.21152156250067403,0.5238726847951156,0.0121959314299705
5.212,0.8777571178388746,0.7572417307837137,0.013172433179378898,0.19834912932062115,0.8777571178385232,0.75724173078473,0.211521562500674,0.5238726849227869,0.012195900494352232
5.216,0.877757734868457,0.7572422052227653,0.013172308858958056,0.198349253641042,0.8777577348681056,0.7572422052237816,0.21152156250067397,0.5238726850484824,0.0121958698030033
5.22,0.8777583471049063,0.7572426759758544,0.013172185504761236,0.19834937699523883,0.8777583471045549,0.7572426759768707,0.21152156250067397,0.5238726851722325,0.012195839353981825
5.224,0.8777589545854471,0.7572431430716143,0.013172063109276915,0.19834949939072313,0.8777589545850957,0.7572431430726306,0.21152156250067397,0.5238726852940674,0.012195809145361567
5.228,0.8777595573470149,0.7572436065384565,0.013171941665051918,0.19834962083494814,0.8777595573466637,0.7572436065394728,0.21152156250067392,0.5238726854140168,0.012195779175231802
5.232,0.877760155426259,0.7572440664045711,0.013171821164691108,0.19834974133530892,0.8777601554259077,0.7572440664055875,0.21152156250067394,0.5238726855321096,0.012195749441697195
5.236,0.8777607488595435,0.7572445226979301,0.01317170160085682,0.1983498608991432,0.8777607488591922,0.7572445226989464,0.21152156250067394,0.5238726856483749,0.012195719942877652
5.24,0.8777613376829506,0.7572449754462875,0.013171582966268516,0.1983499795337315,0.8777613376825993,0.7572449754473037,0.21152156250067394,0.5238726857628407,0.012195690676908219
5.244,0.8777619219322825,0.7572454246771821,0.013171465253702217,0.19835009724629782,0.8777619219319313,0.7572454246781983,0.21152156250067386,0.5238726858755351,0.012195661641938955
5.248,0.8777625016430632,0.7572458704179388,0.013171348455990212,0.1983502140440098,0.877762501642712,0.7572458704189551,0.21152156250067394,0.5238726859864853,0.01219563283613479
5.252,0.8777630768505411,0.7572463126956702,0.013171232566020484,0.19835032993397955,0.8777630768501898,0.7572463126966865,0.21152156250067394,0.5238726860957185,0.012195604257675416
5.256,0.8777636475896908,0.7572467515372784,0.013171117576736356,0.19835044492326365,0.8777636475893396,0.7572467515382947,0.21152156250067392,0.5238726862032609,0.01219557590475517
5.26,0.8777642138952158,0.7572471869694564,0.013171003481136005,0.198350559018864,0.8777642138948645,0.7572471869704727,0.21152156250067392,0.5238726863091391,0.012195547775582901
5.264,0.8777647758015495,0.7572476190186902,0.01317089027227211,0.19835067222772798,0.8777647758011983,0.7572476190197064,0.21152156250067392,0.5238726864133787,0.012195519868381853
5.268,0.8777653333428588,0.7572480477112596,0.013170777943251367,0.1983507845567487,0.8777653333425075,0.7572480477122758,0.21152156250067392,0.5238726865160048,0.012195492181389562
5.272,0.8777658865530447,0.7572484730732407,0.013170666487234061,0.19835089601276595,0.8777658865526934,0.7572484730742569,0.21152156250067383,0.5238726866170427,0.012195464712857712
5.276,0.8777664354657452,0.757248895130507,0.013170555897433737,0.19835100660256627,0.8777664354653939,0.7572488951315232,0.2115215625006739,0.5238726867165168,0.012195437461052047
5.28,0.8777669801143374,0.7572493139087308,0.013170446167116647,0.19835111633288338,0.8777669801139861,0.757249313909747,0.2115215625006739,0.5238726868144514,0.01219541042425223
5.284,0.8777675205319391,0.7572497294333853,0.01317033728960145,0.1983512252103986,0.8777675205315878,0.7572497294344016,0.2115215625006739,0.5238726869108704,0.012195383600751748
5.288,0.8777680567514109,0.7572501417297458,0.013170229258258765,0.19835133324174128,0.8777680567510596,0.7572501417307621,0.21152156250067394,0.523872687005797,0.012195356988857787
5.292,0.8777685888053586,0.757250550822891,0.013170122066510767,0.19835144043348926,0.8777685888050073,0.7572505508239074,0.21152156250067392,0.5238726870992545,0.01219533058689113
5.296,0.8777691167261344,0.7572509567377055,0.0131700157078308,0.19835154679216926,0.8777691167257832,0.7572509567387216,0.21152156250067386,0.5238726871912656,0.012195304393186028
5.3,0.8777696405458398,0.7572513594988795,0.01316991017574295,0.19835165232425708,0.8777696405454886,0.7572513594998956,0.21152156250067383,0.5238726872818525,0.01219527840609011
5.304,0.8777701602963268,0.7572517591309124,0.013169805463821679,0.19835175703617833,0.8777701602959755,0.7572517591319287,0.21152156250067386,0.5238726873710375,0.012195252623964259
5.308,0.8777706760092001,0.7572521556581131,0.013169701565691434,0.1983518609343086,0.8777706760088488,0.7572521556591293,0.2115215625006739,0.5238726874588422,0.012195227045182508
5.312,0.8777711877158192,0.7572525491046013,0.013169598475026204,0.19835196402497385,0.877771187715468,0.7572525491056176,0.2115215625006739,0.523872687545288,0.012195201668131933
5.316,0.8777716954473,0.7572529394943098,0.01316949618554921,0.19835206631445082,0.8777716954469489,0.7572529394953261,0.21152156250067386,0.5238726876303959,0.012195176491212552
5.32,0.877772199234517,0.7572533268509856,0.01316939469103248,0.19835216780896753,0.8777721992341658,0.7572533268520018,0.21152156250067383,0.5238726877141864,0.012195151512837201
5.324,0.8777726991081047,0.7572537111981905,0.013169293985296458,0.19835226851470353,0.8777726991077536,0.7572537111992068,0.21152156250067386,0.5238726877966802,0.012195126731431449
5.328,0.8777731950984601,0.7572540925593042,0.013169194062209668,0.19835236843779033,0.8777731950981089,0.7572540925603205,0.21152156250067392,0.5238726878778972,0.012195102145433482
5.332,0.8777736872357439,0.7572544709575243,0.01316909491568831,0.19835246758431174,0.8777736872353927,0.7572544709585405,0.21152156250067383,0.5238726879578574,0.012195077753293999
5.336,0.8777741755498827,0.7572548464158682,0.013168996539695917,0.19835256596030412,0.8777741755495315,0.7572548464168843,0.21152156250067386,0.5238726880365798,0.01219505355347613
5.34,0.8777746600705709,0.7572552189571745,0.013168898928242908,0.19835266357175707,0.8777746600702198,0.7572552189581908,0.21152156250067386,0.5238726881140838,0.012195029544455302
5.344,0.8777751408272723,0.7572555886041049,0.01316880207538634,0.19835276042461367,0.8777751408269211,0.7572555886051212,0.2115215625006739,0.5238726881903885,0.01219500572471916
5.348,0.8777756178492218,0.7572559553791446,0.013168705975229457,0.19835285652477055,0.8777756178488706,0.7572559553801609,0.2115215625006739,0.523872688265512,0.012194982092767459
5.352,0.8777760911654274,0.7572563193046042,0.013168610621921366,0.1983529518780787,0.8777760911650763,0.7572563193056204,0.21152156250067392,0.523872688339473,0.01219495864711197
5.356,0.877776560804672,0.7572566804026211,0.013168516009656663,0.19835304649034338,0.8777765608043209,0.7572566804036373,0.21152156250067383,0.5238726884122892,0.012194935386276383
5.36,0.8777770267955148,0.7572570386951606,0.013168422132675116,0.1983531403673249,0.8777770267951637,0.7572570386961769,0.21152156250067386,0.5238726884839784,0.012194912308796203
5.364,0.8777774891662935,0.7572573942040177,0.013168328985261255,0.19835323351473877,0.8777774891659423,0.757257394205034,0.21152156250067386,0.523872688554558,0.012194889413218663
5.368,0.8777779479451255,0.7572577469508179,0.013168236561744068,0.19835332593825594,0.8777779479447744,0.7572577469518342,0.21152156250067392,0.5238726886240452,0.012194866698102606
5.372,0.8777784031599102,0.7572580969570186,0.013168144856496656,0.1983534176435034,0.877778403159559,0.757258096958035,0.2115215625006739,0.5238726886924572,0.012194844162018426
5.376,0.8777788548383301,0.757258444243911,0.013168053863935835,0.19835350863606424,0.8777788548379789,0.7572584442449273,0.2115215625006739,0.5238726887598102,0.012194821803547947
5.38,0.8777793030078528,0.7572587888326203,0.013167963578521904,0.19835359892147816,0.8777793030075016,0.7572587888336365,0.2115215625006739,0.5238726888261207,0.012194799621284337
5.384,0.8777797476957329,0.7572591307441079,0.013167873994758158,0.19835368850524188,0.8777797476953817,0.7572591307451242,0.21152156250067392,0.5238726888914049,0.012194777613832015
5.388,0.877780188929013,0.7572594699991726,0.013167785107190707,0.19835377739280935,0.8777801889286618,0.7572594700001889,0.21152156250067394,0.5238726889556787,0.012194755779806558
5.392,0.877780626734526,0.7572598066184513,0.013167696910408044,0.198353865589592,0.8777806267341748,0.7572598066194676,0.21152156250067392,0.5238726890189578,0.012194734117834623
5.396,0.8777810611388963,0.7572601406224208,0.013167609399040707,0.19835395310095935,0.8777810611385451,0.757260140623437,0.21152156250067397,0.5238726890812574,0.012194712626553831
5.4,0.8777814921685417,0.7572604720313986,0.013167522567761042,0.19835403993223896,0.8777814921681906,0.757260472032415,0.2115215625006739,0.5238726891425928,0.012194691304612702
5.404,0.8777819198496748,0.7572608008655448,0.013167436411282795,0.19835412608871722,0.8777819198493236,0.7572608008665612,0.21152156250067392,0.5238726892029789,0.012194670150670555
5.408,0.8777823442083046,0.7572611271448627,0.013167350924360817,0.19835421157563926,0.8777823442079534,0.757261127145879,0.2115215625006739,0.5238726892624305,0.01219464916339743
5.412,0.8777827652702382,0.7572614508891999,0.01316726610179074,0.19835429639820928,0.8777827652698871,0.7572614508902163,0.21152156250067392,0.5238726893209618,0.012194628341473977
5.416,0.8777831830610824,0.7572617721182504,0.01316718193840869,0.19835438056159135,0.8777831830607312,0.7572617721192668,0.2115215625006739,0.5238726893785872,0.012194607683591398
5.42,0.877783597606245,0.7572620908515549,0.013167098429090921,0.19835446407090915,0.8777835976058939,0.7572620908525712,0.21152156250067392,0.5238726894353207,0.012194587188451345
5.424,0.8777840089309368,0.7572624071085022,0.013167015568753514,0.19835454693124646,0.8777840089305856,0.7572624071095186,0.21152156250067394,0.523872689491176,0.012194566854765847
5.428,0.8777844170601724,0.7572627209083309,0.013166933352352111,0.1983546291476479,0.8777844170598212,0.7572627209093473,0.21152156250067392,0.5238726895461671,0.012194546681257202
5.432,0.8777848220187725,0.7572630322701298,0.01316685177488159,0.19835471072511843,0.8777848220184213,0.7572630322711462,0.21152156250067392,0.5238726896003069,0.012194526666657926
5.436,0.877785223831365,0.7572633412128394,0.013166770831375678,0.19835479166862435,0.8777852238310139,0.757263341213856,0.21152156250067394,0.5238726896536088,0.012194506809710636
5.44,0.8777856225223866,0.7572636477552536,0.013166690516906783,0.19835487198309326,0.8777856225220354,0.75726364775627,0.21152156250067394,0.5238726897060857,0.012194487109168
5.444,0.877786018116084,0.7572639519160195,0.013166610826585599,0.19835495167341444,0.8777860181157329,0.7572639519170359,0.2115215625006739,0.5238726897577504,0.01219446756379264
5.448,0.877786410636516,0.75726425371364,0.013166531755560849,0.19835503074443922,0.8777864106361648,0.7572642537146563,0.21152156250067386,0.5238726898086155,0.012194448172357042
5.452,0.8777868001075542,0.7572645531664741,0.013166453299018976,0.1983551092009811,0.877786800107203,0.7572645531674903,0.21152156250067392,0.5238726898586932,0.0121944289336435
5.456,0.877787186552885,0.7572648502927379,0.013166375452183852,0.1983551870478162,0.8777871865525338,0.7572648502937542,0.21152156250067394,0.5238726899079958,0.012194409846444005
5.46,0.877787569996011,0.7572651451105065,0.01316629821031645,0.19835526428968359,0.8777875699956599,0.7572651451115229,0.21152156250067392,0.5238726899565355,0.012194390909560196
5.464,0.8777879504602523,0.7572654376377143,0.01316622156871461,0.19835534093128543,0.8777879504599011,0.7572654376387307,0.21152156250067394,0.5238726900043238,0.012194372121803273
5.468,0.8777883279687475,0.7572657278921563,0.013166145522712768,0.19835541697728729,0.8777883279683963,0.7572657278931727,0.21152156250067394,0.5238726900513725,0.012194353481993903
5.472,0.8777887025444561,0.7572660158914896,0.013166070067681576,0.19835549243231845,0.8777887025441049,0.757266015892506,0.21152156250067394,0.5238726900976929,0.012194334988962168
5.476,0.8777890742101587,0.7572663016532337,0.013165995199027732,0.1983555673009723,0.8777890742098076,0.7572663016542501,0.21152156250067394,0.5238726901432965,0.012194316641547475
5.48,0.8777894429884596,0.7572665851947726,0.013165920912193617,0.19835564158780644,0.8777894429881085,0.7572665851957889,0.21152156250067394,0.5238726901881942,0.012194298438598478
5.484,0.8777898089017871,0.7572668665333545,0.013165847202657068,0.19835571529734297,0.877789808901436,0.7572668665343709,0.21152156250067394,0.523872690232397,0.012194280378973004
5.488,0.8777901719723957,0.7572671456860943,0.01316577406593104,0.19835578843406898,0.8777901719720446,0.7572671456871107,0.21152156250067394,0.5238726902759157,0.012194262461538003
5.492,0.8777905322223668,0.7572674226699738,0.01316570149756342,0.19835586100243668,0.8777905322220156,0.7572674226709901,0.21152156250067392,0.5238726903187608,0.01219424468516943
5.496,0.8777908896736104,0.7572676975018424,0.013165629493136696,0.19835593300686333,0.8777908896732592,0.7572676975028588,0.21152156250067397,0.5238726903609426,0.01219422704875221
5.5,0.8777912443478664,0.7572679701984193,0.013165558048267707,0.19835600445173235,0.8777912443475152,0.7572679701994357,0.211521562500674,0.5238726904024718,0.012194209551180144
5.5040000000000004,0.8777915962667058,0.7572682407762933,0.013165487158607363,0.19835607534139266,0.8777915962663547,0.7572682407773098,0.21152156250067397,0.5238726904433579,0.01219419219135585
5.508,0.8777919454515323,0.7572685092519247,0.013165416819840346,0.19835614568015972,0.8777919454511812,0.7572685092529412,0.21152156250067397,0.5238726904836115,0.012194174968190679
5.5120000000000005,0.8777922919235831,0.7572687756416457,0.013165347027684966,0.1983562154723151,0.877792291923232,0.7572687756426623,0.21152156250067397,0.5238726905232419,0.012194157880604666
5.516,0.8777926357039306,0.7572690399616617,0.013165277777892793,0.19835628472210726,0.8777926357035796,0.7572690399626784,0.21152156250067397,0.5238726905622589,0.01219414092752643
5.5200000000000005,0.8777929768134837,0.7572693022280524,0.013165209066248395,0.19835635343375163,0.8777929768131326,0.7572693022290691,0.21152156250067405,0.523872690600672,0.012194124107893126
5.524,0.8777933152729887,0.7572695624567722,0.01316514088856915,0.19835642161143086,0.8777933152726376,0.757269562457789,0.21152156250067405,0.5238726906384905,0.012194107420650373
5.5280000000000005,0.8777936511030309,0.7572698206636521,0.013165073240704914,0.19835648925929514,0.8777936511026798,0.7572698206646687,0.21152156250067403,0.5238726906757238,0.012194090864752176
5.532,0.8777939843240357,0.7572700768643994,0.013165006118537874,0.19835655638146216,0.8777939843236846,0.7572700768654161,0.21152156250067405,0.5238726907123807,0.012194074439160879
5.5360000000000005,0.8777943149562698,0.7572703310746001,0.013164939517982175,0.19835662298201784,0.8777943149559188,0.7572703310756168,0.21152156250067408,0.5238726907484703,0.012194058142847063
5.54,0.8777946430198428,0.7572705833097186,0.013164873434983754,0.19835668906501627,0.8777946430194917,0.7572705833107354,0.21152156250067403,0.5238726907840013,0.012194041974789514
5.5440000000000005,0.8777949685347078,0.7572708335850998,0.013164807865520033,0.19835675463448002,0.8777949685343568,0.7572708335861165,0.21152156250067408,0.5238726908189824,0.012194025933975144
5.548,0.8777952915206632,0.7572710819159685,0.013164742805599773,0.19835681969440025,0.8777952915203121,0.7572710819169852,0.2115215625006741,0.5238726908534219,0.012194010019398922
5.5520000000000005,0.8777956119973533,0.7572713283174319,0.013164678251262699,0.19835688424873738,0.8777956119970023,0.7572713283184487,0.21152156250067405,0.5238726908873286,0.012193994230063811
5.556,0.8777959299842704,0.7572715728044798,0.01316461419857934,0.19835694830142067,0.8777959299839193,0.7572715728054965,0.21152156250067405,0.5238726909207102,0.0121939785649807
5.5600000000000005,0.8777962455007547,0.7572718153919853,0.013164550643650802,0.19835701185634924,0.8777962455004037,0.757271815393002,0.21152156250067408,0.5238726909535754,0.012193963023168351
5.564,0.8777965585659969,0.757272056094706,0.013164487582608481,0.19835707491739155,0.8777965585656459,0.7572720560957228,0.21152156250067405,0.5238726909859317,0.012193947603653325
5.5680000000000005,0.8777968691990382,0.7572722949272852,0.013164425011613854,0.1983571374883862,0.8777968691986872,0.757272294928302,0.2115215625006741,0.5238726910177873,0.012193932305469925
5.572,0.8777971774187722,0.7572725319042519,0.013164362926858205,0.1983571995731418,0.8777971774184211,0.7572725319052688,0.21152156250067408,0.5238726910491498,0.012193917127660128
5.5760000000000005,0.8777974832439455,0.7572727670400229,0.013164301324562495,0.19835726117543753,0.8777974832435944,0.7572727670410396,0.21152156250067405,0.5238726910800269,0.012193902069273536
5.58,0.8777977866931592,0.7572730003489022,0.01316424020097702,0.19835732229902303,0.8777977866928082,0.757273000349919,0.21152156250067408,0.5238726911104261,0.01219388712936729
5.5840000000000005,0.8777980877848702,0.7572732318450834,0.01316417955238122,0.19835738294761887,0.8777980877845192,0.7572732318461002,0.21152156250067405,0.5238726911403548,0.01219387230700604
5.588,0.8777983865373918,0.7572734615426494,0.013164119375083484,0.19835744312491652,0.8777983865370408,0.7572734615436663,0.21152156250067408,0.5238726911698202,0.012193857601261853
5.5920000000000005,0.8777986829688951,0.757273689455574,0.01316405966542088,0.19835750283457912,0.877798682968544,0.7572736894565909,0.2115215625006741,0.5238726911988295,0.01219384301121419
5.596,0.87779897709741,0.7572739155977224,0.013164000419758987,0.19835756208024108,0.8777989770970589,0.7572739155987391,0.2115215625006741,0.5238726912273899,0.012193828535949814
5.6000000000000005,0.8777992689408265,0.7572741399828516,0.013163941634491593,0.19835762086550845,0.8777992689404754,0.7572741399838684,0.2115215625006741,0.5238726912555082,0.012193814174562735
5.604,0.8777995585168957,0.7572743626246125,0.013163883306040524,0.19835767919395952,0.8777995585165447,0.7572743626256292,0.21152156250067408,0.5238726912831912,0.012193799926154176
5.6080000000000005,0.8777998458432308,0.7572745835365493,0.013163825430855468,0.19835773706914459,0.8777998458428797,0.757274583537566,0.21152156250067408,0.5238726913104459,0.012193785789832488
5.612,0.8778001309373081,0.7572748027321015,0.013163768005413664,0.19835779449458638,0.8778001309369571,0.7572748027331182,0.21152156250067405,0.5238726913372787,0.01219377176471311
5.6160000000000005,0.8778004138164683,0.7572750202246038,0.013163711026219757,0.1983578514737803,0.8778004138161173,0.7572750202256205,0.21152156250067405,0.5238726913636961,0.012193757849918501
5.62,0.8778006944979174,0.7572752360272876,0.013163654489805566,0.19835790801019448,0.8778006944975664,0.7572752360283043,0.21152156250067403,0.5238726913897046,0.012193744044578092
5.6240000000000006,0.8778009729987276,0.7572754501532812,0.013163598392729885,0.19835796410727016,0.8778009729983766,0.757275450154298,0.21152156250067403,0.5238726914153106,0.012193730347828224
5.628,0.8778012493358388,0.7572756626156114,0.01316354273157821,0.19835801976842182,0.8778012493354878,0.757275662616628,0.21152156250067405,0.5238726914405202,0.012193716758812099
5.632,0.8778015235260591,0.7572758734272033,0.01316348750296262,0.19835807499703742,0.8778015235257081,0.7572758734282199,0.21152156250067403,0.5238726914653397,0.012193703276679705
5.636,0.8778017955860662,0.7572760826008816,0.013163432703521535,0.1983581297964785,0.8778017955857151,0.7572760826018984,0.211521562500674,0.5238726914897749,0.012193689900587803
5.64,0.8778020655324081,0.757276290149372,0.013163378329919498,0.19835818417008055,0.8778020655320571,0.7572762901503887,0.21152156250067405,0.523872691513832,0.012193676629699819
5.644,0.8778023333815046,0.7572764960853006,0.013163324378846956,0.19835823812115308,0.8778023333811535,0.7572764960863173,0.21152156250067405,0.5238726915375167,0.01219366346318584
5.648,0.8778025991496475,0.7572767004211958,0.013163270847020127,0.1983582916529799,0.8778025991492965,0.7572767004222125,0.21152156250067405,0.5238726915608348,0.012193650400222526
5.652,0.8778028628530026,0.7572769031694887,0.013163217731180706,0.19835834476881933,0.8778028628526515,0.7572769031705053,0.21152156250067408,0.523872691583792,0.012193637439993073
5.656,0.8778031245076097,0.7572771043425135,0.013163165028095773,0.19835839747190429,0.8778031245072586,0.7572771043435301,0.21152156250067403,0.5238726916063939,0.01219362458168716
5.66,0.8778033841293842,0.7572773039525089,0.013163112734557496,0.19835844976544253,0.8778033841290331,0.7572773039535255,0.211521562500674,0.5238726916286459,0.012193611824500891
5.664,0.877803641734118,0.7572775020116186,0.013163060847382986,0.19835850165261704,0.8778036417337669,0.7572775020126352,0.211521562500674,0.5238726916505535,0.012193599167636748
5.668,0.87780389733748,0.7572776985318915,0.01316300936341414,0.1983585531365859,0.8778038973371289,0.7572776985329082,0.21152156250067403,0.523872691672122,0.012193586610303541
5.672,0.8778041509550178,0.7572778935252834,0.013162958279517325,0.1983586042204827,0.8778041509546668,0.7572778935263,0.21152156250067403,0.5238726916933567,0.01219357415171635
5.676,0.8778044026021582,0.7572780870036571,0.013162907592583331,0.19835865490741675,0.8778044026018071,0.7572780870046736,0.21152156250067397,0.5238726917142628,0.012193561791096484
5.68,0.8778046522942078,0.7572782789787826,0.013162857299527103,0.1983587052004729,0.8778046522938567,0.7572782789797993,0.211521562500674,0.5238726917348451,0.012193549527671422
5.684,0.8778049000463547,0.7572784694623398,0.013162807397287547,0.19835875510271253,0.8778049000460036,0.7572784694633563,0.211521562500674,0.523872691755109,0.01219353736067478
5.688,0.877805145873669,0.7572786584659165,0.01316275788282738,0.19835880461717262,0.8778051458733179,0.7572786584669331,0.21152156250067405,0.523872691775059,0.012193525289346233
5.692,0.8778053897911035,0.7572788460010111,0.013162708753132933,0.1983588537468671,0.8778053897907524,0.7572788460020279,0.21152156250067403,0.5238726917947005,0.012193513312931498
5.696,0.877805631813495,0.757279032079033,0.013162660005213954,0.19835890249478608,0.877805631813144,0.7572790320800498,0.2115215625006741,0.5238726918140378,0.012193501430682261
5.7,0.8778058719555654,0.7572792167113024,0.013162611636103407,0.19835895086389663,0.8778058719552143,0.7572792167123191,0.21152156250067408,0.5238726918330759,0.012193489641856145
5.704,0.8778061102319216,0.7572793999090517,0.013162563642857403,0.19835899885714262,0.8778061102315705,0.7572793999100684,0.2115215625006741,0.5238726918518193,0.012193477945716659
5.708,0.8778063466570575,0.757279581683426,0.013162516022554851,0.19835904647744515,0.8778063466567064,0.7572795816844429,0.2115215625006741,0.5238726918702725,0.012193466341533137
5.712,0.8778065812453544,0.7572797620454842,0.013162468772297396,0.19835909372770266,0.8778065812450033,0.757279762046501,0.21152156250067414,0.5238726918884403,0.012193454828580723
5.716,0.8778068140110816,0.7572799410061987,0.013162421889209252,0.19835914061079077,0.8778068140107306,0.7572799410072156,0.21152156250067417,0.5238726919063267,0.012193443406140281
5.72,0.877807044968398,0.7572801185764572,0.013162375370436907,0.19835918712956313,0.877807044968047,0.7572801185774741,0.21152156250067417,0.5238726919239363,0.012193432073498389
5.724,0.8778072741313523,0.7572802947670624,0.013162329213149086,0.19835923328685096,0.8778072741310012,0.7572802947680793,0.2115215625006742,0.5238726919412733,0.012193420829947274
5.728,0.877807501513884,0.7572804695887334,0.013162283414536506,0.19835927908546355,0.8778075015135329,0.7572804695897503,0.21152156250067417,0.523872691958342,0.012193409674784763
5.732,0.8778077271298244,0.7572806430521057,0.013162237971811742,0.1983593245281883,0.8778077271294733,0.7572806430531226,0.21152156250067417,0.5238726919751464,0.012193398607314257
5.736,0.8778079509928973,0.7572808151677325,0.013162192882209012,0.19835936961779105,0.8778079509925463,0.7572808151687493,0.2115215625006741,0.5238726919916908,0.012193387626844661
5.74,0.8778081731167202,0.7572809859460848,0.01316214814298402,0.198359414357016,0.8778081731163692,0.7572809859471017,0.21152156250067414,0.523872692007979,0.012193376732690362
5.744,0.8778083935148046,0.7572811553975524,0.013162103751413839,0.1983594587485862,0.8778083935144535,0.7572811553985692,0.21152156250067414,0.5238726920240153,0.012193365924171176
5.748,0.877808612200557,0.7572813235324443,0.013162059704796662,0.1983595027952034,0.8778086122002059,0.757281323533461,0.21152156250067408,0.5238726920398032,0.012193355200612304
5.752,0.8778088291872798,0.7572814903609894,0.013162016000451733,0.19835954649954832,0.8778088291869287,0.757281490362006,0.21152156250067408,0.5238726920553468,0.012193344561344287
5.756,0.8778090444881721,0.7572816558933368,0.013161972635719115,0.19835958986428093,0.877809044487821,0.7572816558943536,0.21152156250067405,0.5238726920706498,0.012193334005702971
5.76,0.8778092581163306,0.7572818201395577,0.013161929607959522,0.19835963289204053,0.8778092581159795,0.7572818201405744,0.21152156250067408,0.523872692085716,0.012193323533029458
5.764,0.8778094700847502,0.7572819831096441,0.01316188691455419,0.19835967558544582,0.8778094700843991,0.757281983110661,0.21152156250067408,0.5238726921005489,0.012193313142670066
5.768,0.8778096804063247,0.7572821448135111,0.013161844552904743,0.19835971794709528,0.8778096804059736,0.7572821448145278,0.21152156250067408,0.5238726921151522,0.012193302833976287
5.772,0.8778098890938479,0.7572823052609959,0.013161802520432982,0.19835975997956704,0.8778098890934969,0.7572823052620127,0.21152156250067408,0.5238726921295295,0.012193292606304744
5.776,0.8778100961600144,0.7572824644618602,0.013161760814580733,0.19835980168541933,0.8778100961596633,0.757282464462877,0.21152156250067405,0.5238726921436844,0.012193282459017159
5.78,0.8778103016174198,0.7572826224257893,0.01316171943280972,0.1983598430671903,0.8778103016170687,0.757282622426806,0.21152156250067405,0.5238726921576199,0.0121932723914803
5.784,0.8778105054785621,0.7572827791623934,0.0131616783726014,0.19835988412739866,0.877810505478211,0.7572827791634101,0.2115215625006741,0.5238726921713399,0.012193262403065943
5.788,0.8778107077558422,0.757282934681208,0.01316163763145681,0.19835992486854326,0.8778107077554912,0.7572829346822249,0.2115215625006741,0.5238726921848476,0.012193252493150846
5.792,0.8778109084615648,0.7572830889916947,0.013161597206896376,0.19835996529310365,0.8778109084612138,0.7572830889927116,0.2115215625006741,0.523872692198146,0.012193242661116686
5.796,0.8778111076079388,0.7572832421032415,0.013161557096459837,0.19836000540354023,0.8778111076075877,0.7572832421042583,0.21152156250067414,0.5238726922112388,0.012193232906350038
5.8,0.8778113052070783,0.7572833940251633,0.013161517297706052,0.19836004520229397,0.8778113052067272,0.7572833940261802,0.2115215625006742,0.5238726922241287,0.012193223228242333
5.804,0.8778115012710034,0.7572835447667028,0.013161477808212836,0.19836008469178723,0.8778115012706523,0.7572835447677196,0.21152156250067414,0.5238726922368193,0.012193213626189806
5.808,0.8778116958116408,0.7572836943370308,0.013161438625576831,0.19836012387442323,0.8778116958112897,0.7572836943380477,0.21152156250067414,0.5238726922493134,0.012193204099593478
5.812,0.8778118888408245,0.7572838427452471,0.01316139974741338,0.19836016275258667,0.8778118888404735,0.7572838427462639,0.21152156250067417,0.523872692261614,0.012193194647859106
5.816,0.8778120803702967,0.7572839900003804,0.01316136117135634,0.1983602013286437,0.8778120803699456,0.7572839900013972,0.21152156250067414,0.5238726922737243,0.012193185270397137
5.82,0.8778122704117083,0.7572841361113897,0.013161322895057961,0.1983602396049421,0.8778122704113572,0.7572841361124064,0.21152156250067414,0.5238726922856471,0.012193175966622694
5.824,0.8778124589766197,0.7572842810871638,0.013161284916188756,0.19836027758381125,0.8778124589762687,0.7572842810881807,0.2115215625006741,0.5238726922973854,0.012193166735955517
5.828,0.8778126460765017,0.7572844249365233,0.01316124723243732,0.1983603152675627,0.8778126460761506,0.7572844249375401,0.21152156250067408,0.5238726923089421,0.012193157577819943
5.832,0.8778128317227355,0.7572845676682195,0.013161209841510247,0.1983603526584898,0.8778128317223844,0.7572845676692364,0.2115215625006741,0.5238726923203199,0.012193148491644847
5.836,0.8778130159266144,0.757284709290936,0.01316117274113193,0.19836038975886805,0.8778130159262634,0.7572847092919529,0.2115215625006741,0.5238726923315213,0.012193139476863629
5.84,0.8778131986993438,0.7572848498132893,0.013161135929044453,0.1983604265709556,0.8778131986989928,0.757284849814306,0.21152156250067414,0.5238726923425496,0.01219313053291417
5.844,0.8778133800520421,0.757284989243828,0.013161099403007448,0.1983604630969926,0.8778133800516911,0.7572849892448448,0.21152156250067408,0.5238726923534072,0.012193121659238788
5.848,0.8778135599957412,0.7572851275910353,0.01316106316079799,0.19836049933920205,0.8778135599953901,0.757285127592052,0.2115215625006741,0.5238726923640966,0.012193112855284214
5.852,0.8778137385413873,0.7572852648633279,0.013161027200210397,0.19836053529978964,0.8778137385410363,0.7572852648643447,0.2115215625006741,0.5238726923746206,0.012193104120501555
5.856,0.8778139156998419,0.7572854010690574,0.013160991519056114,0.1983605709809439,0.8778139156994909,0.7572854010700741,0.2115215625006741,0.5238726923849817,0.012193095454346247
5.86,0.8778140914818818,0.7572855362165103,0.013160956115163647,0.19836060638483632,0.8778140914815308,0.7572855362175271,0.21152156250067408,0.5238726923951824,0.012193086856278035
5.864,0.8778142658982002,0.7572856703139091,0.013160920986378338,0.19836064151362173,0.8778142658978492,0.7572856703149259,0.2115215625006741,0.5238726924052254,0.012193078325760935
5.868,0.8778144389594073,0.7572858033694119,0.013160886130562306,0.19836067636943772,0.8778144389590562,0.7572858033704286,0.21152156250067405,0.5238726924151127,0.012193069862263204
5.872,0.8778146106760305,0.7572859353911136,0.013160851545594286,0.1983607109544057,0.8778146106756795,0.7572859353921304,0.21152156250067405,0.523872692424847,0.01219306146525729
5.876,0.8778147810585161,0.7572860663870465,0.013160817229369456,0.19836074527063055,0.877814781058165,0.7572860663880633,0.21152156250067408,0.5238726924344307,0.012193053134219813
5.88,0.8778149501172287,0.7572861963651802,0.01316078317979941,0.1983607793202006,0.8778149501168776,0.757286196366197,0.21152156250067408,0.523872692443866,0.01219304486863153
5.884,0.8778151178624526,0.7572863253334225,0.013160749394811929,0.1983608131051881,0.8778151178621015,0.7572863253344392,0.21152156250067405,0.5238726924531554,0.0121930366679773
5.888,0.8778152843043922,0.7572864532996195,0.013160715872350933,0.19836084662764905,0.8778152843040411,0.7572864533006363,0.21152156250067403,0.5238726924623008,0.012193028531746053
5.892,0.8778154494531726,0.7572865802715569,0.013160682610376298,0.19836087988962373,0.8778154494528215,0.7572865802725737,0.21152156250067403,0.5238726924713049,0.012193020459430753
5.896,0.8778156133188403,0.7572867062569595,0.013160649606863771,0.19836091289313626,0.8778156133184892,0.7572867062579761,0.21152156250067397,0.5238726924801694,0.012193012450528366
5.9,0.8778157759113636,0.7572868312634919,0.01316061685980485,0.19836094564019519,0.8778157759110126,0.7572868312645086,0.211521562500674,0.5238726924888968,0.012193004504539844
5.904,0.8778159372406337,0.7572869552987597,0.0131605843672066,0.1983609781327934,0.8778159372402826,0.7572869552997764,0.21152156250067405,0.523872692497489,0.012192996620970072
5.908,0.8778160973164646,0.7572870783703091,0.013160552127091588,0.19836101037290846,0.8778160973161135,0.7572870783713258,0.21152156250067405,0.5238726925059484,0.01219298879932784
5.912,0.8778162561485944,0.7572872004856275,0.013160520137497762,0.19836104236250224,0.8778162561482433,0.7572872004866443,0.21152156250067405,0.5238726925142766,0.012192981039125833
5.916,0.8778164137466852,0.7572873216521447,0.013160488396478319,0.19836107410352175,0.8778164137463341,0.7572873216531615,0.2115215625006741,0.5238726925224761,0.012192973339880567
5.92,0.8778165701203243,0.7572874418772322,0.013160456902101575,0.19836110559789846,0.8778165701199733,0.7572874418782489,0.21152156250067414,0.5238726925305486,0.012192965701112385
5.924,0.8778167252790245,0.7572875611682044,0.013160425652450883,0.1983611368475492,0.8778167252786735,0.7572875611692211,0.2115215625006741,0.5238726925384962,0.01219295812234542
5.928,0.8778168792322246,0.7572876795323189,0.013160394645624471,0.19836116785437558,0.8778168792318736,0.7572876795333356,0.2115215625006741,0.5238726925463207,0.012192950603107554
5.932,0.8778170319892902,0.7572877969767772,0.013160363879735357,0.19836119862026472,0.8778170319889391,0.7572877969777938,0.2115215625006741,0.5238726925540241,0.012192943142930407
5.936,0.8778171835595139,0.7572879135087242,0.013160333352911212,0.19836122914708887,0.8778171835591628,0.7572879135097409,0.21152156250067408,0.5238726925616084,0.012192935741349279
5.94,0.8778173339521165,0.7572880291352498,0.013160303063294266,0.19836125943670577,0.8778173339517654,0.7572880291362666,0.21152156250067405,0.5238726925690751,0.01219292839790316
5.944,0.8778174831762467,0.7572881438633888,0.013160273009041216,0.1983612894909588,0.8778174831758957,0.7572881438644057,0.2115215625006741,0.5238726925764263,0.012192921112134675
5.948,0.8778176312409828,0.7572882577001214,0.013160243188323028,0.19836131931167703,0.8778176312406317,0.7572882577011382,0.21152156250067414,0.5238726925836638,0.012192913883590041
5.952,0.8778177781553318,0.7572883706523731,0.013160213599324936,0.19836134890067514,0.8778177781549807,0.7572883706533898,0.2115215625006741,0.5238726925907892,0.012192906711819074
5.956,0.8778179239282313,0.7572884827270159,0.013160184240246236,0.19836137825975383,0.8778179239278803,0.7572884827280327,0.2115215625006741,0.5238726925978043,0.01219289959637514
5.96,0.8778180685685493,0.7572885939308687,0.013160155109300246,0.19836140739069982,0.8778180685681982,0.7572885939318854,0.21152156250067417,0.5238726926047108,0.01219289253681513
5.964,0.8778182120850847,0.7572887042706967,0.01316012620471418,0.19836143629528588,0.8778182120847338,0.7572887042717136,0.21152156250067408,0.5238726926115105,0.012192885532699432
5.968,0.8778183544865684,0.7572888137532133,0.013160097524728999,0.19836146497527105,0.8778183544862175,0.7572888137542303,0.2115215625006741,0.5238726926182048,0.012192878583591894
5.972,0.8778184957816634,0.7572889223850795,0.01316006906759934,0.1983614934324007,0.8778184957813124,0.7572889223860965,0.21152156250067417,0.5238726926247955,0.012192871689059824
5.976,0.8778186359789651,0.7572890301729043,0.01316004083159343,0.1983615216684066,0.8778186359786142,0.7572890301739212,0.21152156250067417,0.5238726926312842,0.012192864848673931
5.98,0.8778187750870026,0.7572891371232454,0.013160012814992923,0.1983615496850071,0.8778187750866516,0.7572891371242625,0.21152156250067417,0.5238726926376726,0.01219285806200831
5.984,0.8778189131142382,0.7572892432426099,0.013159985016092867,0.19836157748390712,0.8778189131138873,0.757289243243627,0.21152156250067417,0.5238726926439619,0.012192851328640428
5.988,0.877819050069069,0.7572893485374541,0.013159957433201511,0.19836160506679854,0.8778190500687181,0.7572893485384712,0.2115215625006742,0.523872692650154,0.012192844648151074
5.992,0.8778191859598266,0.7572894530141842,0.013159930064640292,0.19836163243535979,0.8778191859594756,0.7572894530152011,0.2115215625006742,0.5238726926562502,0.012192838020124351
5.996,0.8778193207947778,0.7572895566791562,0.013159902908743665,0.19836165959125637,0.8778193207944268,0.7572895566801733,0.2115215625006742,0.5238726926622521,0.012192831444147635
6.0,0.8778194545821253,0.7572896595386776,0.013159875963859063,0.19836168653614092,0.8778194545817743,0.7572896595396946,0.2115215625006742,0.5238726926681609,0.012192824919811569
6.0040000000000004,0.8778195873300081,0.7572897615990062,0.013159849228346744,0.19836171327165336,0.8778195873296571,0.7572897616000231,0.21152156250067422,0.5238726926739786,0.012192818446710017
6.008,0.8778197190465019,0.7572898628663512,0.0131598227005797,0.19836173979942034,0.877819719046151,0.7572898628673682,0.21152156250067417,0.5238726926797059,0.012192812024440051
6.0120000000000005,0.8778198497396198,0.757289963346874,0.013159796378943567,0.19836176612105647,0.8778198497392689,0.757289963347891,0.2115215625006741,0.5238726926853448,0.012192805652601916
6.016,0.8778199794173124,0.7572900630466879,0.013159770261836555,0.19836179223816347,0.8778199794169614,0.7572900630477049,0.21152156250067414,0.5238726926908962,0.012192799330799012
6.0200000000000005,0.8778201080874688,0.7572901619718585,0.013159744347669285,0.19836181815233075,0.8778201080871179,0.7572901619728755,0.21152156250067417,0.5238726926963618,0.012192793058637873
6.024,0.8778202357579167,0.7572902601284046,0.01315971863486477,0.19836184386513528,0.8778202357575657,0.7572902601294215,0.21152156250067408,0.5238726927017427,0.01219278683572812
6.0280000000000005,0.8778203624364229,0.7572903575222979,0.013159693121858234,0.19836186937814176,0.877820362436072,0.7572903575233149,0.2115215625006741,0.5238726927070404,0.012192780661682468
6.032,0.877820488130694,0.757290454159464,0.013159667807097129,0.19836189469290288,0.8778204881303431,0.757290454160481,0.21152156250067414,0.5238726927122561,0.012192774536116684
6.0360000000000005,0.8778206128483768,0.7572905500457826,0.013159642689040884,0.1983619198109592,0.8778206128480258,0.7572905500467995,0.21152156250067414,0.5238726927173911,0.012192768458649555
6.04,0.8778207365970584,0.757290645187087,0.013159617766160968,0.19836194473383906,0.8778207365967075,0.757290645188104,0.21152156250067414,0.5238726927224465,0.012192762428902888
6.0440000000000005,0.8778208593842673,0.757290739589166,0.013159593036940698,0.19836196946305934,0.8778208593839164,0.757290739590183,0.2115215625006741,0.5238726927274238,0.012192756446501458
6.048,0.8778209812174734,0.757290833257763,0.013159568499875197,0.1983619940001248,0.8778209812171225,0.7572908332587801,0.21152156250067417,0.5238726927323238,0.012192750511073009
6.0520000000000005,0.8778211021040885,0.7572909261985771,0.013159544153471262,0.19836201834652878,0.8778211021037375,0.757290926199594,0.21152156250067414,0.5238726927371482,0.012192744622248213
6.056,0.8778212220514667,0.7572910184172624,0.013159519996247308,0.19836204250375272,0.8778212220511158,0.7572910184182794,0.21152156250067414,0.5238726927418978,0.012192738779660657
6.0600000000000005,0.8778213410669053,0.7572911099194299,0.01315949602673328,0.19836206647326676,0.8778213410665544,0.7572911099204469,0.21152156250067417,0.523872692746574,0.012192732982946815
6.064,0.8778214591576448,0.7572912007106465,0.01315947224347052,0.19836209025652946,0.8778214591572938,0.7572912007116636,0.2115215625006741,0.5238726927511776,0.01219272723174603
6.0680000000000005,0.8778215763308691,0.7572912907964362,0.013159448645011713,0.1983621138549883,0.8778215763305182,0.7572912907974532,0.21152156250067417,0.5238726927557102,0.01219272152570049
6.072,0.8778216925937068,0.7572913801822797,0.013159425229920812,0.19836213727007923,0.8778216925933559,0.7572913801832967,0.21152156250067414,0.5238726927601726,0.012192715864455184
6.0760000000000005,0.8778218079532308,0.7572914688736154,0.013159401996772901,0.19836216050322714,0.8778218079528799,0.7572914688746324,0.2115215625006741,0.5238726927645658,0.012192710247657928
6.08,0.8778219224164593,0.7572915568758394,0.013159378944154148,0.19836218355584592,0.8778219224161083,0.7572915568768563,0.21152156250067422,0.5238726927688911,0.01219270467495929
6.0840000000000005,0.8778220359903557,0.7572916441943057,0.013159356070661724,0.19836220642933836,0.8778220359900047,0.7572916441953227,0.2115215625006742,0.5238726927731494,0.012192699146012611
6.088,0.8778221486818295,0.757291730834327,0.01315933337490367,0.1983622291250964,0.8778221486814786,0.757291730835344,0.21152156250067417,0.5238726927773418,0.01219269366047395
6.0920000000000005,0.8778222604977365,0.7572918168011744,0.013159310855498886,0.1983622516445012,0.8778222604973855,0.7572918168021914,0.2115215625006742,0.5238726927814693,0.012192688218002078
6.096,0.8778223714448791,0.7572919021000782,0.013159288511076967,0.19836227398892306,0.8778223714445281,0.7572919021010953,0.21152156250067417,0.5238726927855328,0.012192682818258464
6.1000000000000005,0.877822481530007,0.7572919867362284,0.01315926634027818,0.19836229615972184,0.877822481529656,0.7572919867372454,0.2115215625006741,0.5238726927895335,0.012192677460907238
6.104,0.8778225907598174,0.757292070714774,0.013159244341753362,0.19836231815824665,0.8778225907594664,0.7572920707157911,0.2115215625006742,0.5238726927934723,0.012192672145615176
6.1080000000000005,0.8778226991409556,0.7572921540408246,0.013159222514163823,0.19836233998583624,0.8778226991406046,0.7572921540418416,0.21152156250067417,0.5238726927973502,0.012192666872051684
6.112,0.877822806680015,0.7572922367194496,0.013159200856181276,0.19836236164381876,0.8778228066796641,0.7572922367204666,0.21152156250067422,0.5238726928011679,0.012192661639888764
6.1160000000000005,0.8778229133835381,0.7572923187556794,0.013159179366487743,0.19836238313351226,0.8778229133831872,0.7572923187566964,0.2115215625006742,0.5238726928049265,0.012192656448801012
6.12,0.8778230192580164,0.7572924001545052,0.013159158043775536,0.19836240445622447,0.8778230192576655,0.7572924001555222,0.2115215625006742,0.523872692808627,0.012192651298465584
6.1240000000000006,0.877823124309891,0.7572924809208793,0.013159136886747077,0.19836242561325296,0.87782312430954,0.7572924809218964,0.21152156250067417,0.5238726928122703,0.01219264618856218
6.128,0.8778232285455528,0.7572925610597158,0.013159115894114908,0.1983624466058851,0.8778232285452019,0.7572925610607328,0.21152156250067417,0.5238726928158571,0.012192641118773025
6.132000000000001,0.8778233319713434,0.7572926405758904,0.013159095064601561,0.1983624674353985,0.8778233319709925,0.7572926405769074,0.21152156250067422,0.5238726928193885,0.01219263608878284
6.136,0.8778234345935548,0.7572927194742407,0.01315907439693951,0.1983624881030605,0.8778234345932039,0.7572927194752578,0.2115215625006742,0.5238726928228651,0.01219263109827884
6.140000000000001,0.8778235364184304,0.7572927977595673,0.013159053889871044,0.19836250861012897,0.8778235364180794,0.7572927977605843,0.2115215625006742,0.5238726928262879,0.012192626146950693
6.144,0.8778236374521647,0.7572928754366329,0.01315903354214826,0.19836252895785178,0.8778236374518138,0.7572928754376501,0.2115215625006742,0.5238726928296579,0.012192621234490523
6.148,0.8778237377009046,0.7572929525101638,0.013159013352532951,0.19836254914746707,0.8778237377005537,0.757292952511181,0.2115215625006742,0.5238726928329754,0.012192616360592868
6.152,0.8778238371707489,0.7572930289848492,0.013158993319796508,0.1983625691802036,0.8778238371703979,0.7572930289858663,0.21152156250067422,0.5238726928362419,0.012192611524954681
6.156,0.877823935867749,0.7572931048653417,0.013158973442719886,0.19836258905728016,0.877823935867398,0.7572931048663588,0.21152156250067422,0.5238726928394576,0.012192606727275297
6.16,0.8778240337979095,0.7572931801562581,0.01315895372009351,0.19836260877990652,0.8778240337975586,0.7572931801572753,0.21152156250067425,0.5238726928426236,0.012192601967256418
6.164,0.8778241309671883,0.7572932548621794,0.013158934150717222,0.19836262834928284,0.8778241309668373,0.7572932548631964,0.21152156250067422,0.5238726928457407,0.012192597244602102
6.168,0.8778242273814967,0.7572933289876504,0.013158914733400176,0.19836264776659987,0.8778242273811457,0.7572933289886675,0.21152156250067422,0.5238726928488093,0.012192592559018731
6.172,0.8778243230467005,0.7572934025371814,0.01315889546696076,0.19836266703303926,0.8778243230463496,0.7572934025381984,0.21152156250067422,0.5238726928518306,0.012192587910214995
6.176,0.8778244179686199,0.7572934755152472,0.013158876350226584,0.19836268614977348,0.8778244179682689,0.7572934755162641,0.2115215625006742,0.5238726928548051,0.012192583297901887
6.18,0.8778245121530295,0.7572935479262877,0.013158857382034343,0.19836270511796575,0.8778245121526785,0.7572935479273046,0.21152156250067417,0.5238726928577336,0.012192578721792679
6.184,0.8778246056056593,0.7572936197747085,0.013158838561229796,0.19836272393877025,0.8778246056053084,0.7572936197757255,0.21152156250067414,0.5238726928606167,0.012192574181602888
6.188,0.8778246983321949,0.7572936910648812,0.013158819886667648,0.1983627426133324,0.877824698331844,0.7572936910658982,0.21152156250067414,0.5238726928634552,0.012192569677050276
6.192,0.8778247903382774,0.757293761801143,0.013158801357211512,0.19836276114278853,0.8778247903379265,0.75729376180216,0.21152156250067414,0.5238726928662497,0.01219256520785484
6.196,0.8778248816295044,0.7572938319877978,0.013158782971733842,0.19836277952826614,0.8778248816291535,0.7572938319888147,0.21152156250067414,0.5238726928690008,0.012192560773738755
6.2,0.87782497221143,0.7572939016291157,0.013158764729115827,0.19836279777088422,0.877824972211079,0.7572939016301327,0.21152156250067417,0.5238726928717097,0.012192556374426407
6.204,0.8778250620895648,0.7572939707293339,0.013158746628247365,0.19836281587175264,0.8778250620892138,0.7572939707303509,0.2115215625006741,0.5238726928743763,0.012192552009644343
6.208,0.877825151269377,0.7572940392926566,0.013158728668026988,0.1983628338319731,0.877825151269026,0.7572940392936736,0.21152156250067417,0.523872692877002,0.012192547679121262
6.212,0.877825239756292,0.7572941073232552,0.013158710847361815,0.19836285165263826,0.8778252397559411,0.7572941073242722,0.21152156250067414,0.5238726928795868,0.012192543382588001
6.216,0.8778253275556933,0.7572941748252688,0.013158693165167386,0.1983628693348327,0.8778253275553424,0.7572941748262858,0.21152156250067414,0.5238726928821317,0.012192539119777513
6.22,0.8778254146729225,0.7572942418028045,0.013158675620367705,0.1983628868796323,0.8778254146725716,0.7572942418038214,0.21152156250067408,0.523872692884637,0.012192534890424857
6.224,0.8778255011132796,0.7572943082599372,0.013158658211895175,0.19836290428810485,0.8778255011129287,0.7572943082609541,0.2115215625006741,0.5238726928871037,0.012192530694267182
6.228,0.8778255868820235,0.7572943742007103,0.01315864093869044,0.1983629215613096,0.8778255868816726,0.7572943742017273,0.21152156250067417,0.5238726928895322,0.012192526531043692
6.232,0.8778256719843722,0.7572944396291358,0.013158623799702417,0.19836293870029764,0.8778256719840213,0.7572944396301527,0.2115215625006742,0.5238726928919232,0.012192522400495651
6.236,0.8778257564255033,0.7572945045491943,0.013158606793888163,0.1983629557061119,0.8778257564251524,0.7572945045502114,0.21152156250067422,0.5238726928942771,0.012192518302366366
6.24,0.8778258402105541,0.757294568964836,0.013158589920212831,0.19836297257978724,0.8778258402102032,0.7572945689658531,0.21152156250067422,0.5238726928965945,0.012192514236401154
6.244,0.8778259233446218,0.7572946328799799,0.013158573177649664,0.19836298932235036,0.8778259233442709,0.757294632880997,0.21152156250067422,0.523872692898876,0.012192510202347339
6.248,0.8778260058327644,0.7572946962985145,0.013158556565179827,0.19836300593482017,0.8778260058324134,0.7572946962995317,0.21152156250067422,0.5238726929011223,0.012192506199954243
6.252,0.8778260876800001,0.7572947592242988,0.013158540081792455,0.19836302241820755,0.8778260876796492,0.7572947592253159,0.2115215625006742,0.5238726929033337,0.012192502228973145
6.256,0.8778261688913087,0.7572948216611609,0.013158523726484477,0.19836303877351552,0.8778261688909578,0.757294821662178,0.2115215625006742,0.523872692905511,0.012192498289157297
6.26,0.8778262494716308,0.7572948836128998,0.01315850749826069,0.19836305500173934,0.8778262494712799,0.7572948836139168,0.21152156250067422,0.5238726929076546,0.012192494380261884
6.264,0.8778263294258688,0.7572949450832847,0.013158491396133579,0.19836307110386647,0.8778263294255179,0.7572949450843016,0.21152156250067417,0.523872692909765,0.012192490502044016
6.268,0.8778264087588871,0.7572950060760556,0.013158475419123307,0.19836308708087677,0.8778264087585361,0.7572950060770725,0.21152156250067417,0.5238726929118427,0.012192486654262723
6.272,0.8778264874755122,0.7572950665949232,0.013158459566257654,0.19836310293374237,0.8778264874751612,0.7572950665959401,0.2115215625006741,0.5238726929138883,0.012192482836678918
6.276,0.8778265655805331,0.7572951266435699,0.013158443836571984,0.19836311866342804,0.8778265655801821,0.7572951266445869,0.21152156250067417,0.5238726929159021,0.012192479049055408
6.28,0.8778266430787016,0.7572951862256492,0.0131584282291091,0.19836313427089097,0.8778266430783507,0.757295186226666,0.21152156250067414,0.5238726929178849,0.01219247529115686
6.284,0.8778267199747328,0.7572952453447859,0.013158412742919283,0.19836314975708075,0.8778267199743819,0.7572952453458028,0.21152156250067417,0.5238726929198368,0.012192471562749796
6.288,0.877826796273305,0.7572953040045772,0.013158397377060172,0.19836316512293986,0.877826796272954,0.7572953040055941,0.21152156250067408,0.5238726929217586,0.012192467863602577
6.292,0.8778268719790598,0.757295362208592,0.013158382130596766,0.19836318036940329,0.8778268719787089,0.7572953622096089,0.21152156250067414,0.5238726929236508,0.012192464193485374
6.296,0.8778269470966035,0.7572954199603715,0.013158367002601288,0.19836319549739875,0.8778269470962525,0.7572954199613885,0.21152156250067414,0.5238726929255135,0.012192460552170176
6.3,0.8778270216305059,0.7572954772634295,0.013158351992153218,0.1983632105078468,0.8778270216301549,0.7572954772644466,0.21152156250067422,0.5238726929273474,0.012192456939430772
6.304,0.8778270955853017,0.7572955341212526,0.013158337098339114,0.19836322540166096,0.8778270955849508,0.7572955341222696,0.2115215625006742,0.5238726929291531,0.012192453355042715
6.308,0.8778271689654903,0.7572955905372999,0.013158322320252708,0.1983632401797473,0.8778271689651393,0.7572955905383169,0.21152156250067414,0.5238726929309305,0.012192449798783337
6.312,0.877827241775536,0.757295646515004,0.013158307656994755,0.1983632548430053,0.877827241775185,0.757295646516021,0.21152156250067414,0.5238726929326807,0.012192446270431718
6.316,0.8778273140198686,0.7572957020577707,0.01315829310767297,0.19836326939232707,0.8778273140195176,0.7572957020587877,0.21152156250067417,0.5238726929344036,0.01219244276976867
6.32,0.8778273857028833,0.7572957571689793,0.013158278671402015,0.19836328382859805,0.8778273857025324,0.7572957571699963,0.21152156250067417,0.5238726929361001,0.012192439296576735
6.324,0.8778274568289414,0.7572958118519829,0.013158264347303468,0.19836329815269657,0.8778274568285904,0.757295811853,0.21152156250067425,0.5238726929377701,0.012192435850640167
6.328,0.87782752740237,0.7572958661101086,0.013158250134505682,0.19836331236549434,0.8778275274020191,0.7572958661111258,0.21152156250067422,0.5238726929394143,0.012192432431744914
6.332,0.877827597427463,0.7572959199466576,0.013158236032143788,0.19836332646785623,0.877827597427112,0.7572959199476748,0.21152156250067425,0.523872692941033,0.012192429039678602
6.336,0.8778276669084805,0.7572959733649054,0.013158222039359683,0.19836334046064036,0.8778276669081295,0.7572959733659226,0.21152156250067428,0.5238726929426267,0.012192425674230544
6.34,0.8778277358496498,0.757296026368102,0.013158208155301875,0.19836335434469812,0.8778277358492989,0.7572960263691193,0.21152156250067428,0.5238726929441957,0.012192422335191695
6.344,0.8778278042551653,0.7572960789594725,0.013158194379125512,0.19836336812087452,0.8778278042548143,0.7572960789604898,0.21152156250067428,0.5238726929457406,0.012192419022354663
6.348,0.8778278721291887,0.7572961311422165,0.013158180709992333,0.19836338179000768,0.8778278721288377,0.7572961311432338,0.21152156250067433,0.5238726929472614,0.012192415735513678
6.352,0.8778279394758494,0.7572961829195091,0.01315816714707058,0.1983633953529295,0.8778279394754984,0.7572961829205263,0.2115215625006743,0.5238726929487587,0.01219241247446459
6.356,0.8778280062992447,0.7572962342945001,0.013158153689534935,0.19836340881046513,0.8778280062988938,0.7572962342955174,0.2115215625006743,0.5238726929502329,0.01219240923900487
6.36,0.8778280726034403,0.7572962852703157,0.013158140336566499,0.1983634221634335,0.8778280726030894,0.757296285271333,0.2115215625006743,0.523872692951684,0.01219240602893356
6.364,0.8778281383924701,0.7572963358500573,0.013158127087352757,0.19836343541264725,0.8778281383921192,0.7572963358510746,0.2115215625006743,0.5238726929531129,0.012192402844051299
6.368,0.8778282036703366,0.7572963860368023,0.013158113941087478,0.19836344855891255,0.8778282036699857,0.7572963860378196,0.21152156250067433,0.5238726929545197,0.012192399684160284
6.372,0.8778282684410115,0.7572964358336042,0.013158100896970719,0.19836346160302928,0.8778282684406605,0.7572964358346215,0.2115215625006743,0.5238726929559046,0.012192396549064267
6.376,0.8778283327084352,0.7572964852434927,0.01315808795420876,0.19836347454579134,0.8778283327080842,0.75729648524451,0.21152156250067436,0.5238726929572682,0.012192393438568556
6.38,0.8778283964765179,0.7572965342694741,0.01315807511201402,0.198363487387986,0.877828396476167,0.7572965342704914,0.21152156250067433,0.5238726929586105,0.012192390352479977
6.384,0.8778284597491391,0.7572965829145311,0.013158062369605072,0.19836350013039494,0.8778284597487882,0.7572965829155485,0.21152156250067436,0.5238726929599321,0.012192387290606871
6.388,0.8778285225301485,0.7572966311816236,0.013158049726206527,0.19836351277379352,0.8778285225297976,0.7572966311826409,0.2115215625006743,0.5238726929612333,0.012192384252759108
6.392,0.8778285848233656,0.7572966790736881,0.01315803718104905,0.19836352531895102,0.8778285848230146,0.7572966790747054,0.21152156250067436,0.5238726929625144,0.01219238123874803
6.396,0.8778286466325803,0.7572967265936387,0.013158024733369265,0.19836353776663074,0.8778286466322294,0.757296726594656,0.2115215625006743,0.5238726929637755,0.012192378248386473
6.4,0.8778287079615531,0.7572967737443663,0.013158012382409753,0.19836355011759024,0.8778287079612022,0.7572967737453837,0.21152156250067436,0.5238726929650172,0.012192375281488742
6.404,0.8778287688140153,0.7572968205287401,0.01315800012741895,0.19836356237258113,0.8778287688136643,0.7572968205297574,0.2115215625006743,0.5238726929662397,0.01219237233787061
6.408,0.8778288291936692,0.7572968669496064,0.013157987967651125,0.19836357453234893,0.8778288291933183,0.7572968669506237,0.21152156250067433,0.5238726929674432,0.012192369417349283
6.412,0.8778288891041883,0.7572969130097894,0.013157975902366389,0.19836358659763362,0.8778288891038374,0.7572969130108068,0.21152156250067436,0.523872692968628,0.012192366519743422
6.416,0.8778289485492176,0.7572969587120918,0.013157963930830567,0.19836359856916946,0.8778289485488666,0.7572969587131092,0.21152156250067436,0.5238726929697947,0.012192363644873094
6.42,0.8778290075323736,0.757297004059294,0.013157952052315208,0.19836361044768483,0.8778290075320226,0.7572970040603114,0.21152156250067436,0.5238726929709432,0.0121923607925598
6.424,0.8778290660572451,0.7572970490541553,0.013157940266097495,0.19836362223390253,0.8778290660568941,0.7572970490551727,0.2115215625006744,0.5238726929720738,0.01219235796262643
6.428,0.8778291241273926,0.7572970936994132,0.013157928571460259,0.19836363392853984,0.8778291241270416,0.7572970937004305,0.21152156250067436,0.5238726929731872,0.012192355154897276
6.432,0.8778291817463492,0.7572971379977838,0.013157916967691882,0.19836364553230812,0.8778291817459982,0.7572971379988013,0.2115215625006744,0.5238726929742831,0.012192352369198002
6.436,0.8778292389176204,0.7572971819519628,0.01315790545408627,0.19836365704591377,0.8778292389172695,0.7572971819529801,0.21152156250067436,0.5238726929753621,0.01219234960535565
6.44,0.8778292956446846,0.7572972255646241,0.013157894029942859,0.19836366847005718,0.8778292956443337,0.7572972255656415,0.21152156250067441,0.5238726929764245,0.012192346863198618
6.444,0.8778293519309931,0.7572972688384214,0.013157882694566476,0.1983636798054336,0.8778293519306422,0.7572972688394388,0.2115215625006744,0.5238726929774704,0.012192344142556663
6.448,0.8778294077799703,0.7572973117759875,0.013157871447267376,0.1983636910527326,0.8778294077796194,0.757297311777005,0.21152156250067441,0.5238726929784999,0.01219234144326086
6.452,0.8778294631950142,0.757297354379935,0.013157860287361184,0.19836370221263885,0.8778294631946633,0.7572973543809525,0.21152156250067444,0.5238726929795138,0.012192338765143628
6.456,0.8778295181794963,0.7572973966528559,0.013157849214168805,0.19836371328583124,0.8778295181791453,0.7572973966538734,0.21152156250067444,0.5238726929805119,0.0121923361080387
6.46,0.8778295727367618,0.7572974385973222,0.013157838227016471,0.19836372427298354,0.8778295727364108,0.7572974385983398,0.21152156250067441,0.5238726929814944,0.012192333471781116
6.464,0.87782962687013,0.7572974802158862,0.013157827325235606,0.19836373517476447,0.8778296268697791,0.7572974802169036,0.21152156250067444,0.5238726929824619,0.012192330856207202
6.468,0.8778296805828945,0.7572975215110795,0.013157816508162862,0.19836374599183715,0.8778296805825435,0.7572975215120971,0.2115215625006744,0.5238726929834142,0.012192328261154592
6.472,0.8778297338783231,0.7572975624854151,0.013157805775140034,0.19836375672485998,0.8778297338779721,0.7572975624864328,0.21152156250067441,0.5238726929843519,0.012192325686462174
6.476,0.8778297867596584,0.757297603141386,0.013157795125514016,0.19836376737448605,0.8778297867593075,0.7572976031424036,0.21152156250067444,0.5238726929852752,0.012192323131970119
6.48,0.8778298392301178,0.7572976434814657,0.013157784558636785,0.1983637779413632,0.8778298392297669,0.7572976434824832,0.21152156250067444,0.5238726929861839,0.012192320597519844
6.484,0.8778298912928936,0.7572976835081084,0.013157774073865387,0.1983637884261346,0.8778298912925426,0.7572976835091261,0.21152156250067444,0.5238726929870787,0.01219231808295402
6.488,0.8778299429511534,0.75729772322375,0.013157763670561798,0.19836379882943828,0.8778299429508024,0.7572977232247675,0.21152156250067447,0.5238726929879598,0.012192315588116542
6.492,0.87782999420804,0.7572977626308064,0.013157753348093028,0.19836380915190704,0.877829994207689,0.7572977626318239,0.21152156250067444,0.5238726929888271,0.012192313112852545
6.496,0.8778300450666721,0.7572978017316753,0.013157743105830927,0.1983638193941691,0.8778300450663211,0.7572978017326929,0.2115215625006745,0.523872692989681,0.012192310657008378
6.5,0.8778300955301438,0.7572978405287358,0.0131577329431523,0.19836382955684767,0.8778300955297929,0.7572978405297535,0.21152156250067444,0.5238726929905215,0.012192308220431592
6.5040000000000004,0.8778301456015255,0.7572978790243486,0.01315772285943873,0.19836383964056128,0.8778301456011746,0.7572978790253662,0.21152156250067441,0.5238726929913493,0.012192305802970944
6.508,0.8778301952838635,0.7572979172208557,0.013157712854076681,0.19836384964592338,0.8778301952835126,0.7572979172218732,0.2115215625006744,0.5238726929921642,0.012192303404476367
6.5120000000000005,0.8778302445801806,0.7572979551205811,0.013157702926457314,0.1983638595735427,0.8778302445798296,0.7572979551215987,0.21152156250067441,0.5238726929929663,0.012192301024798992
6.516,0.877830293493476,0.7572979927258309,0.01315769307597653,0.19836386942402354,0.877830293493125,0.7572979927268484,0.21152156250067444,0.5238726929937563,0.012192298663791104
6.5200000000000005,0.8778303420267256,0.7572980300388928,0.013157683302034961,0.19836387919796505,0.8778303420263747,0.7572980300399104,0.21152156250067447,0.5238726929945338,0.012192296321306157
6.524,0.8778303901828823,0.7572980670620373,0.013157673604037872,0.19836388889596215,0.8778303901825314,0.7572980670630548,0.21152156250067441,0.5238726929952994,0.012192293997198752
6.5280000000000005,0.8778304379648759,0.7572981037975169,0.013157663981395173,0.19836389851860486,0.877830437964525,0.7572981037985343,0.2115215625006744,0.5238726929960531,0.012192291691324636
6.532,0.8778304853756136,0.7572981402475667,0.013157654433521323,0.19836390806647872,0.8778304853752626,0.7572981402485842,0.21152156250067444,0.5238726929967952,0.01219228940354068
6.5360000000000005,0.8778305324179798,0.7572981764144044,0.013157644959835364,0.1983639175401647,0.8778305324176289,0.757298176415422,0.21152156250067444,0.5238726929975257,0.012192287133704901
6.54,0.8778305790948367,0.7572982123002306,0.013157635559760806,0.19836392694023922,0.8778305790944858,0.7572982123012482,0.21152156250067441,0.5238726929982449,0.012192284881676407
6.5440000000000005,0.8778306254090242,0.7572982479072288,0.013157626232725693,0.19836393626727436,0.8778306254086733,0.7572982479082463,0.21152156250067447,0.5238726929989531,0.01219228264731543
6.548,0.8778306713633601,0.7572982832375652,0.01315761697816249,0.1983639455218376,0.8778306713630092,0.7572982832385826,0.21152156250067444,0.5238726929996502,0.012192280430483295
6.5520000000000005,0.8778307169606403,0.7572983182933892,0.01315760779550808,0.19836395470449192,0.8778307169602894,0.7572983182944069,0.21152156250067444,0.5238726930003366,0.01219227823104241
6.556,0.877830762203639,0.7572983530768345,0.01315759868420369,0.19836396381579635,0.877830762203288,0.757298353077852,0.21152156250067447,0.5238726930010122,0.012192276048856282
6.5600000000000005,0.8778308070951089,0.7572983875900167,0.013157589643694916,0.19836397285630508,0.8778308070947579,0.7572983875910342,0.21152156250067444,0.5238726930016775,0.012192273883789465
6.564,0.8778308516377812,0.7572984218350359,0.013157580673431665,0.19836398182656834,0.8778308516374302,0.7572984218360534,0.21152156250067444,0.5238726930023325,0.012192271735707602
6.5680000000000005,0.8778308958343659,0.7572984558139758,0.013157571772868132,0.19836399072713193,0.877830895834015,0.7572984558149933,0.21152156250067444,0.5238726930029775,0.012192269604477373
6.572,0.8778309396875521,0.7572984895289038,0.013157562941462704,0.19836399955853734,0.8778309396872012,0.7572984895299212,0.2115215625006744,0.5238726930036123,0.012192267489966513
6.5760000000000005,0.8778309832000079,0.757298522981871,0.013157554178678022,0.19836400832132198,0.8778309831996569,0.7572985229828884,0.21152156250067436,0.5238726930042372,0.012192265392043801
6.58,0.8778310263743805,0.7572985561749129,0.013157545483980885,0.1983640170160192,0.8778310263740295,0.7572985561759303,0.2115215625006744,0.5238726930048527,0.012192263310579035
6.5840000000000005,0.8778310692132968,0.7572985891100491,0.013157536856842235,0.1983640256431578,0.8778310692129458,0.7572985891110665,0.21152156250067433,0.5238726930054585,0.012192261245443049
6.588,0.8778311117193631,0.7572986217892834,0.013157528296737138,0.19836403420326287,0.8778311117190122,0.7572986217903008,0.21152156250067433,0.5238726930060549,0.012192259196507684
6.5920000000000005,0.8778311538951658,0.7572986542146044,0.013157519803144706,0.19836404269685537,0.8778311538948148,0.7572986542156217,0.21152156250067436,0.5238726930066422,0.012192257163645784
6.596,0.8778311957432706,0.7572986863879845,0.013157511375548131,0.19836405112445188,0.8778311957429197,0.7572986863890019,0.2115215625006744,0.5238726930072203,0.012192255146731206
6.6000000000000005,0.8778312372662238,0.7572987183113815,0.013157503013434626,0.1983640594865654,0.8778312372658729,0.7572987183123989,0.21152156250067436,0.5238726930077895,0.01219225314563878
6.604,0.8778312784665517,0.7572987499867379,0.013157494716295357,0.19836406778370475,0.8778312784662008,0.7572987499877551,0.21152156250067436,0.5238726930083499,0.012192251160244336
6.6080000000000005,0.8778313193467611,0.7572987814159805,0.013157486483625459,0.19836407601637457,0.87783131934641,0.7572987814169978,0.2115215625006744,0.5238726930089015,0.01219224919042467
6.612,0.8778313599093389,0.7572988126010218,0.013157478314923997,0.19836408418507606,0.8778313599089879,0.7572988126020391,0.21152156250067441,0.5238726930094447,0.012192247236057545
6.6160000000000005,0.8778314001567533,0.7572988435437592,0.01315747020969393,0.1983640922903061,0.8778314001564023,0.7572988435447765,0.2115215625006744,0.5238726930099794,0.012192245297021684
6.62,0.8778314400914529,0.7572988742460753,0.013157462167442064,0.19836410033255797,0.8778314400911018,0.7572988742470926,0.2115215625006744,0.5238726930105059,0.012192243373196774
6.6240000000000006,0.8778314797158674,0.7572989047098383,0.013157454187679041,0.198364108312321,0.8778314797155163,0.7572989047108556,0.21152156250067441,0.5238726930110242,0.012192241464463436
6.628,0.8778315190324076,0.7572989349369015,0.013157446269919324,0.19836411623008077,0.8778315190320566,0.7572989349379188,0.2115215625006744,0.5238726930115346,0.012192239570703227
6.632000000000001,0.8778315580434657,0.7572989649291041,0.013157438413681123,0.19836412408631895,0.8778315580431146,0.7572989649301214,0.21152156250067441,0.523872693012037,0.012192237691798639
6.636,0.8778315967514151,0.7572989946882709,0.013157430618486399,0.19836413188151367,0.877831596751064,0.7572989946892882,0.21152156250067441,0.5238726930125316,0.012192235827633091
6.640000000000001,0.8778316351586108,0.7572990242162124,0.013157422883860855,0.19836413961613916,0.8778316351582598,0.7572990242172298,0.2115215625006744,0.5238726930130185,0.012192233978090909
6.644,0.8778316732673898,0.7572990535147256,0.013157415209333827,0.19836414729066618,0.8778316732670387,0.757299053515743,0.21152156250067441,0.5238726930134979,0.012192232143057341
6.648000000000001,0.8778317110800705,0.7572990825855929,0.01315740759443834,0.1983641549055617,0.8778317110797195,0.7572990825866103,0.2115215625006744,0.52387269301397,0.012192230322418516
6.652,0.8778317485989536,0.757299111430583,0.01315740003871106,0.19836416246128902,0.8778317485986026,0.7572991114316003,0.2115215625006744,0.5238726930144347,0.012192228516061472
6.656000000000001,0.8778317858263218,0.7572991400514508,0.013157392541692245,0.19836416995830775,0.8778317858259708,0.7572991400524682,0.21152156250067436,0.5238726930148921,0.012192226723874131
6.66,0.87783182276444,0.757299168449938,0.013157385102925705,0.1983641773970743,0.877831822764089,0.7572991684509555,0.21152156250067436,0.5238726930153426,0.0121922249457453
6.664,0.8778318594155557,0.7572991966277725,0.01315737772195882,0.19836418477804124,0.8778318594152047,0.7572991966287898,0.21152156250067436,0.5238726930157861,0.012192223181564644
6.668,0.8778318957818988,0.7572992245866683,0.01315737039834247,0.19836419210165757,0.8778318957815477,0.7572992245876856,0.21152156250067436,0.5238726930162226,0.012192221431222715
6.672,0.8778319318656819,0.7572992523283268,0.013157363131631029,0.19836419936836897,0.8778319318653308,0.7572992523293441,0.21152156250067436,0.5238726930166524,0.012192219694610911
6.676,0.8778319676691003,0.757299279854436,0.01315735592138233,0.1983642065786177,0.8778319676687493,0.7572992798554533,0.2115215625006744,0.5238726930170756,0.012192217971621488
6.68,0.8778320031943325,0.7572993071666705,0.013157348767157665,0.19836421373284244,0.8778320031939815,0.7572993071676878,0.21152156250067436,0.5238726930174924,0.012192216262147544
6.684,0.8778320384435399,0.757299334266692,0.013157341668521706,0.19836422083147837,0.8778320384431888,0.7572993342677093,0.21152156250067436,0.5238726930179025,0.012192214566083015
6.688,0.877832073418867,0.7572993611561496,0.013157334625042523,0.19836422787495753,0.877832073418516,0.7572993611571669,0.21152156250067433,0.5238726930183063,0.012192212883322682
6.692,0.8778321081224421,0.7572993878366793,0.013157327636291516,0.19836423486370852,0.877832108122091,0.7572993878376965,0.21152156250067433,0.5238726930187039,0.012192211213762141
6.696,0.8778321425563762,0.7572994143099042,0.013157320701843488,0.19836424179815657,0.8778321425560252,0.7572994143109214,0.21152156250067428,0.5238726930190953,0.012192209557297815
6.7,0.8778321767227647,0.7572994405774354,0.013157313821276426,0.19836424867872363,0.8778321767224136,0.7572994405784524,0.21152156250067428,0.5238726930194807,0.012192207913826933
6.704,0.8778322106236862,0.7572994666408707,0.013157306994171721,0.19836425550582829,0.8778322106233352,0.7572994666418879,0.2115215625006743,0.5238726930198601,0.012192206283247535
6.708,0.8778322442612033,0.7572994925017962,0.013157300220113945,0.1983642622798861,0.8778322442608523,0.7572994925028134,0.2115215625006743,0.5238726930202336,0.012192204665458464
6.712,0.8778322776373626,0.7572995181617852,0.013157293498690931,0.1983642690013091,0.8778322776370115,0.7572995181628024,0.21152156250067428,0.5238726930206014,0.012192203060359352
6.716,0.8778323107541948,0.7572995436223989,0.013157286829493676,0.19836427567050632,0.8778323107538437,0.7572995436234162,0.21152156250067433,0.5238726930209634,0.012192201467850626
6.72,0.8778323436137148,0.7572995688851869,0.013157280212116365,0.19836428228788372,0.8778323436133637,0.757299568886204,0.2115215625006743,0.5238726930213199,0.012192199887833485
6.724,0.8778323762179218,0.7572995939516857,0.01315727364615639,0.19836428885384366,0.8778323762175707,0.7572995939527027,0.21152156250067428,0.5238726930216707,0.012192198320209915
6.728,0.8778324085687995,0.7572996188234206,0.013157267131214193,0.1983642953687859,0.8778324085684485,0.7572996188244376,0.21152156250067428,0.5238726930220163,0.012192196764882663
6.732,0.8778324406683163,0.7572996435019048,0.013157260666893364,0.19836430183310666,0.8778324406679653,0.7572996435029219,0.21152156250067425,0.5238726930223564,0.012192195221755244
6.736,0.8778324725184251,0.75729966798864,0.013157254252800617,0.1983643082471994,0.8778324725180741,0.7572996679896571,0.21152156250067428,0.5238726930226912,0.012192193690731936
6.74,0.8778325041210638,0.7572996922851161,0.013157247888545606,0.19836431461145443,0.8778325041207128,0.7572996922861331,0.21152156250067425,0.523872693023021,0.012192192171717754
6.744,0.8778325354781552,0.7572997163928111,0.013157241573741114,0.1983643209262589,0.8778325354778042,0.7572997163938283,0.21152156250067433,0.5238726930233456,0.012192190664618468
6.748,0.8778325665916071,0.7572997403131921,0.013157235308002887,0.19836432719199715,0.8778325665912561,0.7572997403142093,0.21152156250067428,0.5238726930236652,0.012192189169340593
6.752,0.8778325974633125,0.7572997640477146,0.013157229090949699,0.19836433340905038,0.8778325974629615,0.7572997640487317,0.21152156250067436,0.5238726930239799,0.012192187685791367
6.756,0.8778326280951498,0.7572997875978222,0.013157222922203239,0.19836433957779684,0.8778326280947988,0.7572997875988393,0.21152156250067428,0.5238726930242896,0.012192186213878764
6.76,0.8778326584889826,0.7572998109649481,0.013157216801388165,0.19836434569861186,0.8778326584886316,0.7572998109659652,0.21152156250067425,0.5238726930245945,0.012192184753511479
6.764,0.8778326886466602,0.757299834150514,0.013157210728132057,0.19836435177186795,0.8778326886463091,0.7572998341515311,0.21152156250067428,0.5238726930248947,0.012192183304598914
6.768,0.8778327185700174,0.7572998571559306,0.01315720470206535,0.19836435779793468,0.8778327185696664,0.7572998571569477,0.21152156250067425,0.5238726930251904,0.012192181867051203
6.772,0.8778327482608749,0.7572998799825976,0.013157198722821397,0.19836436377717862,0.8778327482605238,0.7572998799836147,0.21152156250067422,0.5238726930254813,0.012192180440779172
6.776,0.8778327777210391,0.757299902631904,0.013157192790036352,0.19836436970996368,0.877832777720688,0.757299902632921,0.21152156250067422,0.5238726930257679,0.012192179025694347
6.78,0.8778328069523025,0.7572999251052277,0.013157186903349244,0.1983643755966508,0.8778328069519514,0.7572999251062447,0.2115215625006742,0.52387269302605,0.01219217762170895
6.784,0.8778328359564435,0.757299947403936,0.01315718106240189,0.19836438143759813,0.8778328359560924,0.757299947404953,0.2115215625006742,0.5238726930263277,0.012192176228735892
6.788,0.8778328647352268,0.7572999695293858,0.013157175266838869,0.19836438723316116,0.8778328647348758,0.7572999695304028,0.21152156250067417,0.5238726930266011,0.01219217484668877
6.792,0.8778328932904035,0.7572999914829233,0.013157169516307562,0.19836439298369246,0.8778328932900524,0.7572999914839402,0.21152156250067417,0.5238726930268702,0.01219217347548186
6.796,0.8778329216237108,0.7573000132658841,0.01315716381045804,0.19836439868954198,0.8778329216233598,0.757300013266901,0.21152156250067414,0.5238726930271352,0.012192172115030101
6.8,0.8778329497368728,0.7573000348795936,0.013157158148943138,0.19836440435105687,0.8778329497365217,0.7573000348806105,0.2115215625006741,0.5238726930273961,0.012192170765249123
6.804,0.8778329776315997,0.7573000563253669,0.013157152531418349,0.19836440996858165,0.8778329776312487,0.7573000563263838,0.21152156250067408,0.523872693027653,0.012192169426055185
6.808,0.877833005309589,0.757300077604509,0.013157146957541882,0.1983644155424582,0.8778330053092379,0.7573000776055256,0.211521562500674,0.5238726930279061,0.012192168097365239
6.812,0.8778330327725243,0.7573000987183142,0.013157141426974599,0.19836442107302543,0.8778330327721733,0.7573000987193309,0.21152156250067403,0.523872693028155,0.012192166779096857
6.816,0.8778330600220768,0.7573001196680673,0.013157135939379977,0.19836442656062,0.8778330600217258,0.7573001196690842,0.21152156250067405,0.5238726930284,0.012192165471168285
6.82,0.8778330870599045,0.7573001404550432,0.013157130494424074,0.19836443200557594,0.8778330870595534,0.75730014045606,0.21152156250067405,0.5238726930286414,0.01219216417349839
6.824,0.8778331138876523,0.7573001610805066,0.013157125091775619,0.19836443740822443,0.8778331138873012,0.7573001610815232,0.21152156250067403,0.5238726930288791,0.012192162886006686
6.828,0.8778331405069525,0.7573001815457121,0.013157119731105863,0.19836444276889414,0.8778331405066014,0.7573001815467287,0.21152156250067397,0.5238726930291129,0.01219216160861332
6.832,0.8778331669194247,0.7573002018519053,0.01315711441208862,0.19836444808791143,0.8778331669190736,0.7573002018529218,0.211521562500674,0.5238726930293433,0.012192160341239062
6.836,0.8778331931266758,0.7573002220003213,0.013157109134400283,0.1983644533655998,0.8778331931263248,0.7573002220013378,0.21152156250067397,0.5238726930295701,0.012192159083805307
6.84,0.8778332191303005,0.7573002419921863,0.013157103897719687,0.19836445860228036,0.8778332191299495,0.7573002419932028,0.21152156250067397,0.5238726930297932,0.012192157836234065
6.844,0.8778332449318809,0.7573002618287166,0.013157098701728221,0.19836446379827188,0.8778332449315298,0.757300261829733,0.21152156250067394,0.523872693030013,0.012192156598447954
6.848,0.8778332705329867,0.757300281511119,0.013157093546109706,0.19836446895389034,0.8778332705326356,0.7573002815121355,0.21152156250067394,0.5238726930302293,0.012192155370370206
6.852,0.8778332959351756,0.7573003010405911,0.013157088430550452,0.1983644740694496,0.8778332959348245,0.7573003010416077,0.21152156250067397,0.5238726930304424,0.012192154151924659
6.856,0.8778333211399932,0.7573003204183214,0.01315708335473917,0.19836447914526087,0.8778333211396422,0.7573003204193379,0.21152156250067394,0.5238726930306521,0.012192152943035736
6.86,0.8778333461489731,0.7573003396454886,0.013157078318367035,0.198364484181633,0.8778333461486221,0.7573003396465052,0.21152156250067397,0.5238726930308586,0.012192151743628464
6.864,0.8778333709636368,0.7573003587232628,0.013157073321127614,0.19836448917887245,0.8778333709632857,0.7573003587242794,0.21152156250067403,0.5238726930310619,0.012192150553628456
6.868,0.877833395585494,0.7573003776528046,0.013157068362716828,0.19836449413728321,0.8778333955851431,0.7573003776538212,0.211521562500674,0.5238726930312619,0.012192149372961907
6.872,0.8778334200160429,0.7573003964352657,0.01315706344283297,0.19836449905716708,0.877833420015692,0.7573003964362823,0.211521562500674,0.523872693031459,0.012192148201555593
6.876,0.87783344425677,0.7573004150717889,0.013157058561176677,0.19836450393882332,0.8778334442564191,0.7573004150728057,0.21152156250067397,0.523872693031653,0.012192147039336864
6.88,0.8778334683091501,0.7573004335635085,0.013157053717450915,0.1983645087825491,0.8778334683087992,0.7573004335645251,0.21152156250067394,0.5238726930318439,0.012192145886233642
6.884,0.8778334921746466,0.7573004519115493,0.013157048911360969,0.19836451358863907,0.8778334921742956,0.7573004519125658,0.21152156250067394,0.523872693032032,0.012192144742174407
6.888,0.8778335158547115,0.7573004701170275,0.013157044142614416,0.1983645183573856,0.8778335158543605,0.757300470118044,0.21152156250067392,0.5238726930322171,0.012192143607088216
6.892,0.8778335393507856,0.7573004881810511,0.01315703941092109,0.19836452308907898,0.8778335393504346,0.7573004881820675,0.21152156250067386,0.5238726930323994,0.012192142480904673
6.896,0.8778335626642985,0.7573005061047189,0.013157034715993061,0.19836452778400698,0.8778335626639475,0.7573005061057354,0.2115215625006739,0.5238726930325788,0.012192141363553928
6.9,0.8778335857966686,0.7573005238891217,0.013157030057544686,0.19836453244245536,0.8778335857963177,0.7573005238901381,0.21152156250067383,0.5238726930327554,0.012192140254966692
6.904,0.8778336087493034,0.7573005415353414,0.013157025435292506,0.19836453706470755,0.8778336087489524,0.7573005415363578,0.21152156250067386,0.5238726930329294,0.012192139155074212
6.908,0.8778336315235994,0.7573005590444518,0.013157020848955259,0.19836454165104478,0.8778336315232484,0.7573005590454682,0.21152156250067383,0.5238726930331006,0.012192138063808278
6.912,0.8778336541209422,0.7573005764175181,0.013157016298253919,0.19836454620174612,0.8778336541205912,0.7573005764185345,0.21152156250067386,0.5238726930332691,0.012192136981101215
6.916,0.8778336765427067,0.7573005936555974,0.013157011782911565,0.19836455071708847,0.8778336765423558,0.7573005936566138,0.21152156250067383,0.5238726930334351,0.012192135906885875
6.92,0.8778336987902572,0.7573006107597385,0.013157007302653454,0.19836455519734655,0.8778336987899062,0.7573006107607549,0.21152156250067383,0.5238726930335984,0.012192134841095645
6.924,0.8778337208649473,0.7573006277309823,0.013157002857206968,0.1983645596427931,0.8778337208645963,0.7573006277319986,0.21152156250067378,0.5238726930337594,0.012192133783664426
6.928,0.8778337427681199,0.757300644570361,0.013156998446301667,0.1983645640536984,0.8778337427677689,0.7573006445713774,0.21152156250067383,0.5238726930339178,0.012192132734526646
6.932,0.8778337645011078,0.7573006612788995,0.013156994069669102,0.19836456843033096,0.8778337645007569,0.7573006612799158,0.2115215625006738,0.5238726930340737,0.01219213169361724
6.936,0.8778337860652334,0.7573006778576142,0.013156989727043008,0.19836457277295702,0.8778337860648825,0.7573006778586305,0.2115215625006738,0.5238726930342271,0.012192130660871662
6.94,0.8778338074618086,0.757300694307514,0.01315698541815914,0.19836457708184094,0.8778338074614577,0.7573006943085303,0.2115215625006738,0.5238726930343783,0.012192129636225867
6.944,0.8778338286921352,0.7573007106295996,0.013156981142755321,0.19836458135724472,0.8778338286917843,0.7573007106306159,0.21152156250067383,0.5238726930345271,0.01219212861961631
6.948,0.877833849757505,0.7573007268248642,0.01315697690057142,0.1983645855994286,0.8778338497571541,0.7573007268258805,0.2115215625006738,0.5238726930346735,0.012192127610979953
6.952,0.8778338706591997,0.7573007428942932,0.013156972691349274,0.19836458980865074,0.8778338706588488,0.7573007428953095,0.21152156250067378,0.5238726930348178,0.012192126610254247
6.956,0.877833891398491,0.7573007588388643,0.01315696851483281,0.1983645939851672,0.87783389139814,0.7573007588398806,0.21152156250067383,0.5238726930349598,0.012192125617377134
6.96,0.8778339119766406,0.7573007746595476,0.013156964370767906,0.19836459812923218,0.8778339119762897,0.7573007746605639,0.2115215625006738,0.5238726930350996,0.012192124632287048
6.964,0.8778339323949007,0.7573007903573056,0.013156960258902388,0.19836460224109764,0.8778339323945498,0.757300790358322,0.21152156250067383,0.5238726930352372,0.012192123654922896
6.968,0.8778339526545136,0.7573008059330936,0.013156956178986079,0.19836460632101396,0.8778339526541626,0.75730080593411,0.21152156250067383,0.5238726930353728,0.012192122685224072
6.972,0.8778339727567119,0.7573008213878593,0.013156952130770703,0.1983646103692293,0.877833972756361,0.7573008213888757,0.21152156250067383,0.5238726930355061,0.012192121723130445
6.976,0.8778339927027188,0.7573008367225429,0.013156948114009968,0.19836461438599004,0.8778339927023678,0.7573008367235593,0.21152156250067386,0.5238726930356374,0.012192120768582363
6.98,0.8778340124937477,0.7573008519380775,0.013156944128459469,0.19836461837154054,0.8778340124933968,0.7573008519390939,0.21152156250067383,0.5238726930357667,0.012192119821520629
6.984,0.8778340321310029,0.7573008670353889,0.0131569401738767,0.19836462232612337,0.8778340321306519,0.7573008670364052,0.2115215625006738,0.5238726930358941,0.012192118881886512
6.988,0.8778340516156791,0.7573008820153956,0.013156936250021026,0.19836462624997905,0.8778340516153281,0.7573008820164119,0.2115215625006738,0.5238726930360195,0.012192117949621752
6.992,0.8778340709489618,0.7573008968790089,0.013156932356653704,0.19836463014334635,0.8778340709486109,0.7573008968800253,0.21152156250067383,0.5238726930361428,0.012192117024668535
6.996,0.8778340901320274,0.7573009116271335,0.013156928493537836,0.1983646340064622,0.8778340901316765,0.7573009116281499,0.21152156250067383,0.5238726930362643,0.012192116106969509
7.0,0.877834109166043,0.7573009262606665,0.013156924660438375,0.19836463783956165,0.877834109165692,0.757300926261683,0.2115215625006739,0.5238726930363838,0.012192115196467769
7.0040000000000004,0.8778341280521667,0.7573009407804984,0.013156920857122074,0.19836464164287793,0.8778341280518157,0.7573009407815149,0.21152156250067386,0.5238726930365015,0.012192114293106859
7.008,0.8778341467915475,0.7573009551875125,0.013156917083357542,0.1983646454166425,0.8778341467911965,0.757300955188529,0.21152156250067392,0.5238726930366175,0.01219211339683076
7.0120000000000005,0.8778341653853257,0.7573009694825855,0.013156913338915149,0.19836464916108495,0.8778341653849747,0.757300969483602,0.21152156250067397,0.5238726930367318,0.012192112507583903
7.016,0.8778341838346325,0.7573009836665869,0.013156909623567047,0.19836465287643296,0.8778341838342816,0.7573009836676037,0.211521562500674,0.523872693036844,0.01219211162531114
7.0200000000000005,0.8778342021405906,0.7573009977403803,0.013156905937087156,0.19836465656291288,0.8778342021402397,0.7573009977413969,0.21152156250067394,0.5238726930369547,0.01219211074995777
7.024,0.8778342203043136,0.7573010117048214,0.013156902279251223,0.19836466022074878,0.8778342203039626,0.7573010117058381,0.21152156250067397,0.5238726930370635,0.012192109881469506
7.0280000000000005,0.8778342383269067,0.7573010255607602,0.013156898649836657,0.19836466385016335,0.8778342383265557,0.7573010255617768,0.21152156250067397,0.5238726930371708,0.012192109019792513
7.032,0.8778342562094664,0.7573010393090396,0.013156895048622604,0.19836466745137743,0.8778342562091155,0.7573010393100562,0.21152156250067392,0.5238726930372763,0.012192108164873348
7.0360000000000005,0.8778342739530809,0.7573010529504961,0.013156891475389964,0.19836467102461006,0.87783427395273,0.7573010529515127,0.21152156250067392,0.5238726930373803,0.012192107316659002
7.04,0.8778342915588296,0.7573010664859599,0.013156887929921307,0.19836467457007873,0.8778342915584787,0.7573010664869765,0.211521562500674,0.5238726930374826,0.012192106475096888
7.0440000000000005,0.8778343090277839,0.7573010799162543,0.013156884412000898,0.19836467808799915,0.877834309027433,0.7573010799172709,0.21152156250067397,0.5238726930375834,0.012192105640134818
7.048,0.8778343263610066,0.7573010932421966,0.013156880921414708,0.19836468157858536,0.8778343263606556,0.7573010932432132,0.21152156250067392,0.5238726930376826,0.012192104811721026
7.0520000000000005,0.8778343435595521,0.7573011064645976,0.013156877457950335,0.1983646850420497,0.8778343435592012,0.7573011064656141,0.2115215625006739,0.5238726930377802,0.012192103989804146
7.056,0.8778343606244671,0.7573011195842616,0.013156874021397051,0.19836468847860297,0.8778343606241161,0.7573011195852782,0.21152156250067397,0.5238726930378763,0.012192103174333216
7.0600000000000005,0.8778343775567896,0.7573011326019871,0.013156870611545768,0.19836469188845426,0.8778343775564387,0.7573011326030037,0.21152156250067394,0.523872693037971,0.01219210236525767
7.064,0.8778343943575501,0.7573011455185661,0.013156867228188977,0.19836469527181105,0.8778343943571991,0.7573011455195826,0.21152156250067392,0.5238726930380642,0.012192101562527346
7.0680000000000005,0.8778344110277706,0.7573011583347844,0.013156863871120836,0.19836469862887923,0.8778344110274197,0.7573011583358009,0.21152156250067397,0.523872693038156,0.01219210076609247
7.072,0.8778344275684655,0.7573011710514218,0.013156860540137075,0.19836470195986294,0.8778344275681146,0.7573011710524384,0.211521562500674,0.5238726930382462,0.01219209997590366
7.0760000000000005,0.8778344439806411,0.7573011836692521,0.013156857235035036,0.198364705264965,0.8778344439802902,0.7573011836702688,0.211521562500674,0.5238726930383352,0.012192099191911922
7.08,0.8778344602652961,0.7573011961890431,0.01315685395561359,0.19836470854438648,0.8778344602649452,0.7573011961900598,0.211521562500674,0.5238726930384228,0.012192098414068651
7.0840000000000005,0.8778344764234213,0.7573012086115565,0.013156850701673191,0.19836471179832682,0.8778344764230703,0.7573012086125731,0.21152156250067394,0.5238726930385088,0.012192097642325617
7.088,0.8778344924559996,0.7573012209375479,0.013156847473015881,0.19836471502698416,0.8778344924556487,0.7573012209385647,0.21152156250067403,0.5238726930385937,0.012192096876634967
7.0920000000000005,0.8778345083640068,0.7573012331677675,0.013156844269445194,0.19836471823055482,0.8778345083636558,0.7573012331687844,0.21152156250067403,0.5238726930386772,0.01219209611694923
7.096,0.8778345241484106,0.7573012453029596,0.013156841090766192,0.19836472140923384,0.8778345241480596,0.7573012453039764,0.21152156250067405,0.5238726930387595,0.012192095363221304
7.1000000000000005,0.8778345398101713,0.7573012573438622,0.013156837936785492,0.19836472456321455,0.8778345398098204,0.757301257344879,0.21152156250067405,0.5238726930388405,0.012192094615404457
7.104,0.877834555350242,0.757301269291208,0.013156834807311186,0.1983647276926888,0.8778345553498911,0.7573012692922249,0.21152156250067405,0.5238726930389201,0.012192093873452322
7.1080000000000005,0.8778345707695682,0.7573012811457241,0.013156831702152844,0.19836473079784722,0.8778345707692172,0.7573012811467409,0.21152156250067408,0.5238726930389987,0.012192093137318899
7.112,0.8778345860690879,0.7573012929081318,0.013156828621121526,0.19836473387887854,0.877834586068737,0.7573012929091485,0.21152156250067405,0.523872693039076,0.012192092406958548
7.1160000000000005,0.8778346012497322,0.7573013045791464,0.013156825564029759,0.19836473693597026,0.8778346012493813,0.7573013045801632,0.21152156250067405,0.5238726930391521,0.012192091682325983
7.12,0.8778346163124247,0.7573013161594784,0.013156822530691547,0.19836473996930848,0.8778346163120737,0.7573013161604951,0.211521562500674,0.5238726930392269,0.01219209096337628
7.1240000000000006,0.8778346312580816,0.757301327649832,0.013156819520922342,0.1983647429790777,0.8778346312577306,0.7573013276508489,0.21152156250067408,0.5238726930393007,0.012192090250064866
7.128,0.8778346460876125,0.7573013390509068,0.013156816534538974,0.198364745965461,0.8778346460872616,0.7573013390519236,0.21152156250067408,0.5238726930393732,0.01219208954234751
7.132000000000001,0.8778346608019196,0.7573013503633963,0.013156813571359763,0.19836474892864026,0.8778346608015687,0.757301350364413,0.21152156250067403,0.5238726930394447,0.012192088840180342
7.136,0.8778346754018983,0.7573013615879888,0.013156810631204394,0.19836475186879568,0.8778346754015474,0.7573013615890054,0.21152156250067397,0.5238726930395152,0.012192088143519821
7.140000000000001,0.8778346898884367,0.757301372725367,0.013156807713893987,0.19836475478610607,0.8778346898880858,0.7573013727263838,0.21152156250067405,0.5238726930395845,0.012192087452322762
7.144,0.8778347042624164,0.7573013837762089,0.013156804819251015,0.19836475768074904,0.8778347042620654,0.7573013837772257,0.21152156250067405,0.5238726930396527,0.012192086766546303
7.148000000000001,0.8778347185247118,0.7573013947411866,0.013156801947099363,0.19836476055290067,0.8778347185243609,0.7573013947422035,0.21152156250067408,0.5238726930397198,0.012192086086147937
7.152,0.8778347326761908,0.7573014056209676,0.01315679909726428,0.19836476340273576,0.8778347326758399,0.7573014056219843,0.21152156250067405,0.5238726930397859,0.012192085411085476
7.156000000000001,0.8778347467177144,0.7573014164162134,0.013156796269572352,0.19836476623042765,0.8778347467173635,0.7573014164172303,0.21152156250067405,0.523872693039851,0.012192084741317066
7.16,0.877834760650137,0.7573014271275813,0.013156793463851527,0.19836476903614852,0.877834760649786,0.757301427128598,0.21152156250067403,0.5238726930399151,0.012192084076801182
7.164000000000001,0.8778347744743061,0.7573014377557228,0.013156790679931103,0.19836477182006895,0.8778347744739552,0.7573014377567395,0.21152156250067403,0.5238726930399782,0.01219208341749663
7.168,0.877834788191063,0.7573014483012844,0.01315678791764169,0.19836477458235835,0.877834788190712,0.7573014483023012,0.21152156250067405,0.5238726930400402,0.012192082763362535
7.172,0.8778348018012422,0.7573014587649081,0.013156785176815186,0.19836477732318486,0.8778348018008912,0.7573014587659248,0.21152156250067405,0.5238726930401014,0.012192082114358339
7.176,0.8778348153056718,0.7573014691472303,0.01315678245728485,0.19836478004271524,0.8778348153053208,0.7573014691482469,0.211521562500674,0.5238726930401617,0.012192081470443808
7.18,0.8778348287051734,0.7573014794488827,0.013156779758885214,0.19836478274111483,0.8778348287048224,0.7573014794498993,0.211521562500674,0.5238726930402209,0.01219208083157902
7.184,0.8778348420005623,0.757301489670492,0.013156777081452083,0.1983647854185479,0.8778348420002113,0.7573014896715088,0.21152156250067403,0.5238726930402792,0.012192080197724369
7.188,0.8778348551926475,0.7573014998126806,0.013156774424822541,0.1983647880751775,0.8778348551922965,0.7573014998136972,0.211521562500674,0.5238726930403367,0.012192079568840558
7.192,0.8778348682822317,0.757301509876065,0.013156771788834938,0.19836479071116506,0.8778348682818807,0.7573015098770818,0.21152156250067403,0.5238726930403932,0.0121920789448886
7.196,0.8778348812701111,0.7573015198612579,0.013156769173328928,0.19836479332667112,0.8778348812697602,0.7573015198622747,0.211521562500674,0.5238726930404489,0.012192078325829811
7.2,0.8778348941570762,0.7573015297688668,0.01315676657814531,0.19836479592185474,0.8778348941567252,0.7573015297698835,0.21152156250067408,0.5238726930405038,0.012192077711625822
7.204,0.8778349069439109,0.7573015395994943,0.01315676400312622,0.19836479849687386,0.8778349069435599,0.757301539600511,0.21152156250067408,0.5238726930405578,0.012192077102238538
7.208,0.8778349196313933,0.7573015493537387,0.01315676144811495,0.19836480105188511,0.8778349196310423,0.7573015493547555,0.21152156250067403,0.5238726930406109,0.012192076497630188
7.212,0.8778349322202953,0.7573015590321934,0.013156758912956062,0.19836480358704398,0.8778349322199444,0.7573015590332102,0.21152156250067405,0.5238726930406632,0.012192075897763293
7.216,0.8778349447113829,0.7573015686354475,0.01315675639749528,0.19836480610250481,0.877834944711032,0.7573015686364641,0.211521562500674,0.5238726930407148,0.012192075302600662
7.22,0.877834957105416,0.757301578164085,0.013156753901579579,0.19836480859842048,0.8778349571050651,0.7573015781651017,0.211521562500674,0.5238726930407654,0.012192074712105396
7.224,0.8778349694031489,0.7573015876186858,0.013156751425057083,0.19836481107494294,0.8778349694027979,0.7573015876197026,0.211521562500674,0.5238726930408153,0.012192074126240893
7.228,0.8778349816053296,0.7573015969998251,0.013156748967777096,0.19836481353222293,0.8778349816049786,0.757301597000842,0.21152156250067408,0.5238726930408645,0.01219207354497083
7.232,0.8778349937127007,0.757301606308074,0.013156746529590096,0.19836481597040997,0.8778349937123497,0.7573016063090907,0.21152156250067408,0.523872693040913,0.01219207296825917
7.236,0.8778350057259988,0.7573016155439984,0.013156744110347748,0.19836481838965228,0.8778350057256479,0.7573016155450152,0.21152156250067405,0.5238726930409605,0.012192072396070161
7.24,0.8778350176459548,0.7573016247081604,0.013156741709902846,0.19836482079009718,0.8778350176456039,0.7573016247091773,0.21152156250067405,0.5238726930410075,0.012192071828368333
7.244,0.8778350294732941,0.7573016338011178,0.013156739328109332,0.19836482317189072,0.8778350294729431,0.7573016338021346,0.21152156250067403,0.5238726930410537,0.012192071265118488
7.248,0.877835041208736,0.7573016428234236,0.013156736964822306,0.19836482553517773,0.8778350412083851,0.7573016428244403,0.211521562500674,0.5238726930410991,0.012192070706285717
7.252,0.8778350528529949,0.7573016517756269,0.013156734619897942,0.19836482788010212,0.877835052852644,0.7573016517766437,0.21152156250067405,0.5238726930411439,0.012192070151835368
7.256,0.877835064406779,0.7573016606582723,0.013156732293193566,0.19836483020680645,0.8778350644064281,0.757301660659289,0.21152156250067405,0.5238726930411879,0.012192069601733075
7.26,0.8778350758707915,0.7573016694719003,0.013156729984567631,0.1983648325154324,0.8778350758704405,0.757301669472917,0.21152156250067405,0.5238726930412313,0.012192069055944735
7.264,0.8778350872457297,0.7573016782170471,0.013156727693879657,0.19836483480612038,0.8778350872453787,0.7573016782180638,0.21152156250067405,0.523872693041274,0.012192068514436508
7.268,0.8778350985322858,0.7573016868942448,0.013156725420990245,0.19836483707900981,0.8778350985319349,0.7573016868952616,0.21152156250067397,0.5238726930413161,0.01219206797717483
7.272,0.8778351097311465,0.7573016955040214,0.013156723165761133,0.19836483933423885,0.8778351097307956,0.7573016955050382,0.21152156250067403,0.5238726930413574,0.012192067444126395
7.276,0.8778351208429933,0.757301704046901,0.013156720928055062,0.198364841571945,0.8778351208426424,0.7573017040479176,0.211521562500674,0.5238726930413983,0.012192066915258155
7.28,0.8778351318685021,0.7573017125234028,0.01315671870773591,0.1983648437922641,0.8778351318681512,0.7573017125244196,0.21152156250067397,0.5238726930414384,0.012192066390537331
7.284,0.877835142808344,0.7573017209340432,0.013156716504668556,0.1983648459953315,0.877835142807993,0.7573017209350599,0.211521562500674,0.5238726930414779,0.012192065869931386
7.288,0.8778351536631842,0.7573017292793335,0.013156714318718992,0.19836484818128108,0.8778351536628334,0.7573017292803502,0.211521562500674,0.5238726930415168,0.012192065353408055
7.292,0.8778351644336835,0.7573017375597816,0.013156712149754175,0.1983648503502459,0.8778351644333326,0.7573017375607983,0.211521562500674,0.5238726930415551,0.012192064840935312
7.296,0.8778351751204971,0.7573017457758913,0.013156709997642133,0.1983648525023579,0.8778351751201463,0.757301745776908,0.211521562500674,0.5238726930415928,0.01219206433248139
7.3,0.8778351857242753,0.7573017539281626,0.013156707862251924,0.1983648546377481,0.8778351857239245,0.7573017539291792,0.21152156250067394,0.5238726930416299,0.012192063828014774
7.304,0.8778351962456632,0.7573017620170913,0.013156705743453652,0.19836485675654641,0.8778351962453124,0.757301762018108,0.21152156250067394,0.5238726930416665,0.01219206332750419
7.308,0.8778352066853009,0.7573017700431697,0.013156703641118364,0.19836485885888164,0.8778352066849501,0.7573017700441864,0.21152156250067397,0.5238726930417024,0.012192062830918607
7.312,0.8778352170438237,0.7573017780068863,0.01315670155511815,0.19836486094488193,0.8778352170434729,0.7573017780079029,0.21152156250067397,0.5238726930417379,0.012192062338227243
7.316,0.8778352273218618,0.7573017859087253,0.013156699485326091,0.198364863014674,0.877835227321511,0.757301785909742,0.21152156250067397,0.5238726930417728,0.01219206184939956
7.32,0.8778352375200406,0.7573017937491676,0.013156697431616255,0.19836486506838377,0.8778352375196897,0.7573017937501844,0.211521562500674,0.5238726930418071,0.012192061364405253
7.324,0.8778352476389805,0.7573018015286904,0.01315669539386367,0.19836486710613635,0.8778352476386296,0.7573018015297072,0.21152156250067397,0.5238726930418408,0.012192060883214258
7.328,0.8778352576792973,0.757301809247767,0.013156693371944353,0.19836486912805568,0.8778352576789464,0.7573018092487838,0.21152156250067397,0.5238726930418741,0.012192060405796745
7.332,0.8778352676416018,0.757301816906867,0.01315669136573527,0.1983648711342648,0.877835267641251,0.7573018169078838,0.21152156250067397,0.523872693041907,0.012192059932123123
7.336,0.8778352775265001,0.7573018245064564,0.01315668937511438,0.19836487312488568,0.8778352775261493,0.7573018245074732,0.211521562500674,0.5238726930419392,0.012192059462164022
7.34,0.8778352873345938,0.7573018320469976,0.013156687399960539,0.1983648751000395,0.877835287334243,0.7573018320480144,0.21152156250067397,0.5238726930419709,0.012192058995890319
7.344,0.8778352970664796,0.7573018395289495,0.013156685440153578,0.19836487705984646,0.8778352970661287,0.7573018395299662,0.21152156250067397,0.5238726930420021,0.012192058533273107
7.348,0.8778353067227495,0.7573018469527671,0.013156683495574263,0.19836487900442581,0.8778353067223986,0.7573018469537839,0.211521562500674,0.523872693042033,0.012192058074283703
7.352,0.8778353163039911,0.7573018543189023,0.013156681566104245,0.19836488093389582,0.8778353163036403,0.7573018543199191,0.21152156250067403,0.5238726930420633,0.012192057618893658
7.356,0.8778353258107875,0.7573018616278031,0.013156679651626136,0.19836488284837386,0.8778353258104367,0.7573018616288201,0.21152156250067405,0.523872693042093,0.012192057167074747
7.36,0.8778353352437169,0.7573018688799146,0.013156677752023461,0.1983648847479766,0.8778353352433661,0.7573018688809314,0.21152156250067403,0.5238726930421225,0.01219205671879896
7.364,0.8778353446033534,0.7573018760756776,0.013156675867180627,0.19836488663281943,0.8778353446030026,0.7573018760766945,0.21152156250067405,0.5238726930421514,0.012192056274038512
7.368,0.8778353538902665,0.7573018832155302,0.013156673996982955,0.19836488850301703,0.8778353538899156,0.7573018832165471,0.2115215625006741,0.5238726930421798,0.012192055832765829
7.372,0.8778353631050211,0.7573018902999066,0.01315667214131666,0.19836489035868335,0.8778353631046703,0.7573018903009237,0.21152156250067414,0.5238726930422078,0.012192055394953558
7.376,0.877835372248178,0.757301897329238,0.013156670300068807,0.1983648921999312,0.8778353722478272,0.7573018973302551,0.21152156250067417,0.5238726930422354,0.012192054960574567
7.38,0.8778353813202934,0.7573019043039522,0.013156668473127383,0.19836489402687266,0.8778353813199425,0.7573019043049692,0.21152156250067414,0.5238726930422627,0.012192054529601919
7.384,0.8778353903219194,0.7573019112244733,0.013156666660381223,0.19836489583961883,0.8778353903215685,0.7573019112254904,0.21152156250067414,0.5238726930422895,0.012192054102008904
7.388,0.8778353992536035,0.7573019180912226,0.013156664861720043,0.19836489763827997,0.8778353992532527,0.7573019180922397,0.2115215625006741,0.5238726930423157,0.01219205367776902
7.392,0.8778354081158894,0.7573019249046178,0.013156663077034373,0.19836489942296567,0.8778354081155386,0.7573019249056349,0.2115215625006741,0.5238726930423417,0.012192053256855963
7.396,0.8778354169093162,0.7573019316650734,0.013156661306215652,0.19836490119378436,0.8778354169089654,0.7573019316660905,0.2115215625006741,0.5238726930423672,0.01219205283924365
7.4,0.8778354256344189,0.757301938373001,0.013156659549156126,0.19836490295084394,0.877835425634068,0.7573019383740179,0.21152156250067414,0.5238726930423924,0.012192052424906188
7.404,0.8778354342917283,0.7573019450288083,0.01315665780574889,0.19836490469425114,0.8778354342913774,0.7573019450298253,0.2115215625006741,0.523872693042417,0.012192052013817893
7.408,0.8778354428817713,0.7573019516329007,0.013156656075887847,0.19836490642411223,0.8778354428814205,0.7573019516339176,0.21152156250067408,0.5238726930424414,0.01219205160595329
7.412,0.8778354514050705,0.7573019581856798,0.013156654359467758,0.19836490814053231,0.8778354514047196,0.7573019581866965,0.21152156250067403,0.5238726930424654,0.012192051201287095
7.416,0.8778354598621444,0.7573019646875442,0.013156652656384181,0.19836490984361582,0.8778354598617936,0.757301964688561,0.21152156250067403,0.523872693042489,0.012192050799794218
7.42,0.8778354682535077,0.7573019711388898,0.013156650966533498,0.19836491153346653,0.8778354682531568,0.7573019711399065,0.21152156250067394,0.5238726930425123,0.012192050401449777
7.424,0.8778354765796708,0.7573019775401088,0.013156649289812907,0.19836491321018707,0.8778354765793199,0.7573019775411256,0.211521562500674,0.523872693042535,0.012192050006229081
7.428,0.8778354848411404,0.757301983891591,0.013156647626120357,0.19836491487387975,0.8778354848407895,0.7573019838926077,0.21152156250067403,0.5238726930425578,0.012192049614107633
7.432,0.8778354930384191,0.7573019901937225,0.01315664597535464,0.1983649165246454,0.8778354930380683,0.7573019901947393,0.21152156250067408,0.5238726930425799,0.01219204922506112
7.436,0.8778355011720058,0.757301996446887,0.013156644337415294,0.19836491816258472,0.877835501171655,0.7573019964479039,0.21152156250067405,0.5238726930426016,0.012192048839065432
7.44,0.8778355092423953,0.757302002651465,0.01315664271220268,0.19836491978779736,0.8778355092420445,0.7573020026524818,0.21152156250067405,0.5238726930426232,0.012192048456096647
7.444,0.8778355172500786,0.7573020088078337,0.013156641099617897,0.1983649214003821,0.8778355172497277,0.7573020088088507,0.21152156250067405,0.5238726930426443,0.012192048076131017
7.448,0.8778355251955429,0.7573020149163682,0.013156639499562842,0.19836492300043723,0.877835525195192,0.757302014917385,0.21152156250067405,0.5238726930426653,0.012192047699144998
7.452,0.8778355330792716,0.7573020209774397,0.013156637911940139,0.1983649245880599,0.8778355330789208,0.7573020209784566,0.21152156250067408,0.5238726930426857,0.012192047325115217
7.456,0.8778355409017446,0.7573020269914171,0.013156636336653196,0.19836492616334686,0.8778355409013938,0.7573020269924341,0.21152156250067405,0.523872693042706,0.012192046954018496
7.46,0.8778355486634377,0.7573020329586666,0.013156634773606159,0.1983649277263939,0.8778355486630869,0.7573020329596835,0.21152156250067405,0.5238726930427259,0.012192046585831824
7.464,0.8778355563648231,0.7573020388795509,0.013156633222703948,0.19836492927729613,0.8778355563644723,0.7573020388805678,0.2115215625006741,0.5238726930427454,0.012192046220532386
7.468,0.8778355640063695,0.7573020447544304,0.013156631683852163,0.19836493081614787,0.8778355640060187,0.7573020447554473,0.21152156250067405,0.5238726930427646,0.012192045858097538
7.472,0.8778355715885418,0.7573020505836625,0.013156630156957212,0.1983649323430428,0.8778355715881909,0.7573020505846795,0.21152156250067408,0.5238726930427836,0.01219204549850481
7.476,0.8778355791118012,0.7573020563676021,0.01315662864192616,0.1983649338580739,0.8778355791114504,0.7573020563686189,0.2115215625006741,0.5238726930428024,0.012192045141731922
7.48,0.8778355865766057,0.7573020621066008,0.013156627138666842,0.1983649353613332,0.8778355865762548,0.7573020621076176,0.21152156250067405,0.5238726930428207,0.012192044787756755
7.484,0.8778355939834093,0.7573020678010078,0.013156625647087762,0.19836493685291223,0.8778355939830584,0.7573020678020248,0.21152156250067405,0.5238726930428388,0.012192044436557362
7.488,0.8778356013326627,0.75730207345117,0.013156624167098195,0.19836493833290184,0.8778356013323119,0.7573020734521869,0.2115215625006741,0.5238726930428567,0.012192044088111982
7.492,0.877835608624813,0.7573020790574307,0.013156622698608093,0.19836493980139194,0.8778356086244622,0.7573020790584477,0.2115215625006741,0.5238726930428742,0.012192043742399017
7.496,0.877835615860304,0.7573020846201312,0.013156621241528096,0.19836494125847187,0.8778356158599532,0.7573020846211482,0.2115215625006741,0.5238726930428914,0.012192043399397038
7.5,0.877835623039576,0.7573020901396101,0.013156619795769533,0.1983649427042305,0.8778356230392251,0.757302090140627,0.21152156250067405,0.5238726930429085,0.01219204305908478
7.5040000000000004,0.8778356301630655,0.757302095616203,0.01315661836124447,0.19836494413875558,0.8778356301627147,0.7573020956172198,0.21152156250067408,0.5238726930429253,0.012192042721441152
7.508,0.8778356372312063,0.7573021010502432,0.013156616937865585,0.1983649455621345,0.8778356372308554,0.7573021010512601,0.21152156250067408,0.5238726930429418,0.012192042386445228
7.5120000000000005,0.8778356442444282,0.7573021064420612,0.013156615525546306,0.19836494697445367,0.8778356442440773,0.7573021064430782,0.21152156250067408,0.5238726930429579,0.012192042054076245
7.516,0.877835651203158,0.7573021117919854,0.013156614124200685,0.19836494837579938,0.8778356512028072,0.7573021117930022,0.21152156250067408,0.523872693042974,0.012192041724313592
7.5200000000000005,0.877835658107819,0.7573021171003409,0.013156612733743453,0.19836494976625654,0.8778356581074682,0.7573021171013579,0.2115215625006741,0.5238726930429897,0.01219204139713684
7.524,0.8778356649588316,0.7573021223674511,0.013156611354089997,0.19836495114591007,0.8778356649584808,0.757302122368468,0.21152156250067408,0.5238726930430053,0.012192041072525708
7.5280000000000005,0.8778356717566124,0.7573021275936361,0.013156609985156397,0.19836495251484362,0.8778356717562615,0.757302127594653,0.21152156250067405,0.5238726930430204,0.01219204075046007
7.532,0.877835678501575,0.7573021327792142,0.01315660862685934,0.1983649538731407,0.8778356785012241,0.757302132780231,0.211521562500674,0.5238726930430355,0.012192040430919966
7.5360000000000005,0.8778356851941298,0.7573021379245006,0.013156607279116207,0.1983649552208838,0.877835685193779,0.7573021379255175,0.21152156250067403,0.5238726930430502,0.012192040113885597
7.54,0.8778356918346841,0.7573021430298087,0.013156605941844956,0.19836495655815511,0.8778356918343333,0.7573021430308254,0.21152156250067394,0.5238726930430649,0.012192039799337298
7.5440000000000005,0.8778356984236418,0.7573021480954489,0.013156604614964254,0.1983649578850358,0.877835698423291,0.7573021480964656,0.21152156250067397,0.5238726930430792,0.012192039487255587
7.548,0.877835704961404,0.7573021531217293,0.013156603298393358,0.19836495920160666,0.8778357049610531,0.7573021531227461,0.21152156250067397,0.5238726930430933,0.012192039177621112
7.5520000000000005,0.8778357114483682,0.7573021581089561,0.013156601992052158,0.1983649605079479,0.8778357114480174,0.7573021581099728,0.211521562500674,0.5238726930431072,0.012192038870414687
7.556,0.8778357178849294,0.7573021630574325,0.013156600695861163,0.1983649618041389,0.8778357178845786,0.7573021630584492,0.21152156250067403,0.5238726930431209,0.012192038565617269
7.5600000000000005,0.877835724271479,0.7573021679674595,0.013156599409741516,0.19836496309025853,0.8778357242711282,0.7573021679684763,0.21152156250067403,0.5238726930431343,0.01219203826320996
7.564,0.8778357306084058,0.7573021728393361,0.013156598133614942,0.1983649643663851,0.877835730608055,0.7573021728403528,0.21152156250067403,0.5238726930431475,0.01219203796317402
7.5680000000000005,0.8778357368960952,0.7573021776733585,0.01315659686740383,0.19836496563259623,0.8778357368957443,0.7573021776743752,0.211521562500674,0.5238726930431606,0.012192037665490854
7.572,0.8778357431349297,0.757302182469821,0.013156595611031115,0.19836496688896896,0.8778357431345789,0.7573021824708377,0.21152156250067394,0.5238726930431735,0.012192037370142014
7.5760000000000005,0.8778357493252891,0.7573021872290153,0.013156594364420357,0.19836496813557972,0.8778357493249382,0.757302187230032,0.21152156250067397,0.5238726930431862,0.012192037077109188
7.58,0.8778357554675499,0.7573021919512309,0.0131565931274957,0.19836496937250434,0.877835755467199,0.7573021919522477,0.21152156250067394,0.5238726930431986,0.012192036786374219
7.5840000000000005,0.8778357615620859,0.7573021966367554,0.013156591900181893,0.1983649705998181,0.877835761561735,0.7573021966377722,0.21152156250067394,0.5238726930432108,0.012192036497919077
7.588,0.8778357676092678,0.7573022012858738,0.013156590682404245,0.1983649718175958,0.877835767608917,0.7573022012868905,0.21152156250067394,0.5238726930432229,0.012192036211725895
7.5920000000000005,0.8778357736094637,0.7573022058988688,0.013156589474088681,0.19836497302591133,0.8778357736091129,0.7573022058998855,0.2115215625006739,0.5238726930432348,0.012192035927776932
7.596,0.8778357795630386,0.7573022104760213,0.013156588275161668,0.1983649742248384,0.8778357795626878,0.7573022104770379,0.21152156250067394,0.5238726930432466,0.012192035646054582
7.6000000000000005,0.8778357854703547,0.7573022150176094,0.013156587085550276,0.19836497541444972,0.8778357854700038,0.7573022150186263,0.211521562500674,0.523872693043258,0.012192035366541383
7.604,0.8778357913317715,0.75730221952391,0.013156585905182084,0.19836497659481792,0.8778357913314206,0.7573022195249267,0.21152156250067397,0.5238726930432693,0.012192035089220017
7.6080000000000005,0.8778357971476456,0.757302223995197,0.013156584733985302,0.19836497776601475,0.8778357971472948,0.7573022239962136,0.21152156250067394,0.5238726930432805,0.012192034814073298
7.612,0.8778358029183309,0.7573022284317423,0.013156583571888657,0.1983649789281114,0.87783580291798,0.757302228432759,0.211521562500674,0.5238726930432915,0.01219203454108417
7.6160000000000005,0.8778358086441783,0.7573022328338159,0.013156582418821472,0.19836498008117856,0.8778358086438275,0.7573022328348327,0.21152156250067397,0.5238726930433023,0.012192034270235705
7.62,0.8778358143255365,0.7573022372016859,0.013156581274713539,0.19836498122528654,0.8778358143251856,0.7573022372027026,0.211521562500674,0.5238726930433131,0.012192034001511124
7.6240000000000006,0.877835819962751,0.7573022415356178,0.013156580139495288,0.19836498236050476,0.8778358199624001,0.7573022415366345,0.21152156250067394,0.5238726930433235,0.01219203373489377
7.628,0.8778358255561648,0.7573022458358754,0.013156579013097608,0.19836498348690243,0.877835825555814,0.7573022458368921,0.21152156250067394,0.5238726930433338,0.012192033470367113
7.632000000000001,0.8778358311061183,0.7573022501027203,0.013156577895451974,0.1983649846045481,0.8778358311057675,0.757302250103737,0.21152156250067394,0.523872693043344,0.012192033207914765
7.636,0.8778358366129491,0.7573022543364122,0.013156576786490421,0.19836498571350963,0.8778358366125982,0.7573022543374288,0.21152156250067394,0.523872693043354,0.012192032947520453
7.640000000000001,0.8778358420769923,0.7573022585372086,0.013156575686145429,0.19836498681385464,0.8778358420766414,0.7573022585382252,0.21152156250067394,0.5238726930433639,0.012192032689168037
7.644,0.8778358474985803,0.7573022627053652,0.013156574594350053,0.19836498790565002,0.8778358474982295,0.7573022627063817,0.21152156250067392,0.5238726930433736,0.012192032432841511
7.648000000000001,0.8778358528780431,0.7573022668411354,0.01315657351103788,0.19836498898896218,0.8778358528776923,0.757302266842152,0.21152156250067392,0.5238726930433831,0.012192032178524987
7.652,0.8778358582157079,0.7573022709447709,0.013156572436143009,0.198364990063857,0.877835858215357,0.7573022709457876,0.21152156250067394,0.5238726930433925,0.012192031926202699
7.656000000000001,0.8778358635118995,0.7573022750165217,0.013156571369599995,0.19836499113040004,0.8778358635115486,0.7573022750175383,0.21152156250067392,0.5238726930434018,0.012192031675859014
7.66,0.8778358687669401,0.7573022790566352,0.013156570311343969,0.19836499218865605,0.8778358687665893,0.7573022790576518,0.21152156250067392,0.5238726930434109,0.012192031427478404
7.664000000000001,0.8778358739811495,0.7573022830653573,0.013156569261310544,0.1983649932386895,0.8778358739807987,0.7573022830663739,0.21152156250067394,0.5238726930434199,0.012192031181045481
7.668,0.877835879154845,0.757302287042932,0.013156568219435817,0.19836499428056426,0.8778358791544941,0.7573022870439486,0.21152156250067397,0.5238726930434288,0.012192030936544975
7.672000000000001,0.8778358842883413,0.7573022909896012,0.013156567185656408,0.19836499531434365,0.8778358842879904,0.7573022909906179,0.21152156250067397,0.5238726930434374,0.012192030693961728
7.676,0.8778358893819507,0.7573022949056052,0.013156566159909407,0.19836499634009064,0.8778358893815998,0.7573022949066217,0.21152156250067392,0.523872693043446,0.01219203045328071
7.68,0.8778358944359832,0.7573022987911819,0.013156565142132415,0.1983649973578676,0.8778358944356324,0.7573022987921986,0.21152156250067392,0.5238726930434544,0.012192030214486995
7.684,0.8778358994507464,0.7573023026465682,0.01315656413226349,0.19836499836773655,0.8778358994503955,0.7573023026475848,0.21152156250067392,0.5238726930434627,0.012192029977565787
7.688,0.8778359044265451,0.7573023064719984,0.0131565631302412,0.19836499936975888,0.8778359044261943,0.757302306473015,0.21152156250067397,0.523872693043471,0.012192029742502403
7.692,0.8778359093636824,0.7573023102677051,0.013156562136004583,0.19836500036399546,0.8778359093633316,0.7573023102687219,0.21152156250067403,0.5238726930434789,0.012192029509282276
7.696,0.8778359142624585,0.7573023140339196,0.013156561149493113,0.19836500135050691,0.8778359142621077,0.7573023140349363,0.21152156250067397,0.5238726930434868,0.012192029277890946
7.7,0.8778359191231716,0.7573023177708709,0.013156560170646796,0.19836500232935322,0.8778359191228208,0.7573023177718876,0.21152156250067397,0.5238726930434946,0.012192029048314077
7.704,0.8778359239461173,0.7573023214787864,0.01315655919940606,0.198365003300594,0.8778359239457665,0.757302321479803,0.21152156250067394,0.5238726930435024,0.012192028820537437
7.708,0.8778359287315891,0.7573023251578915,0.013156558235711827,0.1983650042642882,0.8778359287312383,0.7573023251589083,0.21152156250067403,0.5238726930435099,0.012192028594546909
7.712,0.8778359334798782,0.7573023288084104,0.013156557279505442,0.19836500522049463,0.8778359334795274,0.7573023288094272,0.21152156250067403,0.5238726930435174,0.01219202837032849
7.716,0.8778359381912735,0.7573023324305649,0.013156556330728734,0.1983650061692713,0.8778359381909226,0.7573023324315817,0.211521562500674,0.5238726930435247,0.012192028147868277
7.72,0.8778359428660616,0.7573023360245756,0.013156555389323964,0.1983650071106761,0.8778359428657108,0.7573023360255925,0.21152156250067408,0.5238726930435319,0.012192027927152484
7.724,0.877835947504527,0.7573023395906612,0.013156554455233877,0.1983650080447662,0.8778359475041762,0.757302339591678,0.21152156250067403,0.523872693043539,0.012192027708167434
7.728,0.8778359521069519,0.7573023431290383,0.013156553528401612,0.19836500897159842,0.877835952106601,0.7573023431300554,0.2115215625006741,0.523872693043546,0.012192027490899551
7.732,0.8778359566736164,0.7573023466399229,0.013156552608770767,0.19836500989122932,0.8778359566732655,0.7573023466409398,0.21152156250067408,0.5238726930435529,0.012192027275335374
7.736,0.8778359612047982,0.7573023501235279,0.01315655169628541,0.19836501080371458,0.8778359612044474,0.7573023501245448,0.2115215625006741,0.5238726930435595,0.012192027061461542
7.74,0.8778359657007732,0.7573023535800656,0.013156550790890035,0.19836501170910997,0.8778359657004223,0.7573023535810826,0.21152156250067408,0.5238726930435662,0.012192026849264796
7.744,0.8778359701618148,0.7573023570097464,0.013156549892529497,0.19836501260747055,0.877835970161464,0.7573023570107632,0.21152156250067405,0.5238726930435729,0.012192026638731986
7.748,0.8778359745881945,0.7573023604127788,0.013156549001149192,0.19836501349885086,0.8778359745878437,0.7573023604137955,0.21152156250067405,0.5238726930435793,0.012192026429850063
7.752,0.8778359789801816,0.7573023637893697,0.013156548116694857,0.19836501438330517,0.8778359789798308,0.7573023637903865,0.21152156250067403,0.5238726930435857,0.012192026222606086
7.756,0.8778359833380434,0.7573023671397249,0.013156547239112687,0.19836501526088735,0.8778359833376925,0.7573023671407416,0.21152156250067397,0.523872693043592,0.012192026016987207
7.76,0.8778359876620448,0.7573023704640481,0.013156546368349275,0.19836501613165075,0.877835987661694,0.7573023704650648,0.21152156250067394,0.5238726930435981,0.01219202581298068
7.764,0.8778359919524492,0.7573023737625415,0.013156545504351656,0.1983650169956484,0.8778359919520984,0.7573023737635581,0.21152156250067394,0.5238726930436043,0.012192025610573863
7.768,0.8778359962095175,0.7573023770354059,0.013156544647067264,0.1983650178529328,0.8778359962091666,0.7573023770364224,0.21152156250067386,0.5238726930436103,0.012192025409754212
7.772,0.8778360004335086,0.7573023802828404,0.013156543796443907,0.1983650187035561,0.8778360004331578,0.7573023802838569,0.2115215625006739,0.5238726930436161,0.012192025210509279
7.776,0.8778360046246797,0.7573023835050425,0.013156542952429863,0.19836501954757021,0.8778360046243289,0.757302383506059,0.21152156250067392,0.5238726930436219,0.012192025012826718
7.78,0.8778360087832857,0.7573023867022083,0.013156542114973769,0.19836502038502626,0.8778360087829349,0.7573023867032249,0.21152156250067392,0.5238726930436276,0.012192024816694277
7.784,0.8778360129095797,0.7573023898745324,0.013156541284024652,0.19836502121597535,0.8778360129092289,0.757302389875549,0.21152156250067392,0.5238726930436332,0.012192024622099793
7.788,0.8778360170038128,0.7573023930222078,0.013156540459531964,0.19836502204046805,0.8778360170034619,0.7573023930232243,0.2115215625006739,0.5238726930436387,0.012192024429031218
7.792,0.8778360210662339,0.7573023961454259,0.013156539641445546,0.19836502285855445,0.8778360210658831,0.7573023961464425,0.21152156250067386,0.5238726930436441,0.012192024237476574
7.796,0.8778360250970905,0.757302399244377,0.013156538829715592,0.19836502367028444,0.8778360250967396,0.7573023992453934,0.21152156250067378,0.5238726930436496,0.012192024047424003
7.8,0.8778360290966275,0.7573024023192494,0.013156538024292756,0.1983650244757073,0.8778360290962767,0.7573024023202658,0.21152156250067378,0.5238726930436549,0.012192023858861709
7.804,0.8778360330650885,0.7573024053702303,0.01315653722512801,0.19836502527487201,0.8778360330647377,0.7573024053712466,0.21152156250067375,0.52387269304366,0.012192023671778022
7.808,0.8778360370027148,0.7573024083975052,0.01315653643217273,0.19836502606782727,0.877836037002364,0.7573024083985216,0.21152156250067375,0.5238726930436651,0.012192023486161331
7.812,0.8778360409097462,0.7573024114012585,0.013156535645378655,0.1983650268546214,0.8778360409093954,0.7573024114022748,0.21152156250067375,0.5238726930436702,0.012192023302000145
7.816,0.8778360447864202,0.7573024143816729,0.013156534864697943,0.19836502763530214,0.8778360447860694,0.7573024143826892,0.21152156250067375,0.5238726930436752,0.012192023119283045
7.82,0.8778360486329727,0.7573024173389296,0.013156534090083076,0.19836502840991696,0.8778360486326219,0.7573024173399459,0.21152156250067372,0.52387269304368,0.012192022937998708
7.824,0.8778360524496378,0.7573024202732086,0.013156533321486925,0.19836502917851312,0.877836052449287,0.7573024202742249,0.21152156250067378,0.5238726930436849,0.0121920227581359
7.828,0.8778360562366477,0.7573024231846884,0.01315653255886273,0.19836502994113728,0.8778360562362969,0.7573024231857048,0.21152156250067378,0.5238726930436896,0.012192022579683472
7.832,0.877836059994233,0.7573024260735464,0.013156531802164062,0.19836503069783595,0.8778360599938821,0.7573024260745628,0.2115215625006738,0.5238726930436942,0.012192022402630363
7.836,0.877836063722622,0.7573024289399581,0.013156531051344919,0.19836503144865508,0.8778360637222712,0.7573024289409745,0.21152156250067383,0.5238726930436988,0.012192022226965603
7.84,0.8778360674220418,0.7573024317840981,0.013156530306359587,0.1983650321936405,0.877836067421691,0.7573024317851145,0.2115215625006738,0.5238726930437034,0.012192022052678301
7.844,0.8778360710927173,0.7573024346061392,0.013156529567162753,0.1983650329328373,0.8778360710923665,0.7573024346071556,0.2115215625006738,0.5238726930437079,0.012192021879757655
7.848,0.877836074734872,0.7573024374062532,0.013156528833709442,0.19836503366629055,0.8778360747345212,0.7573024374072698,0.21152156250067386,0.5238726930437121,0.012192021708192953
7.852,0.8778360783487275,0.7573024401846107,0.013156528105955032,0.19836503439404501,0.8778360783483766,0.7573024401856272,0.2115215625006739,0.5238726930437165,0.012192021537973562
7.856,0.8778360819345036,0.7573024429413805,0.013156527383855204,0.19836503511614484,0.8778360819341527,0.757302442942397,0.21152156250067386,0.5238726930437207,0.012192021369088927
7.86,0.8778360854924184,0.7573024456767303,0.013156526667366076,0.19836503583263398,0.8778360854920676,0.757302445677747,0.21152156250067392,0.523872693043725,0.012192021201528585
7.864,0.8778360890226886,0.7573024483908267,0.013156525956444017,0.19836503654355603,0.8778360890223378,0.7573024483918434,0.2115215625006739,0.5238726930437291,0.012192021035282151
7.868,0.8778360925255289,0.7573024510838349,0.013156525251045784,0.19836503724895424,0.877836092525178,0.7573024510848515,0.21152156250067397,0.5238726930437331,0.012192020870339321
7.872,0.8778360960011523,0.7573024537559184,0.01315652455112846,0.19836503794887156,0.8778360960008015,0.7573024537569352,0.211521562500674,0.5238726930437371,0.01219202070668987
7.876,0.8778360994497705,0.7573024564072403,0.013156523856649446,0.19836503864335064,0.8778360994494196,0.7573024564082569,0.21152156250067397,0.5238726930437411,0.012192020544323662
7.88,0.8778361028715932,0.7573024590379613,0.013156523167566492,0.19836503933243355,0.8778361028712424,0.7573024590389781,0.211521562500674,0.5238726930437448,0.01219202038323063
7.884,0.8778361062668286,0.7573024616482421,0.01315652248383766,0.19836504001616242,0.8778361062664778,0.7573024616492587,0.21152156250067394,0.5238726930437487,0.012192020223400794
7.888,0.8778361096356833,0.757302464238241,0.013156521805421385,0.19836504069457864,0.8778361096353324,0.7573024642392577,0.211521562500674,0.5238726930437524,0.012192020064824243
7.892,0.8778361129783622,0.7573024668081159,0.013156521132276356,0.1983650413677237,0.8778361129780113,0.7573024668091326,0.21152156250067397,0.5238726930437562,0.012192019907491148
7.896,0.8778361162950687,0.7573024693580229,0.013156520464361632,0.1983650420356384,0.8778361162947179,0.7573024693590397,0.21152156250067397,0.5238726930437597,0.012192019751391768
7.9,0.8778361195860047,0.7573024718881174,0.013156519801636575,0.19836504269836344,0.8778361195856539,0.7573024718891341,0.21152156250067403,0.5238726930437633,0.012192019596516418
7.904,0.8778361228513705,0.7573024743985534,0.013156519144060833,0.19836504335593927,0.8778361228510196,0.75730247439957,0.21152156250067397,0.5238726930437669,0.012192019442855504
7.908,0.8778361260913645,0.7573024768894833,0.013156518491594427,0.19836504400840563,0.8778361260910137,0.7573024768905,0.21152156250067397,0.5238726930437704,0.012192019290399507
7.912,0.877836129306184,0.7573024793610589,0.013156517844197668,0.19836504465580237,0.8778361293058332,0.7573024793620756,0.211521562500674,0.5238726930437737,0.012192019139138968
7.916,0.8778361324960248,0.7573024818134305,0.013156517201831116,0.19836504529816892,0.8778361324956739,0.7573024818144473,0.21152156250067397,0.523872693043777,0.012192018989064524
7.92,0.8778361356610807,0.7573024842467475,0.013156516564455711,0.19836504593554433,0.8778361356607298,0.7573024842477641,0.21152156250067397,0.5238726930437804,0.012192018840166867
7.924,0.8778361388015443,0.7573024866611576,0.013156515932032677,0.19836504656796733,0.8778361388011935,0.7573024866621744,0.21152156250067394,0.5238726930437836,0.012192018692436772
7.928,0.8778361419176068,0.7573024890568082,0.013156515304523534,0.19836504719547654,0.877836141917256,0.7573024890578248,0.21152156250067397,0.5238726930437869,0.01219201854586508
7.932,0.8778361450094577,0.7573024914338445,0.013156514681890125,0.19836504781810993,0.8778361450091069,0.7573024914348612,0.21152156250067394,0.52387269304379,0.012192018400442711
7.936,0.8778361480772852,0.7573024937924115,0.013156514064094528,0.19836504843590552,0.8778361480769343,0.7573024937934282,0.211521562500674,0.5238726930437931,0.01219201825616065
7.94,0.8778361511212759,0.7573024961326525,0.013156513451099163,0.19836504904890084,0.8778361511209251,0.7573024961336693,0.21152156250067397,0.5238726930437961,0.012192018113009954
7.944,0.877836154141615,0.7573024984547102,0.013156512842866744,0.19836504965713334,0.8778361541412641,0.7573024984557268,0.21152156250067392,0.5238726930437992,0.012192017970981761
7.948,0.8778361571384863,0.7573025007587255,0.01315651223936025,0.19836505026063977,0.8778361571381355,0.7573025007597423,0.21152156250067394,0.5238726930438021,0.012192017830067257
7.952,0.8778361601120721,0.7573025030448389,0.01315651164054297,0.1983650508594571,0.8778361601117213,0.7573025030458556,0.21152156250067397,0.5238726930438051,0.012192017690257713
7.956,0.8778361630625534,0.7573025053131893,0.013156511046378466,0.1983650514536216,0.8778361630622026,0.757302505314206,0.21152156250067394,0.523872693043808,0.012192017551544464
7.96,0.8778361659901097,0.7573025075639148,0.013156510456830589,0.19836505204316948,0.8778361659897589,0.7573025075649314,0.21152156250067394,0.5238726930438108,0.012192017413918916
7.964,0.8778361688949191,0.7573025097971523,0.013156509871863464,0.19836505262813658,0.8778361688945683,0.7573025097981689,0.21152156250067394,0.5238726930438136,0.012192017277372534
7.968,0.8778361717771584,0.7573025120130378,0.013156509291441482,0.19836505320855854,0.8778361717768076,0.7573025120140544,0.21152156250067394,0.5238726930438162,0.01219201714189686
7.972,0.8778361746370029,0.7573025142117058,0.01315650871552936,0.1983650537844706,0.8778361746366521,0.7573025142127225,0.21152156250067397,0.5238726930438189,0.012192017007483496
7.976,0.8778361774746266,0.7573025163932905,0.013156508144092052,0.198365054355908,0.8778361774742758,0.7573025163943072,0.211521562500674,0.5238726930438217,0.012192016874124119
7.98,0.8778361802902023,0.7573025185579244,0.013156507577094752,0.19836505492290527,0.8778361802898514,0.7573025185589412,0.21152156250067397,0.5238726930438242,0.012192016741810453
7.984,0.8778361830839011,0.7573025207057392,0.013156507014503003,0.198365055485497,0.8778361830835503,0.757302520706756,0.211521562500674,0.5238726930438268,0.0121920166105343
7.988,0.8778361858558931,0.7573025228368658,0.013156506456282559,0.1983650560437175,0.8778361858555422,0.7573025228378825,0.21152156250067394,0.5238726930438294,0.01219201648028753
7.992,0.8778361886063469,0.7573025249514336,0.013156505902399432,0.1983650565976006,0.8778361886059961,0.7573025249524502,0.21152156250067392,0.5238726930438319,0.012192016351062072
7.996,0.8778361913354299,0.7573025270495712,0.013156505352819979,0.19836505714718003,0.8778361913350791,0.757302527050588,0.21152156250067392,0.5238726930438343,0.012192016222849912
8.0,0.8778361940433081,0.7573025291314066,0.013156504807510707,0.19836505769248933,0.8778361940429573,0.7573025291324234,0.2115215625006739,0.5238726930438368,0.012192016095643103
8.004,0.8778361967301463,0.7573025311970663,0.01315650426643847,0.19836505823356154,0.8778361967297955,0.757302531198083,0.21152156250067394,0.5238726930438391,0.012192015969433763
8.008000000000001,0.877836199396108,0.757302533246676,0.013156503729570319,0.1983650587704297,0.8778361993957572,0.7573025332476926,0.21152156250067394,0.5238726930438414,0.012192015844214076
8.012,0.8778362020413554,0.7573025352803603,0.01315650319687362,0.19836505930312642,0.8778362020410045,0.7573025352813769,0.21152156250067397,0.5238726930438438,0.012192015719976272
8.016,0.8778362046660494,0.757302537298243,0.013156502668315922,0.19836505983168415,0.8778362046656986,0.7573025372992597,0.211521562500674,0.5238726930438461,0.01219201559671266
8.02,0.8778362072703497,0.7573025393004469,0.013156502143865097,0.19836506035613494,0.8778362072699989,0.7573025393014636,0.21152156250067394,0.5238726930438483,0.0121920154744156
8.024000000000001,0.8778362098544149,0.7573025412870938,0.01315650162348921,0.1983650608765108,0.8778362098540641,0.7573025412881106,0.21152156250067394,0.5238726930438504,0.012192015353077502
8.028,0.877836212418402,0.7573025432583047,0.01315650110715661,0.1983650613928434,0.8778362124180512,0.7573025432593214,0.21152156250067397,0.5238726930438526,0.012192015232690858
8.032,0.8778362149624672,0.7573025452141994,0.013156500594835896,0.1983650619051641,0.8778362149621164,0.7573025452152161,0.21152156250067397,0.5238726930438548,0.012192015113248205
8.036,0.8778362174867652,0.757302547154897,0.013156500086495868,0.19836506241350413,0.8778362174864144,0.7573025471559136,0.2115215625006739,0.5238726930438569,0.01219201499474214
8.040000000000001,0.8778362199914496,0.7573025490805154,0.013156499582105633,0.1983650629178944,0.8778362199910987,0.757302549081532,0.21152156250067392,0.523872693043859,0.012192014877165315
8.044,0.8778362224766727,0.7573025509911719,0.013156499081634476,0.1983650634183656,0.8778362224763219,0.7573025509921886,0.21152156250067392,0.5238726930438611,0.012192014760510449
8.048,0.8778362249425858,0.7573025528869828,0.013156498585051947,0.1983650639149481,0.877836224942235,0.7573025528879994,0.21152156250067394,0.5238726930438631,0.012192014644770306
8.052,0.8778362273893391,0.7573025547680634,0.013156498092327827,0.19836506440767226,0.8778362273889883,0.7573025547690799,0.21152156250067383,0.5238726930438651,0.012192014529937721
8.056000000000001,0.8778362298170812,0.7573025566345281,0.013156497603432139,0.1983650648965679,0.8778362298167304,0.7573025566355446,0.2115215625006739,0.523872693043867,0.012192014416005571
8.06,0.87783623222596,0.7573025584864905,0.013156497118335147,0.19836506538166493,0.8778362322256091,0.7573025584875069,0.21152156250067383,0.523872693043869,0.012192014302966799
8.064,0.8778362346161219,0.7573025603240632,0.013156496637007336,0.19836506586299268,0.8778362346157711,0.7573025603250797,0.21152156250067383,0.5238726930438707,0.012192014190814397
8.068,0.8778362369877125,0.7573025621473584,0.013156496159419398,0.19836506634058068,0.8778362369873617,0.7573025621483747,0.21152156250067383,0.5238726930438726,0.012192014079541414
8.072000000000001,0.877836239340876,0.7573025639564863,0.013156495685542316,0.19836506681445776,0.8778362393405251,0.7573025639575027,0.2115215625006738,0.5238726930438745,0.012192013969140957
8.076,0.8778362416757556,0.7573025657515576,0.013156495215347206,0.19836506728465284,0.8778362416754047,0.757302565752574,0.2115215625006738,0.5238726930438763,0.012192013859606185
8.08,0.8778362439924934,0.7573025675326814,0.01315649474880548,0.19836506775119458,0.8778362439921426,0.7573025675336977,0.21152156250067375,0.5238726930438781,0.012192013750930304
8.084,0.8778362462912302,0.7573025692999659,0.013156494285888764,0.19836506821411123,0.8778362462908794,0.7573025693009823,0.21152156250067375,0.5238726930438797,0.01219201364310658
8.088000000000001,0.8778362485721061,0.7573025710535187,0.013156493826568902,0.1983650686734311,0.8778362485717552,0.7573025710545351,0.21152156250067383,0.5238726930438814,0.012192013536128341
8.092,0.8778362508352597,0.7573025727934467,0.013156493370817904,0.19836506912918214,0.8778362508349089,0.757302572794463,0.21152156250067378,0.5238726930438832,0.012192013429988945
8.096,0.8778362530808288,0.7573025745198554,0.013156492918608074,0.19836506958139197,0.877836253080478,0.7573025745208718,0.21152156250067378,0.5238726930438848,0.012192013324681816
8.1,0.87783625530895,0.7573025762328501,0.013156492469911877,0.1983650700300882,0.8778362553085992,0.7573025762338664,0.21152156250067375,0.5238726930438865,0.012192013220200434
8.104000000000001,0.8778362575197589,0.757302577932535,0.013156492024702024,0.198365070475298,0.8778362575194081,0.7573025779335513,0.21152156250067375,0.5238726930438881,0.01219201311653832
8.108,0.87783625971339,0.7573025796190134,0.013156491582951417,0.19836507091704864,0.8778362597130391,0.7573025796200297,0.21152156250067372,0.5238726930438897,0.012192013013689051
8.112,0.8778362618899767,0.757302581292388,0.013156491144633197,0.19836507135536685,0.8778362618896258,0.7573025812934042,0.21152156250067375,0.5238726930438913,0.012192012911646252
8.116,0.8778362640496514,0.7573025829527607,0.013156490709720687,0.19836507179027937,0.8778362640493006,0.7573025829537768,0.2115215625006737,0.5238726930438928,0.012192012810403597
8.120000000000001,0.8778362661925457,0.7573025846002323,0.01315649027818741,0.19836507222181263,0.8778362661921949,0.7573025846012484,0.2115215625006737,0.5238726930438943,0.012192012709954816
8.124,0.8778362683187899,0.7573025862349031,0.013156489850007122,0.19836507264999287,0.8778362683184391,0.7573025862359193,0.21152156250067364,0.5238726930438957,0.012192012610293682
8.128,0.8778362704285133,0.7573025878568728,0.013156489425153768,0.19836507307484627,0.8778362704281625,0.7573025878578888,0.2115215625006736,0.5238726930438973,0.012192012511414023
8.132,0.8778362725218443,0.7573025894662399,0.013156489003601508,0.19836507349639856,0.8778362725214934,0.7573025894672558,0.21152156250067367,0.5238726930438987,0.012192012413309698
8.136000000000001,0.8778362745989102,0.757302591063102,0.013156488585324684,0.19836507391467537,0.8778362745985594,0.7573025910641181,0.2115215625006736,0.5238726930439002,0.01219201231597464
8.14,0.8778362766598375,0.757302592647557,0.013156488170297838,0.19836507432970224,0.8778362766594867,0.7573025926485729,0.21152156250067358,0.5238726930439016,0.012192012219402807
8.144,0.8778362787047516,0.7573025942197007,0.01315648775849573,0.19836507474150428,0.8778362787044007,0.7573025942207167,0.21152156250067358,0.5238726930439028,0.012192012123588227
8.148,0.8778362807337768,0.757302595779629,0.013156487349893286,0.19836507515010673,0.877836280733426,0.757302595780645,0.21152156250067358,0.5238726930439043,0.012192012028524954
8.152000000000001,0.8778362827470367,0.7573025973274368,0.013156486944465662,0.19836507555553431,0.8778362827466859,0.7573025973284527,0.21152156250067355,0.5238726930439055,0.012192011934207094
8.156,0.8778362847446537,0.7573025988632183,0.013156486542188204,0.19836507595781186,0.8778362847443029,0.7573025988642341,0.21152156250067358,0.5238726930439069,0.012192011840628809
8.16,0.8778362867267493,0.7573026003870666,0.01315648614303641,0.19836507635696365,0.8778362867263985,0.7573026003880826,0.21152156250067358,0.5238726930439083,0.012192011747784295
8.164,0.8778362886934442,0.757302601899075,0.013156485746985995,0.19836507675301404,0.8778362886930934,0.7573026019000909,0.21152156250067355,0.5238726930439095,0.012192011655667795
8.168000000000001,0.877836290644858,0.757302603399335,0.013156485354012879,0.19836507714598714,0.8778362906445072,0.757302603400351,0.21152156250067355,0.5238726930439107,0.012192011564273611
8.172,0.8778362925811095,0.7573026048879382,0.013156484964093119,0.19836507753590693,0.8778362925807587,0.7573026048889543,0.2115215625006736,0.523872693043912,0.012192011473596073
8.176,0.8778362945023165,0.757302606364975,0.01315648457720302,0.19836507792279698,0.8778362945019657,0.7573026063659911,0.2115215625006736,0.5238726930439132,0.01219201138362956
8.18,0.8778362964085958,0.7573026078305354,0.01315648419331903,0.19836507830668096,0.877836296408245,0.7573026078315515,0.21152156250067358,0.5238726930439144,0.012192011294368497
8.184000000000001,0.8778362983000635,0.7573026092847085,0.013156483812417814,0.1983650786875822,0.8778362982997127,0.7573026092857246,0.2115215625006736,0.5238726930439156,0.012192011205807351
8.188,0.8778363001768346,0.7573026107275828,0.013156483434476163,0.1983650790655239,0.8778363001764837,0.7573026107285988,0.21152156250067364,0.5238726930439168,0.012192011117940639
8.192,0.8778363020390233,0.757302612159246,0.013156483059471095,0.19836507944052895,0.8778363020386725,0.7573026121602621,0.21152156250067364,0.5238726930439179,0.012192011030762912
8.196,0.8778363038867429,0.7573026135797853,0.013156482687379801,0.19836507981262025,0.8778363038863921,0.7573026135808014,0.21152156250067367,0.523872693043919,0.012192010944268764
8.2,0.877836305720106,0.7573026149892872,0.013156482318179626,0.19836508018182045,0.8778363057197551,0.7573026149903033,0.2115215625006737,0.5238726930439201,0.012192010858452841
8.204,0.8778363075392239,0.7573026163878371,0.013156481951848108,0.19836508054815194,0.8778363075388731,0.7573026163888533,0.21152156250067364,0.5238726930439213,0.012192010773309822
8.208,0.8778363093442074,0.7573026177755207,0.013156481588362974,0.1983650809116371,0.8778363093438566,0.7573026177765367,0.21152156250067367,0.5238726930439224,0.012192010688834434
8.212,0.8778363111351664,0.7573026191524218,0.01315648122770209,0.19836508127229793,0.8778363111348155,0.757302619153438,0.21152156250067367,0.5238726930439234,0.01219201060502143
8.216,0.8778363129122096,0.7573026205186246,0.013156480869843527,0.19836508163015648,0.8778363129118588,0.7573026205196408,0.2115215625006737,0.5238726930439244,0.012192010521865632
8.22,0.8778363146754454,0.7573026218742122,0.0131564805147655,0.1983650819852345,0.8778363146750946,0.7573026218752283,0.2115215625006737,0.5238726930439254,0.012192010439361873
8.224,0.8778363164249811,0.7573026232192669,0.013156480162446393,0.19836508233755365,0.8778363164246302,0.7573026232202831,0.2115215625006737,0.5238726930439265,0.012192010357505055
8.228,0.8778363181609229,0.7573026245538705,0.013156479812864802,0.1983650826871352,0.8778363181605721,0.7573026245548868,0.21152156250067378,0.5238726930439274,0.01219201027629009
8.232,0.8778363198833766,0.7573026258781046,0.013156479465999424,0.19836508303400063,0.8778363198830258,0.7573026258791208,0.21152156250067375,0.5238726930439285,0.012192010195711953
8.236,0.877836321592447,0.7573026271920493,0.01315647912182918,0.19836508337817085,0.8778363215920961,0.7573026271930655,0.21152156250067372,0.5238726930439294,0.01219201011576565
8.24,0.877836323288238,0.7573026284957848,0.013156478780333098,0.1983650837196669,0.8778363232878872,0.757302628496801,0.21152156250067367,0.5238726930439302,0.01219201003644622
8.244,0.8778363249708528,0.7573026297893904,0.013156478441490434,0.1983650840585096,0.877836324970502,0.7573026297904065,0.21152156250067372,0.5238726930439312,0.012192009957748759
8.248,0.8778363266403939,0.7573026310729447,0.013156478105280544,0.19836508439471948,0.8778363266400431,0.7573026310739609,0.2115215625006737,0.5238726930439321,0.012192009879668382
8.252,0.8778363282969628,0.7573026323465258,0.01315647777168299,0.19836508472831704,0.877836328296612,0.7573026323475421,0.2115215625006737,0.5238726930439331,0.012192009802200249
8.256,0.8778363299406602,0.7573026336102116,0.013156477440677473,0.1983650850593226,0.8778363299403094,0.7573026336112277,0.21152156250067375,0.523872693043934,0.012192009725339566
8.26,0.8778363315715862,0.7573026348640784,0.013156477112243836,0.19836508538775624,0.8778363315712354,0.7573026348650945,0.2115215625006737,0.5238726930439349,0.012192009649081563
8.264,0.8778363331898401,0.7573026361082027,0.01315647678636212,0.1983650857136379,0.8778363331894893,0.7573026361092189,0.21152156250067372,0.5238726930439357,0.01219200957342152
8.268,0.8778363347955203,0.7573026373426603,0.013156476463012474,0.19836508603698758,0.8778363347951694,0.7573026373436765,0.2115215625006737,0.5238726930439366,0.012192009498354745
8.272,0.8778363363887244,0.7573026385675263,0.013156476142175237,0.19836508635782477,0.8778363363883736,0.7573026385685425,0.2115215625006737,0.5238726930439374,0.012192009423876585
8.276,0.8778363379695494,0.7573026397828752,0.013156475823830886,0.19836508667616914,0.8778363379691986,0.7573026397838913,0.21152156250067367,0.5238726930439382,0.012192009349982422
8.28,0.8778363395380916,0.7573026409887809,0.013156475507960052,0.19836508699203997,0.8778363395377408,0.757302640989797,0.21152156250067372,0.523872693043939,0.012192009276667684
8.284,0.8778363410944463,0.7573026421853167,0.013156475194543505,0.19836508730545652,0.8778363410940955,0.7573026421863329,0.2115215625006737,0.5238726930439398,0.012192009203927821
8.288,0.8778363426387082,0.7573026433725556,0.013156474883562195,0.1983650876164378,0.8778363426383574,0.7573026433735718,0.21152156250067367,0.5238726930439406,0.012192009131758332
8.292,0.8778363441709713,0.7573026445505697,0.0131564745749972,0.19836508792500282,0.8778363441706205,0.7573026445515859,0.21152156250067372,0.5238726930439414,0.012192009060154736
8.296,0.8778363456913288,0.7573026457194307,0.013156474268829734,0.1983650882311703,0.877836345690978,0.7573026457204469,0.2115215625006737,0.5238726930439421,0.0121920089891126
8.3,0.8778363471998734,0.7573026468792098,0.013156473965041155,0.19836508853495888,0.8778363471995225,0.757302646880226,0.21152156250067372,0.5238726930439429,0.012192008918627525
8.304,0.8778363486966966,0.7573026480299774,0.013156473663612998,0.19836508883638698,0.8778363486963457,0.7573026480309937,0.2115215625006737,0.5238726930439436,0.012192008848695134
8.308,0.8778363501818895,0.7573026491718037,0.013156473364526926,0.1983650891354731,0.8778363501815387,0.75730264917282,0.21152156250067378,0.5238726930439443,0.012192008779311099
8.312,0.8778363516555427,0.7573026503047581,0.013156473067764714,0.19836508943223533,0.8778363516551919,0.7573026503057744,0.21152156250067372,0.5238726930439451,0.012192008710471122
8.316,0.8778363531177458,0.7573026514289095,0.013156472773308331,0.1983650897266917,0.8778363531173949,0.7573026514299258,0.21152156250067378,0.5238726930439458,0.012192008642170937
8.32,0.8778363545685876,0.7573026525443264,0.01315647248113986,0.1983650900188602,0.8778363545682367,0.7573026525453426,0.21152156250067372,0.5238726930439466,0.012192008574406306
8.324,0.8778363560081563,0.7573026536510764,0.013156472191241535,0.19836509030875848,0.8778363560078055,0.7573026536520927,0.21152156250067378,0.5238726930439471,0.012192008507173033
8.328,0.8778363574365399,0.7573026547492272,0.013156471903595682,0.19836509059640436,0.877836357436189,0.7573026547502434,0.21152156250067372,0.5238726930439479,0.01219200844046695
8.332,0.8778363588538249,0.7573026558388453,0.01315647161818483,0.1983650908818152,0.8778363588534741,0.7573026558398616,0.2115215625006737,0.5238726930439486,0.012192008374283924
8.336,0.8778363602600978,0.7573026569199973,0.013156471334991593,0.19836509116500847,0.877836360259747,0.7573026569210135,0.21152156250067375,0.5238726930439492,0.012192008308619851
8.34,0.877836361655444,0.7573026579927488,0.013156471053998756,0.1983650914460013,0.8778363616550932,0.757302657993765,0.21152156250067372,0.5238726930439499,0.01219200824347067
8.344,0.8778363630399485,0.7573026590571649,0.013156470775189218,0.1983650917248108,0.8778363630395977,0.7573026590581812,0.21152156250067372,0.5238726930439505,0.012192008178832335
8.348,0.8778363644136955,0.7573026601133107,0.013156470498546003,0.198365092001454,0.8778363644133447,0.757302660114327,0.2115215625006737,0.523872693043951,0.012192008114700845
8.352,0.8778363657767686,0.7573026611612504,0.013156470224052287,0.19836509227594776,0.8778363657764178,0.7573026611622666,0.21152156250067372,0.5238726930439517,0.01219200805107222
8.356,0.8778363671292507,0.7573026622010477,0.013156469951691365,0.1983650925483087,0.8778363671288999,0.7573026622020639,0.2115215625006737,0.5238726930439523,0.01219200798794252
8.36,0.8778363684712241,0.7573026632327657,0.013156469681446679,0.19836509281855336,0.8778363684708733,0.7573026632337819,0.21152156250067367,0.5238726930439529,0.012192007925307835
8.364,0.8778363698027705,0.7573026642564674,0.013156469413301793,0.19836509308669828,0.8778363698024196,0.7573026642574836,0.21152156250067372,0.5238726930439536,0.012192007863164281
8.368,0.8778363711239708,0.7573026652722149,0.013156469147240352,0.19836509335275965,0.87783637112362,0.7573026652732312,0.2115215625006737,0.523872693043954,0.012192007801508004
8.372,0.8778363724349055,0.7573026662800703,0.01315646888324621,0.1983650936167538,0.8778363724345547,0.7573026662810864,0.2115215625006737,0.5238726930439546,0.012192007740335194
8.376,0.8778363737356544,0.7573026672800947,0.013156468621303272,0.1983650938786968,0.8778363737353035,0.7573026672811107,0.2115215625006737,0.5238726930439552,0.01219200767964205
8.38,0.8778363750262965,0.7573026682723488,0.013156468361395618,0.1983650941386044,0.8778363750259457,0.7573026682733649,0.21152156250067367,0.5238726930439557,0.012192007619424811
8.384,0.8778363763069105,0.7573026692568933,0.013156468103507419,0.19836509439649258,0.8778363763065596,0.7573026692579093,0.21152156250067355,0.5238726930439562,0.01219200755967975
8.388,0.8778363775775742,0.757302670233788,0.013156467847623,0.198365094652377,0.8778363775772233,0.757302670234804,0.2115215625006736,0.5238726930439568,0.012192007500403163
8.392,0.8778363788383649,0.7573026712030922,0.013156467593726786,0.19836509490627324,0.877836378838014,0.7573026712041082,0.21152156250067358,0.5238726930439573,0.012192007441591376
8.396,0.8778363800893593,0.757302672164865,0.013156467341803344,0.1983650951581967,0.8778363800890084,0.757302672165881,0.21152156250067355,0.5238726930439579,0.01219200738324074
8.4,0.8778363813306336,0.757302673119165,0.013156467091837327,0.19836509540816272,0.8778363813302827,0.7573026731201808,0.21152156250067353,0.5238726930439583,0.012192007325347648
8.404,0.8778363825622633,0.75730267406605,0.01315646684381352,0.19836509565618654,0.8778363825619124,0.7573026740670659,0.21152156250067353,0.5238726930439589,0.012192007267908509
8.408,0.8778363837843233,0.7573026750055779,0.013156466597716854,0.1983650959022832,0.8778363837839724,0.7573026750065937,0.2115215625006735,0.5238726930439593,0.012192007210919759
8.412,0.877836384996888,0.7573026759378056,0.013156466353532332,0.19836509614646775,0.8778363849965372,0.7573026759388214,0.21152156250067353,0.5238726930439599,0.012192007154377873
8.416,0.8778363862000311,0.75730267686279,0.013156466111245116,0.19836509638875488,0.8778363861996803,0.7573026768638058,0.2115215625006735,0.5238726930439602,0.012192007098279336
8.42,0.877836387393826,0.7573026777805874,0.013156465870840447,0.19836509662915958,0.8778363873934751,0.7573026777816032,0.2115215625006735,0.5238726930439608,0.01219200704262068
8.424,0.8778363885783451,0.7573026786912535,0.013156465632303707,0.1983650968676963,0.8778363885779943,0.7573026786922693,0.21152156250067347,0.5238726930439612,0.012192006987398458
8.428,0.8778363897536606,0.7573026795948439,0.013156465395620376,0.1983650971043797,0.8778363897533098,0.7573026795958596,0.21152156250067344,0.5238726930439618,0.01219200693260924
8.432,0.877836390919844,0.7573026804914134,0.013156465160776079,0.198365097339224,0.8778363909194932,0.7573026804924291,0.21152156250067344,0.5238726930439622,0.012192006878249638
8.436,0.8778363920769662,0.7573026813810164,0.013156464927756503,0.1983650975722435,0.8778363920766153,0.7573026813820323,0.2115215625006735,0.5238726930439626,0.012192006824316277
8.44,0.8778363932250977,0.7573026822637076,0.01315646469654746,0.19836509780345254,0.8778363932247468,0.7573026822647233,0.21152156250067344,0.523872693043963,0.012192006770805825
8.444,0.8778363943643082,0.7573026831395401,0.013156464467134917,0.1983650980328651,0.8778363943639573,0.7573026831405559,0.21152156250067347,0.5238726930439634,0.012192006717714957
8.448,0.8778363954946671,0.7573026840085676,0.013156464239504905,0.19836509826049514,0.8778363954943162,0.7573026840095833,0.21152156250067347,0.5238726930439639,0.012192006665040379
8.452,0.8778363966162432,0.7573026848708427,0.01315646401364353,0.19836509848635653,0.8778363966158924,0.7573026848718585,0.21152156250067344,0.5238726930439643,0.012192006612778836
8.456,0.8778363977291048,0.757302685726418,0.013156463789537103,0.1983650987104629,0.877836397728754,0.7573026857274339,0.21152156250067353,0.5238726930439647,0.012192006560927084
8.46,0.8778363988333195,0.7573026865753456,0.013156463567171973,0.19836509893282808,0.8778363988329687,0.7573026865763615,0.21152156250067355,0.5238726930439651,0.012192006509481917
8.464,0.8778363999289546,0.7573026874176769,0.013156463346534602,0.1983650991534654,0.8778363999286037,0.7573026874186929,0.2115215625006735,0.5238726930439654,0.012192006458440137
8.468,0.8778364010160766,0.7573026882534636,0.013156463127611567,0.19836509937238847,0.8778364010157258,0.7573026882544796,0.21152156250067355,0.5238726930439659,0.012192006407798587
8.472,0.8778364020947518,0.7573026890827562,0.013156462910389551,0.19836509958961052,0.8778364020944011,0.7573026890837722,0.21152156250067355,0.5238726930439663,0.012192006357554127
8.476,0.8778364031650457,0.7573026899056052,0.013156462694855334,0.1983650998051447,0.877836403164695,0.7573026899066212,0.2115215625006735,0.5238726930439667,0.01219200630770364
8.48,0.8778364042270236,0.7573026907220608,0.013156462480995798,0.1983651000190042,0.8778364042266729,0.7573026907230768,0.21152156250067355,0.523872693043967,0.012192006258244037
8.484,0.8778364052807499,0.7573026915321726,0.013156462268797955,0.19836510023120205,0.8778364052803992,0.7573026915331885,0.21152156250067347,0.5238726930439673,0.012192006209172265
8.488,0.8778364063262889,0.7573026923359898,0.013156462058248856,0.19836510044175112,0.8778364063259382,0.7573026923370058,0.21152156250067353,0.5238726930439677,0.012192006160485267
8.492,0.8778364073637042,0.7573026931335615,0.013156461849335712,0.19836510065066432,0.8778364073633534,0.7573026931345774,0.21152156250067353,0.5238726930439681,0.012192006112180034
8.496,0.8778364083930588,0.7573026939249361,0.013156461642045803,0.19836510085795422,0.877836408392708,0.7573026939259521,0.21152156250067353,0.5238726930439684,0.012192006064253575
8.5,0.8778364094144153,0.7573026947101618,0.013156461436366536,0.19836510106363353,0.8778364094140646,0.7573026947111777,0.21152156250067355,0.5238726930439689,0.01219200601670291
8.504,0.877836410427836,0.7573026954892863,0.01315646123228539,0.19836510126771464,0.8778364104274853,0.7573026954903023,0.21152156250067353,0.5238726930439691,0.012192005969525103
8.508000000000001,0.8778364114333825,0.757302696262357,0.013156461029789927,0.19836510147021008,0.8778364114330318,0.7573026962633731,0.21152156250067355,0.5238726930439694,0.012192005922717224
8.512,0.877836412431116,0.7573026970294211,0.013156460828867842,0.1983651016711322,0.8778364124307653,0.7573026970304372,0.21152156250067358,0.5238726930439698,0.012192005876276373
8.516,0.8778364134210972,0.7573026977905252,0.0131564606295069,0.19836510187049317,0.8778364134207465,0.7573026977915412,0.21152156250067358,0.5238726930439702,0.012192005830199673
8.52,0.8778364144033862,0.7573026985457154,0.013156460431695,0.19836510206830507,0.8778364144030356,0.7573026985467316,0.21152156250067358,0.5238726930439705,0.012192005784484273
8.524000000000001,0.877836415378043,0.7573026992950379,0.013156460235420072,0.1983651022645799,0.8778364153776924,0.7573026992960541,0.21152156250067355,0.5238726930439707,0.012192005739127333
8.528,0.8778364163451268,0.7573027000385383,0.013156460040670198,0.1983651024593298,0.8778364163447762,0.7573027000395545,0.2115215625006736,0.523872693043971,0.012192005694126045
8.532,0.8778364173046963,0.7573027007762616,0.013156459847433518,0.1983651026525665,0.8778364173043457,0.7573027007772779,0.2115215625006736,0.5238726930439713,0.01219200564947762
8.536,0.8778364182568101,0.7573027015082531,0.013156459655698257,0.19836510284430178,0.8778364182564595,0.7573027015092693,0.21152156250067358,0.5238726930439717,0.012192005605179293
8.540000000000001,0.8778364192015261,0.7573027022345569,0.013156459465452772,0.19836510303454727,0.8778364192011755,0.757302702235573,0.21152156250067355,0.523872693043972,0.012192005561228316
8.544,0.8778364201389016,0.7573027029552174,0.013156459276685491,0.19836510322331458,0.877836420138551,0.7573027029562336,0.21152156250067364,0.5238726930439723,0.012192005517621967
8.548,0.8778364210689938,0.7573027036702784,0.013156459089384911,0.19836510341061514,0.8778364210686432,0.7573027036712946,0.2115215625006736,0.5238726930439725,0.01219200547435754
8.552,0.8778364219918593,0.7573027043797833,0.01315645890353965,0.19836510359646034,0.8778364219915087,0.7573027043807996,0.2115215625006736,0.5238726930439728,0.01219200543143236
8.556000000000001,0.8778364229075541,0.7573027050837756,0.0131564587191384,0.19836510378086164,0.8778364229072035,0.7573027050847918,0.21152156250067364,0.5238726930439731,0.012192005388843763
8.56,0.8778364238161341,0.7573027057822979,0.013156458536169927,0.1983651039638301,0.8778364238157835,0.757302705783314,0.21152156250067355,0.5238726930439733,0.01219200534658911
8.564,0.8778364247176546,0.7573027064753927,0.013156458354623103,0.19836510414537692,0.8778364247173039,0.7573027064764088,0.21152156250067358,0.5238726930439737,0.012192005304665784
8.568,0.8778364256121702,0.7573027071631022,0.013156458174486886,0.19836510432551313,0.8778364256118196,0.7573027071641183,0.21152156250067355,0.5238726930439739,0.012192005263071185
8.572000000000001,0.8778364264997356,0.7573027078454684,0.013156457995750312,0.19836510450424977,0.877836426499385,0.7573027078464843,0.21152156250067353,0.5238726930439742,0.012192005221802735
8.576,0.8778364273804046,0.7573027085225325,0.01315645781840252,0.19836510468159754,0.877836427380054,0.7573027085235484,0.2115215625006735,0.5238726930439744,0.012192005180857881
8.58,0.8778364282542308,0.7573027091943357,0.013156457642432708,0.19836510485756734,0.8778364282538802,0.7573027091953518,0.21152156250067355,0.5238726930439747,0.012192005140234082
8.584,0.8778364291212675,0.7573027098609192,0.013156457467830169,0.19836510503216984,0.8778364291209169,0.7573027098619353,0.21152156250067355,0.5238726930439749,0.01219200509992882
8.588000000000001,0.8778364299815673,0.7573027105223233,0.013156457294584293,0.19836510520541573,0.8778364299812167,0.7573027105233394,0.21152156250067353,0.5238726930439751,0.012192005059939599
8.592,0.8778364308351827,0.7573027111785884,0.013156457122684513,0.1983651053773155,0.8778364308348321,0.7573027111796046,0.21152156250067358,0.5238726930439754,0.012192005020263942
8.596,0.8778364316821656,0.7573027118297545,0.013156456952120373,0.19836510554787967,0.877836431681815,0.7573027118307706,0.21152156250067355,0.5238726930439757,0.012192004980899385
8.6,0.8778364325225675,0.7573027124758609,0.013156456782881519,0.1983651057171185,0.8778364325222169,0.7573027124768771,0.21152156250067358,0.5238726930439759,0.012192004941843498
8.604000000000001,0.8778364333564395,0.7573027131169472,0.013156456614957648,0.1983651058850424,0.8778364333560889,0.7573027131179634,0.21152156250067355,0.5238726930439761,0.012192004903093849
8.608,0.8778364341838324,0.7573027137530522,0.01315645644833851,0.1983651060516615,0.8778364341834818,0.7573027137540684,0.21152156250067358,0.5238726930439763,0.012192004864648043
8.612,0.8778364350047965,0.7573027143842148,0.013156456283014022,0.198365106216986,0.8778364350044459,0.757302714385231,0.21152156250067358,0.5238726930439765,0.012192004826503698
8.616,0.8778364358193818,0.7573027150104734,0.013156456118974069,0.19836510638102597,0.8778364358190311,0.7573027150114895,0.21152156250067358,0.5238726930439768,0.012192004788658447
8.620000000000001,0.8778364366276378,0.7573027156318659,0.013156455956208695,0.19836510654379133,0.8778364366272872,0.757302715632882,0.21152156250067358,0.523872693043977,0.01219200475110995
8.624,0.8778364374296137,0.7573027162484303,0.013156455794708002,0.19836510670529203,0.8778364374292631,0.7573027162494463,0.21152156250067358,0.5238726930439772,0.012192004713855875
8.628,0.8778364382253583,0.7573027168602039,0.013156455634462175,0.19836510686553788,0.8778364382250077,0.75730271686122,0.21152156250067355,0.5238726930439774,0.012192004676893915
8.632,0.87783643901492,0.7573027174672241,0.013156455475461433,0.19836510702453858,0.8778364390145694,0.7573027174682402,0.21152156250067353,0.5238726930439775,0.012192004640221778
8.636000000000001,0.8778364397983469,0.7573027180695278,0.013156455317696124,0.19836510718230388,0.8778364397979963,0.757302718070544,0.21152156250067358,0.5238726930439778,0.012192004603837198
8.64,0.8778364405756867,0.7573027186671517,0.013156455161156632,0.19836510733884338,0.877836440575336,0.7573027186681678,0.21152156250067355,0.523872693043978,0.012192004567737915
8.644,0.8778364413469866,0.7573027192601322,0.013156455005833432,0.19836510749416664,0.877836441346636,0.7573027192611481,0.2115215625006735,0.5238726930439783,0.012192004531921688
8.648,0.8778364421122935,0.7573027198485051,0.013156454851717087,0.1983651076482829,0.8778364421119429,0.7573027198495211,0.21152156250067353,0.5238726930439783,0.012192004496386306
8.652000000000001,0.8778364428716541,0.7573027204323065,0.013156454698798215,0.1983651078012018,0.8778364428713035,0.7573027204333225,0.21152156250067353,0.5238726930439785,0.012192004461129563
8.656,0.8778364436251145,0.7573027210115718,0.013156454547067516,0.19836510795293258,0.8778364436247639,0.7573027210125878,0.21152156250067353,0.5238726930439789,0.012192004426149273
8.66,0.8778364443727205,0.7573027215863362,0.01315645439651576,0.1983651081034843,0.8778364443723699,0.7573027215873521,0.2115215625006735,0.523872693043979,0.012192004391443268
8.664,0.8778364451145176,0.7573027221566346,0.013156454247133789,0.19836510825286627,0.877836445114167,0.7573027221576506,0.2115215625006735,0.5238726930439792,0.012192004357009399
8.668000000000001,0.8778364458505511,0.757302722722502,0.0131564540989125,0.19836510840108754,0.8778364458502005,0.757302722723518,0.2115215625006735,0.5238726930439793,0.012192004322845531
8.672,0.8778364465808657,0.7573027232839726,0.013156453951842862,0.1983651085481572,0.8778364465805151,0.7573027232849885,0.21152156250067344,0.5238726930439795,0.012192004288949544
8.676,0.8778364473055057,0.7573027238410807,0.013156453805915975,0.19836510869408408,0.8778364473051551,0.7573027238420965,0.21152156250067347,0.5238726930439797,0.012192004255319345
8.68,0.8778364480245153,0.7573027243938599,0.013156453661122912,0.1983651088388771,0.8778364480241647,0.7573027243948758,0.21152156250067344,0.5238726930439798,0.012192004221952846
8.684000000000001,0.8778364487379383,0.7573027249423442,0.013156453517454886,0.19836510898254514,0.8778364487375877,0.75730272494336,0.21152156250067342,0.52387269304398,0.012192004188847977
8.688,0.8778364494458181,0.7573027254865667,0.013156453374903149,0.1983651091250969,0.8778364494454675,0.7573027254875826,0.21152156250067342,0.5238726930439802,0.012192004156002693
8.692,0.8778364501481977,0.7573027260265607,0.013156453233459028,0.19836510926654097,0.8778364501478471,0.7573027260275766,0.21152156250067344,0.5238726930439803,0.01219200412341495
8.696,0.8778364508451197,0.7573027265623591,0.013156453093113928,0.19836510940688615,0.8778364508447691,0.7573027265633749,0.21152156250067344,0.5238726930439805,0.012192004091082733
8.700000000000001,0.8778364515366268,0.7573027270939942,0.013156452953859303,0.19836510954614073,0.8778364515362762,0.7573027270950101,0.21152156250067347,0.5238726930439807,0.012192004059004039
8.704,0.877836452222761,0.7573027276214985,0.013156452815686661,0.19836510968431334,0.8778364522224104,0.7573027276225145,0.21152156250067347,0.5238726930439808,0.01219200402717688
8.708,0.8778364529035639,0.7573027281449043,0.013156452678587607,0.19836510982141242,0.8778364529032133,0.7573027281459203,0.21152156250067344,0.523872693043981,0.01219200399559928
8.712,0.877836453579077,0.7573027286642432,0.013156452542553829,0.19836510995744625,0.8778364535787264,0.7573027286652592,0.2115215625006735,0.5238726930439812,0.012192003964269286
8.716,0.8778364542493414,0.7573027291795469,0.013156452407577022,0.198365110092423,0.8778364542489908,0.7573027291805629,0.21152156250067347,0.5238726930439812,0.012192003933184953
8.72,0.877836454914398,0.7573027296908467,0.01315645227364896,0.1983651102263511,0.8778364549140474,0.7573027296918626,0.2115215625006735,0.5238726930439814,0.012192003902344359
8.724,0.877836455574287,0.7573027301981736,0.013156452140761518,0.19836511035923848,0.8778364555739364,0.7573027301991897,0.21152156250067355,0.5238726930439815,0.012192003871745592
8.728,0.8778364562290488,0.7573027307015588,0.013156452008906598,0.19836511049109343,0.8778364562286982,0.7573027307025748,0.2115215625006735,0.5238726930439817,0.012192003841386754
8.732,0.8778364568787231,0.7573027312010326,0.01315645187807619,0.19836511062192386,0.8778364568783725,0.7573027312020487,0.21152156250067355,0.5238726930439819,0.012192003811265964
8.736,0.8778364575233496,0.7573027316966257,0.01315645174826232,0.1983651107517377,0.877836457522999,0.7573027316976417,0.2115215625006735,0.523872693043982,0.012192003781381355
8.74,0.8778364581629673,0.757302732188368,0.013156451619457093,0.19836511088054293,0.8778364581626167,0.757302732189384,0.2115215625006735,0.5238726930439821,0.012192003751731077
8.744,0.8778364587976152,0.7573027326762894,0.01315645149165268,0.1983651110083474,0.8778364587972646,0.7573027326773055,0.21152156250067355,0.5238726930439823,0.012192003722313289
8.748,0.8778364594273319,0.7573027331604197,0.013156451364841311,0.19836511113515876,0.8778364594269813,0.7573027331614359,0.2115215625006736,0.5238726930439824,0.01219200369312617
8.752,0.8778364600521558,0.7573027336407884,0.013156451239015245,0.1983651112609848,0.8778364600518052,0.7573027336418047,0.21152156250067367,0.5238726930439825,0.012192003664167913
8.756,0.8778364606721248,0.7573027341174247,0.01315645111416684,0.19836511138583324,0.8778364606717742,0.757302734118441,0.21152156250067372,0.5238726930439828,0.012192003635436722
8.76,0.8778364612872768,0.7573027345903575,0.013156450990288494,0.19836511150971153,0.8778364612869262,0.7573027345913738,0.21152156250067367,0.5238726930439828,0.012192003606930816
8.764,0.8778364618976491,0.7573027350596157,0.013156450867372667,0.19836511163262735,0.8778364618972985,0.757302735060632,0.21152156250067364,0.5238726930439829,0.01219200357864843
8.768,0.8778364625032788,0.7573027355252278,0.013156450745411883,0.19836511175458812,0.8778364625029282,0.757302735526244,0.21152156250067364,0.523872693043983,0.01219200355058781
8.772,0.8778364631042028,0.7573027359872221,0.013156450624398748,0.1983651118756013,0.8778364631038522,0.7573027359882384,0.21152156250067367,0.5238726930439831,0.012192003522747217
8.776,0.8778364637004578,0.7573027364456267,0.013156450504325859,0.19836511199567416,0.8778364637001072,0.757302736446643,0.21152156250067367,0.5238726930439832,0.012192003495124929
8.78,0.8778364642920797,0.7573027369004696,0.013156450385185947,0.19836511211481409,0.8778364642917291,0.7573027369014859,0.2115215625006737,0.5238726930439833,0.012192003467719226
8.784,0.8778364648791049,0.7573027373517783,0.013156450266971726,0.19836511223302827,0.8778364648787543,0.7573027373527946,0.21152156250067367,0.5238726930439834,0.012192003440528417
8.788,0.8778364654615689,0.7573027377995805,0.01315645014967604,0.19836511235032403,0.8778364654612183,0.7573027378005968,0.21152156250067364,0.5238726930439837,0.012192003413550817
8.792,0.8778364660395073,0.7573027382439033,0.013156450033291708,0.19836511246670835,0.8778364660391567,0.7573027382449194,0.21152156250067364,0.5238726930439838,0.012192003386784752
8.796,0.877836466612955,0.7573027386847736,0.013156449917811699,0.19836511258218834,0.8778364666126044,0.7573027386857898,0.21152156250067358,0.5238726930439838,0.012192003360228564
8.8,0.8778364671819471,0.7573027391222183,0.013156449803228972,0.19836511269677104,0.8778364671815965,0.7573027391232346,0.2115215625006737,0.5238726930439839,0.012192003333880605
8.804,0.8778364677465181,0.7573027395562643,0.013156449689536534,0.19836511281046348,0.8778364677461675,0.7573027395572806,0.2115215625006737,0.523872693043984,0.012192003307739247
8.808,0.8778364683067026,0.7573027399869378,0.01315644957672746,0.19836511292327258,0.877836468306352,0.7573027399879539,0.21152156250067358,0.5238726930439841,0.012192003281802862
8.812,0.8778364688625344,0.7573027404142649,0.013156449464794908,0.19836511303520513,0.8778364688621838,0.7573027404152811,0.2115215625006736,0.5238726930439842,0.012192003256069853
8.816,0.8778364694140475,0.7573027408382716,0.01315644935373208,0.19836511314626795,0.8778364694136969,0.757302740839288,0.21152156250067358,0.5238726930439843,0.012192003230538618
8.82,0.8778364699612753,0.7573027412589841,0.013156449243532192,0.1983651132564679,0.8778364699609247,0.7573027412600003,0.2115215625006736,0.5238726930439845,0.012192003205207575
8.824,0.8778364705042512,0.7573027416764274,0.013156449134188564,0.19836511336581145,0.8778364705039006,0.7573027416774437,0.2115215625006737,0.5238726930439844,0.012192003180075161
8.828,0.8778364710430082,0.7573027420906273,0.013156449025694517,0.19836511347430555,0.8778364710426576,0.7573027420916436,0.21152156250067364,0.5238726930439846,0.012192003155139812
8.832,0.8778364715775792,0.7573027425016089,0.013156448918043448,0.19836511358195655,0.8778364715772285,0.7573027425026252,0.2115215625006737,0.5238726930439846,0.012192003130399984
8.836,0.8778364721079965,0.7573027429093973,0.01315644881122883,0.1983651136887712,0.8778364721076459,0.7573027429104134,0.2115215625006736,0.5238726930439848,0.012192003105854143
8.84,0.8778364726342925,0.7573027433140171,0.013156448705244166,0.19836511379475594,0.8778364726339419,0.7573027433150332,0.21152156250067358,0.523872693043985,0.012192003081500773
8.844,0.8778364731564993,0.7573027437154929,0.013156448600083,0.198365113899917,0.8778364731561487,0.7573027437165092,0.2115215625006736,0.523872693043985,0.012192003057338358
8.848,0.8778364736746485,0.7573027441138495,0.013156448495738927,0.19836511400426113,0.8778364736742978,0.7573027441148656,0.21152156250067358,0.5238726930439851,0.012192003033365408
8.852,0.8778364741887718,0.7573027445091107,0.01315644839220558,0.19836511410779445,0.8778364741884211,0.7573027445101269,0.2115215625006736,0.5238726930439852,0.012192003009580428
8.856,0.8778364746989004,0.7573027449013009,0.01315644828947669,0.19836511421052333,0.8778364746985498,0.7573027449023171,0.21152156250067355,0.5238726930439852,0.012192002985981953
8.86,0.8778364752050652,0.7573027452904438,0.013156448187545997,0.19836511431245404,0.8778364752047146,0.7573027452914599,0.21152156250067355,0.5238726930439853,0.012192002962568518
8.864,0.8778364757072973,0.7573027456765631,0.013156448086407296,0.19836511441359275,0.8778364757069467,0.7573027456775792,0.21152156250067353,0.5238726930439854,0.01219200293933867
8.868,0.877836476205627,0.7573027460596822,0.013156447986054438,0.19836511451394556,0.8778364762052764,0.7573027460606983,0.21152156250067353,0.5238726930439854,0.012192002916290969
8.872,0.8778364767000847,0.7573027464398244,0.013156447886481334,0.1983651146135187,0.8778364766997341,0.7573027464408406,0.2115215625006736,0.5238726930439855,0.012192002893423988
8.876,0.8778364771907006,0.7573027468170132,0.013156447787681873,0.19836511471231816,0.87783647719035,0.7573027468180292,0.21152156250067353,0.5238726930439856,0.012192002870736313
8.88,0.8778364776775044,0.7573027471912711,0.013156447689650096,0.19836511481034996,0.8778364776771538,0.7573027471922872,0.21152156250067353,0.5238726930439858,0.012192002848226528
8.884,0.8778364781605258,0.7573027475626211,0.013156447592380001,0.19836511490762002,0.8778364781601752,0.7573027475636371,0.2115215625006735,0.5238726930439858,0.012192002825893253
8.888,0.8778364786397941,0.7573027479310857,0.01315644749586571,0.1983651150041343,0.8778364786394435,0.7573027479321017,0.21152156250067355,0.5238726930439859,0.012192002803735093
8.892,0.8778364791153385,0.7573027482966872,0.013156447400101324,0.19836511509989865,0.8778364791149879,0.7573027482977034,0.21152156250067358,0.5238726930439859,0.012192002781750677
8.896,0.8778364795871879,0.7573027486594482,0.013156447305081037,0.198365115194919,0.8778364795868373,0.7573027486604643,0.21152156250067355,0.523872693043986,0.012192002759938645
8.9,0.8778364800553712,0.7573027490193904,0.013156447210799027,0.19836511528920098,0.8778364800550206,0.7573027490204066,0.21152156250067355,0.5238726930439861,0.01219200273829764
8.904,0.8778364805199167,0.7573027493765362,0.01315644711724958,0.19836511538275048,0.8778364805195661,0.7573027493775522,0.2115215625006735,0.5238726930439862,0.012192002716826333
8.908,0.8778364809808527,0.7573027497309067,0.013156447024427026,0.198365115475573,0.877836480980502,0.7573027497319228,0.21152156250067353,0.5238726930439862,0.01219200269552338
8.912,0.8778364814382073,0.7573027500825238,0.013156446932325675,0.19836511556767433,0.8778364814378566,0.75730275008354,0.21152156250067358,0.5238726930439863,0.012192002674387468
8.916,0.8778364818920082,0.757302750431409,0.01315644684093995,0.1983651156590601,0.8778364818916576,0.7573027504324251,0.21152156250067353,0.5238726930439864,0.012192002653417286
8.92,0.8778364823422832,0.7573027507775834,0.013156446750264296,0.19836511574973573,0.8778364823419326,0.7573027507785994,0.21152156250067355,0.5238726930439864,0.012192002632611535
8.924,0.8778364827890596,0.7573027511210679,0.013156446660293173,0.19836511583970687,0.877836482788709,0.757302751122084,0.21152156250067358,0.5238726930439865,0.012192002611968922
8.928,0.8778364832323645,0.7573027514618836,0.013156446571021121,0.1983651159289789,0.8778364832320139,0.7573027514628997,0.21152156250067355,0.5238726930439865,0.012192002591488173
8.932,0.877836483672225,0.7573027518000512,0.013156446482442715,0.19836511601755732,0.8778364836718744,0.7573027518010673,0.21152156250067358,0.5238726930439866,0.012192002571168016
8.936,0.8778364841086678,0.7573027521355912,0.013156446394552565,0.19836511610544744,0.8778364841083172,0.7573027521366074,0.21152156250067353,0.5238726930439866,0.01219200255100719
8.94,0.8778364845417195,0.7573027524685242,0.013156446307345299,0.19836511619265473,0.8778364845413689,0.7573027524695403,0.21152156250067353,0.5238726930439868,0.012192002531004453
8.944,0.8778364849714063,0.7573027527988703,0.013156446220815634,0.19836511627918438,0.8778364849710557,0.7573027527998863,0.21152156250067353,0.5238726930439868,0.012192002511158552
8.948,0.8778364853977546,0.7573027531266496,0.013156446134958295,0.19836511636504178,0.877836485397404,0.7573027531276656,0.21152156250067353,0.523872693043987,0.012192002491468268
8.952,0.8778364858207901,0.757302753451882,0.013156446049768076,0.19836511645023197,0.8778364858204395,0.7573027534528981,0.21152156250067358,0.523872693043987,0.01219200247193238
8.956,0.8778364862405387,0.7573027537745873,0.01315644596523978,0.19836511653476022,0.8778364862401881,0.7573027537756035,0.21152156250067355,0.523872693043987,0.012192002452549677
8.96,0.8778364866570258,0.7573027540947855,0.013156445881368248,0.19836511661863182,0.8778364866566752,0.7573027540958016,0.21152156250067355,0.5238726930439871,0.012192002433318956
8.964,0.877836487070277,0.7573027544124956,0.013156445798148403,0.19836511670185167,0.8778364870699263,0.7573027544135117,0.21152156250067355,0.5238726930439872,0.012192002414239024
8.968,0.8778364874803171,0.7573027547277371,0.013156445715575173,0.19836511678442487,0.8778364874799665,0.7573027547287532,0.21152156250067358,0.5238726930439872,0.0121920023953087
8.972,0.8778364878871713,0.7573027550405292,0.013156445633643517,0.1983651168663565,0.8778364878868207,0.7573027550415453,0.21152156250067355,0.5238726930439872,0.01219200237652681
8.976,0.8778364882908642,0.757302755350891,0.013156445552348468,0.19836511694765158,0.8778364882905136,0.757302755351907,0.21152156250067347,0.5238726930439873,0.01219200235789219
8.98,0.8778364886914205,0.7573027556588412,0.013156445471685086,0.1983651170283149,0.8778364886910699,0.7573027556598573,0.21152156250067347,0.5238726930439873,0.012192002339403695
8.984,0.8778364890888645,0.7573027559643988,0.013156445391648454,0.19836511710835159,0.8778364890885139,0.7573027559654147,0.2115215625006735,0.5238726930439874,0.012192002321060161
8.988,0.8778364894832204,0.7573027562675821,0.013156445312233683,0.19836511718776634,0.8778364894828697,0.7573027562685981,0.2115215625006735,0.5238726930439874,0.012192002302860465
8.992,0.8778364898745121,0.7573027565684098,0.013156445233435971,0.19836511726656408,0.8778364898741615,0.7573027565694258,0.21152156250067353,0.5238726930439875,0.012192002284803478
8.996,0.8778364902627636,0.7573027568669001,0.01315644515525052,0.19836511734474954,0.877836490262413,0.757302756867916,0.2115215625006735,0.5238726930439875,0.012192002266888076
9.0,0.8778364906479983,0.7573027571630709,0.013156445077672564,0.19836511742232746,0.8778364906476477,0.757302757164087,0.21152156250067353,0.5238726930439875,0.01219200224911315
9.004,0.8778364910302399,0.7573027574569408,0.013156445000697365,0.19836511749930266,0.8778364910298893,0.7573027574579567,0.21152156250067347,0.5238726930439876,0.0121920022314776
9.008000000000001,0.8778364914095114,0.7573027577485272,0.013156444924320266,0.1983651175756798,0.8778364914091608,0.7573027577495431,0.21152156250067353,0.5238726930439878,0.012192002213980334
9.012,0.877836491785836,0.757302758037848,0.013156444848536617,0.19836511765146342,0.8778364917854854,0.7573027580388639,0.2115215625006735,0.5238726930439878,0.012192002196620264
9.016,0.8778364921592366,0.7573027583249208,0.013156444773341784,0.19836511772665824,0.877836492158886,0.7573027583259367,0.2115215625006735,0.5238726930439878,0.012192002179396318
9.02,0.877836492529736,0.757302758609763,0.01315644469873123,0.1983651178012688,0.8778364925293853,0.757302758610779,0.2115215625006735,0.5238726930439879,0.012192002162307427
9.024000000000001,0.8778364928973565,0.7573027588923922,0.013156444624700375,0.19836511787529967,0.8778364928970059,0.757302758893408,0.21152156250067342,0.5238726930439879,0.012192002145352532
9.028,0.8778364932621207,0.7573027591728252,0.013156444551244758,0.19836511794875525,0.8778364932617702,0.757302759173841,0.2115215625006734,0.5238726930439879,0.012192002128530582
9.032,0.8778364936240506,0.7573027594510793,0.013156444478359888,0.19836511802164017,0.8778364936237001,0.7573027594520951,0.2115215625006734,0.523872693043988,0.012192002111840534
9.036,0.8778364939831684,0.7573027597271713,0.013156444406041317,0.1983651180939587,0.8778364939828179,0.7573027597281872,0.21152156250067336,0.523872693043988,0.012192002095281354
9.040000000000001,0.877836494339496,0.7573027600011184,0.01315644433428464,0.19836511816571545,0.8778364943391455,0.757302760002134,0.21152156250067333,0.5238726930439881,0.012192002078852019
9.044,0.8778364946930548,0.7573027602729366,0.013156444263085527,0.19836511823691452,0.8778364946927043,0.7573027602739524,0.21152156250067336,0.5238726930439881,0.012192002062551508
9.048,0.8778364950438665,0.7573027605426429,0.013156444192439623,0.1983651183075604,0.877836495043516,0.7573027605436587,0.2115215625006734,0.5238726930439881,0.01219200204637881
9.052,0.8778364953919524,0.7573027608102536,0.01315644412234265,0.1983651183776574,0.8778364953916019,0.7573027608112695,0.21152156250067336,0.5238726930439882,0.012192002030332926
9.056000000000001,0.8778364957373337,0.757302761075785,0.013156444052790317,0.19836511844720972,0.8778364957369832,0.7573027610768008,0.2115215625006734,0.5238726930439882,0.012192002014412857
9.06,0.8778364960800314,0.7573027613392532,0.013156443983778382,0.19836511851622163,0.877836496079681,0.7573027613402691,0.21152156250067336,0.5238726930439882,0.012192001998617622
9.064,0.8778364964200664,0.7573027616006743,0.013156443915302681,0.19836511858469735,0.877836496419716,0.7573027616016902,0.21152156250067336,0.5238726930439883,0.01219200198294624
9.068,0.8778364967574595,0.7573027618600643,0.013156443847359024,0.19836511865264103,0.877836496757109,0.75730276186108,0.2115215625006733,0.5238726930439883,0.012192001967397737
9.072000000000001,0.8778364970922309,0.7573027621174387,0.013156443779943286,0.1983651187200568,0.8778364970918804,0.7573027621184545,0.21152156250067336,0.5238726930439884,0.012192001951971154
9.076,0.8778364974244012,0.7573027623728135,0.013156443713051367,0.1983651187869487,0.8778364974240507,0.7573027623738291,0.21152156250067333,0.5238726930439884,0.012192001936665533
9.08,0.8778364977539905,0.7573027626262038,0.01315644364667919,0.1983651188533208,0.87783649775364,0.7573027626272195,0.2115215625006733,0.5238726930439883,0.012192001921479921
9.084,0.8778364980810189,0.7573027628776253,0.013156443580822732,0.19836511891917732,0.8778364980806684,0.7573027628786411,0.21152156250067328,0.5238726930439885,0.012192001906413385
9.088000000000001,0.8778364984055064,0.7573027631270933,0.013156443515477971,0.19836511898452203,0.8778364984051559,0.7573027631281092,0.21152156250067336,0.5238726930439884,0.012192001891464983
9.092,0.8778364987274726,0.7573027633746232,0.01315644345064093,0.19836511904935913,0.8778364987271221,0.7573027633756388,0.21152156250067333,0.5238726930439885,0.012192001876633801
9.096,0.8778364990469372,0.7573027636202295,0.013156443386307663,0.19836511911369237,0.8778364990465867,0.7573027636212453,0.2115215625006733,0.5238726930439885,0.012192001861918909
9.1,0.8778364993639195,0.7573027638639276,0.013156443322474275,0.19836511917752572,0.877836499363569,0.7573027638649433,0.21152156250067328,0.5238726930439885,0.012192001847319396
9.104000000000001,0.8778364996784389,0.7573027641057322,0.013156443259136855,0.1983651192408632,0.8778364996780884,0.7573027641067479,0.2115215625006733,0.5238726930439886,0.012192001832834363
9.108,0.8778364999905145,0.7573027643456579,0.013156443196291568,0.19836511930370845,0.877836499990164,0.7573027643466737,0.21152156250067333,0.5238726930439886,0.01219200181846291
9.112,0.8778365003001654,0.7573027645837195,0.013156443133934584,0.19836511936606543,0.8778365002998149,0.7573027645847352,0.2115215625006733,0.5238726930439886,0.01219200180420414
9.116,0.8778365006074103,0.7573027648199314,0.013156443072062094,0.19836511942793797,0.8778365006070598,0.757302764820947,0.21152156250067328,0.5238726930439888,0.012192001790057177
9.120000000000001,0.8778365009122678,0.7573027650543078,0.013156443010670368,0.19836511948932967,0.8778365009119173,0.7573027650553236,0.21152156250067333,0.5238726930439888,0.01219200177602114
9.124,0.8778365012147566,0.7573027652868632,0.013156442949755646,0.19836511955024438,0.8778365012144062,0.757302765287879,0.21152156250067336,0.5238726930439888,0.012192001762095166
9.128,0.8778365015148952,0.7573027655176117,0.013156442889314227,0.1983651196106858,0.8778365015145447,0.7573027655186274,0.21152156250067333,0.5238726930439888,0.012192001748278383
9.132,0.8778365018127017,0.7573027657465672,0.01315644282934244,0.1983651196706576,0.8778365018123512,0.7573027657475829,0.21152156250067333,0.5238726930439889,0.012192001734569942
9.136000000000001,0.8778365021081942,0.7573027659737438,0.013156442769836631,0.1983651197301634,0.8778365021078437,0.7573027659747595,0.21152156250067333,0.5238726930439889,0.012192001720968994
9.14,0.8778365024013908,0.7573027661991552,0.013156442710793186,0.19836511978920687,0.8778365024010403,0.757302766200171,0.21152156250067333,0.523872693043989,0.012192001707474686
9.144,0.8778365026923093,0.7573027664228151,0.01315644265220847,0.1983651198477915,0.8778365026919588,0.757302766423831,0.21152156250067336,0.5238726930439889,0.012192001694086189
9.148,0.8778365029809674,0.7573027666447374,0.013156442594078974,0.19836511990592107,0.8778365029806169,0.7573027666457531,0.21152156250067333,0.523872693043989,0.012192001680802676
9.152000000000001,0.8778365032673826,0.7573027668649353,0.013156442536401131,0.19836511996359887,0.8778365032670321,0.757302766865951,0.2115215625006733,0.523872693043989,0.012192001667623322
9.156,0.8778365035515724,0.7573027670834223,0.013156442479171448,0.19836512002082857,0.8778365035512219,0.7573027670844379,0.21152156250067328,0.523872693043989,0.012192001654547304
9.16,0.877836503833554,0.7573027673002115,0.013156442422386441,0.1983651200776136,0.8778365038332036,0.7573027673012273,0.2115215625006733,0.5238726930439891,0.012192001641573818
9.164,0.8778365041133447,0.7573027675153164,0.013156442366042655,0.1983651201339574,0.8778365041129942,0.7573027675163321,0.21152156250067328,0.5238726930439891,0.012192001628702057
9.168000000000001,0.8778365043909614,0.7573027677287499,0.013156442310136643,0.19836512018986344,0.8778365043906109,0.7573027677297656,0.21152156250067328,0.5238726930439892,0.01219200161593123
9.172,0.877836504666421,0.7573027679405251,0.013156442254665026,0.198365120245335,0.8778365046660705,0.7573027679415407,0.21152156250067325,0.5238726930439891,0.012192001603260538
9.176,0.8778365049397404,0.7573027681506548,0.013156442199624406,0.1983651203003756,0.8778365049393899,0.7573027681516704,0.21152156250067328,0.5238726930439891,0.012192001590689198
9.18,0.8778365052109361,0.7573027683591519,0.013156442145011446,0.19836512035498863,0.8778365052105856,0.7573027683601674,0.21152156250067328,0.5238726930439892,0.012192001578216432
9.184000000000001,0.8778365054800247,0.7573027685660287,0.013156442090822836,0.19836512040917717,0.8778365054796742,0.7573027685670444,0.21152156250067325,0.5238726930439892,0.012192001565841465
9.188,0.8778365057470224,0.7573027687712984,0.013156442037055252,0.19836512046294477,0.8778365057466719,0.757302768772314,0.21152156250067322,0.5238726930439892,0.012192001553563534
9.192,0.8778365060119456,0.7573027689749731,0.013156441983705447,0.19836512051629457,0.8778365060115951,0.7573027689759886,0.2115215625006732,0.5238726930439892,0.012192001541381878
9.196,0.8778365062748104,0.7573027691770653,0.013156441930770172,0.19836512056922992,0.8778365062744599,0.7573027691780807,0.2115215625006732,0.5238726930439893,0.012192001529295735
9.200000000000001,0.8778365065356326,0.757302769377587,0.013156441878246208,0.19836512062175382,0.8778365065352821,0.7573027693786025,0.2115215625006732,0.5238726930439893,0.01219200151730436
9.204,0.8778365067944283,0.7573027695765507,0.013156441826130356,0.19836512067386966,0.8778365067940778,0.7573027695775664,0.21152156250067322,0.5238726930439893,0.012192001505407014
9.208,0.8778365070512132,0.7573027697739688,0.01315644177441942,0.19836512072558068,0.8778365070508627,0.7573027697749842,0.21152156250067322,0.5238726930439894,0.012192001493602956
9.212,0.8778365073060028,0.7573027699698527,0.013156441723110307,0.19836512077688975,0.8778365073056523,0.7573027699708682,0.21152156250067325,0.5238726930439893,0.012192001481891453
9.216000000000001,0.8778365075588128,0.7573027701642147,0.013156441672199834,0.19836512082780025,0.8778365075584623,0.7573027701652302,0.21152156250067328,0.5238726930439894,0.012192001470271784
9.22,0.8778365078096585,0.7573027703570664,0.013156441621684929,0.19836512087831512,0.877836507809308,0.7573027703580819,0.21152156250067322,0.5238726930439894,0.012192001458743228
9.224,0.8778365080585551,0.7573027705484197,0.01315644157156255,0.1983651209284375,0.8778365080582046,0.7573027705494353,0.21152156250067325,0.5238726930439894,0.012192001447305065
9.228,0.8778365083055177,0.7573027707382861,0.013156441521829603,0.19836512097817044,0.8778365083051672,0.7573027707393019,0.2115215625006733,0.5238726930439894,0.012192001435956591
9.232,0.8778365085505616,0.7573027709266774,0.013156441472483058,0.19836512102751697,0.8778365085502111,0.7573027709276932,0.2115215625006733,0.5238726930439894,0.012192001424697103
9.236,0.8778365087937015,0.7573027711136049,0.013156441423519958,0.19836512107648005,0.877836508793351,0.7573027711146206,0.2115215625006733,0.5238726930439894,0.0121920014135259
9.24,0.8778365090349521,0.75730277129908,0.013156441374937274,0.19836512112506277,0.8778365090346016,0.7573027713000957,0.21152156250067328,0.5238726930439895,0.012192001402442292
9.244,0.8778365092743283,0.757302771483114,0.013156441326732089,0.19836512117326796,0.8778365092739778,0.7573027714841296,0.21152156250067328,0.5238726930439895,0.012192001391445592
9.248,0.8778365095118446,0.7573027716657179,0.01315644127890145,0.19836512122109856,0.8778365095114941,0.7573027716667337,0.21152156250067325,0.5238726930439895,0.012192001380535118
9.252,0.8778365097475153,0.7573027718469031,0.013156441231442466,0.19836512126855754,0.8778365097471648,0.7573027718479188,0.2115215625006733,0.5238726930439895,0.012192001369710196
9.256,0.8778365099813549,0.7573027720266806,0.013156441184352231,0.19836512131564782,0.8778365099810044,0.7573027720276962,0.2115215625006733,0.5238726930439895,0.012192001358970153
9.26,0.8778365102133776,0.7573027722050611,0.013156441137627858,0.1983651213623722,0.8778365102130271,0.7573027722060768,0.2115215625006733,0.5238726930439896,0.012192001348314324
9.264,0.8778365104435975,0.7573027723820557,0.013156441091266569,0.19836512140873347,0.877836510443247,0.7573027723830713,0.2115215625006733,0.5238726930439895,0.012192001337742045
9.268,0.8778365106720285,0.7573027725576749,0.013156441045265484,0.19836512145473456,0.877836510671678,0.7573027725586906,0.21152156250067328,0.5238726930439896,0.012192001327252667
9.272,0.8778365108986848,0.7573027727319296,0.013156440999621818,0.19836512150037816,0.8778365108983343,0.7573027727329453,0.21152156250067328,0.5238726930439895,0.012192001316845539
9.276,0.8778365111235799,0.7573027729048304,0.013156440954332806,0.1983651215456672,0.8778365111232294,0.7573027729058461,0.2115215625006733,0.5238726930439896,0.012192001306520012
9.28,0.8778365113467276,0.7573027730763879,0.013156440909395684,0.19836512159060435,0.8778365113463771,0.7573027730774035,0.21152156250067322,0.5238726930439896,0.012192001296275446
9.284,0.8778365115681415,0.7573027732466123,0.013156440864807713,0.19836512163519235,0.877836511567791,0.7573027732476278,0.2115215625006732,0.5238726930439898,0.012192001286111216
9.288,0.877836511787835,0.7573027734155141,0.013156440820566198,0.19836512167943382,0.8778365117874845,0.7573027734165296,0.21152156250067322,0.5238726930439896,0.01219200127602668
9.292,0.8778365120058214,0.7573027735831034,0.013156440776668447,0.19836512172333157,0.8778365120054709,0.757302773584119,0.21152156250067325,0.5238726930439896,0.01219200126602122
9.296,0.8778365122221141,0.7573027737493907,0.01315644073311175,0.19836512176688828,0.8778365122217636,0.7573027737504062,0.21152156250067322,0.5238726930439898,0.012192001256094213
9.3,0.8778365124367262,0.7573027739143858,0.013156440689893523,0.19836512181010652,0.8778365124363757,0.7573027739154015,0.21152156250067325,0.5238726930439898,0.012192001246245041
9.304,0.8778365126496709,0.7573027740780991,0.013156440647011063,0.19836512185298896,0.8778365126493204,0.7573027740791146,0.21152156250067322,0.5238726930439898,0.012192001236473106
9.308,0.877836512860961,0.7573027742405404,0.01315644060446181,0.19836512189553823,0.8778365128606105,0.7573027742415558,0.21152156250067317,0.5238726930439898,0.012192001226777787
9.312,0.8778365130706093,0.7573027744017192,0.013156440562243172,0.19836512193775685,0.8778365130702588,0.7573027744027347,0.21152156250067317,0.5238726930439898,0.012192001217158492
9.316,0.8778365132786287,0.7573027745616459,0.013156440520352572,0.19836512197964748,0.8778365132782782,0.7573027745626614,0.21152156250067317,0.5238726930439899,0.012192001207614626
9.32,0.8778365134850318,0.75730277472033,0.01315644047878745,0.1983651220212126,0.8778365134846813,0.7573027747213454,0.2115215625006732,0.5238726930439898,0.01219200119814559
9.324,0.8778365136898312,0.7573027748777811,0.013156440437545274,0.19836512206245474,0.8778365136894807,0.7573027748787965,0.21152156250067317,0.5238726930439898,0.0121920011887508
9.328,0.8778365138930393,0.7573027750340088,0.013156440396623548,0.1983651221033765,0.8778365138926888,0.7573027750350242,0.21152156250067317,0.5238726930439899,0.01219200117942968
9.332,0.8778365140946685,0.7573027751890226,0.013156440356019799,0.19836512214398025,0.877836514094318,0.757302775190038,0.21152156250067317,0.5238726930439899,0.01219200117018165
9.336,0.877836514294731,0.7573027753428319,0.013156440315731535,0.1983651221842685,0.8778365142943805,0.7573027753438474,0.21152156250067317,0.5238726930439899,0.012192001161006131
9.34,0.8778365144932391,0.7573027754954462,0.013156440275756295,0.19836512222424374,0.8778365144928886,0.7573027754964616,0.21152156250067314,0.5238726930439899,0.012192001151902561
9.344,0.8778365146902047,0.7573027756468746,0.013156440236091672,0.19836512226390834,0.8778365146898542,0.7573027756478901,0.21152156250067314,0.5238726930439899,0.012192001142870373
9.348,0.87783651488564,0.7573027757971266,0.013156440196735236,0.19836512230326483,0.8778365148852895,0.757302775798142,0.21152156250067314,0.52387269304399,0.012192001133909003
9.352,0.8778365150795567,0.7573027759462111,0.013156440157684591,0.1983651223423155,0.8778365150792062,0.7573027759472264,0.21152156250067314,0.52387269304399,0.012192001125017905
9.356,0.8778365152719667,0.7573027760941371,0.013156440118937383,0.1983651223810627,0.8778365152716162,0.7573027760951524,0.2115215625006731,0.52387269304399,0.01219200111619652
9.36,0.8778365154628817,0.7573027762409137,0.013156440080491242,0.1983651224195088,0.8778365154625312,0.7573027762419291,0.2115215625006731,0.52387269304399,0.012192001107444306
9.364,0.8778365156523132,0.75730277638655,0.013156440042343827,0.19836512245765625,0.8778365156519627,0.7573027763875654,0.21152156250067317,0.52387269304399,0.01219200109876072
9.368,0.877836515840273,0.7573027765310546,0.01315644000449279,0.19836512249550725,0.8778365158399225,0.75730277653207,0.21152156250067317,0.52387269304399,0.012192001090145219
9.372,0.8778365160267723,0.7573027766744365,0.013156439966935869,0.1983651225330642,0.8778365160264218,0.7573027766754519,0.21152156250067317,0.5238726930439901,0.012192001081597278
9.376,0.8778365162118225,0.7573027768167042,0.013156439929670758,0.19836512257032926,0.877836516211472,0.7573027768177196,0.21152156250067317,0.52387269304399,0.012192001073116361
9.38,0.8778365163954348,0.7573027769578666,0.013156439892695201,0.19836512260730482,0.8778365163950843,0.757302776958882,0.21152156250067322,0.52387269304399,0.012192001064701946
9.384,0.8778365165776205,0.7573027770979321,0.013156439856006947,0.19836512264399309,0.87783651657727,0.7573027770989476,0.2115215625006732,0.52387269304399,0.012192001056353503
9.388,0.8778365167583907,0.7573027772369093,0.01315643981960374,0.19836512268039624,0.8778365167580402,0.7573027772379248,0.2115215625006732,0.52387269304399,0.012192001048070524
9.392,0.8778365169377563,0.7573027773748069,0.013156439783483376,0.19836512271651668,0.8778365169374058,0.7573027773758223,0.21152156250067314,0.5238726930439901,0.012192001039852492
9.396,0.8778365171157283,0.7573027775116328,0.01315643974764368,0.19836512275235635,0.8778365171153778,0.7573027775126483,0.21152156250067314,0.5238726930439901,0.012192001031698901
9.4,0.8778365172923174,0.7573027776473957,0.01315643971208245,0.19836512278791762,0.8778365172919669,0.7573027776484111,0.21152156250067317,0.5238726930439901,0.012192001023609239
9.404,0.8778365174675344,0.7573027777821036,0.013156439676797528,0.1983651228232025,0.8778365174671839,0.7573027777831192,0.2115215625006732,0.5238726930439901,0.012192001015583013
9.408,0.87783651764139,0.757302777915765,0.013156439641786767,0.19836512285821326,0.8778365176410395,0.7573027779167805,0.2115215625006732,0.5238726930439901,0.012192001007619722
9.412,0.8778365178138948,0.7573027780483877,0.01315643960704804,0.198365122892952,0.8778365178135443,0.7573027780494033,0.2115215625006732,0.5238726930439901,0.01219200099971887
9.416,0.8778365179850592,0.7573027781799802,0.01315643957257923,0.19836512292742087,0.8778365179847087,0.7573027781809956,0.21152156250067317,0.5238726930439902,0.01219200099187997
9.42,0.8778365181548937,0.7573027783105499,0.013156439538378238,0.1983651229616218,0.8778365181545432,0.7573027783115653,0.21152156250067314,0.5238726930439901,0.012192000984102537
9.424,0.8778365183234086,0.7573027784401053,0.01315643950444299,0.19836512299555706,0.8778365183230581,0.7573027784411206,0.21152156250067314,0.5238726930439901,0.012192000976386085
9.428,0.8778365184906141,0.7573027785686539,0.013156439470771419,0.19836512302922862,0.8778365184902636,0.7573027785696692,0.2115215625006731,0.5238726930439901,0.012192000968730141
9.432,0.8778365186565203,0.7573027786962037,0.013156439437361478,0.19836512306263854,0.8778365186561699,0.7573027786972191,0.2115215625006731,0.5238726930439901,0.01219200096113423
9.436,0.8778365188211376,0.7573027788227625,0.013156439404211141,0.19836512309578894,0.8778365188207871,0.7573027788237778,0.2115215625006731,0.5238726930439902,0.012192000953597876
9.44,0.8778365189844758,0.757302778948338,0.013156439371318345,0.19836512312868168,0.8778365189841253,0.7573027789493533,0.2115215625006731,0.5238726930439901,0.012192000946120612
9.444,0.8778365191465448,0.7573027790729377,0.013156439338681153,0.19836512316131893,0.8778365191461943,0.757302779073953,0.21152156250067317,0.5238726930439902,0.012192000938701982
9.448,0.8778365193073546,0.7573027791965692,0.013156439306297531,0.19836512319370245,0.8778365193070041,0.7573027791975846,0.2115215625006731,0.5238726930439901,0.012192000931341526
9.452,0.877836519466915,0.7573027793192403,0.013156439274165528,0.1983651232258345,0.8778365194665645,0.7573027793202556,0.2115215625006731,0.5238726930439902,0.012192000924038777
9.456,0.8778365196252356,0.7573027794409583,0.013156439242283182,0.19836512325771688,0.8778365196248851,0.7573027794419734,0.21152156250067308,0.5238726930439902,0.012192000916793296
9.46,0.877836519782326,0.7573027795617303,0.013156439210648574,0.19836512328935146,0.8778365197819755,0.7573027795627455,0.211521562500673,0.5238726930439902,0.012192000909604624
9.464,0.8778365199381958,0.757302779681564,0.013156439179259764,0.19836512332074027,0.8778365199378454,0.7573027796825792,0.21152156250067297,0.5238726930439902,0.012192000902472319
9.468,0.8778365200928545,0.7573027798004667,0.013156439148114846,0.1983651233518852,0.8778365200925041,0.7573027798014819,0.21152156250067297,0.5238726930439902,0.012192000895395943
9.472,0.8778365202463115,0.7573027799184454,0.013156439117211918,0.19836512338278814,0.8778365202459611,0.7573027799194606,0.21152156250067297,0.5238726930439903,0.01219200088837505
9.476,0.8778365203985762,0.7573027800355074,0.01315643908654911,0.19836512341345092,0.8778365203982258,0.7573027800365226,0.21152156250067303,0.5238726930439902,0.012192000881409211
9.48,0.8778365205496578,0.75730278015166,0.013156439056124554,0.19836512344387547,0.8778365205493074,0.7573027801526752,0.21152156250067303,0.5238726930439902,0.01219200087449799
9.484,0.8778365206995655,0.75730278026691,0.013156439025936372,0.19836512347406365,0.8778365206992151,0.7573027802679252,0.21152156250067303,0.5238726930439902,0.012192000867640964
9.488,0.8778365208483084,0.7573027803812645,0.01315643899598277,0.19836512350401725,0.877836520847958,0.7573027803822797,0.211521562500673,0.5238726930439902,0.012192000860837701
9.492,0.8778365209958956,0.7573027804947304,0.013156438966261903,0.19836512353373814,0.8778365209955452,0.7573027804957457,0.21152156250067305,0.5238726930439903,0.012192000854087783
9.496,0.877836521142336,0.7573027806073148,0.013156438936771977,0.19836512356322808,0.8778365211419856,0.7573027806083301,0.21152156250067305,0.5238726930439903,0.012192000847390791
9.5,0.8778365212876387,0.7573027807190246,0.013156438907511154,0.19836512359248892,0.8778365212872883,0.7573027807200398,0.21152156250067305,0.5238726930439903,0.012192000840746314
9.504,0.8778365214318123,0.757302780829866,0.013156438878477705,0.19836512362152234,0.877836521431462,0.7573027808308814,0.21152156250067308,0.5238726930439903,0.012192000834153937
9.508000000000001,0.8778365215748658,0.7573027809398465,0.013156438849669834,0.1983651236503302,0.8778365215745154,0.7573027809408618,0.21152156250067305,0.5238726930439903,0.012192000827613248
9.512,0.8778365217168077,0.7573027810489723,0.013156438821085794,0.19836512367891423,0.8778365217164573,0.7573027810499876,0.21152156250067305,0.5238726930439903,0.012192000821123846
9.516,0.8778365218576467,0.7573027811572502,0.01315643879272387,0.19836512370727616,0.8778365218572963,0.7573027811582655,0.21152156250067303,0.5238726930439903,0.01219200081468533
9.52,0.8778365219973915,0.757302781264687,0.013156438764582301,0.19836512373541776,0.8778365219970411,0.7573027812657022,0.21152156250067297,0.5238726930439903,0.012192000808297299
9.524000000000001,0.8778365221360503,0.7573027813712888,0.013156438736659398,0.19836512376334065,0.8778365221357,0.757302781372304,0.21152156250067297,0.5238726930439903,0.012192000801959353
9.528,0.8778365222736318,0.7573027814770623,0.013156438708953461,0.19836512379104657,0.8778365222732815,0.7573027814780776,0.21152156250067303,0.5238726930439903,0.01219200079567111
9.532,0.8778365224101444,0.757302781582014,0.013156438681462788,0.1983651238185372,0.877836522409794,0.7573027815830293,0.21152156250067305,0.5238726930439902,0.012192000789432172
9.536,0.8778365225455963,0.7573027816861504,0.013156438654185709,0.19836512384581434,0.8778365225452459,0.7573027816871656,0.211521562500673,0.5238726930439903,0.012192000783242153
9.540000000000001,0.8778365226799957,0.7573027817894774,0.013156438627120582,0.19836512387287944,0.8778365226796453,0.7573027817904927,0.211521562500673,0.5238726930439903,0.012192000777100672
9.544,0.8778365228133508,0.7573027818920017,0.013156438600265752,0.1983651238997343,0.8778365228130004,0.757302781893017,0.21152156250067305,0.5238726930439903,0.012192000771007344
9.548,0.8778365229456697,0.7573027819937294,0.013156438573619575,0.19836512392638048,0.8778365229453193,0.7573027819947447,0.21152156250067305,0.5238726930439904,0.012192000764961798
9.552,0.8778365230769606,0.7573027820946666,0.013156438547180434,0.19836512395281958,0.8778365230766102,0.7573027820956819,0.21152156250067303,0.5238726930439903,0.012192000758963654
9.556000000000001,0.8778365232072313,0.7573027821948196,0.013156438520946738,0.1983651239790533,0.8778365232068809,0.7573027821958349,0.21152156250067305,0.5238726930439903,0.012192000753012541
9.56,0.8778365233364898,0.7573027822941943,0.01315643849491687,0.19836512400508316,0.8778365233361394,0.7573027822952098,0.2115215625006731,0.5238726930439903,0.012192000747108097
9.564,0.877836523464744,0.7573027823927969,0.01315643846908925,0.19836512403091075,0.8778365234643936,0.7573027823938124,0.2115215625006731,0.5238726930439903,0.012192000741249945
9.568,0.8778365235920016,0.7573027824906335,0.013156438443462324,0.19836512405653775,0.8778365235916512,0.757302782491649,0.2115215625006731,0.5238726930439904,0.01219200073543773
9.572000000000001,0.8778365237182705,0.7573027825877099,0.0131564384180345,0.19836512408196555,0.8778365237179201,0.7573027825887253,0.21152156250067314,0.5238726930439903,0.012192000729671089
9.576,0.8778365238435583,0.7573027826840318,0.013156438392804252,0.1983651241071958,0.8778365238432079,0.7573027826850474,0.21152156250067314,0.5238726930439904,0.012192000723949664
9.58,0.8778365239678726,0.7573027827796055,0.013156438367770024,0.19836512413223,0.8778365239675222,0.757302782780621,0.2115215625006731,0.5238726930439904,0.0121920007182731
9.584,0.877836524091221,0.7573027828744366,0.013156438342930328,0.19836512415706975,0.8778365240908707,0.757302782875452,0.2115215625006731,0.5238726930439904,0.012192000712641052
9.588000000000001,0.877836524213611,0.7573027829685308,0.013156438318283623,0.19836512418171642,0.8778365242132606,0.7573027829695462,0.2115215625006731,0.5238726930439904,0.012192000707053157
9.592,0.8778365243350501,0.757302783061894,0.01315643829382843,0.19836512420617164,0.8778365243346997,0.7573027830629093,0.21152156250067308,0.5238726930439904,0.012192000701509087
9.596,0.8778365244555456,0.7573027831545317,0.013156438269563234,0.1983651242304368,0.8778365244551952,0.757302783155547,0.21152156250067308,0.5238726930439904,0.012192000696008481
9.6,0.8778365245751049,0.7573027832464496,0.013156438245486585,0.19836512425451347,0.8778365245747545,0.7573027832474649,0.21152156250067308,0.5238726930439904,0.012192000690551005
9.604000000000001,0.8778365246937351,0.7573027833376533,0.01315643822159703,0.19836512427840303,0.8778365246933847,0.7573027833386686,0.21152156250067303,0.5238726930439904,0.012192000685136326
9.608,0.8778365248114436,0.7573027834281483,0.013156438197893078,0.19836512430210693,0.8778365248110932,0.7573027834291637,0.21152156250067308,0.5238726930439904,0.012192000679764104
9.612,0.8778365249282375,0.7573027835179403,0.013156438174373319,0.19836512432562678,0.8778365249278871,0.7573027835189556,0.21152156250067308,0.5238726930439905,0.012192000674434001
9.616,0.8778365250441239,0.7573027836070344,0.013156438151036298,0.19836512434896372,0.8778365250437735,0.7573027836080499,0.21152156250067314,0.5238726930439904,0.012192000669145697
9.620000000000001,0.8778365251591099,0.7573027836954365,0.013156438127880603,0.19836512437211948,0.8778365251587595,0.7573027836964519,0.21152156250067314,0.5238726930439905,0.012192000663898856
9.624,0.8778365252732026,0.7573027837831515,0.013156438104904819,0.19836512439509518,0.8778365252728522,0.7573027837841669,0.21152156250067305,0.5238726930439904,0.012192000658693155
9.628,0.8778365253864087,0.7573027838701852,0.01315643808210756,0.19836512441789247,0.8778365253860583,0.7573027838712005,0.21152156250067305,0.5238726930439904,0.012192000653528275
9.632,0.8778365254987351,0.7573027839565425,0.013156438059487435,0.19836512444051263,0.8778365254983848,0.7573027839575579,0.2115215625006731,0.5238726930439905,0.012192000648403896
9.636000000000001,0.8778365256101889,0.7573027840422288,0.013156438037043059,0.198365124462957,0.8778365256098385,0.7573027840432442,0.2115215625006731,0.5238726930439905,0.012192000643319698
9.64,0.8778365257207766,0.7573027841272494,0.013156438014773082,0.19836512448522692,0.8778365257204263,0.7573027841282648,0.21152156250067308,0.5238726930439904,0.012192000638275363
9.644,0.8778365258305051,0.7573027842116093,0.013156437992676151,0.19836512450732388,0.8778365258301547,0.7573027842126248,0.21152156250067308,0.5238726930439904,0.012192000633270578
9.648,0.877836525939381,0.7573027842953138,0.013156437970750895,0.19836512452924915,0.8778365259390306,0.7573027842963292,0.2115215625006731,0.5238726930439905,0.012192000628305041
9.652000000000001,0.8778365260474109,0.757302784378368,0.013156437948996012,0.19836512455100402,0.8778365260470605,0.7573027843793834,0.2115215625006731,0.5238726930439904,0.012192000623378435
9.656,0.8778365261546015,0.7573027844607768,0.01315643792741014,0.1983651245725899,0.8778365261542511,0.7573027844617921,0.21152156250067305,0.5238726930439904,0.012192000618490463
9.66,0.8778365262609592,0.7573027845425453,0.013156437905992007,0.198365124594008,0.8778365262606088,0.7573027845435606,0.2115215625006731,0.5238726930439904,0.012192000613640815
9.664,0.8778365263664905,0.7573027846236784,0.013156437884740286,0.19836512461525976,0.8778365263661401,0.7573027846246937,0.21152156250067305,0.5238726930439905,0.012192000608829193
9.668000000000001,0.8778365264712018,0.7573027847041811,0.013156437863653694,0.1983651246363463,0.8778365264708514,0.7573027847051964,0.21152156250067303,0.5238726930439904,0.012192000604055302
9.672,0.8778365265750995,0.7573027847840583,0.013156437842730954,0.1983651246572691,0.8778365265747491,0.7573027847850736,0.21152156250067305,0.5238726930439905,0.012192000599318844
9.676,0.8778365266781899,0.7573027848633149,0.013156437821970771,0.1983651246780293,0.8778365266778395,0.7573027848643302,0.2115215625006731,0.5238726930439905,0.012192000594619525
9.68,0.8778365267804793,0.7573027849419557,0.013156437801371894,0.19836512469862816,0.8778365267801289,0.757302784942971,0.21152156250067305,0.5238726930439905,0.012192000589957053
9.684000000000001,0.877836526881974,0.7573027850199854,0.013156437780933063,0.19836512471906698,0.8778365268816236,0.7573027850210007,0.21152156250067303,0.5238726930439905,0.01219200058533114
9.688,0.87783652698268,0.7573027850974088,0.013156437760653056,0.19836512473934695,0.8778365269823296,0.7573027850984241,0.21152156250067303,0.5238726930439904,0.012192000580741498
9.692,0.8778365270826035,0.7573027851742307,0.013156437740530625,0.19836512475946944,0.8778365270822531,0.757302785175246,0.21152156250067303,0.5238726930439905,0.012192000576187844
9.696,0.8778365271817506,0.7573027852504557,0.013156437720564533,0.19836512477943552,0.8778365271814003,0.757302785251471,0.21152156250067305,0.5238726930439905,0.012192000571669897
9.700000000000001,0.8778365272801274,0.7573027853260883,0.013156437700753587,0.19836512479924642,0.877836527279777,0.7573027853271037,0.21152156250067305,0.5238726930439904,0.012192000567187373
9.704,0.8778365273777398,0.7573027854011333,0.013156437681096561,0.19836512481890348,0.8778365273773894,0.7573027854021488,0.2115215625006731,0.5238726930439905,0.012192000562739998
9.708,0.8778365274745937,0.7573027854755953,0.01315643766159227,0.19836512483840776,0.8778365274742433,0.7573027854766108,0.21152156250067317,0.5238726930439905,0.0121920005583275
9.712,0.8778365275706952,0.7573027855494787,0.013156437642239522,0.19836512485776053,0.8778365275703448,0.7573027855504941,0.2115215625006731,0.5238726930439905,0.012192000553949598
9.716000000000001,0.8778365276660499,0.757302785622788,0.013156437623037141,0.1983651248769629,0.8778365276656995,0.7573027856238035,0.2115215625006731,0.5238726930439905,0.012192000549606024
9.72,0.8778365277606638,0.7573027856955277,0.013156437603983955,0.19836512489601602,0.8778365277603134,0.7573027856965432,0.2115215625006731,0.5238726930439904,0.012192000545296507
9.724,0.8778365278545425,0.7573027857677024,0.01315643758507882,0.19836512491492123,0.8778365278541921,0.7573027857687177,0.21152156250067308,0.5238726930439905,0.012192000541020785
9.728,0.8778365279476917,0.7573027858393161,0.013156437566320565,0.19836512493367947,0.8778365279473413,0.7573027858403314,0.21152156250067303,0.5238726930439905,0.012192000536778587
9.732,0.8778365280401172,0.7573027859103735,0.013156437547708068,0.19836512495229197,0.8778365280397669,0.7573027859113887,0.211521562500673,0.5238726930439905,0.012192000532569648
9.736,0.8778365281318246,0.7573027859808786,0.013156437529240207,0.19836512497075984,0.8778365281314742,0.7573027859818938,0.211521562500673,0.5238726930439905,0.012192000528393717
9.74,0.8778365282228193,0.757302786050836,0.013156437510915827,0.19836512498908423,0.8778365282224689,0.7573027860518512,0.211521562500673,0.5238726930439905,0.012192000524250528
9.744,0.8778365283131071,0.7573027861202498,0.01315643749273383,0.19836512500726622,0.8778365283127567,0.757302786121265,0.21152156250067303,0.5238726930439905,0.012192000520139827
9.748,0.8778365284026933,0.7573027861891242,0.013156437474693096,0.19836512502530693,0.8778365284023429,0.7573027861901395,0.211521562500673,0.5238726930439905,0.01219200051606136
9.752,0.8778365284915834,0.7573027862574635,0.013156437456792553,0.19836512504320747,0.8778365284912331,0.7573027862584788,0.21152156250067303,0.5238726930439905,0.012192000512014873
9.756,0.8778365285797829,0.7573027863252718,0.013156437439031086,0.19836512506096898,0.8778365285794325,0.7573027863262871,0.21152156250067303,0.5238726930439906,0.012192000508000112
9.76,0.8778365286672971,0.7573027863925533,0.01315643742140762,0.1983651250785924,0.8778365286669467,0.7573027863935686,0.21152156250067305,0.5238726930439905,0.012192000504016833
9.764,0.8778365287541313,0.757302786459312,0.013156437403921088,0.19836512509607895,0.8778365287537809,0.7573027864603273,0.21152156250067305,0.5238726930439905,0.012192000500064781
9.768,0.8778365288402908,0.7573027865255519,0.013156437386570432,0.19836512511342957,0.8778365288399405,0.7573027865265674,0.21152156250067305,0.5238726930439905,0.012192000496143725
9.772,0.8778365289257809,0.7573027865912773,0.013156437369354583,0.19836512513064544,0.8778365289254305,0.7573027865922927,0.21152156250067308,0.5238726930439905,0.012192000492253411
9.776,0.8778365290106067,0.757302786656492,0.013156437352272498,0.19836512514772753,0.8778365290102563,0.7573027866575073,0.21152156250067305,0.5238726930439905,0.012192000488393603
9.78,0.8778365290947734,0.7573027867211998,0.013156437335323155,0.19836512516467686,0.877836529094423,0.7573027867222152,0.21152156250067305,0.5238726930439905,0.01219200048456406
9.784,0.8778365291782861,0.757302786785405,0.013156437318505484,0.19836512518149457,0.8778365291779358,0.7573027867864203,0.21152156250067305,0.5238726930439906,0.012192000480764546
9.788,0.87783652926115,0.7573027868491112,0.01315643730181851,0.19836512519818153,0.8778365292607996,0.7573027868501265,0.21152156250067305,0.5238726930439905,0.01219200047699482
9.792,0.87783652934337,0.7573027869123224,0.013156437285261183,0.19836512521473887,0.8778365293430196,0.7573027869133379,0.21152156250067308,0.5238726930439906,0.012192000473254657
9.796,0.8778365294249512,0.7573027869750427,0.013156437268832488,0.1983651252311676,0.8778365294246008,0.757302786976058,0.2115215625006731,0.5238726930439906,0.012192000469543818
9.8,0.8778365295058984,0.7573027870372754,0.013156437252531466,0.19836512524746855,0.877836529505548,0.7573027870382908,0.2115215625006731,0.5238726930439905,0.01219200046586208
9.804,0.8778365295862167,0.7573027870990245,0.013156437236357102,0.1983651252636429,0.8778365295858663,0.7573027871000401,0.21152156250067314,0.5238726930439905,0.012192000462209203
9.808,0.877836529665911,0.7573027871602941,0.013156437220308402,0.19836512527969163,0.8778365296655606,0.7573027871613095,0.2115215625006731,0.5238726930439905,0.012192000458584977
9.812,0.877836529744986,0.7573027872210875,0.013156437204384397,0.19836512529561565,0.8778365297446357,0.7573027872221029,0.21152156250067308,0.5238726930439906,0.012192000454989168
9.816,0.8778365298234467,0.7573027872814085,0.013156437188584107,0.1983651253114159,0.8778365298230963,0.757302787282424,0.21152156250067305,0.5238726930439905,0.012192000451421553
9.82,0.8778365299012977,0.7573027873412609,0.013156437172906614,0.19836512532709344,0.8778365299009473,0.7573027873422763,0.2115215625006731,0.5238726930439906,0.012192000447881912
9.824,0.8778365299785438,0.7573027874006483,0.013156437157350915,0.1983651253426491,0.8778365299781934,0.7573027874016636,0.21152156250067305,0.5238726930439905,0.012192000444370025
9.828,0.8778365300551897,0.7573027874595741,0.01315643714191609,0.19836512535808395,0.8778365300548393,0.7573027874605894,0.2115215625006731,0.5238726930439905,0.012192000440885673
9.832,0.8778365301312401,0.757302787518042,0.013156437126601184,0.19836512537339882,0.8778365301308897,0.7573027875190574,0.21152156250067305,0.5238726930439905,0.012192000437428647
9.836,0.8778365302066995,0.7573027875760558,0.013156437111405296,0.19836512538859477,0.8778365302063491,0.7573027875770711,0.21152156250067308,0.5238726930439906,0.012192000433998722
9.84,0.8778365302815726,0.7573027876336187,0.013156437096327469,0.19836512540367254,0.8778365302812222,0.7573027876346341,0.21152156250067305,0.5238726930439905,0.012192000430595698
9.844,0.877836530355864,0.7573027876907343,0.013156437081366809,0.1983651254186332,0.8778365303555136,0.7573027876917499,0.2115215625006731,0.5238726930439905,0.012192000427219353
9.848,0.8778365304295781,0.7573027877474063,0.013156437066522366,0.19836512543347765,0.8778365304292277,0.7573027877484217,0.2115215625006731,0.5238726930439905,0.012192000423869483
9.852,0.8778365305027195,0.7573027878036378,0.013156437051793283,0.19836512544820672,0.8778365305023691,0.7573027878046533,0.21152156250067314,0.5238726930439905,0.01219200042054588
9.856,0.8778365305752925,0.7573027878594325,0.013156437037178632,0.19836512546282142,0.8778365305749422,0.757302787860448,0.2115215625006732,0.5238726930439906,0.012192000417248338
9.86,0.8778365306473017,0.7573027879147937,0.013156437022677546,0.19836512547732252,0.8778365306469513,0.7573027879158092,0.2115215625006732,0.5238726930439906,0.012192000413976651
9.864,0.8778365307187515,0.7573027879697246,0.013156437008289121,0.19836512549171093,0.8778365307184011,0.7573027879707401,0.21152156250067317,0.5238726930439906,0.012192000410730618
9.868,0.877836530789646,0.7573027880242288,0.013156436994012493,0.19836512550598756,0.8778365307892956,0.7573027880252443,0.2115215625006732,0.5238726930439906,0.012192000407510041
9.872,0.8778365308599897,0.7573027880783094,0.013156436979846794,0.19836512552015326,0.8778365308596393,0.757302788079325,0.2115215625006732,0.5238726930439906,0.01219200040431471
9.876,0.8778365309297869,0.75730278813197,0.013156436965791145,0.19836512553420887,0.8778365309294365,0.7573027881329856,0.2115215625006732,0.5238726930439905,0.01219200040114444
9.88,0.8778365309990417,0.7573027881852136,0.013156436951844734,0.19836512554815533,0.8778365309986913,0.7573027881862291,0.2115215625006732,0.5238726930439906,0.012192000397999026
9.884,0.8778365310677584,0.7573027882380434,0.013156436938006678,0.19836512556199337,0.877836531067408,0.7573027882390589,0.21152156250067325,0.5238726930439906,0.012192000394878277
9.888,0.8778365311359412,0.7573027882904627,0.01315643692427614,0.19836512557572386,0.8778365311355908,0.7573027882914783,0.21152156250067317,0.5238726930439905,0.012192000391781995
9.892,0.8778365312035942,0.7573027883424749,0.01315643691065229,0.19836512558934777,0.8778365312032438,0.7573027883434904,0.2115215625006732,0.5238726930439906,0.01219200038870999
9.896,0.8778365312707215,0.7573027883940827,0.013156436897134303,0.19836512560286576,0.8778365312703711,0.7573027883950983,0.2115215625006732,0.5238726930439906,0.012192000385662077
9.9,0.8778365313373272,0.7573027884452896,0.013156436883721348,0.1983651256162787,0.8778365313369768,0.7573027884463053,0.21152156250067325,0.5238726930439906,0.012192000382638062
9.904,0.8778365314034154,0.7573027884960987,0.013156436870412612,0.19836512562958744,0.8778365314030651,0.7573027884971143,0.21152156250067322,0.5238726930439906,0.01219200037963776
9.908,0.8778365314689902,0.7573027885465129,0.013156436857207267,0.19836512564279274,0.8778365314686398,0.7573027885475286,0.21152156250067325,0.5238726930439906,0.012192000376660982
9.912,0.8778365315340555,0.7573027885965355,0.013156436844104525,0.19836512565589545,0.8778365315337051,0.7573027885975512,0.2115215625006732,0.5238726930439905,0.012192000373707547
9.916,0.8778365315986152,0.7573027886461695,0.013156436831103605,0.19836512566889644,0.8778365315982648,0.757302788647185,0.2115215625006732,0.5238726930439906,0.01219200037077727
9.92,0.8778365316626733,0.7573027886954178,0.013156436818203695,0.19836512568179634,0.8778365316623229,0.7573027886964333,0.21152156250067317,0.5238726930439906,0.012192000367869969
9.924,0.8778365317262337,0.7573027887442834,0.013156436805404004,0.19836512569459602,0.8778365317258833,0.7573027887452989,0.21152156250067317,0.5238726930439906,0.012192000364985462
9.928,0.8778365317893001,0.7573027887927694,0.013156436792703783,0.19836512570729628,0.8778365317889497,0.7573027887937848,0.2115215625006731,0.5238726930439906,0.012192000362123574
9.932,0.8778365318518766,0.7573027888408784,0.013156436780102242,0.19836512571989778,0.8778365318515262,0.757302788841894,0.2115215625006731,0.5238726930439906,0.01219200035928413
9.936,0.8778365319139668,0.7573027888886139,0.013156436767598614,0.19836512573240145,0.8778365319136164,0.7573027888896293,0.21152156250067314,0.5238726930439906,0.012192000356466946
9.94,0.8778365319755747,0.7573027889359784,0.013156436755192125,0.1983651257448079,0.8778365319752243,0.7573027889369938,0.21152156250067308,0.5238726930439906,0.01219200035367185
9.944,0.8778365320367038,0.7573027889829748,0.013156436742882048,0.19836512575711798,0.8778365320363534,0.7573027889839902,0.21152156250067308,0.5238726930439906,0.012192000350898674
9.948,0.8778365320973579,0.7573027890296061,0.01315643673066762,0.19836512576933238,0.8778365320970075,0.7573027890306214,0.21152156250067303,0.5238726930439905,0.01219200034814724
9.952,0.8778365321575408,0.757302789075875,0.01315643671854809,0.19836512578145193,0.8778365321571904,0.7573027890768904,0.21152156250067308,0.5238726930439906,0.012192000345417384
9.956,0.877836532217256,0.7573027891217845,0.013156436706522742,0.1983651257934773,0.8778365322169056,0.7573027891227999,0.21152156250067308,0.5238726930439906,0.012192000342708932
9.96,0.8778365322765073,0.7573027891673372,0.013156436694590814,0.1983651258054092,0.8778365322761569,0.7573027891683527,0.21152156250067308,0.5238726930439906,0.012192000340021719
9.964,0.8778365323352981,0.7573027892125361,0.013156436682751606,0.19836512581724844,0.8778365323349477,0.7573027892135515,0.21152156250067314,0.5238726930439906,0.012192000337355574
9.968,0.8778365323936322,0.7573027892573837,0.013156436671004378,0.19836512582899565,0.8778365323932819,0.7573027892583991,0.21152156250067308,0.5238726930439906,0.012192000334710336
9.972,0.877836532451513,0.7573027893018829,0.01315643665934843,0.1983651258406516,0.8778365324511627,0.7573027893028983,0.21152156250067308,0.5238726930439906,0.01219200033208584
9.976,0.8778365325089441,0.7573027893460362,0.013156436647783062,0.19836512585221697,0.8778365325085937,0.7573027893470518,0.21152156250067317,0.5238726930439906,0.012192000329481922
9.98,0.877836532565929,0.7573027893898465,0.013156436636307549,0.19836512586369243,0.8778365325655786,0.757302789390862,0.21152156250067317,0.5238726930439905,0.01219200032689842
9.984,0.8778365326224711,0.7573027894333165,0.01315643662492119,0.19836512587507885,0.8778365326221207,0.7573027894343319,0.21152156250067314,0.5238726930439906,0.01219200032433518
9.988,0.8778365326785739,0.7573027894764486,0.013156436613623309,0.1983651258863767,0.8778365326782235,0.7573027894774641,0.2115215625006731,0.5238726930439906,0.012192000321792032
9.992,0.8778365327342407,0.7573027895192457,0.013156436602413219,0.1983651258975868,0.8778365327338903,0.7573027895202611,0.21152156250067308,0.5238726930439906,0.012192000319268832
9.996,0.877836532789475,0.7573027895617103,0.013156436591290208,0.19836512590870983,0.8778365327891247,0.7573027895627256,0.21152156250067305,0.5238726930439906,0.01219200031676541
10.0,0.8778365328442802,0.7573027896038448,0.013156436580253637,0.1983651259197464,0.8778365328439298,0.7573027896048601,0.21152156250067305,0.5238726930439906,0.012192000314281626
10.004,0.8778365328986595,0.757302789645652,0.01315643656930282,0.19836512593069724,0.8778365328983091,0.7573027896466673,0.21152156250067308,0.5238726930439906,0.012192000311817311
10.008000000000001,0.8778365329526163,0.7573027896871343,0.013156436558437084,0.19836512594156294,0.8778365329522659,0.7573027896881497,0.21152156250067308,0.5238726930439906,0.012192000309372317
10.012,0.8778365330061539,0.7573027897282943,0.013156436547655762,0.19836512595234426,0.8778365330058036,0.7573027897293098,0.21152156250067314,0.5238726930439906,0.012192000306946497
10.016,0.8778365330592756,0.7573027897691346,0.01315643653695822,0.19836512596304182,0.8778365330589252,0.75730278977015,0.2115215625006731,0.5238726930439906,0.012192000304539697
10.02,0.8778365331119844,0.7573027898096575,0.01315643652634381,0.19836512597365624,0.877836533111634,0.7573027898106729,0.21152156250067314,0.5238726930439906,0.012192000302151772
10.024000000000001,0.8778365331642837,0.7573027898498655,0.013156436515811866,0.19836512598418818,0.8778365331639333,0.757302789850881,0.21152156250067317,0.5238726930439906,0.012192000299782567
10.028,0.8778365332161766,0.7573027898897612,0.013156436505361753,0.19836512599463835,0.8778365332158262,0.7573027898907766,0.21152156250067314,0.5238726930439908,0.012192000297431945
10.032,0.8778365332676663,0.7573027899293467,0.013156436494992837,0.1983651260050072,0.8778365332673159,0.7573027899303623,0.21152156250067317,0.5238726930439906,0.012192000295099752
10.036,0.877836533318756,0.7573027899686248,0.013156436484704477,0.19836512601529557,0.8778365333184056,0.7573027899696403,0.21152156250067314,0.5238726930439908,0.012192000292785846
10.040000000000001,0.8778365333694487,0.7573027900075976,0.013156436474496078,0.19836512602550394,0.8778365333690983,0.7573027900086131,0.21152156250067314,0.5238726930439906,0.012192000290490081
10.044,0.8778365334197474,0.7573027900462677,0.013156436464366988,0.19836512603563303,0.877836533419397,0.7573027900472832,0.21152156250067314,0.5238726930439906,0.012192000288212322
10.048,0.8778365334696554,0.7573027900846373,0.013156436454316611,0.19836512604568343,0.877836533469305,0.7573027900856527,0.21152156250067308,0.5238726930439906,0.01219200028595242
10.052,0.8778365335191756,0.7573027901227086,0.013156436444344319,0.1983651260556557,0.8778365335188252,0.7573027901237241,0.21152156250067317,0.5238726930439906,0.012192000283710239
10.056000000000001,0.877836533568311,0.7573027901604844,0.013156436434449493,0.1983651260655506,0.8778365335679607,0.7573027901614998,0.21152156250067314,0.5238726930439908,0.01219200028148564
10.06,0.8778365336170647,0.7573027901979664,0.013156436424631568,0.19836512607536846,0.8778365336167143,0.757302790198982,0.21152156250067314,0.5238726930439906,0.01219200027927848
10.064,0.8778365336654396,0.7573027902351573,0.013156436414889911,0.19836512608511012,0.8778365336650892,0.7573027902361729,0.21152156250067314,0.5238726930439906,0.012192000277088628
10.068,0.8778365337134385,0.7573027902720593,0.013156436405223973,0.19836512609477605,0.8778365337130881,0.7573027902730748,0.2115215625006732,0.5238726930439906,0.012192000274915953
10.072000000000001,0.8778365337610645,0.7573027903086744,0.013156436395633117,0.1983651261043669,0.8778365337607141,0.7573027903096899,0.21152156250067317,0.5238726930439906,0.012192000272760309
10.076,0.8778365338083205,0.7573027903450051,0.013156436386116781,0.1983651261138833,0.8778365338079701,0.7573027903460207,0.21152156250067317,0.5238726930439908,0.01219200027062157
10.08,0.8778365338552093,0.7573027903810535,0.013156436376674395,0.19836512612332563,0.8778365338548589,0.757302790382069,0.21152156250067314,0.5238726930439906,0.012192000268499597
10.084,0.8778365339017338,0.7573027904168219,0.013156436367305374,0.19836512613269472,0.8778365339013834,0.7573027904178373,0.21152156250067314,0.5238726930439908,0.012192000266394267
10.088000000000001,0.8778365339478967,0.7573027904523123,0.013156436358009154,0.1983651261419909,0.8778365339475463,0.7573027904533277,0.21152156250067314,0.5238726930439906,0.012192000264305442
10.092,0.8778365339937011,0.7573027904875269,0.01315643634878515,0.19836512615121488,0.8778365339933507,0.7573027904885423,0.21152156250067308,0.5238726930439906,0.012192000262232999
10.096,0.8778365340391495,0.757302790522468,0.013156436339632817,0.1983651261603672,0.8778365340387991,0.7573027905234834,0.2115215625006731,0.5238726930439906,0.012192000260176803
10.1,0.8778365340842448,0.7573027905571376,0.013156436330551606,0.19836512616944849,0.8778365340838944,0.7573027905581529,0.21152156250067305,0.5238726930439908,0.012192000258136729
10.104000000000001,0.8778365341289897,0.7573027905915376,0.013156436321540968,0.19836512617845906,0.8778365341286393,0.757302790592553,0.21152156250067308,0.5238726930439906,0.012192000256112652
10.108,0.8778365341733869,0.7573027906256705,0.013156436312600318,0.19836512618739974,0.8778365341730365,0.7573027906266859,0.2115215625006731,0.5238726930439908,0.012192000254104449
10.112,0.8778365342174392,0.7573027906595382,0.013156436303729134,0.1983651261962709,0.8778365342170888,0.7573027906605536,0.21152156250067308,0.5238726930439906,0.012192000252111989
10.116,0.8778365342611493,0.7573027906931428,0.013156436294926872,0.19836512620507313,0.8778365342607989,0.7573027906941582,0.21152156250067305,0.5238726930439906,0.012192000250135154
10.120000000000001,0.8778365343045196,0.7573027907264862,0.013156436286193028,0.198365126213807,0.8778365343041692,0.7573027907275016,0.21152156250067308,0.5238726930439906,0.012192000248173818
10.124,0.8778365343475529,0.7573027907595705,0.013156436277527049,0.198365126222473,0.8778365343472025,0.7573027907605859,0.2115215625006731,0.5238726930439906,0.01219200024622786
10.128,0.8778365343902519,0.7573027907923978,0.013156436268928408,0.19836512623107164,0.8778365343899015,0.7573027907934132,0.21152156250067317,0.5238726930439906,0.012192000244297164
10.132,0.8778365344326191,0.7573027908249699,0.013156436260396559,0.19836512623960345,0.8778365344322687,0.7573027908259854,0.21152156250067314,0.5238726930439906,0.012192000242381606
10.136000000000001,0.8778365344746571,0.7573027908572891,0.013156436251931006,0.19836512624806907,0.8778365344743068,0.7573027908583045,0.21152156250067317,0.5238726930439908,0.012192000240481072
10.14,0.8778365345163686,0.757302790889357,0.013156436243531239,0.1983651262564688,0.8778365345160182,0.7573027908903726,0.21152156250067314,0.5238726930439906,0.012192000238595435
10.144,0.8778365345577559,0.7573027909211759,0.013156436235196722,0.19836512626480332,0.8778365345574055,0.7573027909221914,0.2115215625006732,0.5238726930439906,0.012192000236724584
10.148,0.8778365345988216,0.7573027909527474,0.013156436226926974,0.19836512627307304,0.8778365345984712,0.7573027909537631,0.2115215625006732,0.5238726930439906,0.012192000234868404
10.152000000000001,0.8778365346395682,0.7573027909840738,0.013156436218721482,0.1983651262812786,0.8778365346392178,0.7573027909850893,0.2115215625006732,0.5238726930439908,0.012192000233026776
10.156,0.8778365346799983,0.7573027910151566,0.01315643621057974,0.19836512628942027,0.877836534679648,0.7573027910161723,0.2115215625006732,0.5238726930439906,0.012192000231199592
10.16,0.8778365347201142,0.7573027910459981,0.013156436202501263,0.19836512629749878,0.8778365347197639,0.7573027910470136,0.2115215625006732,0.5238726930439906,0.012192000229386733
10.164,0.8778365347599185,0.7573027910765998,0.013156436194485553,0.19836512630551448,0.8778365347595681,0.7573027910776153,0.21152156250067317,0.5238726930439906,0.01219200022758809
10.168000000000001,0.8778365347994135,0.7573027911069637,0.013156436186532115,0.1983651263134679,0.8778365347990631,0.7573027911079793,0.21152156250067314,0.5238726930439906,0.01219200022580355
10.172,0.8778365348386016,0.7573027911370919,0.013156436178640476,0.19836512632135955,0.8778365348382512,0.7573027911381073,0.21152156250067308,0.5238726930439906,0.012192000224033005
10.176,0.8778365348774851,0.7573027911669857,0.01315643617081018,0.1983651263291898,0.8778365348771348,0.7573027911680013,0.2115215625006731,0.5238726930439905,0.012192000222276338
10.18,0.8778365349160666,0.7573027911966475,0.013156436163040703,0.19836512633695932,0.8778365349157162,0.757302791197663,0.2115215625006731,0.5238726930439906,0.012192000220533447
10.184000000000001,0.8778365349543483,0.7573027912260787,0.013156436155331588,0.19836512634466844,0.8778365349539979,0.7573027912270942,0.21152156250067314,0.5238726930439906,0.012192000218804224
10.188,0.8778365349923326,0.7573027912552812,0.013156436147682388,0.19836512635231762,0.8778365349919822,0.7573027912562967,0.21152156250067314,0.5238726930439906,0.012192000217088559
10.192,0.8778365350300217,0.7573027912842569,0.013156436140092619,0.19836512635990747,0.8778365350296713,0.7573027912852723,0.21152156250067314,0.5238726930439908,0.012192000215386344
10.196,0.877836535067418,0.7573027913130075,0.013156436132561811,0.19836512636743825,0.8778365350670676,0.7573027913140228,0.2115215625006731,0.5238726930439906,0.012192000213697481
10.200000000000001,0.8778365351045236,0.7573027913415344,0.01315643612508953,0.19836512637491052,0.8778365351041733,0.7573027913425499,0.2115215625006731,0.5238726930439908,0.012192000212021856
10.204,0.8778365351413411,0.7573027913698399,0.013156436117675306,0.1983651263823247,0.8778365351409907,0.7573027913708553,0.2115215625006731,0.5238726930439906,0.012192000210359372
10.208,0.8778365351778724,0.7573027913979254,0.013156436110318678,0.19836512638968137,0.877836535177522,0.7573027913989409,0.2115215625006731,0.5238726930439908,0.012192000208709922
10.212,0.8778365352141199,0.7573027914257927,0.013156436103019229,0.19836512639698078,0.8778365352137695,0.7573027914268081,0.21152156250067305,0.5238726930439906,0.012192000207073408
10.216000000000001,0.8778365352500856,0.7573027914534435,0.0131564360957765,0.19836512640422352,0.8778365352497353,0.7573027914544589,0.2115215625006731,0.5238726930439906,0.012192000205449721
10.22,0.877836535285772,0.7573027914808793,0.013156436088590042,0.19836512641140996,0.8778365352854216,0.7573027914818948,0.21152156250067314,0.5238726930439906,0.012192000203838768
10.224,0.8778365353211811,0.7573027915081021,0.013156436081459414,0.19836512641854065,0.8778365353208307,0.7573027915091176,0.2115215625006732,0.5238726930439908,0.012192000202240446
10.228,0.8778365353563151,0.7573027915351134,0.01315643607438418,0.19836512642561588,0.8778365353559647,0.7573027915361289,0.21152156250067314,0.5238726930439908,0.01219200020065466
10.232000000000001,0.8778365353911761,0.7573027915619147,0.013156436067363933,0.19836512643263612,0.8778365353908257,0.7573027915629302,0.2115215625006732,0.5238726930439908,0.012192000199081308
10.236,0.8778365354257662,0.7573027915885078,0.013156436060398227,0.19836512643960177,0.8778365354254158,0.7573027915895233,0.21152156250067314,0.5238726930439906,0.012192000197520292
10.24,0.8778365354600876,0.7573027916148942,0.013156436053486657,0.19836512644651336,0.8778365354597372,0.7573027916159097,0.2115215625006731,0.5238726930439906,0.012192000195971517
10.244,0.8778365354941422,0.7573027916410756,0.013156436046628799,0.1983651264533712,0.8778365354937918,0.7573027916420912,0.2115215625006732,0.5238726930439906,0.012192000194434883
10.248,0.8778365355279323,0.7573027916670537,0.013156436039824197,0.19836512646017584,0.8778365355275819,0.7573027916680692,0.21152156250067317,0.5238726930439908,0.012192000192910297
10.252,0.8778365355614598,0.7573027916928299,0.013156436033072481,0.19836512646692758,0.8778365355611094,0.7573027916938454,0.21152156250067314,0.5238726930439908,0.012192000191397668
10.256,0.8778365355947269,0.7573027917184058,0.013156436026373218,0.19836512647362678,0.8778365355943765,0.7573027917194213,0.21152156250067314,0.5238726930439906,0.0121920001898969
10.26,0.8778365356277354,0.7573027917437831,0.013156436019726,0.19836512648027407,0.8778365356273851,0.7573027917447984,0.21152156250067308,0.5238726930439908,0.012192000188407898
10.264,0.8778365356604875,0.7573027917689631,0.013156436013130459,0.19836512648686963,0.8778365356601371,0.7573027917699784,0.21152156250067305,0.5238726930439908,0.012192000186930575
10.268,0.877836535692985,0.7573027917939473,0.013156436006586149,0.1983651264934139,0.8778365356926346,0.7573027917949627,0.2115215625006731,0.5238726930439908,0.012192000185464834
10.272,0.8778365357252301,0.7573027918187376,0.013156436000092687,0.19836512649990737,0.8778365357248797,0.757302791819753,0.21152156250067314,0.5238726930439908,0.012192000184010586
10.276,0.8778365357572246,0.7573027918433352,0.01315643599364968,0.19836512650635033,0.8778365357568743,0.7573027918443507,0.21152156250067317,0.5238726930439906,0.01219200018256774
10.28,0.8778365357889706,0.7573027918677416,0.013156435987256743,0.19836512651274327,0.8778365357886202,0.7573027918687572,0.21152156250067314,0.5238726930439906,0.012192000181136206
10.284,0.8778365358204698,0.7573027918919584,0.013156435980913471,0.19836512651908653,0.8778365358201194,0.757302791892974,0.2115215625006732,0.5238726930439906,0.0121920001797159
10.288,0.8778365358517244,0.7573027919159872,0.013156435974619482,0.19836512652538052,0.877836535851374,0.7573027919170027,0.21152156250067317,0.5238726930439906,0.01219200017830673
10.292,0.8778365358827361,0.7573027919398292,0.01315643596837439,0.19836512653162564,0.8778365358823857,0.7573027919408447,0.21152156250067314,0.5238726930439906,0.01219200017690861
10.296,0.8778365359135069,0.7573027919634859,0.013156435962177833,0.19836512653782223,0.8778365359131565,0.7573027919645015,0.21152156250067317,0.5238726930439908,0.012192000175521453
10.3,0.8778365359440385,0.7573027919869588,0.01315643595602941,0.1983651265439706,0.8778365359436882,0.7573027919879743,0.2115215625006731,0.5238726930439906,0.012192000174145172
10.304,0.877836535974333,0.7573027920102495,0.013156435949928767,0.19836512655007132,0.8778365359739826,0.7573027920112649,0.21152156250067317,0.5238726930439908,0.012192000172779683
10.308,0.877836536004392,0.757302792033359,0.013156435943875522,0.19836512655612448,0.8778365360040417,0.7573027920343746,0.2115215625006732,0.5238726930439906,0.0121920001714249
10.312,0.8778365360342175,0.7573027920562891,0.013156435937869316,0.1983651265621307,0.8778365360338671,0.7573027920573046,0.21152156250067314,0.5238726930439906,0.012192000170080741
10.316,0.8778365360638113,0.7573027920790409,0.013156435931909771,0.19836512656809024,0.8778365360634609,0.7573027920800565,0.21152156250067314,0.5238726930439906,0.01219200016874712
10.32,0.8778365360931751,0.757302792101616,0.013156435925996529,0.19836512657400346,0.8778365360928247,0.7573027921026315,0.2115215625006731,0.5238726930439906,0.012192000167423956
10.324,0.8778365361223108,0.7573027921240159,0.01315643592012923,0.19836512657987085,0.8778365361219604,0.7573027921250312,0.21152156250067308,0.5238726930439908,0.012192000166111168
10.328,0.87783653615122,0.7573027921462413,0.013156435914307547,0.19836512658569247,0.8778365361508697,0.7573027921472568,0.2115215625006731,0.5238726930439906,0.012192000164808677
10.332,0.8778365361799046,0.7573027921682942,0.013156435908531085,0.19836512659146893,0.8778365361795543,0.7573027921693097,0.2115215625006731,0.5238726930439906,0.012192000163516393
10.336,0.8778365362083664,0.7573027921901758,0.013156435902799498,0.19836512659720054,0.877836536208016,0.7573027921911913,0.2115215625006731,0.5238726930439908,0.012192000162234247
10.34,0.8778365362366071,0.7573027922118875,0.013156435897112444,0.1983651266028876,0.8778365362362567,0.7573027922129029,0.2115215625006731,0.5238726930439908,0.012192000160962151
10.344,0.8778365362646282,0.7573027922334303,0.01315643589146959,0.19836512660853042,0.8778365362642778,0.7573027922344457,0.2115215625006731,0.5238726930439906,0.012192000159700029
10.348,0.8778365362924316,0.7573027922548058,0.013156435885870583,0.19836512661412944,0.8778365362920812,0.7573027922558212,0.21152156250067314,0.5238726930439906,0.012192000158447803
10.352,0.8778365363200191,0.7573027922760152,0.013156435880315061,0.198365126619685,0.8778365363196687,0.7573027922770306,0.2115215625006731,0.5238726930439908,0.012192000157205401
10.356,0.8778365363473922,0.7573027922970598,0.01315643587480271,0.19836512662519734,0.8778365363470418,0.7573027922980752,0.2115215625006731,0.5238726930439908,0.012192000155972738
10.36,0.8778365363745526,0.7573027923179408,0.013156435869333198,0.1983651266306668,0.8778365363742022,0.7573027923189563,0.21152156250067305,0.5238726930439906,0.012192000154749737
10.364,0.8778365364015019,0.7573027923386596,0.013156435863906182,0.19836512663609382,0.8778365364011516,0.7573027923396751,0.2115215625006731,0.5238726930439906,0.012192000153536333
10.368,0.8778365364282419,0.7573027923592175,0.01315643585852134,0.19836512664147865,0.8778365364278915,0.757302792360233,0.21152156250067314,0.5238726930439906,0.01219200015233244
10.372,0.8778365364547741,0.7573027923796156,0.013156435853178319,0.19836512664682168,0.8778365364544237,0.7573027923806311,0.2115215625006731,0.5238726930439906,0.012192000151137984
10.376,0.8778365364811002,0.7573027923998553,0.013156435847876825,0.19836512665212322,0.8778365364807498,0.7573027924008707,0.2115215625006731,0.5238726930439908,0.012192000149952902
10.38,0.8778365365072216,0.7573027924199376,0.01315643584261654,0.1983651266573835,0.8778365365068712,0.7573027924209531,0.21152156250067314,0.5238726930439908,0.012192000148777103
10.384,0.8778365365331401,0.757302792439864,0.01315643583739712,0.19836512666260292,0.8778365365327897,0.7573027924408794,0.2115215625006731,0.5238726930439906,0.012192000147610526
10.388,0.8778365365588572,0.7573027924596354,0.013156435832218245,0.1983651266677818,0.8778365365585068,0.7573027924606509,0.21152156250067314,0.5238726930439908,0.012192000146453096
10.392,0.8778365365843745,0.7573027924792534,0.013156435827079599,0.19836512667292047,0.8778365365840242,0.7573027924802688,0.2115215625006731,0.5238726930439908,0.012192000145304745
10.396,0.8778365366096936,0.7573027924987188,0.013156435821980887,0.19836512667801912,0.8778365366093432,0.7573027924997342,0.2115215625006731,0.5238726930439906,0.012192000144165396
10.4,0.877836536634816,0.757302792518033,0.013156435816921793,0.19836512668307826,0.8778365366344656,0.7573027925190484,0.2115215625006731,0.5238726930439908,0.01219200014303498
10.404,0.8778365366597431,0.7573027925371971,0.013156435811901998,0.198365126688098,0.8778365366593928,0.7573027925382125,0.21152156250067305,0.5238726930439906,0.012192000141913429
10.408,0.8778365366844766,0.7573027925562125,0.01315643580692122,0.19836512669307882,0.8778365366841262,0.7573027925572278,0.21152156250067305,0.5238726930439906,0.01219200014080067
10.412,0.8778365367090178,0.7573027925750799,0.013156435801979142,0.1983651266980209,0.8778365367086675,0.7573027925760952,0.21152156250067305,0.5238726930439906,0.012192000139696638
10.416,0.8778365367333685,0.7573027925938008,0.013156435797075445,0.1983651267029246,0.8778365367330181,0.7573027925948161,0.21152156250067305,0.5238726930439908,0.012192000138601264
10.42,0.8778365367575298,0.7573027926123762,0.013156435792209877,0.19836512670779016,0.8778365367571794,0.7573027926133916,0.2115215625006731,0.5238726930439908,0.012192000137514477
10.424,0.8778365367815034,0.7573027926308072,0.013156435787382115,0.19836512671261794,0.877836536781153,0.7573027926318228,0.21152156250067314,0.5238726930439908,0.012192000136436213
10.428,0.8778365368052908,0.7573027926490952,0.013156435782591845,0.19836512671740816,0.8778365368049404,0.7573027926501107,0.21152156250067314,0.5238726930439906,0.012192000135366404
10.432,0.8778365368288934,0.7573027926672411,0.013156435777838798,0.19836512672216128,0.877836536828543,0.7573027926682565,0.2115215625006732,0.5238726930439908,0.01219200013430498
10.436,0.8778365368523126,0.7573027926852457,0.013156435773122692,0.1983651267268773,0.8778365368519622,0.7573027926862613,0.2115215625006732,0.5238726930439906,0.012192000133251883
10.44,0.8778365368755497,0.7573027927031106,0.013156435768443223,0.19836512673155682,0.8778365368751994,0.7573027927041263,0.2115215625006732,0.5238726930439908,0.01219200013220704
10.444,0.8778365368986064,0.7573027927208368,0.013156435763800113,0.1983651267361999,0.877836536898256,0.7573027927218523,0.2115215625006732,0.5238726930439906,0.012192000131170392
10.448,0.8778365369214839,0.7573027927384252,0.013156435759193078,0.19836512674080697,0.8778365369211335,0.7573027927394407,0.21152156250067314,0.5238726930439908,0.012192000130141871
10.452,0.8778365369441836,0.7573027927558769,0.01315643575462185,0.19836512674537818,0.8778365369438332,0.7573027927568924,0.2115215625006732,0.5238726930439906,0.012192000129121418
10.456,0.8778365369667069,0.7573027927731929,0.013156435750086142,0.19836512674991388,0.8778365369663566,0.7573027927742085,0.21152156250067322,0.5238726930439906,0.012192000128108964
10.46,0.8778365369890553,0.7573027927903745,0.013156435745585669,0.19836512675441437,0.8778365369887049,0.7573027927913901,0.21152156250067322,0.5238726930439906,0.012192000127104448
10.464,0.87783653701123,0.7573027928074226,0.013156435741120165,0.19836512675887988,0.8778365370108796,0.7573027928084382,0.2115215625006732,0.5238726930439906,0.01219200012610781
10.468,0.8778365370332324,0.7573027928243381,0.013156435736689348,0.19836512676331067,0.877836537032882,0.7573027928253537,0.2115215625006732,0.5238726930439906,0.012192000125118986
10.472,0.8778365370550638,0.7573027928411222,0.013156435732292979,0.19836512676770704,0.8778365370547134,0.7573027928421379,0.21152156250067322,0.5238726930439906,0.012192000124137915
10.476,0.8778365370767256,0.757302792857776,0.013156435727930764,0.1983651267720693,0.8778365370763752,0.7573027928587917,0.21152156250067322,0.5238726930439908,0.012192000123164537
10.48,0.8778365370982191,0.7573027928743002,0.013156435723602446,0.1983651267763976,0.8778365370978687,0.757302792875316,0.21152156250067328,0.5238726930439908,0.012192000122198792
10.484,0.8778365371195456,0.7573027928906962,0.013156435719307748,0.19836512678069232,0.8778365371191952,0.757302792891712,0.21152156250067328,0.5238726930439908,0.012192000121240621
10.488,0.8778365371407064,0.7573027929069649,0.013156435715046415,0.19836512678495366,0.877836537140356,0.7573027929079805,0.21152156250067325,0.5238726930439908,0.012192000120289958
10.492,0.8778365371617028,0.757302792923107,0.013156435710818178,0.1983651267891818,0.8778365371613525,0.7573027929241227,0.21152156250067322,0.5238726930439906,0.012192000119346758
10.496,0.8778365371825361,0.7573027929391237,0.013156435706622822,0.19836512679337717,0.8778365371821857,0.7573027929401395,0.21152156250067328,0.5238726930439906,0.012192000118410947
10.5,0.8778365372032074,0.757302792955016,0.013156435702460065,0.19836512679753998,0.877836537202857,0.7573027929560318,0.2115215625006733,0.5238726930439908,0.012192000117482475
10.504,0.8778365372237182,0.7573027929707848,0.01315643569832963,0.19836512680167037,0.8778365372233679,0.7573027929718006,0.21152156250067328,0.5238726930439906,0.012192000116561285
10.508000000000001,0.8778365372440696,0.7573027929864312,0.013156435694231297,0.1983651268057688,0.8778365372437192,0.7573027929874468,0.21152156250067328,0.5238726930439908,0.012192000115647313
10.512,0.8778365372642629,0.7573027930019559,0.013156435690164812,0.19836512680983523,0.8778365372639125,0.7573027930029715,0.21152156250067325,0.5238726930439906,0.012192000114740508
10.516,0.8778365372842993,0.75730279301736,0.01315643568612991,0.1983651268138701,0.877836537283949,0.7573027930183757,0.21152156250067328,0.5238726930439906,0.01219200011384082
10.52,0.87783653730418,0.7573027930326444,0.013156435682126372,0.1983651268178737,0.8778365373038296,0.7573027930336601,0.21152156250067328,0.5238726930439908,0.012192000112948184
10.524000000000001,0.8778365373239062,0.75730279304781,0.013156435678153944,0.19836512682184607,0.8778365373235558,0.7573027930488258,0.21152156250067328,0.5238726930439906,0.01219200011206255
10.528,0.8778365373434791,0.7573027930628579,0.013156435674212385,0.1983651268257877,0.8778365373431287,0.7573027930638736,0.2115215625006733,0.5238726930439908,0.012192000111183854
10.532,0.8778365373629,0.7573027930777887,0.013156435670301427,0.19836512682969862,0.8778365373625496,0.7573027930788044,0.21152156250067328,0.5238726930439908,0.01219200011031205
10.536,0.8778365373821699,0.7573027930926036,0.01315643566642089,0.19836512683357918,0.8778365373818195,0.7573027930936194,0.2115215625006733,0.5238726930439908,0.012192000109447081
10.540000000000001,0.8778365374012902,0.7573027931073033,0.013156435662570484,0.19836512683742952,0.8778365374009398,0.7573027931083192,0.21152156250067336,0.5238726930439906,0.012192000108588896
10.544,0.8778365374202619,0.7573027931218889,0.013156435658749991,0.19836512684125002,0.8778365374199115,0.7573027931229047,0.2115215625006733,0.5238726930439906,0.012192000107737442
10.548,0.8778365374390862,0.7573027931363611,0.013156435654959182,0.19836512684504085,0.8778365374387358,0.7573027931373769,0.2115215625006733,0.5238726930439908,0.012192000106892661
10.552,0.8778365374577642,0.7573027931507209,0.013156435651197828,0.19836512684880217,0.8778365374574139,0.7573027931517367,0.21152156250067328,0.5238726930439906,0.012192000106054505
10.556000000000001,0.8778365374762971,0.7573027931649691,0.01315643564746571,0.19836512685253432,0.8778365374759467,0.7573027931659848,0.21152156250067328,0.5238726930439908,0.012192000105222922
10.56,0.8778365374946859,0.7573027931791066,0.013156435643762603,0.19836512685623747,0.8778365374943355,0.7573027931801223,0.21152156250067328,0.5238726930439908,0.01219200010439786
10.564,0.8778365375129319,0.7573027931931342,0.013156435640088263,0.1983651268599118,0.8778365375125815,0.75730279319415,0.2115215625006733,0.5238726930439908,0.012192000103579266
10.568,0.8778365375310361,0.7573027932070528,0.013156435636442474,0.1983651268635576,0.8778365375306857,0.7573027932080686,0.2115215625006733,0.5238726930439908,0.01219200010276709
10.572000000000001,0.8778365375489996,0.7573027932208634,0.013156435632825005,0.19836512686717508,0.8778365375486492,0.7573027932218791,0.21152156250067333,0.5238726930439908,0.012192000101961283
10.576,0.8778365375668236,0.7573027932345665,0.013156435629235642,0.19836512687076444,0.8778365375664732,0.7573027932355823,0.2115215625006733,0.5238726930439908,0.012192000101161797
10.58,0.8778365375845091,0.7573027932481632,0.013156435625674168,0.1983651268743259,0.8778365375841587,0.7573027932491789,0.21152156250067328,0.5238726930439908,0.01219200010036858
10.584,0.8778365376020572,0.7573027932616542,0.013156435622140365,0.19836512687785962,0.8778365376017068,0.75730279326267,0.21152156250067328,0.5238726930439906,0.012192000099581582
10.588000000000001,0.8778365376194689,0.7573027932750406,0.013156435618634017,0.19836512688136607,0.8778365376191185,0.7573027932760563,0.2115215625006733,0.5238726930439908,0.012192000098800752
10.592,0.8778365376367453,0.7573027932883227,0.013156435615154921,0.19836512688484514,0.8778365376363949,0.7573027932893386,0.2115215625006733,0.5238726930439908,0.012192000098026045
10.596,0.8778365376538875,0.7573027933015017,0.01315643561170286,0.19836512688829716,0.8778365376535371,0.7573027933025176,0.21152156250067336,0.5238726930439906,0.012192000097257415
10.6,0.8778365376708965,0.7573027933145784,0.013156435608277605,0.19836512689172242,0.8778365376705461,0.7573027933155942,0.2115215625006733,0.5238726930439906,0.012192000096494812
10.604000000000001,0.8778365376877734,0.7573027933275535,0.013156435604878978,0.1983651268951211,0.877836537687423,0.7573027933285693,0.21152156250067336,0.5238726930439908,0.012192000095738186
10.608,0.8778365377045191,0.7573027933404276,0.01315643560150675,0.1983651268984933,0.8778365377041687,0.7573027933414436,0.21152156250067336,0.5238726930439908,0.012192000094987497
10.612,0.8778365377211347,0.7573027933532017,0.013156435598160729,0.19836512690183927,0.8778365377207843,0.7573027933542178,0.2115215625006734,0.5238726930439906,0.01219200009424269
10.616,0.8778365377376212,0.7573027933658768,0.01315643559484071,0.19836512690515934,0.8778365377372708,0.7573027933668928,0.21152156250067344,0.5238726930439906,0.01219200009350372
10.620000000000001,0.8778365377539795,0.7573027933784531,0.013156435591546493,0.1983651269084535,0.8778365377536291,0.7573027933794693,0.21152156250067347,0.5238726930439906,0.012192000092770546
10.624,0.8778365377702109,0.7573027933909319,0.013156435588277846,0.1983651269117222,0.8778365377698605,0.757302793391948,0.21152156250067344,0.5238726930439908,0.012192000092043123
10.628,0.8778365377863161,0.7573027934033137,0.013156435585034605,0.19836512691496547,0.8778365377859657,0.7573027934043297,0.2115215625006734,0.5238726930439908,0.012192000091321403
10.632,0.8778365378022962,0.7573027934155993,0.013156435581816553,0.19836512691818345,0.8778365378019458,0.7573027934166153,0.2115215625006734,0.5238726930439906,0.012192000090605344
10.636000000000001,0.8778365378181521,0.7573027934277894,0.013156435578623522,0.19836512692137648,0.8778365378178017,0.7573027934288055,0.21152156250067342,0.5238726930439906,0.0121920000898949
10.64,0.8778365378338847,0.7573027934398847,0.013156435575455311,0.1983651269245447,0.8778365378335343,0.7573027934409009,0.21152156250067347,0.5238726930439906,0.012192000089190023
10.644,0.8778365378494951,0.7573027934518861,0.013156435572311716,0.1983651269276883,0.8778365378491447,0.7573027934529023,0.21152156250067347,0.5238726930439906,0.012192000088490675
10.648,0.8778365378649843,0.7573027934637943,0.013156435569192534,0.19836512693080746,0.8778365378646339,0.7573027934648104,0.21152156250067347,0.5238726930439906,0.01219200008779681
10.652000000000001,0.8778365378803531,0.7573027934756099,0.013156435566097585,0.19836512693390243,0.8778365378800027,0.7573027934766261,0.2115215625006735,0.5238726930439906,0.012192000087108384
10.656,0.8778365378956025,0.7573027934873338,0.01315643556302669,0.19836512693697336,0.8778365378952521,0.75730279348835,0.21152156250067353,0.5238726930439908,0.012192000086425363
10.66,0.8778365379107333,0.7573027934989665,0.013156435559979661,0.1983651269400204,0.877836537910383,0.7573027934999826,0.21152156250067353,0.5238726930439908,0.012192000085747692
10.664,0.8778365379257467,0.7573027935105088,0.013156435556956305,0.1983651269430437,0.8778365379253963,0.757302793511525,0.2115215625006735,0.5238726930439906,0.012192000085075335
10.668000000000001,0.8778365379406433,0.7573027935219615,0.013156435553956444,0.19836512694604358,0.8778365379402929,0.7573027935229776,0.21152156250067347,0.5238726930439906,0.012192000084408251
10.672,0.8778365379554243,0.7573027935333252,0.013156435550979874,0.1983651269490202,0.8778365379550739,0.7573027935343413,0.21152156250067344,0.5238726930439908,0.012192000083746395
10.676,0.8778365379700903,0.7573027935446005,0.013156435548026455,0.19836512695197356,0.8778365379697399,0.7573027935456167,0.21152156250067347,0.5238726930439906,0.012192000083089731
10.68,0.8778365379846425,0.7573027935557883,0.013156435545095971,0.19836512695490405,0.8778365379842921,0.7573027935568045,0.21152156250067355,0.5238726930439906,0.012192000082438217
10.684000000000001,0.8778365379990816,0.7573027935668891,0.013156435542188243,0.1983651269578118,0.8778365379987312,0.7573027935679054,0.21152156250067355,0.5238726930439908,0.012192000081791811
10.688,0.8778365380134084,0.7573027935779038,0.013156435539303119,0.19836512696069689,0.877836538013058,0.75730279357892,0.21152156250067355,0.5238726930439906,0.012192000081150475
10.692,0.877836538027624,0.7573027935888328,0.01315643553644042,0.19836512696355965,0.8778365380272736,0.7573027935898491,0.21152156250067355,0.5238726930439908,0.012192000080514166
10.696,0.8778365380417291,0.7573027935996769,0.013156435533599943,0.19836512696640007,0.8778365380413786,0.7573027936006932,0.2115215625006736,0.5238726930439906,0.012192000079882848
10.700000000000001,0.8778365380557246,0.7573027936104367,0.01315643553078156,0.1983651269692185,0.8778365380553741,0.757302793611453,0.21152156250067367,0.5238726930439908,0.012192000079256478
10.704,0.8778365380696114,0.757302793621113,0.013156435527985066,0.198365126972015,0.8778365380692609,0.7573027936221293,0.21152156250067364,0.5238726930439908,0.012192000078635022
10.708,0.8778365380833902,0.7573027936317063,0.0131564355252103,0.19836512697478978,0.8778365380830397,0.7573027936327226,0.21152156250067364,0.5238726930439908,0.012192000078018437
10.712,0.8778365380970621,0.7573027936422172,0.01315643552245709,0.19836512697754297,0.8778365380967116,0.7573027936432335,0.21152156250067358,0.5238726930439908,0.012192000077406685
10.716000000000001,0.8778365381106277,0.7573027936526465,0.013156435519725276,0.19836512698027475,0.8778365381102772,0.7573027936536628,0.2115215625006736,0.5238726930439906,0.01219200007679973
10.72,0.8778365381240878,0.7573027936629948,0.01315643551701469,0.19836512698298536,0.8778365381237373,0.7573027936640111,0.21152156250067364,0.5238726930439908,0.012192000076197538
10.724,0.8778365381374433,0.7573027936732626,0.01315643551432518,0.19836512698567482,0.8778365381370928,0.757302793674279,0.21152156250067367,0.5238726930439906,0.01219200007560006
10.728,0.8778365381506952,0.7573027936834507,0.013156435511656541,0.1983651269883435,0.8778365381503447,0.7573027936844671,0.2115215625006737,0.5238726930439908,0.012192000075007276
10.732000000000001,0.877836538163844,0.7573027936935596,0.01315643550900866,0.1983651269909914,0.8778365381634935,0.757302793694576,0.21152156250067364,0.5238726930439908,0.012192000074419137
10.736,0.8778365381768907,0.7573027937035899,0.013156435506381344,0.19836512699361866,0.8778365381765402,0.7573027937046064,0.2115215625006737,0.5238726930439906,0.012192000073835611
10.74,0.877836538189836,0.7573027937135424,0.01315643550377443,0.1983651269962256,0.8778365381894855,0.7573027937145589,0.21152156250067372,0.5238726930439908,0.012192000073256659
10.744,0.8778365382026807,0.7573027937234176,0.013156435501187787,0.19836512699881229,0.8778365382023302,0.757302793724434,0.2115215625006737,0.5238726930439908,0.012192000072682244
10.748000000000001,0.8778365382154256,0.7573027937332159,0.013156435498621239,0.1983651270013788,0.8778365382150751,0.7573027937342324,0.2115215625006737,0.5238726930439906,0.012192000072112335
10.752,0.8778365382280715,0.7573027937429381,0.013156435496074622,0.19836512700392542,0.877836538227721,0.7573027937439546,0.2115215625006737,0.5238726930439908,0.012192000071546897
10.756,0.8778365382406191,0.7573027937525848,0.013156435493547806,0.19836512700645226,0.8778365382402686,0.7573027937536013,0.21152156250067372,0.5238726930439908,0.01219200007098589
10.76,0.8778365382530693,0.7573027937621566,0.013156435491040614,0.19836512700895942,0.8778365382527188,0.7573027937631731,0.21152156250067378,0.5238726930439906,0.012192000070429278
10.764,0.8778365382654227,0.757302793771654,0.013156435488552894,0.19836512701144715,0.8778365382650722,0.7573027937726705,0.21152156250067372,0.5238726930439908,0.012192000069877038
10.768,0.8778365382776802,0.7573027937810776,0.013156435486084516,0.19836512701391554,0.8778365382773297,0.7573027937820941,0.21152156250067372,0.5238726930439908,0.012192000069329129
10.772,0.8778365382898423,0.7573027937904279,0.013156435483635317,0.19836512701636472,0.8778365382894918,0.7573027937914445,0.21152156250067372,0.5238726930439908,0.01219200006878551
10.776,0.87783653830191,0.7573027937997056,0.013156435481205155,0.19836512701879486,0.8778365383015595,0.7573027938007222,0.21152156250067372,0.5238726930439906,0.012192000068246158
10.78,0.877836538313884,0.7573027938089113,0.013156435478793855,0.19836512702120618,0.8778365383135335,0.7573027938099278,0.21152156250067378,0.5238726930439906,0.012192000067711033
10.784,0.8778365383257649,0.7573027938180454,0.013156435476401284,0.19836512702359876,0.8778365383254144,0.757302793819062,0.21152156250067372,0.5238726930439908,0.012192000067180105
10.788,0.8778365383375535,0.7573027938271085,0.01315643547402732,0.19836512702597273,0.877836538337203,0.757302793828125,0.21152156250067372,0.5238726930439908,0.012192000066653339
10.792,0.8778365383492505,0.7573027938361013,0.013156435471671809,0.19836512702832826,0.8778365383489,0.7573027938371177,0.2115215625006737,0.5238726930439908,0.012192000066130703
10.796,0.8778365383608565,0.7573027938450242,0.013156435469334595,0.19836512703066547,0.877836538360506,0.7573027938460406,0.21152156250067375,0.5238726930439908,0.012192000065612166
10.8,0.8778365383723724,0.7573027938538776,0.013156435467015556,0.1983651270329845,0.8778365383720219,0.7573027938548941,0.21152156250067372,0.5238726930439908,0.012192000065097694
10.804,0.8778365383837988,0.7573027938626622,0.013156435464714521,0.19836512703528547,0.8778365383834483,0.7573027938636788,0.21152156250067372,0.5238726930439906,0.012192000064587259
10.808,0.8778365383951365,0.7573027938713787,0.013156435462431353,0.19836512703756867,0.8778365383947859,0.7573027938723953,0.21152156250067378,0.5238726930439908,0.012192000064080824
10.812,0.8778365384063861,0.7573027938800275,0.013156435460165924,0.19836512703983408,0.8778365384060355,0.757302793881044,0.21152156250067378,0.5238726930439906,0.01219200006357836
10.816,0.8778365384175483,0.7573027938886091,0.013156435457918107,0.19836512704208195,0.8778365384171977,0.7573027938896256,0.2115215625006738,0.5238726930439908,0.012192000063079836
10.82,0.8778365384286237,0.757302793897124,0.013156435455687749,0.19836512704431228,0.8778365384282731,0.7573027938981405,0.21152156250067378,0.5238726930439906,0.012192000062585223
10.824,0.8778365384396131,0.7573027939055726,0.013156435453474735,0.1983651270465253,0.8778365384392625,0.7573027939065892,0.21152156250067378,0.5238726930439908,0.012192000062094484
10.828,0.877836538450517,0.7573027939139556,0.013156435451278913,0.19836512704872108,0.8778365384501664,0.7573027939149722,0.2115215625006738,0.5238726930439906,0.012192000061607595
10.832,0.8778365384613362,0.7573027939222735,0.013156435449100154,0.19836512705089984,0.8778365384609856,0.7573027939232901,0.2115215625006738,0.5238726930439906,0.012192000061124525
10.836,0.8778365384720714,0.7573027939305268,0.01315643544693832,0.1983651270530617,0.8778365384717208,0.7573027939315434,0.21152156250067383,0.5238726930439906,0.012192000060645239
10.84,0.8778365384827232,0.7573027939387159,0.013156435444793283,0.19836512705520676,0.8778365384823726,0.7573027939397325,0.2115215625006738,0.5238726930439908,0.012192000060169718
10.844,0.8778365384932922,0.7573027939468415,0.013156435442664914,0.1983651270573351,0.8778365384929416,0.757302793947858,0.2115215625006738,0.5238726930439906,0.01219200005969792
10.848,0.8778365385037792,0.757302793954904,0.013156435440553076,0.19836512705944695,0.8778365385034286,0.7573027939559205,0.21152156250067378,0.5238726930439906,0.012192000059229819
10.852,0.8778365385141846,0.7573027939629037,0.013156435438457638,0.19836512706154236,0.877836538513834,0.7573027939639202,0.21152156250067372,0.5238726930439906,0.012192000058765395
10.856,0.8778365385245092,0.7573027939708412,0.013156435436378502,0.19836512706362153,0.8778365385241585,0.7573027939718577,0.21152156250067372,0.5238726930439908,0.012192000058304609
10.86,0.8778365385347535,0.7573027939787171,0.013156435434315512,0.1983651270656845,0.8778365385344029,0.7573027939797337,0.21152156250067375,0.5238726930439906,0.01219200005784744
10.864,0.8778365385449183,0.757302793986532,0.013156435432268541,0.19836512706773152,0.8778365385445677,0.7573027939875484,0.21152156250067378,0.5238726930439908,0.012192000057393852
10.868,0.8778365385550041,0.757302793994286,0.013156435430237479,0.1983651270697626,0.8778365385546534,0.7573027939953024,0.21152156250067378,0.5238726930439908,0.012192000056943821
10.872,0.8778365385650115,0.7573027940019799,0.013156435428222204,0.1983651270717779,0.8778365385646608,0.7573027940029962,0.21152156250067378,0.5238726930439908,0.01219200005649732
10.876,0.8778365385749411,0.7573027940096138,0.013156435426222593,0.1983651270737775,0.8778365385745904,0.7573027940106302,0.21152156250067378,0.5238726930439908,0.012192000056054319
10.88,0.8778365385847936,0.7573027940171883,0.013156435424238519,0.19836512707576145,0.8778365385844429,0.7573027940182048,0.21152156250067378,0.5238726930439906,0.012192000055614792
10.884,0.8778365385945696,0.7573027940247041,0.013156435422269854,0.19836512707773019,0.8778365385942188,0.7573027940257205,0.21152156250067372,0.5238726930439908,0.01219200005517871
10.888,0.8778365386042696,0.7573027940321616,0.013156435420316482,0.19836512707968354,0.8778365386039189,0.7573027940331779,0.2115215625006737,0.5238726930439906,0.012192000054746044
10.892,0.8778365386138942,0.7573027940395611,0.01315643541837829,0.19836512708162177,0.8778365386135435,0.7573027940405773,0.21152156250067364,0.5238726930439908,0.012192000054316775
10.896,0.877836538623444,0.757302794046903,0.013156435416455161,0.1983651270835449,0.8778365386230933,0.7573027940479193,0.2115215625006737,0.5238726930439908,0.012192000053890872
10.9,0.8778365386329197,0.757302794054188,0.013156435414546972,0.1983651270854531,0.8778365386325689,0.7573027940552043,0.21152156250067372,0.5238726930439908,0.012192000053468311
10.904,0.8778365386423217,0.7573027940614164,0.013156435412653605,0.19836512708734647,0.877836538641971,0.7573027940624326,0.2115215625006737,0.5238726930439908,0.012192000053049058
10.908,0.8778365386516507,0.7573027940685885,0.013156435410774958,0.19836512708922505,0.8778365386513,0.7573027940696048,0.2115215625006737,0.5238726930439906,0.012192000052633096
10.912,0.8778365386609072,0.7573027940757049,0.013156435408910894,0.19836512709108914,0.8778365386605564,0.7573027940767212,0.2115215625006737,0.5238726930439908,0.012192000052220394
10.916,0.8778365386700917,0.7573027940827661,0.013156435407061334,0.19836512709293874,0.877836538669741,0.7573027940837823,0.21152156250067364,0.5238726930439908,0.012192000051810927
10.92,0.8778365386792049,0.7573027940897724,0.013156435405226137,0.19836512709477394,0.8778365386788541,0.7573027940907886,0.2115215625006737,0.5238726930439908,0.012192000051404677
10.924,0.8778365386882472,0.7573027940967241,0.013156435403405217,0.1983651270965948,0.8778365386878965,0.7573027940977405,0.21152156250067372,0.5238726930439906,0.012192000051001607
10.928,0.8778365386972193,0.757302794103622,0.013156435401598417,0.19836512709840165,0.8778365386968686,0.7573027941046383,0.21152156250067378,0.5238726930439908,0.012192000050601698
10.932,0.8778365387061218,0.7573027941104662,0.013156435399805653,0.19836512710019436,0.877836538705771,0.7573027941114825,0.21152156250067367,0.5238726930439906,0.012192000050204922
10.936,0.877836538714955,0.7573027941172573,0.013156435398026831,0.19836512710197324,0.8778365387146043,0.7573027941182735,0.21152156250067364,0.5238726930439908,0.012192000049811264
10.94,0.8778365387237196,0.7573027941239955,0.01315643539626184,0.19836512710373816,0.8778365387233689,0.7573027941250118,0.2115215625006737,0.5238726930439906,0.012192000049420688
10.944,0.8778365387324161,0.7573027941306815,0.01315643539451055,0.1983651271054895,0.8778365387320654,0.7573027941316977,0.21152156250067364,0.5238726930439908,0.012192000049033177
10.948,0.877836538741045,0.7573027941373154,0.013156435392772888,0.19836512710722717,0.8778365387406942,0.7573027941383316,0.21152156250067367,0.5238726930439908,0.0121920000486487
10.952,0.8778365387496069,0.7573027941438979,0.013156435391048698,0.19836512710895132,0.8778365387492562,0.757302794144914,0.2115215625006736,0.5238726930439906,0.012192000048267244
10.956,0.8778365387581022,0.7573027941504291,0.01315643538933793,0.19836512711066215,0.8778365387577515,0.7573027941514453,0.21152156250067364,0.5238726930439908,0.012192000047888774
10.96,0.8778365387665316,0.7573027941569096,0.013156435387640431,0.19836512711235957,0.8778365387661808,0.7573027941579258,0.2115215625006736,0.5238726930439906,0.012192000047513273
10.964,0.8778365387748954,0.7573027941633399,0.013156435385956124,0.19836512711404394,0.8778365387745447,0.757302794164356,0.2115215625006736,0.5238726930439908,0.012192000047140716
10.968,0.8778365387831942,0.75730279416972,0.013156435384284935,0.19836512711571508,0.8778365387828435,0.7573027941707362,0.21152156250067364,0.5238726930439906,0.012192000046771083
10.972,0.8778365387914286,0.7573027941760506,0.013156435382626697,0.1983651271173733,0.8778365387910779,0.7573027941770668,0.2115215625006736,0.5238726930439906,0.012192000046404345
10.976,0.877836538799599,0.7573027941823322,0.01315643538098137,0.19836512711901869,0.8778365387992483,0.7573027941833482,0.2115215625006736,0.5238726930439908,0.012192000046040487
10.98,0.877836538807706,0.7573027941885647,0.013156435379348805,0.19836512712065119,0.8778365388073552,0.7573027941895809,0.2115215625006736,0.5238726930439906,0.012192000045679482
10.984,0.8778365388157499,0.757302794194749,0.013156435377728934,0.19836512712227108,0.8778365388153991,0.7573027941957652,0.21152156250067364,0.5238726930439906,0.012192000045321305
10.988,0.8778365388237312,0.7573027942008852,0.01315643537612166,0.1983651271238784,0.8778365388233805,0.7573027942019014,0.2115215625006737,0.5238726930439908,0.012192000044965939
10.992,0.8778365388316507,0.7573027942069737,0.01315643537452685,0.19836512712547322,0.8778365388313,0.7573027942079898,0.21152156250067364,0.5238726930439908,0.012192000044613354
10.996,0.8778365388395085,0.7573027942130148,0.013156435372944458,0.19836512712705562,0.8778365388391578,0.757302794214031,0.21152156250067364,0.5238726930439908,0.012192000044263537
11.0,0.8778365388473054,0.757302794219009,0.013156435371374328,0.1983651271286257,0.8778365388469547,0.7573027942200252,0.2115215625006736,0.5238726930439908,0.01219200004391646
11.004,0.8778365388550416,0.7573027942249568,0.013156435369816413,0.19836512713018364,0.8778365388546909,0.7573027942259729,0.21152156250067364,0.5238726930439908,0.012192000043572106
11.008000000000001,0.8778365388627177,0.7573027942308582,0.013156435368270618,0.19836512713172944,0.877836538862367,0.7573027942318744,0.21152156250067364,0.5238726930439908,0.012192000043230455
11.012,0.8778365388703342,0.7573027942367138,0.013156435366736833,0.19836512713326318,0.8778365388699835,0.7573027942377301,0.21152156250067372,0.5238726930439906,0.012192000042891483
11.016,0.8778365388778915,0.7573027942425239,0.013156435365214955,0.1983651271347851,0.8778365388775408,0.7573027942435402,0.21152156250067375,0.5238726930439908,0.012192000042555166
11.02,0.87783653888539,0.7573027942482887,0.013156435363704908,0.1983651271362951,0.8778365388850393,0.7573027942493051,0.21152156250067375,0.5238726930439906,0.012192000042221486
11.024000000000001,0.8778365388928303,0.7573027942540089,0.013156435362206599,0.19836512713779345,0.8778365388924796,0.7573027942550253,0.21152156250067372,0.5238726930439908,0.012192000041890427
11.028,0.8778365389002128,0.7573027942596847,0.013156435360719919,0.19836512713928015,0.8778365388998621,0.757302794260701,0.21152156250067372,0.5238726930439908,0.012192000041561958
11.032,0.877836538907538,0.7573027942653163,0.01315643535924479,0.19836512714075524,0.8778365389071873,0.7573027942663326,0.2115215625006737,0.5238726930439906,0.01219200004123607
11.036,0.8778365389148062,0.7573027942709042,0.013156435357781132,0.19836512714221893,0.8778365389144555,0.7573027942719205,0.21152156250067372,0.5238726930439908,0.01219200004091273
11.040000000000001,0.877836538922018,0.7573027942764486,0.013156435356328836,0.19836512714367122,0.8778365389216672,0.7573027942774649,0.21152156250067372,0.5238726930439908,0.012192000040591927
11.044,0.8778365389291737,0.75730279428195,0.013156435354887832,0.19836512714511223,0.877836538928823,0.7573027942829663,0.2115215625006737,0.5238726930439908,0.012192000040273644
11.048,0.8778365389362738,0.7573027942874085,0.013156435353458024,0.19836512714654203,0.8778365389359231,0.757302794288425,0.21152156250067375,0.5238726930439908,0.012192000039957851
11.052,0.8778365389433187,0.7573027942928248,0.013156435352039333,0.1983651271479607,0.877836538942968,0.7573027942938412,0.21152156250067378,0.5238726930439906,0.012192000039644537
11.056000000000001,0.8778365389503089,0.7573027942981988,0.013156435350631657,0.19836512714936835,0.8778365389499582,0.7573027942992153,0.2115215625006738,0.5238726930439906,0.01219200003933368
11.06,0.8778365389572448,0.7573027943035311,0.01315643534923492,0.19836512715076507,0.8778365389568941,0.7573027943045477,0.21152156250067386,0.5238726930439906,0.012192000039025262
11.064,0.8778365389641268,0.7573027943088221,0.01315643534784902,0.19836512715215102,0.8778365389637761,0.7573027943098387,0.21152156250067383,0.5238726930439908,0.012192000038719264
11.068,0.8778365389709554,0.757302794314072,0.013156435346473904,0.19836512715352614,0.8778365389706047,0.7573027943150885,0.21152156250067386,0.5238726930439908,0.012192000038415661
11.072000000000001,0.8778365389777308,0.757302794319281,0.013156435345109475,0.1983651271548906,0.8778365389773801,0.7573027943202976,0.21152156250067386,0.5238726930439908,0.01219200003811444
11.076,0.8778365389844537,0.7573027943244496,0.01315643534375564,0.1983651271562444,0.877836538984103,0.7573027943254661,0.2115215625006738,0.5238726930439908,0.012192000037815584
11.08,0.8778365389911242,0.7573027943295779,0.013156435342412323,0.19836512715758772,0.8778365389907735,0.7573027943305946,0.21152156250067386,0.5238726930439908,0.012192000037519066
11.084,0.877836538997743,0.7573027943346665,0.01315643534107945,0.19836512715892057,0.8778365389973923,0.7573027943356831,0.21152156250067383,0.5238726930439906,0.012192000037224872
11.088000000000001,0.8778365390043104,0.7573027943397155,0.013156435339756928,0.19836512716024307,0.8778365390039596,0.7573027943407322,0.21152156250067392,0.5238726930439906,0.012192000036932991
11.092,0.8778365390108267,0.7573027943447254,0.013156435338444685,0.19836512716155538,0.877836539010476,0.757302794345742,0.2115215625006739,0.5238726930439908,0.012192000036643396
11.096,0.8778365390172924,0.7573027943496962,0.013156435337142627,0.19836512716285742,0.8778365390169417,0.7573027943507129,0.21152156250067394,0.5238726930439908,0.012192000036356072
11.1,0.8778365390237078,0.7573027943546284,0.013156435335850694,0.1983651271641493,0.8778365390233571,0.7573027943556452,0.21152156250067394,0.5238726930439906,0.012192000036071
11.104000000000001,0.8778365390300734,0.7573027943595223,0.01315643533456881,0.1983651271654312,0.8778365390297227,0.757302794360539,0.21152156250067392,0.5238726930439906,0.012192000035788166
11.108,0.8778365390363896,0.7573027943643783,0.013156435333296869,0.1983651271667032,0.8778365390360389,0.7573027943653949,0.21152156250067394,0.5238726930439908,0.012192000035507543
11.112,0.8778365390426567,0.7573027943691965,0.013156435332034812,0.19836512716796526,0.877836539042306,0.7573027943702131,0.21152156250067394,0.5238726930439908,0.012192000035229127
11.116,0.877836539048875,0.7573027943739771,0.013156435330782573,0.19836512716921742,0.8778365390485243,0.7573027943749938,0.21152156250067394,0.5238726930439906,0.012192000034952891
11.120000000000001,0.8778365390550451,0.7573027943787206,0.013156435329540049,0.19836512717045993,0.8778365390546944,0.7573027943797374,0.21152156250067386,0.5238726930439906,0.012192000034678825
11.124,0.8778365390611672,0.7573027943834275,0.01315643532830719,0.19836512717169288,0.8778365390608165,0.757302794384444,0.21152156250067383,0.5238726930439908,0.012192000034406906
11.128,0.8778365390672418,0.7573027943880977,0.013156435327083896,0.19836512717291616,0.8778365390668911,0.7573027943891142,0.2115215625006739,0.5238726930439908,0.01219200003413712
11.132,0.8778365390732692,0.7573027943927315,0.013156435325870115,0.19836512717412993,0.8778365390729185,0.757302794393748,0.21152156250067383,0.5238726930439908,0.012192000033869445
11.136000000000001,0.8778365390792497,0.7573027943973294,0.013156435324665755,0.1983651271753343,0.877836539078899,0.7573027943983459,0.2115215625006738,0.5238726930439908,0.012192000033603871
11.14,0.8778365390851838,0.7573027944018915,0.01315643532347077,0.19836512717652927,0.8778365390848331,0.757302794402908,0.2115215625006738,0.5238726930439908,0.012192000033340379
11.144,0.8778365390910717,0.7573027944064182,0.013156435322285068,0.19836512717771498,0.877836539090721,0.7573027944074348,0.2115215625006738,0.5238726930439908,0.012192000033078956
11.148,0.877836539096914,0.7573027944109098,0.013156435321108573,0.1983651271788915,0.8778365390965632,0.7573027944119263,0.21152156250067383,0.5238726930439908,0.01219200003281958
11.152000000000001,0.8778365391027108,0.7573027944153664,0.01315643531994122,0.19836512718005883,0.87783653910236,0.7573027944163829,0.21152156250067386,0.5238726930439908,0.01219200003256224
11.156,0.8778365391084625,0.7573027944197883,0.013156435318782949,0.19836512718121707,0.8778365391081118,0.757302794420805,0.21152156250067386,0.5238726930439906,0.012192000032306914
11.16,0.8778365391141696,0.757302794424176,0.013156435317633667,0.1983651271823664,0.8778365391138189,0.7573027944251925,0.21152156250067386,0.5238726930439908,0.012192000032053594
11.164,0.8778365391198323,0.7573027944285295,0.013156435316493312,0.19836512718350674,0.8778365391194816,0.7573027944295461,0.21152156250067383,0.5238726930439908,0.012192000031802258
11.168000000000001,0.877836539125451,0.7573027944328492,0.013156435315361831,0.19836512718463817,0.8778365391251003,0.7573027944338657,0.2115215625006738,0.5238726930439906,0.012192000031552897
11.172,0.8778365391310261,0.7573027944371353,0.013156435314239127,0.1983651271857609,0.8778365391306754,0.7573027944381518,0.21152156250067378,0.5238726930439908,0.012192000031305487
11.176,0.8778365391365579,0.7573027944413883,0.013156435313125145,0.19836512718687488,0.8778365391362072,0.7573027944424047,0.21152156250067372,0.5238726930439906,0.01219200003106002
11.18,0.8778365391420466,0.7573027944456081,0.013156435312019835,0.19836512718798024,0.8778365391416959,0.7573027944466245,0.2115215625006738,0.5238726930439908,0.012192000030816474
11.184000000000001,0.8778365391474927,0.7573027944497951,0.013156435310923108,0.19836512718907698,0.877836539147142,0.7573027944508115,0.21152156250067378,0.5238726930439908,0.012192000030574836
11.188,0.8778365391528965,0.7573027944539495,0.0131564353098349,0.19836512719016514,0.8778365391525458,0.757302794454966,0.21152156250067378,0.5238726930439906,0.012192000030335099
11.192,0.8778365391582583,0.7573027944580717,0.01315643530875515,0.19836512719124486,0.8778365391579076,0.7573027944590881,0.21152156250067378,0.5238726930439906,0.012192000030097239
11.196,0.8778365391635785,0.7573027944621619,0.013156435307683775,0.19836512719231628,0.8778365391632278,0.7573027944631783,0.21152156250067372,0.5238726930439908,0.01219200002986124
11.200000000000001,0.8778365391688573,0.7573027944662202,0.013156435306620744,0.19836512719337926,0.8778365391685066,0.7573027944672367,0.21152156250067378,0.5238726930439906,0.012192000029627096
11.204,0.8778365391740951,0.7573027944702471,0.013156435305565964,0.19836512719443408,0.8778365391737444,0.7573027944712636,0.2115215625006738,0.5238726930439908,0.012192000029394785
11.208,0.8778365391792922,0.7573027944742426,0.013156435304519386,0.19836512719548066,0.8778365391789414,0.7573027944752592,0.21152156250067383,0.5238726930439908,0.012192000029164296
11.212,0.8778365391844489,0.7573027944782073,0.013156435303480919,0.19836512719651914,0.8778365391840982,0.7573027944792237,0.2115215625006738,0.5238726930439908,0.012192000028935616
11.216000000000001,0.8778365391895656,0.7573027944821409,0.013156435302450538,0.19836512719754945,0.8778365391892149,0.7573027944831574,0.21152156250067383,0.5238726930439906,0.01219200002870873
11.22,0.8778365391946426,0.7573027944860441,0.013156435301428142,0.19836512719857188,0.8778365391942918,0.7573027944870605,0.21152156250067378,0.5238726930439908,0.01219200002848362
11.224,0.87783653919968,0.757302794489917,0.013156435300413718,0.19836512719958635,0.8778365391993292,0.7573027944909333,0.21152156250067378,0.5238726930439908,0.012192000028260281
11.228,0.8778365392046783,0.7573027944937597,0.013156435299407163,0.1983651272005929,0.8778365392043276,0.757302794494776,0.21152156250067372,0.5238726930439908,0.012192000028038687
11.232000000000001,0.8778365392096378,0.7573027944975725,0.013156435298408441,0.1983651272015916,0.8778365392092871,0.7573027944985888,0.21152156250067375,0.5238726930439908,0.012192000027818834
11.236,0.8778365392145587,0.7573027945013558,0.013156435297417461,0.1983651272025826,0.877836539214208,0.757302794502372,0.21152156250067367,0.5238726930439908,0.012192000027600703
11.24,0.8778365392194415,0.7573027945051097,0.013156435296434186,0.1983651272035659,0.8778365392190908,0.7573027945061259,0.21152156250067364,0.5238726930439908,0.012192000027384284
11.244,0.8778365392242863,0.7573027945088344,0.013156435295458537,0.19836512720454152,0.8778365392239356,0.7573027945098506,0.21152156250067364,0.5238726930439908,0.01219200002716956
11.248000000000001,0.8778365392290934,0.7573027945125302,0.013156435294490492,0.19836512720550958,0.8778365392287427,0.7573027945135463,0.2115215625006736,0.5238726930439908,0.012192000026956522
11.252,0.8778365392338632,0.7573027945161972,0.013156435293529958,0.1983651272064701,0.8778365392335125,0.7573027945172134,0.2115215625006736,0.5238726930439908,0.012192000026745153
11.256,0.8778365392385958,0.7573027945198356,0.013156435292576915,0.19836512720742308,0.8778365392382451,0.7573027945208519,0.2115215625006737,0.5238726930439906,0.012192000026535444
11.26,0.8778365392432917,0.757302794523446,0.013156435291631257,0.19836512720836877,0.877836539242941,0.7573027945244621,0.21152156250067367,0.5238726930439906,0.012192000026327374
11.264,0.8778365392479512,0.7573027945270282,0.013156435290692933,0.19836512720930713,0.8778365392476005,0.7573027945280444,0.2115215625006736,0.5238726930439908,0.012192000026120938
11.268,0.8778365392525745,0.7573027945305826,0.013156435289761894,0.19836512721023813,0.8778365392522238,0.7573027945315988,0.21152156250067364,0.5238726930439908,0.012192000025916123
11.272,0.8778365392571619,0.7573027945341094,0.013156435288838112,0.19836512721116195,0.8778365392568112,0.7573027945351255,0.21152156250067355,0.5238726930439908,0.01219200002571291
11.276,0.8778365392617136,0.7573027945376087,0.013156435287921502,0.1983651272120785,0.8778365392613628,0.7573027945386248,0.21152156250067358,0.5238726930439906,0.012192000025511292
11.28,0.8778365392662298,0.7573027945410808,0.013156435287012021,0.198365127212988,0.8778365392658791,0.757302794542097,0.21152156250067367,0.5238726930439906,0.012192000025311258
11.284,0.877836539270711,0.7573027945445261,0.01315643528610961,0.19836512721389046,0.8778365392703603,0.7573027945455423,0.2115215625006737,0.5238726930439908,0.012192000025112788
11.288,0.8778365392751575,0.7573027945479446,0.013156435285214188,0.19836512721478589,0.8778365392748068,0.7573027945489607,0.2115215625006736,0.5238726930439908,0.012192000024915876
11.292,0.8778365392795693,0.7573027945513364,0.013156435284325746,0.19836512721567434,0.8778365392792186,0.7573027945523525,0.2115215625006736,0.5238726930439908,0.01219200002472051
11.296,0.8778365392839469,0.757302794554702,0.013156435283444193,0.1983651272165559,0.8778365392835962,0.757302794555718,0.2115215625006736,0.5238726930439908,0.012192000024526672
11.3,0.8778365392882904,0.7573027945580412,0.01315643528256949,0.19836512721743055,0.8778365392879397,0.7573027945590574,0.21152156250067364,0.5238726930439908,0.012192000024334359
11.304,0.8778365392926002,0.7573027945613546,0.0131564352817016,0.19836512721829846,0.8778365392922495,0.7573027945623708,0.21152156250067364,0.5238726930439908,0.012192000024143548
11.308,0.8778365392968766,0.7573027945646423,0.013156435280840435,0.19836512721915964,0.8778365392965258,0.7573027945656585,0.21152156250067364,0.5238726930439908,0.01219200002395424
11.312,0.8778365393011196,0.7573027945679044,0.013156435279985982,0.19836512722001404,0.8778365393007689,0.7573027945689207,0.21152156250067372,0.5238726930439906,0.012192000023766407
11.316,0.8778365393053298,0.7573027945711411,0.013156435279138136,0.19836512722086186,0.8778365393049791,0.7573027945721574,0.2115215625006737,0.5238726930439906,0.012192000023580054
11.32,0.8778365393095072,0.7573027945743528,0.013156435278296887,0.19836512722170316,0.8778365393091565,0.7573027945753691,0.2115215625006737,0.5238726930439908,0.01219200002339516
11.324,0.8778365393136522,0.7573027945775396,0.01315643527746217,0.19836512722253788,0.8778365393133015,0.7573027945785558,0.21152156250067367,0.5238726930439908,0.012192000023211717
11.328,0.877836539317765,0.7573027945807015,0.013156435276633962,0.1983651272233661,0.8778365393174142,0.7573027945817177,0.2115215625006737,0.5238726930439908,0.012192000023029712
11.332,0.8778365393218458,0.7573027945838388,0.013156435275812171,0.19836512722418786,0.8778365393214951,0.757302794584855,0.21152156250067367,0.5238726930439908,0.012192000022849132
11.336,0.8778365393258949,0.7573027945869518,0.013156435274996773,0.1983651272250033,0.8778365393255442,0.757302794587968,0.2115215625006737,0.5238726930439908,0.012192000022669968
11.34,0.8778365393299126,0.7573027945900406,0.013156435274187691,0.19836512722581234,0.8778365393295618,0.7573027945910568,0.21152156250067367,0.5238726930439908,0.012192000022492214
11.344,0.8778365393338989,0.7573027945931052,0.013156435273384927,0.19836512722661506,0.8778365393335482,0.7573027945941215,0.21152156250067364,0.5238726930439906,0.01219200002231585
11.348,0.8778365393378543,0.7573027945961462,0.0131564352725884,0.19836512722741165,0.8778365393375036,0.7573027945971625,0.2115215625006737,0.5238726930439908,0.01219200002214087
11.352,0.8778365393417791,0.7573027945991636,0.013156435271798038,0.19836512722820202,0.8778365393414284,0.7573027946001799,0.2115215625006737,0.5238726930439908,0.012192000021967261
11.356,0.8778365393456733,0.7573027946021575,0.013156435271013827,0.19836512722898622,0.8778365393453226,0.7573027946031738,0.21152156250067375,0.5238726930439908,0.012192000021795012
11.36,0.8778365393495372,0.7573027946051282,0.013156435270235715,0.19836512722976435,0.8778365393491865,0.7573027946061445,0.21152156250067372,0.5238726930439908,0.012192000021624112
11.364,0.8778365393533711,0.7573027946080757,0.013156435269463652,0.19836512723053637,0.8778365393530204,0.757302794609092,0.21152156250067372,0.5238726930439906,0.01219200002145456
11.368,0.8778365393571753,0.7573027946110003,0.013156435268697576,0.19836512723130245,0.8778365393568246,0.7573027946120167,0.2115215625006737,0.5238726930439908,0.012192000021286334
11.372,0.8778365393609499,0.7573027946139022,0.013156435267937458,0.19836512723206254,0.8778365393605991,0.7573027946149186,0.2115215625006737,0.5238726930439906,0.012192000021119424
11.376,0.8778365393646951,0.7573027946167816,0.013156435267183249,0.1983651272328168,0.8778365393643444,0.7573027946177979,0.21152156250067375,0.5238726930439908,0.012192000020953822
11.38,0.8778365393684112,0.7573027946196386,0.013156435266434898,0.19836512723356514,0.8778365393680605,0.757302794620655,0.21152156250067378,0.5238726930439908,0.012192000020789524
11.384,0.8778365393720985,0.7573027946224734,0.013156435265692365,0.1983651272343077,0.8778365393717478,0.7573027946234898,0.21152156250067378,0.5238726930439908,0.012192000020626509
11.388,0.8778365393757571,0.7573027946252862,0.013156435264955602,0.1983651272350444,0.8778365393754064,0.7573027946263026,0.21152156250067375,0.5238726930439906,0.012192000020464772
11.392,0.8778365393793873,0.7573027946280771,0.013156435264224558,0.1983651272357755,0.8778365393790366,0.7573027946290934,0.21152156250067372,0.5238726930439908,0.012192000020304305
11.396,0.8778365393829893,0.7573027946308464,0.013156435263499178,0.19836512723650088,0.8778365393826386,0.7573027946318627,0.21152156250067378,0.5238726930439908,0.012192000020145097
11.4,0.8778365393865634,0.7573027946335941,0.013156435262779455,0.1983651272372206,0.8778365393862126,0.7573027946346104,0.2115215625006737,0.5238726930439908,0.012192000019987137
11.404,0.8778365393901096,0.7573027946363204,0.013156435262065308,0.1983651272379347,0.8778365393897589,0.7573027946373367,0.2115215625006737,0.5238726930439906,0.012192000019830417
11.408,0.8778365393936284,0.7573027946390257,0.013156435261356713,0.19836512723864336,0.8778365393932777,0.7573027946400419,0.21152156250067364,0.5238726930439908,0.012192000019674923
11.412,0.8778365393971197,0.7573027946417099,0.013156435260653633,0.19836512723934643,0.877836539396769,0.7573027946427261,0.21152156250067364,0.5238726930439908,0.012192000019520649
11.416,0.8778365394005839,0.7573027946443732,0.013156435259956016,0.19836512724004404,0.8778365394002332,0.7573027946453894,0.21152156250067367,0.5238726930439908,0.012192000019367587
11.42,0.8778365394040212,0.7573027946470158,0.013156435259263823,0.19836512724073624,0.8778365394036705,0.7573027946480321,0.2115215625006737,0.5238726930439908,0.012192000019215722
11.424,0.8778365394074318,0.7573027946496378,0.013156435258577006,0.198365127241423,0.8778365394070811,0.7573027946506542,0.21152156250067375,0.5238726930439906,0.012192000019065048
11.428,0.8778365394108159,0.7573027946522396,0.013156435257895522,0.19836512724210453,0.8778365394104651,0.7573027946532559,0.21152156250067378,0.5238726930439908,0.01219200001891556
11.432,0.8778365394141736,0.757302794654821,0.013156435257219351,0.1983651272427807,0.8778365394138229,0.7573027946558374,0.21152156250067372,0.5238726930439908,0.012192000018767241
11.436,0.8778365394175053,0.7573027946573824,0.013156435256548424,0.19836512724345162,0.8778365394171546,0.7573027946583988,0.21152156250067378,0.5238726930439908,0.012192000018620084
11.44,0.8778365394208111,0.757302794659924,0.013156435255882707,0.19836512724411737,0.8778365394204604,0.7573027946609403,0.21152156250067372,0.5238726930439908,0.01219200001847408
11.444,0.8778365394240912,0.7573027946624458,0.013156435255222147,0.1983651272447779,0.8778365394237405,0.7573027946634621,0.2115215625006737,0.5238726930439908,0.012192000018329225
11.448,0.8778365394273459,0.757302794664948,0.013156435254566744,0.19836512724543331,0.8778365394269951,0.7573027946659643,0.21152156250067375,0.5238726930439908,0.012192000018185503
11.452,0.8778365394305753,0.7573027946674307,0.01315643525391641,0.1983651272460836,0.8778365394302245,0.7573027946684471,0.21152156250067378,0.5238726930439906,0.012192000018042909
11.456,0.8778365394337796,0.7573027946698943,0.01315643525327113,0.1983651272467289,0.8778365394334289,0.7573027946709106,0.21152156250067372,0.5238726930439906,0.012192000017901435
11.46,0.8778365394369589,0.7573027946723384,0.013156435252630869,0.1983651272473691,0.8778365394366082,0.7573027946733549,0.21152156250067378,0.5238726930439906,0.012192000017761068
11.464,0.8778365394401136,0.7573027946747639,0.013156435251995587,0.19836512724800442,0.8778365394397629,0.7573027946757802,0.21152156250067372,0.5238726930439906,0.012192000017621801
11.468,0.8778365394432438,0.7573027946771703,0.013156435251365246,0.19836512724863475,0.8778365394428931,0.7573027946781867,0.21152156250067372,0.5238726930439906,0.012192000017483625
11.472,0.8778365394463497,0.7573027946795582,0.013156435250739795,0.19836512724926028,0.8778365394459989,0.7573027946805745,0.21152156250067375,0.5238726930439908,0.012192000017346534
11.476,0.8778365394494314,0.7573027946819274,0.013156435250119195,0.19836512724988087,0.8778365394490807,0.7573027946829437,0.2115215625006737,0.5238726930439908,0.012192000017210517
11.48,0.8778365394524892,0.7573027946842783,0.013156435249503422,0.19836512725049665,0.8778365394521385,0.7573027946852945,0.2115215625006737,0.5238726930439908,0.012192000017075572
11.484,0.8778365394555232,0.7573027946866109,0.013156435248892437,0.19836512725110764,0.8778365394551725,0.7573027946876271,0.21152156250067364,0.5238726930439908,0.01219200001694168
11.488,0.8778365394585337,0.7573027946889254,0.01315643524828619,0.19836512725171387,0.877836539458183,0.7573027946899415,0.21152156250067367,0.5238726930439908,0.012192000016808842
11.492,0.8778365394615207,0.7573027946912217,0.013156435247684665,0.19836512725231534,0.87783653946117,0.757302794692238,0.2115215625006737,0.5238726930439906,0.012192000016677038
11.496,0.8778365394644846,0.7573027946935004,0.013156435247087803,0.1983651272529122,0.8778365394641339,0.7573027946945167,0.2115215625006737,0.5238726930439906,0.012192000016546276
11.5,0.8778365394674253,0.7573027946957613,0.013156435246495601,0.19836512725350447,0.8778365394670746,0.7573027946967775,0.2115215625006737,0.5238726930439908,0.012192000016416533
11.504,0.8778365394703433,0.7573027946980047,0.013156435245907984,0.19836512725409203,0.8778365394699926,0.7573027946990208,0.2115215625006737,0.5238726930439906,0.01219200001628781
11.508000000000001,0.8778365394732386,0.7573027947002304,0.013156435245324938,0.19836512725467503,0.8778365394728879,0.7573027947012467,0.2115215625006736,0.5238726930439906,0.012192000016160096
11.512,0.8778365394761114,0.7573027947024392,0.013156435244746413,0.19836512725525365,0.8778365394757607,0.7573027947034553,0.2115215625006736,0.5238726930439908,0.012192000016033383
11.516,0.8778365394789619,0.7573027947046307,0.013156435244172385,0.19836512725582767,0.8778365394786112,0.7573027947056468,0.2115215625006736,0.5238726930439908,0.012192000015907664
11.52,0.8778365394817902,0.7573027947068051,0.013156435243602837,0.19836512725639718,0.8778365394814395,0.7573027947078211,0.2115215625006736,0.5238726930439906,0.01219200001578293
11.524000000000001,0.8778365394845965,0.7573027947089626,0.013156435243037709,0.19836512725696231,0.8778365394842458,0.7573027947099786,0.2115215625006736,0.5238726930439906,0.012192000015659175
11.528,0.877836539487381,0.7573027947111033,0.013156435242476948,0.19836512725752303,0.8778365394870303,0.7573027947121194,0.21152156250067355,0.5238726930439906,0.012192000015536391
11.532,0.877836539490144,0.7573027947132275,0.013156435241920568,0.19836512725807948,0.8778365394897932,0.7573027947142434,0.21152156250067353,0.5238726930439908,0.012192000015414567
11.536,0.8778365394928854,0.7573027947153351,0.013156435241368492,0.19836512725863156,0.8778365394925347,0.7573027947163511,0.21152156250067353,0.5238726930439908,0.012192000015293698
11.540000000000001,0.8778365394956056,0.7573027947174265,0.013156435240820708,0.19836512725917935,0.8778365394952549,0.7573027947184423,0.21152156250067344,0.5238726930439908,0.012192000015173777
11.544,0.8778365394983045,0.7573027947195013,0.013156435240277204,0.19836512725972283,0.8778365394979538,0.7573027947205173,0.2115215625006735,0.5238726930439908,0.012192000015054797
11.548,0.8778365395009825,0.7573027947215603,0.013156435239737913,0.19836512726026215,0.8778365395006318,0.7573027947225762,0.21152156250067353,0.5238726930439908,0.012192000014936751
11.552,0.8778365395036397,0.7573027947236032,0.013156435239202813,0.19836512726079725,0.877836539503289,0.7573027947246191,0.21152156250067353,0.5238726930439908,0.012192000014819633
11.556000000000001,0.8778365395062763,0.7573027947256302,0.013156435238671863,0.1983651272613282,0.8778365395059256,0.7573027947266462,0.21152156250067355,0.5238726930439908,0.01219200001470343
11.56,0.8778365395088924,0.7573027947276414,0.013156435238145041,0.19836512726185496,0.8778365395085417,0.7573027947286575,0.21152156250067355,0.5238726930439906,0.01219200001458814
11.564,0.8778365395114881,0.757302794729637,0.013156435237622317,0.19836512726237773,0.8778365395111374,0.7573027947306531,0.2115215625006736,0.5238726930439908,0.012192000014473752
11.568,0.8778365395140637,0.7573027947316171,0.013156435237103645,0.19836512726289635,0.877836539513713,0.7573027947326332,0.21152156250067358,0.5238726930439906,0.012192000014360263
11.572000000000001,0.8778365395166193,0.7573027947335819,0.013156435236588996,0.19836512726341105,0.8778365395162686,0.7573027947345979,0.21152156250067355,0.5238726930439908,0.012192000014247664
11.576,0.8778365395191551,0.7573027947355314,0.013156435236078358,0.1983651272639217,0.8778365395188044,0.7573027947365474,0.21152156250067353,0.5238726930439908,0.012192000014135946
11.58,0.8778365395216711,0.7573027947374656,0.013156435235571693,0.1983651272644283,0.8778365395213203,0.7573027947384817,0.21152156250067355,0.5238726930439906,0.012192000014025102
11.584,0.8778365395241675,0.757302794739385,0.013156435235068951,0.19836512726493108,0.8778365395238168,0.7573027947404011,0.21152156250067355,0.5238726930439908,0.012192000013915133
11.588000000000001,0.8778365395266445,0.7573027947412894,0.013156435234570144,0.19836512726542987,0.8778365395262938,0.7573027947423054,0.2115215625006736,0.5238726930439906,0.012192000013806024
11.592,0.8778365395291023,0.757302794743179,0.013156435234075194,0.1983651272659248,0.8778365395287516,0.757302794744195,0.21152156250067358,0.5238726930439906,0.012192000013697767
11.596,0.8778365395315411,0.7573027947450539,0.013156435233584078,0.19836512726641597,0.8778365395311903,0.75730279474607,0.21152156250067358,0.5238726930439908,0.012192000013590361
11.6,0.8778365395339608,0.7573027947469141,0.013156435233096809,0.1983651272669032,0.8778365395336101,0.7573027947479303,0.21152156250067355,0.5238726930439906,0.012192000013483797
11.604000000000001,0.8778365395363618,0.75730279474876,0.013156435232613296,0.19836512726738675,0.877836539536011,0.7573027947497761,0.2115215625006736,0.5238726930439908,0.012192000013378066
11.608,0.8778365395387441,0.7573027947505916,0.013156435232133551,0.1983651272678665,0.8778365395383934,0.7573027947516077,0.21152156250067355,0.5238726930439908,0.012192000013273172
11.612,0.8778365395411079,0.7573027947524089,0.013156435231657538,0.19836512726834252,0.8778365395407571,0.757302794753425,0.2115215625006736,0.5238726930439908,0.012192000013169096
11.616,0.8778365395434533,0.757302794754212,0.013156435231185218,0.19836512726881483,0.8778365395431026,0.7573027947552282,0.2115215625006736,0.5238726930439908,0.012192000013065838
11.620000000000001,0.8778365395457806,0.7573027947560013,0.013156435230716553,0.1983651272692835,0.8778365395454298,0.7573027947570175,0.21152156250067364,0.5238726930439908,0.012192000012963385
11.624,0.8778365395480897,0.7573027947577766,0.013156435230251543,0.19836512726974853,0.877836539547739,0.7573027947587927,0.2115215625006736,0.5238726930439908,0.012192000012861736
11.628,0.8778365395503809,0.757302794759538,0.01315643522979015,0.19836512727020988,0.8778365395500302,0.7573027947605542,0.2115215625006736,0.5238726930439908,0.012192000012760886
11.632,0.8778365395526543,0.7573027947612858,0.013156435229332334,0.19836512727066766,0.8778365395523036,0.757302794762302,0.2115215625006736,0.5238726930439906,0.012192000012660829
11.636000000000001,0.87783653955491,0.7573027947630201,0.013156435228878084,0.19836512727112193,0.8778365395545593,0.7573027947640362,0.2115215625006736,0.5238726930439906,0.012192000012561552
11.64,0.8778365395571482,0.7573027947647409,0.01315643522842735,0.19836512727157274,0.8778365395567975,0.7573027947657569,0.21152156250067358,0.5238726930439908,0.012192000012463056
11.644,0.877836539559369,0.7573027947664481,0.013156435227980129,0.1983651272720199,0.8778365395590183,0.7573027947674643,0.2115215625006736,0.5238726930439908,0.012192000012365329
11.648,0.8778365395615726,0.7573027947681423,0.013156435227536385,0.19836512727246364,0.8778365395612219,0.7573027947691584,0.2115215625006736,0.5238726930439906,0.012192000012268368
11.652000000000001,0.8778365395637591,0.7573027947698232,0.01315643522709608,0.19836512727290392,0.8778365395634083,0.7573027947708394,0.2115215625006736,0.5238726930439906,0.012192000012172178
11.656,0.8778365395659286,0.7573027947714912,0.013156435226659187,0.19836512727334088,0.8778365395655778,0.7573027947725073,0.2115215625006736,0.5238726930439908,0.012192000012076733
11.66,0.8778365395680812,0.7573027947731461,0.013156435226225695,0.19836512727377434,0.8778365395677304,0.7573027947741622,0.21152156250067353,0.5238726930439908,0.012192000011982038
11.664,0.877836539570217,0.7573027947747882,0.01315643522579559,0.1983651272742045,0.8778365395698663,0.7573027947758042,0.21152156250067353,0.5238726930439908,0.012192000011888087
11.668000000000001,0.8778365395723363,0.7573027947764176,0.013156435225368808,0.19836512727463124,0.8778365395719856,0.7573027947774335,0.21152156250067353,0.5238726930439906,0.012192000011794872
11.672,0.8778365395744391,0.7573027947780341,0.01315643522494535,0.19836512727505465,0.8778365395740884,0.75730279477905,0.21152156250067347,0.5238726930439906,0.012192000011702387
11.676,0.8778365395765255,0.7573027947796381,0.013156435224525191,0.1983651272754748,0.8778365395761748,0.7573027947806541,0.21152156250067347,0.5238726930439906,0.012192000011610629
11.68,0.8778365395785958,0.7573027947812299,0.013156435224108292,0.19836512727589178,0.877836539578245,0.7573027947822457,0.21152156250067353,0.5238726930439908,0.012192000011519589
11.684000000000001,0.8778365395806499,0.7573027947828089,0.013156435223694626,0.19836512727630534,0.8778365395802992,0.757302794783825,0.21152156250067353,0.5238726930439906,0.012192000011429262
11.688,0.877836539582688,0.757302794784376,0.013156435223284196,0.19836512727671587,0.8778365395823374,0.757302794785392,0.21152156250067353,0.5238726930439908,0.01219200001133965
11.692,0.8778365395847104,0.7573027947859308,0.013156435222876923,0.1983651272771231,0.8778365395843598,0.7573027947869467,0.21152156250067347,0.5238726930439908,0.012192000011250734
11.696,0.877836539586717,0.7573027947874735,0.013156435222472835,0.19836512727752723,0.8778365395863664,0.7573027947884895,0.21152156250067353,0.5238726930439908,0.012192000011162515
11.700000000000001,0.8778365395887081,0.7573027947890042,0.013156435222071878,0.19836512727792815,0.8778365395883575,0.7573027947900203,0.2115215625006735,0.5238726930439908,0.012192000011074988
11.704,0.8778365395906838,0.7573027947905232,0.01315643522167403,0.19836512727832603,0.8778365395903331,0.7573027947915392,0.2115215625006735,0.5238726930439908,0.01219200001098815
11.708,0.877836539592644,0.7573027947920302,0.013156435221279288,0.19836512727872077,0.8778365395922934,0.7573027947930462,0.2115215625006735,0.5238726930439908,0.012192000010901993
11.712,0.877836539594589,0.7573027947935255,0.013156435220887603,0.1983651272791124,0.8778365395942384,0.7573027947945415,0.2115215625006735,0.5238726930439906,0.012192000010816507
11.716000000000001,0.8778365395965189,0.7573027947950092,0.01315643522049896,0.1983651272795011,0.8778365395961683,0.7573027947960252,0.21152156250067355,0.5238726930439908,0.012192000010731695
11.72,0.8778365395984338,0.7573027947964814,0.013156435220113337,0.19836512727988673,0.8778365395980832,0.7573027947974974,0.21152156250067353,0.5238726930439908,0.01219200001064755
11.724,0.8778365396003338,0.7573027947979422,0.013156435219730717,0.19836512728026928,0.8778365395999832,0.7573027947989581,0.2115215625006735,0.5238726930439906,0.012192000010564061
11.728,0.8778365396022191,0.7573027947993916,0.013156435219351066,0.19836512728064895,0.8778365396018685,0.7573027948004075,0.21152156250067347,0.5238726930439906,0.012192000010481228
11.732000000000001,0.8778365396040897,0.7573027948008297,0.013156435218974357,0.1983651272810257,0.8778365396037391,0.7573027948018457,0.21152156250067353,0.5238726930439908,0.012192000010399044
11.736,0.8778365396059458,0.7573027948022567,0.013156435218600588,0.19836512728139946,0.8778365396055952,0.7573027948032727,0.21152156250067347,0.5238726930439908,0.012192000010317507
11.74,0.8778365396077874,0.7573027948036726,0.013156435218229724,0.19836512728177033,0.8778365396074368,0.7573027948046885,0.2115215625006735,0.5238726930439908,0.012192000010236606
11.744,0.8778365396096147,0.7573027948050775,0.013156435217861737,0.19836512728213831,0.8778365396092641,0.7573027948060934,0.21152156250067353,0.5238726930439908,0.01219200001015634
11.748000000000001,0.8778365396114278,0.7573027948064713,0.013156435217496616,0.19836512728250338,0.8778365396110772,0.7573027948074874,0.21152156250067355,0.5238726930439906,0.012192000010076701
11.752,0.8778365396132268,0.7573027948078545,0.013156435217134334,0.19836512728286568,0.8778365396128762,0.7573027948088705,0.21152156250067355,0.5238726930439906,0.012192000009997692
11.756,0.877836539615012,0.7573027948092268,0.013156435216774854,0.19836512728322514,0.8778365396146613,0.7573027948102429,0.21152156250067347,0.5238726930439906,0.012192000009919298
11.76,0.8778365396167832,0.7573027948105886,0.013156435216418162,0.1983651272835819,0.8778365396164326,0.7573027948116046,0.21152156250067347,0.5238726930439908,0.012192000009841518
11.764000000000001,0.8778365396185407,0.7573027948119397,0.013156435216064247,0.19836512728393582,0.8778365396181901,0.7573027948129557,0.21152156250067353,0.5238726930439908,0.012192000009764354
11.768,0.8778365396202845,0.7573027948132804,0.01315643521571307,0.19836512728428699,0.8778365396199339,0.7573027948142963,0.2115215625006735,0.5238726930439908,0.01219200000968779
11.772,0.8778365396220148,0.7573027948146107,0.013156435215364632,0.1983651272846354,0.8778365396216642,0.7573027948156266,0.21152156250067347,0.5238726930439906,0.012192000009611825
11.776,0.8778365396237316,0.7573027948159305,0.013156435215018891,0.19836512728498115,0.877836539623381,0.7573027948169464,0.2115215625006734,0.5238726930439908,0.012192000009536455
11.78,0.8778365396254351,0.7573027948172402,0.013156435214675865,0.19836512728532418,0.8778365396250845,0.757302794818256,0.21152156250067342,0.5238726930439908,0.012192000009461681
11.784,0.8778365396271253,0.7573027948185397,0.013156435214335498,0.19836512728566458,0.8778365396267747,0.7573027948195554,0.2115215625006734,0.5238726930439908,0.012192000009387489
11.788,0.8778365396288024,0.757302794819829,0.013156435213997768,0.19836512728600228,0.8778365396284518,0.7573027948208448,0.21152156250067344,0.5238726930439908,0.01219200000931388
11.792,0.8778365396304665,0.7573027948211084,0.01315643521366265,0.19836512728633743,0.8778365396301159,0.7573027948221241,0.21152156250067342,0.5238726930439908,0.01219200000924085
11.796,0.8778365396321176,0.7573027948223777,0.013156435213330141,0.19836512728666988,0.877836539631767,0.7573027948233936,0.21152156250067344,0.5238726930439908,0.012192000009168393
11.8,0.877836539633756,0.7573027948236374,0.013156435213000217,0.19836512728699984,0.8778365396334054,0.7573027948246531,0.21152156250067336,0.5238726930439908,0.012192000009096503
11.804,0.8778365396353816,0.7573027948248872,0.013156435212672854,0.19836512728732722,0.8778365396350309,0.7573027948259029,0.21152156250067342,0.5238726930439908,0.012192000009025176
11.808,0.8778365396369945,0.7573027948261272,0.01315643521234805,0.19836512728765202,0.8778365396366439,0.7573027948271429,0.2115215625006734,0.5238726930439908,0.012192000008954406
11.812,0.8778365396385949,0.7573027948273575,0.013156435212025766,0.19836512728797429,0.8778365396382443,0.7573027948283734,0.21152156250067342,0.5238726930439908,0.012192000008884195
11.816,0.8778365396401828,0.7573027948285783,0.013156435211705992,0.19836512728829406,0.8778365396398322,0.7573027948295942,0.21152156250067342,0.5238726930439908,0.012192000008814534
11.82,0.8778365396417585,0.7573027948297898,0.013156435211388689,0.1983651272886114,0.8778365396414078,0.7573027948308055,0.2115215625006734,0.5238726930439908,0.012192000008745416
11.824,0.8778365396433219,0.7573027948309916,0.013156435211073856,0.1983651272889262,0.8778365396429713,0.7573027948320075,0.2115215625006734,0.5238726930439908,0.012192000008676842
11.828,0.8778365396448731,0.7573027948321842,0.013156435210761467,0.19836512728923852,0.8778365396445225,0.7573027948332001,0.21152156250067342,0.5238726930439906,0.01219200000860881
11.832,0.8778365396464123,0.7573027948333676,0.013156435210451511,0.19836512728954855,0.8778365396460617,0.7573027948343835,0.21152156250067342,0.5238726930439908,0.012192000008541306
11.836,0.8778365396479395,0.7573027948345418,0.013156435210143962,0.19836512728985606,0.8778365396475889,0.7573027948355576,0.21152156250067344,0.5238726930439906,0.012192000008474334
11.84,0.8778365396494549,0.7573027948357066,0.013156435209838795,0.19836512729016118,0.8778365396491042,0.7573027948367227,0.21152156250067347,0.5238726930439906,0.012192000008407885
11.844,0.8778365396509584,0.7573027948368627,0.013156435209536008,0.198365127290464,0.8778365396506078,0.7573027948378787,0.21152156250067347,0.5238726930439906,0.012192000008341959
11.848,0.8778365396524503,0.7573027948380097,0.013156435209235578,0.19836512729076447,0.8778365396520997,0.7573027948390256,0.21152156250067344,0.5238726930439908,0.012192000008276548
11.852,0.8778365396539307,0.7573027948391478,0.013156435208937466,0.19836512729106257,0.8778365396535801,0.7573027948401637,0.21152156250067344,0.5238726930439908,0.012192000008211652
11.856,0.8778365396553995,0.7573027948402771,0.01315643520864167,0.19836512729135838,0.8778365396550489,0.7573027948412929,0.21152156250067344,0.5238726930439908,0.012192000008147264
11.86,0.8778365396568569,0.7573027948413975,0.01315643520834818,0.19836512729165187,0.8778365396565063,0.7573027948424134,0.21152156250067344,0.5238726930439908,0.012192000008083381
11.864,0.877836539658303,0.7573027948425093,0.01315643520805698,0.19836512729194306,0.8778365396579524,0.7573027948435251,0.21152156250067344,0.5238726930439906,0.01219200000802
11.868,0.8778365396597378,0.7573027948436124,0.013156435207768024,0.19836512729223205,0.8778365396593872,0.7573027948446283,0.21152156250067344,0.5238726930439908,0.012192000007957114
11.872,0.8778365396611615,0.7573027948447069,0.013156435207481334,0.1983651272925187,0.877836539660811,0.7573027948457228,0.21152156250067344,0.5238726930439908,0.012192000007894725
11.876,0.8778365396625741,0.7573027948457929,0.01315643520719686,0.19836512729280317,0.8778365396622236,0.7573027948468088,0.2115215625006734,0.5238726930439908,0.012192000007832823
11.88,0.8778365396639758,0.7573027948468706,0.013156435206914601,0.19836512729308547,0.8778365396636253,0.7573027948478864,0.2115215625006734,0.5238726930439908,0.012192000007771401
11.884,0.8778365396653666,0.7573027948479398,0.01315643520663452,0.19836512729336556,0.8778365396650161,0.7573027948489557,0.21152156250067344,0.5238726930439908,0.012192000007710464
11.888,0.8778365396667466,0.7573027948490006,0.013156435206356617,0.19836512729364336,0.8778365396663961,0.7573027948500166,0.21152156250067342,0.5238726930439906,0.012192000007650007
11.892,0.8778365396681158,0.7573027948500534,0.013156435206080891,0.19836512729391914,0.8778365396677653,0.7573027948510693,0.21152156250067344,0.5238726930439908,0.012192000007590022
11.896,0.8778365396694744,0.7573027948510979,0.013156435205807305,0.1983651272941927,0.8778365396691239,0.7573027948521138,0.21152156250067344,0.5238726930439906,0.012192000007530509
11.9,0.8778365396708224,0.7573027948521343,0.013156435205535832,0.19836512729446418,0.8778365396704719,0.7573027948531502,0.21152156250067344,0.5238726930439906,0.012192000007471459
11.904,0.87783653967216,0.7573027948531627,0.013156435205266473,0.1983651272947336,0.8778365396718095,0.7573027948541785,0.21152156250067336,0.5238726930439908,0.012192000007412876
11.908,0.8778365396734872,0.757302794854183,0.013156435204999204,0.19836512729500083,0.8778365396731367,0.7573027948551988,0.21152156250067336,0.5238726930439908,0.01219200000735475
11.912,0.877836539674804,0.7573027948551952,0.013156435204734022,0.19836512729526595,0.8778365396744535,0.7573027948562112,0.2115215625006734,0.5238726930439906,0.012192000007297081
11.916,0.8778365396761106,0.7573027948561998,0.013156435204470903,0.19836512729552908,0.8778365396757601,0.7573027948572157,0.21152156250067342,0.5238726930439906,0.012192000007239861
11.92,0.8778365396774072,0.7573027948571966,0.01315643520420981,0.19836512729579023,0.8778365396770567,0.7573027948582125,0.21152156250067336,0.5238726930439908,0.012192000007183094
11.924,0.8778365396786936,0.7573027948581856,0.013156435203950753,0.19836512729604924,0.8778365396783431,0.7573027948592015,0.21152156250067342,0.5238726930439906,0.012192000007126773
11.928,0.87783653967997,0.7573027948591671,0.013156435203693709,0.19836512729630637,0.8778365396796195,0.7573027948601828,0.21152156250067342,0.5238726930439908,0.012192000007070889
11.932,0.8778365396812365,0.7573027948601407,0.01315643520343865,0.19836512729656142,0.877836539680886,0.7573027948611565,0.21152156250067333,0.5238726930439908,0.012192000007015449
11.936,0.8778365396824932,0.7573027948611069,0.013156435203185593,0.19836512729681446,0.8778365396821427,0.7573027948621226,0.21152156250067336,0.5238726930439908,0.012192000006960437
11.94,0.8778365396837401,0.7573027948620654,0.013156435202934495,0.19836512729706554,0.8778365396833896,0.7573027948630812,0.21152156250067333,0.5238726930439908,0.01219200000690586
11.944,0.8778365396849773,0.7573027948630167,0.013156435202685345,0.19836512729731468,0.8778365396846268,0.7573027948640323,0.2115215625006733,0.5238726930439906,0.01219200000685171
11.948,0.8778365396862049,0.7573027948639603,0.013156435202438133,0.1983651272975619,0.8778365396858544,0.7573027948649761,0.21152156250067328,0.5238726930439908,0.012192000006797984
11.952,0.8778365396874229,0.7573027948648968,0.013156435202192856,0.1983651272978072,0.8778365396870724,0.7573027948659126,0.2115215625006733,0.5238726930439908,0.012192000006744681
11.956,0.8778365396886315,0.757302794865826,0.013156435201949474,0.19836512729805053,0.877836539688281,0.7573027948668417,0.2115215625006733,0.5238726930439906,0.012192000006691796
11.96,0.8778365396898307,0.7573027948667479,0.013156435201707992,0.198365127298292,0.8778365396894802,0.7573027948677636,0.21152156250067328,0.5238726930439906,0.012192000006639322
11.964,0.8778365396910205,0.7573027948676626,0.013156435201468381,0.19836512729853162,0.87783653969067,0.7573027948686785,0.21152156250067336,0.5238726930439906,0.012192000006587263
11.968,0.8778365396922011,0.7573027948685702,0.013156435201230629,0.19836512729876934,0.8778365396918506,0.7573027948695862,0.2115215625006734,0.5238726930439906,0.012192000006535612
11.972,0.8778365396933726,0.7573027948694709,0.013156435200994712,0.1983651272990053,0.8778365396930221,0.7573027948704868,0.21152156250067336,0.5238726930439906,0.012192000006484368
11.976,0.877836539694535,0.7573027948703647,0.013156435200760626,0.1983651272992394,0.8778365396941845,0.7573027948713804,0.21152156250067333,0.5238726930439908,0.012192000006433524
11.98,0.8778365396956883,0.7573027948712513,0.013156435200528388,0.19836512729947162,0.8778365396953378,0.7573027948722671,0.2115215625006734,0.5238726930439906,0.01219200000638308
11.984,0.8778365396968326,0.7573027948721311,0.013156435200297948,0.19836512729970213,0.8778365396964821,0.7573027948731469,0.2115215625006734,0.5238726930439908,0.012192000006333028
11.988,0.877836539697968,0.757302794873004,0.0131564352000693,0.19836512729993075,0.8778365396976175,0.7573027948740199,0.21152156250067336,0.5238726930439908,0.01219200000628337
11.992,0.8778365396990947,0.7573027948738702,0.013156435199842411,0.19836512730015765,0.8778365396987442,0.757302794874886,0.2115215625006734,0.5238726930439908,0.012192000006234103
11.996,0.8778365397002126,0.7573027948747296,0.013156435199617292,0.19836512730038278,0.8778365396998621,0.7573027948757455,0.21152156250067336,0.5238726930439908,0.012192000006185219
12.0,0.8778365397013218,0.7573027948755824,0.013156435199393917,0.19836512730060613,0.8778365397009713,0.7573027948765982,0.21152156250067336,0.5238726930439908,0.012192000006136721
