lambda,time_zeta,r_patch,current,voltage_patch,voltage_port
0.25,0.0,0.0,1.0,0.0,0.0
0.25,0.002,0.0983660995095468,0.9996055014944548,0.09832729423029399,0.0003944985055451822
0.25,0.004,0.19352786960104845,0.9984442629179165,0.19322679111789348,0.0015557370820834526
0.25,0.006,0.2855784689151131,0.9965501424529335,0.28459326387884665,0.003449857547066504
0.25,0.008,0.37460838703125027,0.9939574729584547,0.3723448057226243,0.006042527041545287
0.25,0.01,0.46070552078405624,0.9907008782004354,0.45642136403255346,0.009299121799564602
0.25,0.012,0.5439552483979115,0.9868151023189691,0.5367832541047253,0.013184897681030927
0.25,0.014,0.6244405015025478,0.9823348525262587,0.6134096679549284,0.01766514747374126
0.25,0.016,0.7022418350900558,0.9772946549134792,0.6862971918901445,0.02270534508652078
0.25,0.018000000000000002,0.777437495472176,0.9717287231434201,0.755458344798996,0.02827127685657993
0.25,0.02,0.850103486295032,0.9656708397189946,0.8209201474585683,0.03432916028100541
0.25,0.022,0.9203136326668337,0.9591542494444132,0.8827227315940183,0.04084575055558681
0.25,0.024,0.9881396434524813,0.9522115646351434,0.9409179959699,0.04778843536485655
0.25,0.026000000000000002,1.0536511717874777,0.9448746815837753,0.9955683154430647,0.0551253184162247
0.25,0.028,1.1169158738620397,0.9371747077505981,1.046745307668661,0.06282529224940192
0.25,0.03,1.1779994660248563,0.9291418991191187,1.0945286610236427,0.07085810088088129
0.25,0.032,1.2369657802545242,0.9208056071369382,1.1390050262948836,0.07919439286306185
0.25,0.034,1.293876818045317,0.9121942346504284,1.1802669737687796,0.08780576534957163
0.25,0.036000000000000004,1.348792802752615,0.9033352002366078,1.218412016552229,0.09666479976339215
0.25,0.038,1.4017722304420202,0.8942549103366466,1.2535417002463298,0.10574508966335339
0.25,0.04,1.4528719192849349,0.8849787386017244,1.285760758478648,0.11502126139827562
0.25,0.042,1.5021470575421387,0.8755310118727623,1.3151763332715611,0.12446898812723772
0.25,0.044,1.5496512501757385,0.8659350022301423,1.341897258776871,0.1340649977698577
0.25,0.046,1.5954365641286863,0.8562129245672665,1.3660334065341737,0.1437870754327335
0.25,0.048,1.6395535723099586,0.8463859391620984,1.3876950901061376,0.15361406083790163
0.25,0.05,1.6820513963223882,0.8364741587431324,1.406992526701481,0.16352584125686764
0.25,0.052000000000000005,1.7229777479690969,0.8264966595700645,1.424035353210011,0.17350334042993554
0.25,0.054,1.762378969573428,0.8164714960743601,1.4389321939376059,0.1835285039256399
0.25,0.056,1.8003000731463086,0.8064157186305416,1.4517902772368971,0.19358428136945838
0.25,0.058,1.8367847784339761,0.7963453940550227,1.4627150981762722,0.2036546059449773
0.25,0.06,1.8718755498780741,0.7862756284553899,1.4718101243706614,0.2137243715446101
0.25,0.062,1.905613632519211,0.7762205920789379,1.4791765421077576,0.2237794079210621
0.25,0.064,1.938039086874176,0.7661935458347753,1.4849130399385149,0.23380645416522472
0.25,0.066,1.9691908228161525,0.7562068691887615,1.4891156269570438,0.24379313081123855
0.25,0.068,1.9991066324864237,0.7462720891547565,1.4918774830687735,0.2537279108452435
0.25,0.07,2.0278232222652623,0.736399910129052,1.493288838633744,0.26360008987094796
0.25,0.07200000000000001,2.055376243828882,0.726600244337297,1.4934368809711411,0.273399755662703
0.25,0.074,2.0818003243185914,0.7168822426846788,1.4924056853192036,0.2831177573153212
0.25,0.076,2.1071290956475157,0.7072543258205033,1.4902761679589505,0.2927456741794967
0.25,0.078,2.1313952229695396,0.6977242152476086,1.487126059328924,0.30227578475239136
0.25,0.08,2.1546304323344243,0.6882989643252332,1.4830298950794136,0.3117010356747668
0.25,0.082,2.176865537552351,0.678984989031019,1.4780590231369863,0.321015010968981
0.25,0.084,2.1981304662905026,0.6697880983637888,1.4722816249722241,0.33021190163621117
0.25,0.08600000000000001,2.2184542854236167,0.6607135242835943,1.4657627493842806,0.3392864757164057
0.25,0.088,2.237865225659857,0.6517659510993193,1.4585643572342895,0.34823404890068066
0.25,0.09,2.2563907054626884,0.6429495442268706,1.4507453756749824,0.35705045577312944
0.25,0.092,2.274057354288914,0.6342679782527253,1.442361760535571,0.3657320217472747
0.25,0.094,2.2908910351623875,0.6257244642483807,1.4334665656284031,0.3742755357516193
0.25,0.096,2.3069168666024105,0.6173217762910973,1.4241100178468924,0.3826782237089027
0.25,0.098,2.3221592439252574,0.6090622771552968,1.4143395970223396,0.3909377228447032
0.25,0.1,2.3366418599367367,0.6009479431471118,1.4042001196004235,0.39905205685288825
0.25,0.10200000000000001,2.3503877250332113,0.5929803880619293,1.3937338252861888,0.4070196119380707
0.25,0.10400000000000001,2.3634191867279686,0.5851608862513845,1.3829804658892646,0.4148391137486155
0.25,0.106,2.3757579486193823,0.5774903947921703,1.371977395678844,0.42250960520782965
0.25,0.108,2.3874250888168107,0.5699695747543031,1.360759662630672,0.4300304252456969
0.25,0.11,2.398441077839738,0.5625988115711481,1.34936010001606,0.4374011884288519
0.25,0.112,2.4088257960052095,0.5553782345176219,1.3378094178458786,0.4446217654823781
0.25,0.114,2.4185985503181997,0.5483077353065794,1.3261362937407482,0.4516922646934206
0.25,0.116,2.4277780908791,0.5413869858165147,1.3143674628524082,0.4586130141834853
0.25,0.11800000000000001,2.436382626822153,0.534615454966389,1.302527806510731,0.46538454503361104
0.25,0.12,2.444429841798226,0.5279924247556805,1.29064043931619,0.47200757524431947
0.25,0.122,2.451936909014949,0.521517005489675,1.2787267944390857,0.47848299451032505
0.25,0.124,2.4589205058468773,0.5151881502116007,1.2668067069246263,0.4848118497883993
0.25,0.126,2.46539682802796,0.5090046683645065,1.2548984948372781,0.49099533163549347
0.25,0.128,2.471381603438265,0.5029652387067948,1.2430190381089083,0.49703476129320523
0.25,0.13,2.4768901054965426,0.49706842150610037,1.2311838549832448,0.5029315784938997
0.25,0.132,2.4819371661699146,0.49131267003676254,1.2194071759744167,0.5086873299632375
0.25,0.134,2.4865371886116128,0.4856963414064982,1.20770201527986,0.5143036585935018
0.25,0.136,2.4907041594374157,0.48021770673807684,1.196080239608025,0.5197822932619232
0.25,0.138,2.4944516606510954,0.47487496073183283,1.1845526343991442,0.5251250392681672
0.25,0.14,2.49779288122893,0.46966623063475466,1.173128967433115,0.5303337693652453
0.25,0.14200000000000002,2.5007406283729923,0.46458958464167655,1.1618180498323736,0.5354104153583235
0.25,0.14400000000000002,2.5033073384427253,0.45964303975378207,1.150627794479764,0.5403569602462179
0.25,0.146,2.50550508757396,0.4548245691192261,1.1395652718818552,0.5451754308807739
0.25,0.148,2.5073456019943414,0.4501321088802049,1.1286367635172196,0.5498678911197952
0.25,0.15,2.5088402680438167,0.4455635645502636,1.1178478127168416,0.5544364354497364
0.25,0.152,2.510000141908636,0.4411168169450375,1.10720327313033,0.5588831830549625
0.25,0.154,2.5108359590770433,0.4367897276889905,1.096707354836987,0.5632102723110095
0.25,0.156,2.511358143524608,0.43258014432004377,1.0863636681651923,0.5674198556799562
0.25,0.158,2.5115768166369477,0.42848590501329487,1.0761752652870926,0.5715140949867051
0.25,0.16,2.5115018058773178,0.42450484294431134,1.0661446796583052,0.5754951570556887
0.25,0.162,2.511142653206389,0.42063479031175766,1.0562739633743803,0.5793652096882423
0.25,0.164,2.510508623261279,0.4168735820383777,1.0465647225171655,0.5831264179616222
0.25,0.166,2.509608711300725,0.413219059168618,1.0370181505650535,0.586780940831382
0.25,0.168,2.5084516509230808,0.40966907198043917,1.027635059941459,0.5903309280195608
0.25,0.17,2.5070459215636403,0.40622148282813164,1.0184159117758018,0.5937785171718684
0.25,0.17200000000000001,2.5053997557775816,0.4028741687322266,1.0093608439508166,0.5971258312677734
0.25,0.17400000000000002,2.503521146314668,0.39962502373188014,1.000469697509263,0.6003749762681199
0.25,0.176,2.5014178529916595,0.3964719610144076,0.9917420414920525,0.6035280389855924
0.25,0.178,2.4990974093682143,0.3934129148359593,0.9831771962785438,0.6065870851640407
0.25,0.18,2.4965671292318956,0.3904458422466587,0.9747742554982702,0.6095541577533413
0.25,0.182,2.4938341128977473,0.38756872463287434,0.9665321065817355,0.6124312753671257
0.25,0.184,2.49090525332773,0.38477956908866146,0.958449450016127,0.6152204309113385
0.25,0.186,2.487787242075177,0.3820764096277981,0.9505248173699256,0.6179235903722019
0.25,0.188,2.48448657505926,0.37945730824724616,0.9427565881484066,0.6205426917527539
0.25,0.19,2.4810095581743363,0.37692035585229694,0.9351430055400208,0.6230796441477031
0.25,0.192,2.4773623127388884,0.3744636730531075,0.9276821911115454,0.6255363269468925
0.25,0.194,2.4735507807886448,0.37208541084180574,0.9203721585078123,0.6279145891581943
0.25,0.196,2.469580730218337,0.3697837511588314,0.9132108262097026,0.6302162488411687
0.25,0.198,2.465457759776414,0.3675569073566923,0.9061960294019775,0.6324430926433078
0.25,0.2,2.4611873039169283,0.36540312456884744,0.8993255310004231,0.6345968754311526
0.25,0.202,2.4567746375126633,0.3633206799909812,0.8925970318856973,0.6366793200090188
0.25,0.20400000000000001,2.452224880433479,0.36130788308150524,0.8860081803892177,0.6386921169184947
0.25,0.20600000000000002,2.4475430019937243,0.3593630756877177,0.8795565810744145,0.6406369243122823
0.25,0.20800000000000002,2.4427338252724553,0.3574846321036604,0.8732398028546907,0.6425153678963396
0.25,0.21,2.4378020313101056,0.3556709590653446,0.8670553864875106,0.6443290409346554
0.25,0.212,2.4327521631851297,0.35392049568866507,0.8610008514821533,0.646079504311335
0.25,0.214,2.427588629974054,0.35223171335498626,0.8550737024568448,0.6477682866450137
0.25,0.216,2.422315710598275,0.3506031155490702,0.8492714349792151,0.6493968844509298
0.25,0.218,2.4169375575608294,0.349033237653711,0.8435915409223088,0.6509667623462889
0.25,0.22,2.4114582005762943,0.3475206467051598,0.8380315133667348,0.6524793532948402
0.25,0.222,2.4058815500968613,0.34606394111315075,0.8325888510779361,0.6539360588868492
0.25,0.224,2.4002114007375615,0.34466175034908636,0.8272610625860403,0.6553382496509137
0.25,0.226,2.3944514346035177,0.3433127346056971,0.8220456698942682,0.6566872653943029
0.25,0.228,2.3886052245220317,0.3420155844312636,0.8169402118404724,0.6579844155687364
0.25,0.23,2.3826762371822165,0.3407690203412747,0.8119422471350186,0.6592309796587252
0.25,0.232,2.3766678361848257,0.3395717924101914,0.8070493570969325,0.6604282075898086
0.25,0.234,2.3705832850048463,0.3384226798457966,0.8022591481089919,0.6615773201542035
0.25,0.23600000000000002,2.3644257498693406,0.3373204905484298,0.7975692538112649,0.6626795094515703
0.25,0.23800000000000002,2.3581983025529727,0.33626406065723774,0.7929773370514679,0.6637359393427622
0.25,0.24,2.351903923093559,0.3352522540854123,0.7884810916094399,0.6647477459145876
0.25,0.242,2.3455455024299408,0.3342839620462372,0.7840782437120127,0.6657160379537628
0.25,0.244,2.33912584496439,0.33335810257162596,0.7797665533535804,0.6666418974283741
0.25,0.246,2.3326476710517188,0.33247362002470043,0.7755438154367515,0.6675263799752995
0.25,0.248,2.326113619417163,0.33162948460783725,0.7714078607465847,0.6683705153921627
0.25,0.25,2.319526249505112,0.33082469186749275,0.7673565567710897,0.6691753081325073
0.25,0.252,2.312888043760623,0.330058262197009,0.763387808379871,0.669941737802991
0.25,0.254,2.3062014098456776,0.3293292403385031,0.7594995583720618,0.6706707596614969
0.25,0.256,2.2994686827920114,0.32863669488484537,0.7556897879039756,0.6713633051151546
0.25,0.258,2.292692127092363,0.3279797177826462,0.751956516806248,0.6720202822173538
0.25,0.26,2.285873938731875,0.3273574238370856,0.7482978037995986,0.6726425761629145
0.25,0.262,2.279016247161377,0.32676895021934577,0.7447117466177562,0.6732310497806542
0.25,0.264,2.272121117214201,0.326213455977332,0.741196482045521,0.673786544022668
0.25,0.266,2.2651905509681516,0.32569012155030264,0.7377501858794143,0.6743098784496974
0.25,0.268,2.258226489554189,0.3251981482879661,0.7343710728178563,0.6748018517120339
0.25,0.27,2.2512308149133595,0.3247367579745438,0.7310573962873547,0.6752632420254562
0.25,0.272,2.2442053515034437,0.32430519235824556,0.7278074482107284,0.6756948076417544
0.25,0.274,2.237151867956765,0.3239027126865534,0.7246195587229863,0.6760972873134465
0.25,0.276,2.230072078690555,0.32352859924766364,0.7214920958400807,0.6764714007523364
0.25,0.278,2.222967645471225,0.32318215091839375,0.7184234650853879,0.6768178490816062
0.25,0.28,2.2158401789338744,0.32286268471882146,0.7154121090784245,0.6771373152811786
0.25,0.28200000000000003,2.2086912400583008,0.3225695353738862,0.7124565070899787,0.6774304646261138
0.25,0.28400000000000003,2.201522341602767,0.3223020548821498,0.709555174567534,0.6776979451178502
0.25,0.28600000000000003,2.194334949496728,0.3220596120918806,0.7067066626345726,0.6779403879081194
0.25,0.28800000000000003,2.1871304841936885,0.32184159228459897,0.7039095575670826,0.678158407715401
0.25,0.29,2.179910321985337,0.3216473967661922,0.7011624802503355,0.6783526032338079
0.25,0.292,2.1726757962780594,0.3214764424656857,0.6984640856187714,0.6785235575343143
0.25,0.294,2.1654281988329065,0.3213281615417324,0.6958130620816028,0.6786718384582676
0.25,0.296,2.158168780970069,0.3212020009968638,0.6932081309365484,0.6787979990031362
0.25,0.298,2.1508987547388547,0.321097422299526,0.6906480457739066,0.678902577700474
0.25,0.3,2.143619294054186,0.3210139010139071,0.6881315918730119,0.678986098986093
0.25,0.302,2.1363315358005392,0.32095092643754797,0.6856575855929328,0.679049073562452
0.25,0.304,2.1290365809042826,0.3209080012467122,0.6832248737591274,0.6790919987532877
0.25,0.306,2.12173549537531,0.3208846411494803,0.680832333047621,0.6791153588505197
0.25,0.308,2.114429311318837,0.32088037454651974,0.6784788693681282,0.6791196254534803
0.25,0.31,2.107119027918229,0.3208947421994735,0.6761634172474253,0.6791052578005266
0.25,0.312,2.09980561238968,0.32092729690689903,0.6738849392141558,0.679072703093101
0.25,0.314,2.0924900009095464,0.320977603187682,0.6716424251861367,0.679022396812318
0.25,0.316,2.085173099515122,0.32104523697184156,0.6694348918611417,0.6789547630281585
0.25,0.318,2.077855784979612,0.3211297852986367,0.6672613821120331,0.6788702147013632
0.25,0.32,2.070538905662043,0.3212308460218778,0.6651209643870312,0.6787691539781222
0.25,0.322,2.0632232823328236,0.32134802752234176,0.6630127321158245,0.6786519724776583
0.25,0.324,2.055909708975657,0.32148094842718605,0.6609358031221543,0.6785190515728139
0.25,0.326,2.0485989535664797,0.3216292373362507,0.6588893190434282,0.6783707626637493
0.25,0.328,2.0412917588300767,0.3217925325551365,0.6568724447578593,0.6782074674448635
0.25,0.33,2.0339888429750252,0.32197048183494287,0.6548843678195668,0.6780295181650571
0.25,0.332,2.026690900407572,0.3221627421185477,0.6529242979020118,0.6778372578814523
0.25,0.334,2.0193986024250545,0.3223689792933094,0.6509914662501003,0.6776310207066907
0.25,0.336,2.0121125978894545,0.32258886795006936,0.6490851251412323,0.6774111320499306
0.25,0.338,2.0048335138816378,0.32282209114833305,0.6472045473555309,0.677177908851667
0.25,0.34,1.9975619563368525,0.3230683401875054,0.645349025655453,0.6769316598124946
0.25,0.342,1.9902985106620006,0.32332731438405843,0.643517872274936,0.6766726856159415
0.25,0.34400000000000003,1.9830437423352223,0.3235987208545057,0.6417104184182099,0.6764012791454943
0.25,0.34600000000000003,1.975798197488288,0.32388227430406125,0.6399260137683715,0.6761177256959388
0.25,0.34800000000000003,1.9685624034722915,0.3241776968208586,0.6381640260057813,0.6758223031791414
0.25,0.35000000000000003,1.9613368694071236,0.32448471767560805,0.6364238403363315,0.675515282324392
0.25,0.352,1.9541220867151916,0.32480307312656903,0.6347048590295981,0.675196926873431
0.25,0.354,1.9469185296398284,0.32513250622971773,0.6330065009668744,0.6748674937702823
0.25,0.356,1.9397266557488384,0.3254727666539889,0.631328201199064,0.6745272333460111
0.25,0.358,1.9325469064235978,0.32582361050147346,0.6296694105143898,0.6741763894985265
0.25,0.36,1.925379707334123,0.32618480013245443,0.6280295950158645,0.6738151998675456
0.25,0.362,1.9182254689005147,0.32655610399516477,0.6264082357084502,0.6734438960048352
0.25,0.364,1.9110845867411612,0.3269372964601532,0.6248048280958244,0.6730627035398469
0.25,0.366,1.9039574421080783,0.32732815765914464,0.6232188817866547,0.6726718423408553
0.25,0.368,1.8968444023097626,0.3277284733282843,0.6216499201102804,0.6722715266717156
0.25,0.37,1.8897458211219038,0.32813803465565605,0.6200974797416805,0.671861965344344
0.25,0.372,1.882662039186312,0.3285566381329671,0.618561110335611,0.6714433618670329
0.25,0.374,1.8755933843983945,0.32898408541129404,0.6170403741697794,0.671015914588706
0.25,0.376,1.8685401722835049,0.32942018316078536,0.6155348457969176,0.6705798168392146
0.25,0.378,1.8615027063624916,0.3298647429342198,0.6140441117056178,0.6701352570657801
0.25,0.38,1.8544812785067482,0.3303175810343192,0.6125677699897806,0.6696824189656808
0.25,0.382,1.8474761692830652,0.3307785183847191,0.6111054300265288,0.6692214816152808
0.25,0.384,1.8404876482885817,0.3312473804045006,0.6096567121624324,0.6687526195954994
0.25,0.386,1.833515974476112,0.331723996886189,0.6082212474078915,0.6682760031138111
0.25,0.388,1.8265613964701288,0.3322082018771284,0.6067986771395182,0.6677917981228716
0.25,0.39,1.8196241528736654,0.33269983356414123,0.6053886528103599,0.6673001664358588
0.25,0.392,1.8127044725664008,0.3331987341613849,0.6039908356678056,0.6668012658386151
0.25,0.394,1.8058025749941773,0.33370474980131987,0.602604896479011,0.6662952501986801
0.25,0.396,1.7989186704501965,0.3342177304287049,0.601230515263688,0.6657822695712952
0.25,0.398,1.7920529603481303,0.33473752969753706,0.5998673810340914,0.665262470302463
0.25,0.4,1.785205637487383,0.33526400487085684,0.598515191542051,0.6647359951291432
0.25,0.402,1.7783768863107212,0.33579701672333934,0.5971736530328814,0.6642029832766607
0.25,0.404,1.771566883154497,0.33633642944659586,0.5958424800060182,0.6636635705534042
0.25,0.406,1.7647757964916742,0.3368821105571111,0.594521394982222,0.6631178894428889
0.25,0.40800000000000003,1.758003787167859,0.3374339308067427,0.593210128277191,0.6625660691932573
0.25,0.41000000000000003,1.751251008630544,0.33799176409571347,0.5919084177814351,0.6620082359042865
0.25,0.41200000000000003,1.7445176071517499,0.33855548738802554,0.5906160087462528,0.6614445126119745
0.25,0.41400000000000003,1.737803722044264,0.33912498062923097,0.5893326535756664,0.6608750193707691
0.25,0.41600000000000004,1.7311094858716487,0.33970012666649124,0.5880581116241635,0.6602998733335088
0.25,0.418,1.7244350246522049,0.34028081117086345,0.5867921490001002,0.6597191888291365
0.25,0.42,1.7177804580570617,0.34086692256174944,0.5855345383746229,0.6591330774382506
0.25,0.422,1.711145899602559,0.3414583519334485,0.5842850587959679,0.6585416480665516
0.25,0.424,1.704531456837089,0.3420549929837535,0.5830434955089977,0.6579450070162465
0.25,0.426,1.6979372315225518,0.34265674194453405,0.5818096397798396,0.6573432580554659
0.25,0.428,1.6913633198105806,0.3432634975142494,0.5805832887254918,0.6567365024857506
0.25,0.43,1.6848098124136905,0.3438751607923381,0.5793642451482668,0.656124839207662
0.25,0.432,1.6782767947714854,0.3444916352154304,0.5781523173749403,0.6555083647845696
0.25,0.434,1.671764347212079,0.3451128264953325,0.5769473191004849,0.6548871735046675
0.25,0.436,1.6652725451088517,0.34573864255873177,0.5757490692362588,0.6542613574412682
0.25,0.438,1.6588014590326907,0.34636899348857514,0.574557391762533,0.6536310065114248
0.25,0.44,1.6523511548998326,0.3470037914670725,0.5733721155852379,0.6529962085329275
0.25,0.442,1.6459216941154364,0.3476429507202794,0.5721930743968114,0.6523570492797206
0.25,0.444,1.6395131337130164,0.34828638746421386,0.5710201065410391,0.6517136125357861
0.25,0.446,1.6331255264898419,0.34893401985246436,0.5698530548817728,0.6510659801475356
0.25,0.448,1.6267589211384277,0.3495857679252457,0.5686917666754214,0.6504142320747544
0.25,0.45,1.620413362374225,0.3502415535598627,0.5675360934471093,0.6497584464401374
0.25,0.452,1.6140888910596192,0.35090130042254053,0.5663858908703967,0.6490986995774595
0.25,0.454,1.6077855443243445,0.3515649339215838,0.5652410186504658,0.6484350660784162
0.25,0.456,1.6015033556824139,0.35223238116182576,0.5641013404106711,0.6477676188381742
0.25,0.458,1.5952423551456663,0.352903570900332,0.5629667235823612,0.647096429099668
0.25,0.46,1.5890025693340275,0.3535784335033214,0.5618370392978783,0.6464215664966786
0.25,0.462,1.5827840215825806,0.3542569009042713,0.5607121622866442,0.6457430990957287
0.25,0.464,1.5765867320455316,0.35493890656317195,0.5595919707742455,0.645061093436828
0.25,0.466,1.5704107177971678,0.3556243854268984,0.5584763463844321,0.6443756145731017
0.25,0.468,1.564255992929886,0.3563132738906675,0.5573651740439446,0.6436867261093324
0.25,0.47000000000000003,1.558122568649384,0.35700550976054946,0.55625834189009,0.6429944902394505
0.25,0.47200000000000003,1.5520104533670842,0.35770103221700356,0.5551557411809857,0.6422989677829964
0.25,0.47400000000000003,1.5459196527898842,0.35839978177940973,0.5540572662083953,0.6416002182205902
0.25,0.47600000000000003,1.5398501700072955,0.3591017002715668,0.552962814213081,0.6408982997284332
0.25,0.47800000000000004,1.5338020055760562,0.3598067307881304,0.5518722853025986,0.6401932692118696
0.25,0.48,1.5277751576022844,0.36051481766196386,0.5507855823714657,0.6394851823380361
0.25,0.482,1.5217696218212466,0.3612259064323762,0.5497026110236342,0.6387740935676238
0.25,0.484,1.5157853916748032,0.3619399438142216,0.5486232794971961,0.6380600561857783
0.25,0.486,1.5098224583866051,0.3626568776678372,0.5475474985912643,0.6373431223321628
0.25,0.488,1.503880811035103,0.36337665696979343,0.5464751815949573,0.6366233430302066
0.25,0.49,1.4979604366244266,0.36409923178443593,0.545406244218432,0.6359007682155641
0.25,0.492,1.4920613201532062,0.36482455323619567,0.5443406045259018,0.6351754467638043
0.25,0.494,1.4861834446813837,0.36555257348264536,0.5432781828705825,0.6344474265173546
0.25,0.496,1.4803267913950793,0.3662832456882817,0.5422189018315096,0.6337167543117184
0.25,0.498,1.4744913396695647,0.3670165239990125,0.5411626861521709,0.6329834760009875
0.25,0.5,1.468677067130399,0.3677523635173293,0.5401094626809035,0.6322476364826707
0.25,0.502,1.462883949712781,0.36849072027814544,0.5390591603130009,0.6315092797218546
0.25,0.504,1.457111961719166,0.3692315512252818,0.538011709934481,0.6307684487747183
0.25,0.506,1.4513610758751982,0.36997481418858097,0.5369670443674655,0.630025185811419
0.25,0.508,1.445631263384011,0.37072046786163326,0.5359250983171245,0.6292795321383667
0.25,0.51,1.4399224939789328,0.3714684717800964,0.5348858083201392,0.6285315282199035
0.25,0.512,1.4342347359746548,0.37221878630059296,0.5338491126946374,0.627781213699407
0.25,0.514,1.4285679563168971,0.37297137258016916,0.5328149514915602,0.6270286274198309
0.25,0.516,1.4229221206306177,0.373726192556299,0.5317832664474156,0.626273807443701
0.25,0.518,1.4172971932668108,0.3744832089274194,0.5307540009383802,0.6255167910725806
0.25,0.52,1.4116931373479276,0.37524238513397995,0.5297270999357074,0.6247576148660201
0.25,0.522,1.4061099148119656,0.3760036853399949,0.5287025099624053,0.6239963146600052
0.25,0.524,1.4005474864552598,0.3767670744150818,0.5276801790511446,0.6232329255849183
0.25,0.526,1.3950058119740174,0.37753251791697384,0.5266600567033634,0.6224674820830262
0.25,0.528,1.3894848500046273,0.3782999820744932,0.5256420938495304,0.6217000179255068
0.25,0.53,1.3839845581627837,0.37906943377097174,0.5246262428105349,0.6209305662290283
0.25,0.532,1.3785048930814545,0.37984084052810707,0.523612457260168,0.6201591594718929
0.25,0.534,1.3730458104477326,0.38061417049024227,0.5226006921886661,0.6193858295097577
0.25,0.536,1.3676072650385946,0.38138939240905706,0.5215909038672819,0.618610607590943
0.25,0.538,1.3621892107556062,0.3821664756286592,0.5205830498138548,0.6178335243713409
0.25,0.54,1.3567916006585983,0.38294539007106515,0.5195770887593518,0.6170546099289349
0.25,0.542,1.3514143869983481,0.3837261062220594,0.5185729806153474,0.6162738937779406
0.25,0.544,1.3460575212482893,0.3845085951174216,0.5175706864424185,0.6154914048825784
0.25,0.546,1.3407209541352847,0.3852928283295122,0.516570168419426,0.6147071716704877
0.25,0.548,1.3354046356694806,0.3860787779542059,0.5155713898136547,0.6139212220457941
0.25,0.55,1.330108515173281,0.38686641659816384,0.5145743149517916,0.6131335834018361
0.25,0.552,1.3248325413094497,0.3876557173664354,0.5135789091917123,0.6123442826335646
0.25,0.554,1.3195766621083862,0.3884466538503803,0.5125851388950565,0.6115533461496196
0.25,0.556,1.3143408249945798,0.3892392001159024,0.5115929714005655,0.6107607998840976
0.25,0.558,1.3091249768122788,0.3900333306919868,0.5106023749981631,0.6099666693080132
0.25,0.56,1.3039290638503915,0.39082902055953184,0.5096133189037557,0.6091709794404682
0.25,0.562,1.2987530318666414,0.39162624514046795,0.5086257732347312,0.608373754859532
0.25,0.5640000000000001,1.2935968261110002,0.3924249802871562,0.5076397089861371,0.6075750197128438
0.25,0.5660000000000001,1.2884603913484172,0.3932252022720579,0.5066550980075163,0.6067747977279421
0.25,0.5680000000000001,1.2833436718808662,0.3940268877776689,0.5056719129803836,0.6059731122223311
0.25,0.5700000000000001,1.2782466115687299,0.3948300138867109,0.5046901273963228,0.6051699861132891
0.25,0.5720000000000001,1.2731691538515417,0.39563455807257314,0.5037097155356866,0.6043654419274269
0.25,0.5740000000000001,1.2681112417680984,0.3964404981899975,0.5027306524468813,0.6035595018100025
0.25,0.5760000000000001,1.2630728179759707,0.39724781246600077,0.5017529139262216,0.6027521875339992
0.25,0.578,1.2580538247704205,0.3980564794910274,0.5007764764983355,0.6019435205089726
0.25,0.58,1.2530542041027457,0.39886647821032684,0.49980131739710626,0.6011335217896732
0.25,0.582,1.2480738975980707,0.39967778791554925,0.49882741454713464,0.6003222120844507
0.25,0.584,1.243112846572595,0.400490388236554,0.4978547465457063,0.599509611763446
0.25,0.586,1.2381709920503168,0.40130425913342493,0.49688329264525016,0.5986957408665751
0.25,0.588,1.2332482747792488,0.40211938088868754,0.4959130327362735,0.5978806191113124
0.25,0.59,1.2283446352471374,0.40293573409972167,0.4949439473307602,0.5970642659002783
0.25,0.592,1.2234600136967024,0.4037532996713657,0.4939760175460179,0.5962467003286342
0.25,0.594,1.218594350140409,0.40457205880870634,0.49300922508896283,0.5954279411912937
0.25,0.596,1.213747584374788,0.4053919930100494,0.4920435522408284,0.5946080069899506
0.25,0.598,1.208919655994314,0.40621308406006695,0.49107898184228554,0.593786915939933
0.25,0.6,1.204110504404858,0.4070353140231157,0.4901154972789636,0.5929646859768842
0.25,0.602,1.1993200688367223,0.4078586652367229,0.4891530824673601,0.5921413347632771
0.25,0.604,1.1945482883572764,0.40868312030523435,0.4881917218411286,0.5913168796947657
0.25,0.606,1.189795101883196,0.4095086620936214,0.4872314003377316,0.5904913379063785
0.25,0.608,1.1850604481923268,0.41033527372144174,0.48627210338545285,0.5896647262785583
0.25,0.61,1.180344265935176,0.41116293855695063,0.48531381689075376,0.5888370614430494
0.25,0.612,1.1756464936460462,0.41199164021135837,0.4843565272259669,0.5880083597886416
0.25,0.614,1.1709670697538217,0.41282136253323043,0.48340022121731696,0.5871786374667696
0.25,0.616,1.1663059325924154,0.41365208960302613,0.4824448861332588,0.5863479103969739
0.25,0.618,1.1616630204108889,0.41448380572777277,0.4814905096731246,0.5855161942722272
0.25,0.62,1.157038271383252,0.4153164954358713,0.4805370799560708,0.5846835045641288
0.25,0.622,1.152431623617956,0.4161501434720303,0.47958458551031713,0.5838498565279697
0.25,0.624,1.1478430151670802,0.4169847347923249,0.4786330152626675,0.5830152652076751
0.25,0.626,1.1432723840352343,0.4178202545593777,0.47768235852830826,0.5821797454406223
0.25,0.628,1.1387196681881708,0.41865668813765805,0.4767326050008725,0.5813433118623419
0.25,0.63,1.1341848055611263,0.41949402108889683,0.47578374474276547,0.5805059789111031
0.25,0.632,1.1296677340668928,0.4203322391676142,0.47483576817574197,0.5796677608323858
0.25,0.634,1.1251683916036321,0.4211713283167568,0.4738886660717305,0.5788286716832431
0.25,0.636,1.120686716062436,0.42201127466344196,0.4729424295438955,0.5779887253365581
0.25,0.638,1.1162226453346427,0.4228520645148061,0.47199705003793185,0.5771479354851938
0.25,0.64,1.1117761173189167,0.4236936843539547,0.4710525193235864,0.5763063156460453
0.25,0.642,1.1073470699280958,0.42453612083601105,0.4701088294863969,0.575463879163989
0.25,0.644,1.102935441095817,0.4253793607842618,0.46916597291964646,0.5746206392157382
0.25,0.646,1.0985411687829216,0.4262233911863961,0.468223942316524,0.5737766088136039
0.25,0.648,1.0941641909836535,0.4270681991908366,0.4672827306624875,0.5729318008091634
0.25,0.65,1.0898044457316478,0.42791377210315984,0.46634233122782276,0.5720862278968402
0.25,0.652,1.0854618711057238,0.42876009738260334,0.46540273756039297,0.5712399026173967
0.25,0.654,1.081136405235485,0.4296071626386579,0.46446394347857495,0.570392837361342
0.25,0.656,1.0768279863067278,0.43045495562774233,0.46352594306437367,0.5695450443722576
0.25,0.658,1.0725365525666732,0.43130346424995925,0.4625887306567147,0.5686965357500408
0.25,0.66,1.0682620423290177,0.4321526765459289,0.4616523008449054,0.5678473234540711
0.25,0.662,1.0640043939788144,0.4330025806937003,0.46071664846226323,0.5669974193062997
0.25,0.664,1.0597635459771884,0.4338531650057364,0.45978176857990544,0.5661468349942635
0.25,0.666,1.0555394368658875,0.43470441792597286,0.4588476565006948,0.5652955820740271
0.25,0.668,1.0513320052716792,0.4355563280269473,0.45791430775333986,0.5644436719730527
0.25,0.67,1.0471411899105938,0.4364088840069983,0.4569817180866425,0.5635911159930017
0.25,0.672,1.0429669295920188,0.4372620746875315,0.4560498834638907,0.5627379253124685
0.25,0.674,1.038809163222651,0.4381158890103519,0.4551188000573915,0.5618841109896481
0.25,0.676,1.0346678298103098,0.43897031603506065,0.454188464243142,0.5610296839649394
0.25,0.678,1.0305428684676123,0.43982534493651376,0.4532588725956319,0.5601746550634863
0.25,0.68,1.0264342184155206,0.44068096500234294,0.45233002188277727,0.5593190349976571
0.25,0.682,1.0223418189867588,0.4415371656305352,0.45140190906097916,0.5584628343694649
0.25,0.684,1.0182656096291087,0.442393936327071,0.45047453127030607,0.557606063672929
0.25,0.686,1.0142055299085837,0.44325126670361936,0.4495478858297952,0.5567487332963806
0.25,0.6880000000000001,1.0101615195124864,0.44410914647528765,0.44862197023287,0.5558908535247123
0.25,0.6900000000000001,1.0061335182523532,0.4449675654584261,0.4476967821428705,0.5550324345415739
0.25,0.6920000000000001,1.0021214660667912,0.4458265135684844,0.44677231938869577,0.5541734864315155
0.25,0.6940000000000001,0.9981253030242033,0.4466859808179202,0.4458485799605501,0.5533140191820798
0.25,0.6960000000000001,0.9941449693254173,0.4475459573141571,0.4449255620057972,0.5524540426858429
0.25,0.6980000000000001,0.9901804053062072,0.4484064332575921,0.4440032638249133,0.5515935667424079
0.25,0.7000000000000001,0.9862315514397229,0.4492673989396507,0.4430816838675406,0.5507326010603493
0.25,0.7020000000000001,0.9822983483388223,0.45012884474088805,0.44216082072863655,0.549871155259112
0.25,0.704,0.9783807367583127,0.4509907611291364,0.44124067314471666,0.5490092388708636
0.25,0.706,0.9744786575971026,0.451853138657696,0.4403212399901891,0.548146861342304
0.25,0.708,0.9705920519002689,0.45271596796357,0.4394025202737778,0.5472840320364301
0.25,0.71,0.9667208608610381,0.45357923976574094,0.4384845131350323,0.546420760234259
0.25,0.712,0.9628650258226885,0.4544429448634889,0.43756721784092184,0.5455570551365111
0.25,0.714,0.9590244882803707,0.4553070741347498,0.43665063378251123,0.5446929258652502
0.25,0.716,0.9551991898828547,0.45617161853451266,0.4357347604717171,0.5438283814654874
0.25,0.718,0.9513890724342011,0.4570365690932554,0.4348195975381419,0.5429634309067446
0.25,0.72,0.9475940778953604,0.4579019169154181,0.43390514472598357,0.5420980830845818
0.25,0.722,0.943814148385703,0.4587676531779125,0.43299140189101903,0.5412323468220874
0.25,0.724,0.9400492261844808,0.45963376912866744,0.4320783689976601,0.5403662308713326
0.25,0.726,0.9362992537322238,0.4605002560852086,0.4311660461160788,0.5394997439147914
0.25,0.728,0.9325641736320726,0.46136710543327286,0.4302544334194014,0.5386328945667271
0.25,0.73,0.9288439286510491,0.46223430862545506,0.4293435311809692,0.537765691374545
0.25,0.732,0.9251384617212673,0.4631018571798876,0.42843333977166326,0.5368981428201124
0.25,0.734,0.9214477159410859,0.46396974267895164,0.42752385965729334,0.5360302573210484
0.25,0.736,0.9177716345762047,0.4648379567680187,0.4266150913960477,0.5351620432319812
0.25,0.738,0.9141101610607059,0.4657064911542228,0.4257070356360028,0.5342935088457772
0.25,0.74,0.9104632389980429,0.46657533760526176,0.424799693112692,0.5334246623947383
0.25,0.742,0.9068308121619777,0.4674444879482274,0.4238930646467309,0.5325555120517727
0.25,0.744,0.9032128244974672,0.4683139340684635,0.42298715114149754,0.5316860659315366
0.25,0.746,0.8996092201215035,0.4691836679084513,0.4220819535808683,0.5308163320915487
0.25,0.748,0.8960199433239049,0.47005368146672166,0.4211774730270048,0.5299463185332783
0.25,0.75,0.8924449385680631,0.4709239667967933,0.4202737106181928,0.5290760332032067
0.25,0.752,0.8888841504916457,0.4717945160061367,0.41937066756673197,0.5282054839938632
0.25,0.754,0.885337523907256,0.47266532125516236,0.41846834515687314,0.5273346787448376
0.25,0.756,0.8818050038030516,0.47353637475623417,0.41756674474280436,0.5264636252437658
0.25,0.758,0.878286535343323,0.4744076687727057,0.41666586774668246,0.5255923312272943
0.25,0.76,0.8747820638690328,0.47527919561798015,0.41576571565671044,0.5247208043820198
0.25,0.762,0.8712915348983178,0.476150947654593,0.4148662900252589,0.523849052345407
0.25,0.764,0.8678148941269543,0.47702291729331625,0.41396759246703013,0.5229770827066837
0.25,0.766,0.8643520874287886,0.47789509699228483,0.41306962465726477,0.5221049030077152
0.25,0.768,0.8609030608561311,0.4787674792561437,0.41217238832998837,0.5212325207438563
0.25,0.77,0.8574677606401213,0.4796400566352158,0.41127588527629944,0.5203599433647842
0.25,0.772,0.8540461331910559,0.48051282172469006,0.41038011734269475,0.5194871782753099
0.25,0.774,0.8506381250986892,0.4813857671638289,0.40948508642943354,0.5186142328361711
0.25,0.776,0.8472436831325013,0.4822588856351952,0.40859079448893854,0.5177411143648047
0.25,0.778,0.8438627542419389,0.4831321698638978,0.40769724352423303,0.5168678301361023
0.25,0.78,0.8404952855566253,0.48400561261685543,0.4068044355874133,0.5159943873831445
0.25,0.782,0.8371412243865461,0.4848792067020787,0.40591237277815534,0.5151207932979214
0.25,0.784,0.8338005182222047,0.4857529449679691,0.40502105724225473,0.5142470550320308
0.25,0.786,0.8304731147347559,0.4866268203026357,0.4041304911702002,0.5133731796973643
0.25,0.788,0.8271589617761114,0.48750082563322794,0.4032406767957779,0.5124991743667721
0.25,0.79,0.8238580073790231,0.48837495392528524,0.40235161639470773,0.5116250460747147
0.25,0.792,0.820570199757143,0.48924919818210216,0.4014633122833096,0.5107508018178979
0.25,0.794,0.8172954873050586,0.4901235514441094,0.40057576681719936,0.5098764485558906
0.25,0.796,0.8140338185983098,0.4909980067882698,0.3996889823900141,0.5090019932117302
0.25,0.798,0.8107851423933812,0.4918725573274894,0.39880296143216504,0.5081274426725106
0.25,0.8,0.8075494076276766,0.49274719621004276,0.39791770640961854,0.5072528037899573
0.25,0.802,0.8043265634194718,0.49362191661901267,0.3970332198227035,0.5063780833809873
0.25,0.804,0.8011165590678502,0.49449671177174365,0.39614950420494577,0.5055032882282564
0.25,0.806,0.7979193440526174,0.49537157491930905,0.3952665621219271,0.504628425080691
0.25,0.808,0.7947348680342007,0.49624649934599135,0.3943843961701705,0.5037535006540086
0.25,0.81,0.7915630808535288,0.49712147836877524,0.3935030089760486,0.5028785216312248
0.25,0.812,0.7884039325318968,0.4979965053368535,0.39262240319471703,0.5020034946631464
0.25,0.8140000000000001,0.7852573732708136,0.4988715736311455,0.39174258150907054,0.5011284263688545
0.25,0.8160000000000001,0.7821233534518343,0.4997466766638269,0.3908635466287218,0.5002533233361731
0.25,0.8180000000000001,0.779001823636377,0.5006218078778722,0.3899853012890025,0.49937819212212775
0.25,0.8200000000000001,0.7758927345655265,0.5014969607466083,0.38910784824998645,0.4985030392533917
0.25,0.8220000000000001,0.7727960371598215,0.5023721287732789,0.38823119029553343,0.49762787122672114
0.25,0.8240000000000001,0.7697116825190305,0.5032473054906205,0.387355330232354,0.49675269450937953
0.25,0.8260000000000001,0.7666396219219129,0.5041224844604494,0.3864802708890943,0.4958775155395506
0.25,0.8280000000000001,0.7635798068259684,0.5049976592732583,0.3856060151154408,0.49500234072674165
0.25,0.8300000000000001,0.760532188867174,0.505872823547824,0.3847325657812443,0.49412717645217596
0.25,0.8320000000000001,0.7574967198597081,0.5067479709308245,0.38385992577566225,0.49325202906917553
0.25,0.834,0.7544733517956657,0.5076230950964662,0.3829880980063208,0.4923769049035338
0.25,0.836,0.7514620368447585,0.508498189746121,0.38211708539849265,0.49150181025387896
0.25,0.838,0.7484627273540101,0.5093732486079724,0.38124689089429525,0.4906267513920276
0.25,0.84,0.7454753758474346,0.5102482654366702,0.38037751745190335,0.48975173456332977
0.25,0.842,0.7424999350257109,0.5111232340129956,0.37950896804478046,0.48887676598700436
0.25,0.844,0.7395363577658433,0.5119981481435337,0.37864124566092555,0.4880018518564663
0.25,0.846,0.7365845971208156,0.5128730016603549,0.3777743533021359,0.4871269983396451
0.25,0.848,0.7336446063192359,0.5137477884207051,0.3769082939832863,0.4862522115792949
0.25,0.85,0.7307163387649712,0.5146225023067037,0.37604307073162246,0.4853774976932963
0.25,0.852,0.7277997480367762,0.5154971372250492,0.37517868658607023,0.4845028627749508
0.25,0.854,0.7248947878879126,0.5163716871067336,0.3743151445965593,0.48362831289326635
0.25,0.856,0.7220014122457616,0.5172461459067633,0.3734524478233604,0.4827538540932367
0.25,0.858,0.7191195752114288,0.5181205076038882,0.3725905993364379,0.48187949239611183
0.25,0.86,0.7162492310593424,0.5189947662003377,0.37172960221481505,0.4810052337996623
0.25,0.862,0.7133903342368438,0.519868915721564,0.37086945954595213,0.480131084278436
0.25,0.864,0.7105428393637733,0.5207429502159922,0.3700101744251391,0.47925704978400785
0.25,0.866,0.7077067012320479,0.5216168637547771,0.3691517499548999,0.4783831362452229
0.25,0.868,0.7048818748052346,0.5224906504315674,0.36829418924440965,0.4775093495684326
0.25,0.87,0.7020683152181167,0.5233643043622749,0.367437495408924,0.4766356956377251
0.25,0.872,0.6992659777762559,0.5242378196848514,0.3665816715692201,0.4757621803151486
0.25,0.874,0.6964748179555476,0.5251111905590713,0.36572672085105,0.4748888094409287
0.25,0.876,0.693694791401773,0.5259844111663199,0.3648726463846047,0.4740155888336801
0.25,0.878,0.6909258539301449,0.5268574757093882,0.36401945130398966,0.47314252429061177
0.25,0.88,0.6881679615248498,0.5277303784122733,0.36316713874671175,0.4722696215877267
0.25,0.882,0.6854210703385847,0.5286031135199839,0.36231571185317574,0.4713968864800161
0.25,0.884,0.6826851366920909,0.5294756752983523,0.36146517376619275,0.47052432470164773
0.25,0.886,0.6799601170736821,0.5303480580338505,0.360615527630497,0.46965194196614946
0.25,0.888,0.6772459681387711,0.5312202560334135,0.359766776592275,0.4687797439665865
0.25,0.89,0.6745426467093905,0.5320922636242651,0.3589189237987025,0.4679077363757349
0.25,0.892,0.6718501097737104,0.5329640751537511,0.3580719723974917,0.4670359248462489
0.25,0.894,0.6691683144855544,0.5338356849891764,0.35722592553644855,0.46616431501082356
0.25,0.896,0.6664972181639104,0.5347070875176466,0.35638078636303805,0.4652929124823534
0.25,0.898,0.6638367782924396,0.5355782771459149,0.35553655802395945,0.4644217228540851
0.25,0.9,0.6611869525189822,0.5364492483002331,0.35469324366472993,0.4635507516997669
0.25,0.902,0.6585476986550606,0.5373199954262077,0.3538508464292767,0.4626800045737923
0.25,0.904,0.65591897467538,0.5381905129886594,0.3530093694595382,0.4618094870113406
0.25,0.906,0.6533007387173266,0.5390607954714878,0.3521688158950727,0.4609392045285122
0.25,0.908,0.6506929490804635,0.5399308373775398,0.3513291888726755,0.4600691626224602
0.25,0.91,0.6480955642260242,0.5408006332284819,0.3504904915260042,0.45919936677151807
0.25,0.912,0.645508542776405,0.5416701775646773,0.3496527269852114,0.4583298224353227
0.25,0.914,0.642931843514654,0.5425394649450656,0.348815898376585,0.45746053505493445
0.25,0.916,0.6403654253839601,0.5434084899470473,0.3479800088221963,0.45659151005295273
0.25,0.918,0.6378092474871385,0.5442772471663718,0.3471450614395549,0.4557227528336282
0.25,0.92,0.6352632690861165,0.5451457312170289,0.3463110593412712,0.4548542687829711
0.25,0.922,0.6327274496014161,0.5460139367311433,0.3454780056347253,0.4539860632688567
0.25,0.924,0.6302017486116369,0.5468818583588738,0.34464590342174384,0.4531181416411262
0.25,0.926,0.6276861258529365,0.5477494907683146,0.3438147557982822,0.4522505092316854
0.25,0.928,0.6251805412185103,0.5486168286454006,0.3429845658541143,0.4513831713545994
0.25,0.93,0.6226849547580705,0.549483866693816,0.34215533667252845,0.450516133306184
0.25,0.932,0.6201993266773239,0.5503505996349051,0.3413270713300296,0.44964940036509493
0.25,0.934,0.6177236173374485,0.5512170222075872,0.34049977289604744,0.44878297779241283
0.25,0.936,0.6152577872545699,0.5520831291682743,0.33967344443265135,0.4479168708317257
0.25,0.9380000000000001,0.612801797099237,0.5529489152907909,0.33884808899427044,0.44705108470920907
0.25,0.9400000000000001,0.6103556076958964,0.5538143753662979,0.33802370962741995,0.44618562463370215
0.25,0.9420000000000001,0.6079191800223678,0.5546795042032179,0.3372003093704337,0.4453204957967821
0.25,0.9440000000000001,0.6054924752093163,0.5555442966271644,0.3363778912532004,0.4444557033728356
0.25,0.9460000000000001,0.6030754545397281,0.5564087474808731,0.33555645829690833,0.4435912525191269
0.25,0.9480000000000001,0.6006680794483821,0.5572728516241354,0.3347360135137926,0.4427271483758646
0.25,0.9500000000000001,0.5982703115213237,0.5581366039337354,0.33391655990688957,0.44186339606626457
0.25,0.9520000000000001,0.5958821124953378,0.5589999993033883,0.3330981004697954,0.4410000006966117
0.25,0.9540000000000001,0.5935034442574212,0.5598630326436819,0.3322806381864302,0.44013696735631813
0.25,0.9560000000000001,0.5911342688442559,0.56072569888202,0.33146417603080724,0.43927430111798005
0.25,0.9580000000000001,0.5887745484416818,0.5615879929625684,0.3306487169668066,0.43841200703743155
0.25,0.96,0.5864242453841694,0.5624499098462032,0.32983426394795384,0.43755009015379676
0.25,0.962,0.5840833221542928,0.5633114445104604,0.32902081991720333,0.43668855548953955
0.25,0.964,0.581751741382204,0.5641725919494889,0.32820838780672673,0.4358274080505111
0.25,0.966,0.5794294658451048,0.5650333471740041,0.32739697053770483,0.4349666528259959
0.25,0.968,0.5771164584667221,0.5658937052112453,0.3265865710201251,0.43410629478875473
0.25,0.97,0.5748126823167816,0.566753661104933,0.3257771921525828,0.43324633889506703
0.25,0.972,0.572518100610482,0.5676132099152299,0.32496883682208627,0.4323867900847701
0.25,0.974,0.570232676707971,0.5684723467187025,0.32416150790386744,0.4315276532812975
0.25,0.976,0.5679563741138199,0.5693310666082854,0.32335520826119546,0.43066893339171464
0.25,0.978,0.5656891564765003,0.5701893646932463,0.3225499407451941,0.4298106353067537
0.25,0.98,0.5634309875878609,0.5710472360991541,0.32174570819466475,0.4289527639008459
0.25,0.982,0.5611818313826044,0.5719046759678471,0.32094251343591135,0.4280953240321529
0.25,0.984,0.5589416519377659,0.5727616794574044,0.3201403592825708,0.4272383205425956
0.25,0.986,0.5567104134721916,0.5736182417421176,0.3193392485354459,0.4263817582578824
0.25,0.988,0.5544880803460175,0.5744743580124647,0.3185391839823423,0.4255256419875353
0.25,0.99,0.5522746170601509,0.5753300234750852,0.3177401683979103,0.4246699765249148
0.25,0.992,0.5500699882557503,0.5761852333527568,0.3169422045434877,0.42381476664724316
0.25,0.994,0.547874158713708,0.5770399828843739,0.31614529516694884,0.42296001711562614
0.25,0.996,0.5456870933541327,0.5778942673249262,0.31534944300255513,0.4221057326750738
0.25,0.998,0.5435087572358325,0.5787480819454804,0.3145546507708098,0.42125191805451956
0.25,1.0,0.5413391155558005,0.5796014220331618,0.31376092117831605,0.4203985779668382
0.25,1.002,0.5391781336486998,0.5804542828911377,0.312968256917638,0.41954571710886235
0.25,1.004,0.5370257769863503,0.581306659838602,0.31217666066716526,0.41869334016139803
0.25,1.006,0.5348820111772156,0.5821585482107611,0.3113861350909799,0.4178414517892389
0.25,1.008,0.5327468019658926,0.5830099433588207,0.31059668283872793,0.4169900566411793
0.25,1.01,0.5306201152326004,0.5838608406499741,0.30980830654549224,0.4161391593500259
0.25,1.012,0.5285019169926716,0.5847112354673909,0.30902100883166944,0.4152887645326091
0.25,1.014,0.5263921733960437,0.5855611232102075,0.30823479230284967,0.4144388767897925
0.25,1.016,0.5242908507267522,0.5864104992935182,0.30744965954969816,0.4135895007064818
0.25,1.018,0.5221979154024252,0.5872593591483677,0.30666561314784174,0.4127406408516323
0.25,1.02,0.5201133339737785,0.5881076982217439,0.305882655657756,0.4118923017782561
0.25,1.022,0.5180370731241116,0.5889555119765723,0.30510078962465614,0.41104448802342775
0.25,1.024,0.5159690996688066,0.5898027958917108,0.3043200175783909,0.4101972041082892
0.25,1.026,0.5139093805548257,0.590649545461946,0.3035403420333381,0.40935045453805396
0.25,1.028,0.5118578828602132,0.5914957561979896,0.30276176548830375,0.40850424380201045
0.25,1.03,0.5098145737935954,0.5923414236264759,0.30198429042642333,0.4076585763735241
0.25,1.032,0.5077794206936841,0.5931865432899606,0.30120791931506513,0.40681345671003943
0.25,1.034,0.5057523910287809,0.5940311107469195,0.3004326546057371,0.4059688892530805
0.25,1.036,0.5037334523962822,0.5948751215717488,0.29965849873399514,0.4051248784282512
0.25,1.038,0.5017225725221859,0.5957185713547654,0.29888545411935424,0.40428142864523464
0.25,1.04,0.4997197192605998,0.5965614557022083,0.2981135231652023,0.4034385442977917
0.25,1.042,0.4977248605932507,0.5974037702362406,0.2973427082587152,0.4025962297637594
0.25,1.044,0.49573796462899533,0.5982455105949521,0.2965730117707756,0.4017544894050479
0.25,1.046,0.49375899960333225,0.5990866724323626,0.2958044360558926,0.4009133275676374
0.25,1.048,0.4917879338779157,0.5999272514184256,0.2950369834521244,0.4000727485815744
0.25,1.05,0.48982473594007053,0.6007672432390329,0.2942706562810034,0.39923275676096714
0.25,1.052,0.48786937440230804,0.6016066435960193,0.29350545684746226,0.39839335640398066
0.25,1.054,0.4859218180018445,0.6024454482071686,0.2927413874397634,0.3975545517928314
0.25,1.056,0.4839820356001195,0.6032836528062191,0.29197845032942965,0.3967163471937809
0.25,1.058,0.48204999618231736,0.6041212531428705,0.2912166477711775,0.39587874685712954
0.25,1.06,0.4801256688568885,0.6049582449827905,0.2904559820028517,0.3950417550172095
0.25,1.062,0.47820902285507344,0.6057946241076229,0.28969645524536286,0.39420537589237714
0.25,1.064,0.4763000275304273,0.6066303863149946,0.28893806970262564,0.39336961368500545
0.25,1.066,0.4743986523583466,0.6074655274185248,0.28818082756150043,0.3925344725814752
0.25,1.068,0.47250486693559723,0.608300043247833,0.2874247309917354,0.39169995675216696
0.25,1.07,0.4706186409798432,0.6091339296485486,0.2866697821459114,0.3908660703514514
0.25,1.072,0.46873994432917804,0.6099671824823198,0.2859159831593882,0.39003281751768015
0.25,1.074,0.4668687469416572,0.610799797626824,0.28516333615025313,0.389200202373176
0.25,1.076,0.46500501889483153,0.6116317709757774,0.28441184321927065,0.38836822902422263
0.25,1.078,0.46314873038528254,0.6124630984389455,0.28366150644983396,0.38753690156105447
0.25,1.08,0.46129985172815974,0.6132937759421544,0.28291232790791904,0.3867062240578456
0.25,1.082,0.4594583533567185,0.6141237994273008,0.28216430964203926,0.3858762005726992
0.25,1.084,0.45762420582186014,0.614953164852364,0.2814174536832025,0.38504683514763605
0.25,1.086,0.45579737979167323,0.6157818681914172,0.2806717620448695,0.3842181318085828
0.25,1.088,0.4539778460509763,0.6166099054346394,0.2799272367229138,0.38339009456536055
0.25,1.09,0.45216557550086256,0.617437272588327,0.27918387969558384,0.38256272741167296
0.25,1.092,0.45036053915824553,0.6182639656749062,0.27844169292346577,0.38173603432509384
0.25,1.094,0.4485627081554066,0.6190899807329451,0.27770067834944834,0.3809100192670549
0.25,1.096,0.44677205373954404,0.6199153138171668,0.2769608378986895,0.3800846861828332
0.25,1.098,0.44498854727232334,0.6207399609984615,0.276222173478584,0.3792600390015385
0.25,1.1,0.4432121602294295,0.6215639183638997,0.27548468697873274,0.3784360816361003
0.25,1.102,0.4414428642001201,0.6223871820167449,0.27474838027091336,0.3776128179832551
0.25,1.104,0.439680630886781,0.6232097480764669,0.27401325520905284,0.3767902519235331
0.25,1.106,0.43792543210448276,0.624031612678755,0.273279313629201,0.37596838732124505
0.25,1.108,0.43617723978053846,0.6248527719755311,0.2725465573495054,0.37514722802446887
0.25,1.11,0.43443602595406355,0.6256732221349636,0.2718149881701876,0.37432677786503643
0.25,1.112,0.43270176277553757,0.62649295934148,0.27108460787352157,0.37350704065852003
0.25,1.114,0.4309744225063663,0.6273119797957815,0.27035541822381226,0.37268802020421854
0.25,1.116,0.42925397751844613,0.6281302797148556,0.2696274209673759,0.3718697202851444
0.25,1.118,0.42754040029373036,0.6289478553319905,0.26890061783252245,0.3710521446680095
0.25,1.12,0.4258336634237961,0.6297647028967884,0.26817501052953796,0.37023529710321157
0.25,1.122,0.4241337396094132,0.6305808186751792,0.26745060075066907,0.36941918132482077
0.25,1.124,0.42244060166011516,0.6313961989494342,0.26672739017010877,0.3686038010505658
0.25,1.1260000000000001,0.4207542224937706,0.6322108400181798,0.26600538044398286,0.36778915998182016
0.25,1.1280000000000001,0.4190745751361567,0.6330247381964115,0.265284573210338,0.3669752618035885
0.25,1.1300000000000001,0.41740163272053504,0.6338378898155068,0.26456497008913116,0.3661621101844932
0.25,1.1320000000000001,0.4157353684872271,0.6346502912232398,0.26384657268221956,0.3653497087767602
0.25,1.1340000000000001,0.4140757557831931,0.6354619387837942,0.2631293825733528,0.3645380612162058
0.25,1.1360000000000001,0.41242276806161143,0.6362728288777769,0.26241340132816476,0.3637271711222231
0.25,1.1380000000000001,0.4107763788814597,0.6370829579022318,0.2616986304941682,0.3629170420977682
0.25,1.1400000000000001,0.40913656190709735,0.6378923222706528,0.2609850716007491,0.36210767772934715
0.25,1.1420000000000001,0.40750329090785026,0.6387009184129977,0.2602727261591629,0.3612990815870023
0.25,1.1440000000000001,0.4058765397575961,0.6395087427757011,0.2595615956625321,0.36049125722429887
0.25,1.1460000000000001,0.4042562824343515,0.6403157918216877,0.25885168158584365,0.35968420817831226
0.25,1.1480000000000001,0.40264249301986116,0.6411220620303856,0.25814298538594854,0.3588779379696144
0.25,1.1500000000000001,0.40103514569918786,0.6419275498977389,0.25743550850156244,0.3580724501022611
0.25,1.1520000000000001,0.3994342147603041,0.6427322519362212,0.25672925235326644,0.3572677480637788
0.25,1.154,0.39783967459368624,0.6435361646748476,0.25602421834351025,0.35646383532515236
0.25,1.156,0.3962514996919076,0.6443392846591882,0.2553204078566143,0.3556607153408118
0.25,1.158,0.3946696646492366,0.64514160845138,0.2546178222587753,0.35485839154862
0.25,1.16,0.39309414416123345,0.6459431326301396,0.25391646289807085,0.3540568673698604
0.25,1.162,0.39152491302434983,0.646743853790775,0.253216331104466,0.35325614620922496
0.25,1.164,0.3899619461355296,0.6475437685451987,0.2525174281898206,0.3524562314548013
0.25,1.166,0.38840521849181103,0.6483428735219383,0.25181975544789703,0.3516571264780617
0.25,1.168,0.3868547051899306,0.6491411653661493,0.25112331415436967,0.3508588346338507
0.25,1.17,0.3853103814259284,0.6499386407396263,0.2504281055668348,0.35006135926037374
0.25,1.172,0.38377222249475457,0.6507352963208143,0.24973413092482158,0.3492647036791857
0.25,1.174,0.3822402037898779,0.6515311288048202,0.24904139144980367,0.3484688711951798
0.25,1.176,0.3807143008028952,0.6523261349034238,0.2483498883452121,0.34767386509657616
0.25,1.178,0.3791944891231427,0.6531203113450886,0.24765962279644876,0.34687968865491137
0.25,1.18,0.3776807444373083,0.6539136548749724,0.2469705959709007,0.34608634512502756
0.25,1.182,0.3761730425290465,0.6547061622549378,0.24628280901795555,0.34529383774506217
0.25,1.184,0.37467135927859285,0.6554978302635627,0.24559626306901736,0.3445021697364373
0.25,1.186,0.3731756706623819,0.6562886556961498,0.24491095923752373,0.3437113443038502
0.25,1.188,0.37168595275266525,0.6570786353647371,0.24422689861896343,0.3429213646352629
0.25,1.19,0.3702021817171316,0.6578677660981069,0.2435440822908948,0.34213223390189307
0.25,1.192,0.368724333818528,0.6586560447417955,0.2428625113129651,0.3413439552582045
0.25,1.194,0.36725238541428284,0.6594434681581024,0.2421821867269308,0.3405565318418976
0.25,1.196,0.36578631295612996,0.6602300332260987,0.24150310955667784,0.33976996677390126
0.25,1.198,0.3643260929897347,0.6610157368416366,0.24082528080824409,0.3389842631583634
0.25,1.2,0.36287170215432035,0.6618005759173571,0.24014870146984088,0.3381994240826429
0.25,1.202,0.3614231171822975,0.6625845473826983,0.23947337251187656,0.33741545261730166
0.25,1.204,0.3599803148988934,0.6633676481839038,0.23879929488698004,0.3366323518160962
0.25,1.206,0.35854327222178384,0.6641498752840297,0.23812646953002564,0.3358501247159703
0.25,1.208,0.3571119661607255,0.6649312256629524,0.23745489735815797,0.3350687743370476
0.25,1.21,0.3556863738171906,0.6657116963173756,0.2367845792708181,0.3342883036826244
0.25,1.212,0.3542664723840023,0.6664912842608375,0.2361155161497702,0.3335087157391625
0.25,1.214,0.3528522391449718,0.6672699865237168,0.23544770885912866,0.33273001347628317
0.25,1.216,0.3514436514745369,0.6680478001532396,0.2347811582453862,0.3319521998467604
0.25,1.218,0.35004068683740164,0.6688247222134852,0.23411586513744273,0.3311752777865148
0.25,1.22,0.3486433227881777,0.6696007497853919,0.2334518303466342,0.33039925021460814
0.25,1.222,0.3472515369710269,0.6703758799667623,0.23278905466676283,0.3296241200332377
0.25,1.224,0.3458653071193053,0.671150109872269,0.2321275388741278,0.328849890127731
0.25,1.226,0.34448461105520856,0.6719234366334591,0.23146728372755623,0.3280765633665409
0.25,1.228,0.3431094266894186,0.672695857398759,0.23080828996843508,0.32730414260124097
0.25,1.23,0.3417397320207517,0.6734673693334788,0.23015055832074366,0.32653263066652116
0.25,1.232,0.34037550513580833,0.6742379696198162,0.22949408949108674,0.3257620303801838
0.25,1.234,0.33901672420862367,0.6750076554568603,0.22883888416872805,0.32499234454313974
0.25,1.236,0.3376633675003198,0.6757764240605949,0.2281849430256246,0.3242235759394051
0.25,1.238,0.3363154133587595,0.676544272663902,0.22753226671646148,0.32345572733609795
0.25,1.24,0.3349728402182009,0.6773111985165644,0.22688085587868728,0.3226888014834356
0.25,1.242,0.33363562659895396,0.6780771988852682,0.22623071113254997,0.3219228011147318
0.25,1.244,0.332303751107038,0.6788422710536051,0.2255818330811336,0.32115772894639494
0.25,1.246,0.3309771924338406,0.6796064123220742,0.22493422231039517,0.3203935876779258
0.25,1.248,0.32965592935577764,0.680369620008084,0.22428787938920222,0.319630379991916
0.25,1.25,0.3283399407339554,0.6811318914459531,0.2236428048693712,0.3188681085540469
0.25,1.252,0.3270292055138329,0.6818932239869115,0.2229989992857058,0.31810677601308845
0.25,1.254,0.32572370272488665,0.6826536149991014,0.22235646315603652,0.3173463850008986
0.25,1.256,0.32442341148027576,0.683413061867577,0.22171519698126008,0.316586938132423
0.25,1.258,0.3231283109765089,0.6841715619943051,0.22107520124537966,0.31582843800569493
0.25,1.26,0.32183838049311275,0.6849291127981644,0.22043647641554576,0.3150708872018356
0.25,1.262,0.320553599392301,0.6856857117149451,0.2197990229420973,0.3143142882850549
0.25,1.264,0.3192739471186454,0.6864413561973477,0.2191628412586032,0.3135586438026523
0.25,1.266,0.3179994031987476,0.687196043714982,0.21852793178190474,0.312803956285018
0.25,1.268,0.3167299472409126,0.6879497717543652,0.21789429491215795,0.3120502282456348
0.25,1.27,0.31546555893482336,0.6887025378189202,0.217261931032877,0.3112974621810798
0.25,1.272,0.3142062180512167,0.689454339428973,0.21663084051097747,0.31054566057102695
0.25,1.274,0.31295190444156024,0.6902051741217506,0.21600102369682056,0.30979482587824936
0.25,1.276,0.3117025980377311,0.6909550394513776,0.21537248092425737,0.3090449605486224
0.25,1.278,0.3104582788516953,0.6917039329888731,0.21474521251067394,0.3082960670111269
0.25,1.28,0.30921892697518905,0.6924518523221472,0.21411921875703643,0.30754814767785277
0.25,1.282,0.30798452257940073,0.6931987950559969,0.21349449994793707,0.3068012049440031
0.25,1.284,0.30675504591465425,0.6939447588121018,0.21287105635163997,0.3060552411878982
0.25,1.286,0.30553047731009386,0.6946897412290198,0.21224888822012802,0.30531025877098017
0.25,1.288,0.3043107971733703,0.6954337399621818,0.21162799578914984,0.30456626003781817
0.25,1.29,0.3030959859903276,0.6961767526838866,0.21100837927826704,0.30382324731611343
0.25,1.292,0.3018860243246916,0.6969187770832952,0.21039003889090196,0.3030812229167048
0.25,1.294,0.30068089281775984,0.697659810866425,0.20977297481438614,0.30234018913357497
0.25,1.296,0.29948057218809193,0.6983998517561434,0.2091571872200084,0.3016001482438566
0.25,1.298,0.2982850432312022,0.6991388974921611,0.2085426762630643,0.30086110250783893
0.25,1.3,0.2970942868192525,0.6998769458310252,0.20792944208290504,0.3001230541689748
0.25,1.302,0.2959082839007469,0.7006139945461122,0.2073174848029873,0.2993860054538878
0.25,1.304,0.2947270155002276,0.7013500414276195,0.2067068045309233,0.2986499585723805
0.25,1.306,0.2935504627179714,0.7020850842825584,0.206097401358531,0.29791491571744155
0.25,1.308,0.29237860672968824,0.7028191209347453,0.2054892753618851,0.2971808790652547
0.25,1.31,0.2912114287862201,0.7035521492247929,0.20488242660136788,0.2964478507752071
0.25,1.312,0.29004891021324175,0.7042841670101017,0.20427685512172072,0.29571583298989834
0.25,1.314,0.2888910324109625,0.7050151721648499,0.20367256095209593,0.2949848278351501
0.25,1.316,0.2877377768538288,0.7057451625799845,0.2030695441061087,0.29425483742001546
0.25,1.318,0.2865891250902283,0.7064741361632109,0.20246780458188943,0.29352586383678914
0.25,1.32,0.28544505874219533,0.7072020908389823,0.2018673423621367,0.29279790916101767
0.25,1.322,0.2843055595051167,0.7079290245484897,0.20126815741416987,0.2920709754515103
0.25,1.324,0.28317060914744,0.7086549352496501,0.20067024968998307,0.29134506475034994
0.25,1.326,0.2820401895103815,0.7093798209170956,0.20007361912629815,0.2906201790829044
0.25,1.328,0.28091428250763656,0.7101036795421616,0.19947826564461899,0.2898963204578384
0.25,1.33,0.2797928701250903,0.7108265091328746,0.1988841891512857,0.2891734908671254
0.25,1.332,0.27867593442052974,0.7115483077139401,0.19829138953752887,0.28845169228605994
0.25,1.334,0.27756345752335726,0.7122690733267294,0.1976998666795247,0.2877309266732706
0.25,1.336,0.276455421634305,0.7129888040292671,0.19710962043844987,0.2870111959707329
0.25,1.338,0.27535180902515005,0.7137074978962173,0.19652065066053692,0.28629250210378265
0.25,1.34,0.2742526020384315,0.7144251530188701,0.19593295717712972,0.2855748469811299
0.25,1.342,0.273157783087168,0.7151417675051274,0.1953465398047395,0.28485823249487263
0.25,1.344,0.2720673346545768,0.7158573394794884,0.19476139834510095,0.2841426605205116
0.25,1.346,0.27098123929379364,0.7165718670830352,0.19417753258522846,0.2834281329169648
0.25,1.348,0.26989947962759414,0.7172853484734174,0.19359494229747287,0.2827146515265826
0.25,1.35,0.2688220383481157,0.717997781824837,0.19301362723957832,0.282002218175163
0.25,1.352,0.2677488982165809,0.7187091653280323,0.19243358715473913,0.2812908346719677
0.25,1.354,0.2666800420630223,0.7194194971902623,0.19185482177165752,0.2805805028097377
0.25,1.356,0.2656154527860074,0.72012877563529,0.1912773308046007,0.27987122436471
0.25,1.358,0.26455511335236587,0.7208369989033655,0.1907011139534591,0.2791630010966345
0.25,1.36,0.26349900679691657,0.7215441652512095,0.19012617090380393,0.27845583474879054
0.25,1.362,0.2624471162221971,0.7222502729519953,0.18955250132694587,0.2777497270480047
0.25,1.364,0.26139942479819295,0.7229553202953318,0.1889801048799931,0.2770446797046682
0.25,1.366,0.2603559157620689,0.7236593055872449,0.18840898120591001,0.2763406944127551
0.25,1.368,0.259316572417901,0.7243622271501594,0.18783912993357638,0.2756377728498406
0.25,1.37,0.25828137813640933,0.7250640833228802,0.18727055067784582,0.2749359166771198
0.25,1.372,0.25725031635469237,0.7257648724605734,0.18670324303960548,0.2742351275394266
0.25,1.374,0.2562233705759621,0.726464592934747,0.18613720660583513,0.27353540706525303
0.25,1.3760000000000001,0.2552005243692804,0.7271632431332311,0.18557244094966713,0.2728367568667689
0.25,1.3780000000000001,0.25418176136929616,0.7278608214601584,0.18500894563044587,0.2721391785398416
0.25,1.3800000000000001,0.2531670652759836,0.7285573263359433,0.18444672019378783,0.2714426736640567
0.25,1.3820000000000001,0.25215641985438175,0.7292527561972616,0.1838857641716418,0.2707472438027384
0.25,1.3840000000000001,0.2511498089343348,0.7299471094970297,0.18332607708234896,0.2700528905029703
0.25,1.3860000000000001,0.2501472164102336,0.7306403847043832,0.18276765843070367,0.2693596152956168
0.25,1.3880000000000001,0.24914862624075784,0.7313325803046556,0.18221050770801367,0.26866741969534436
0.25,1.3900000000000001,0.24815402244862017,0.7320236947993563,0.18165462439216132,0.26797630520064375
0.25,1.3920000000000001,0.24716338912031008,0.732713726706148,0.18110000794766418,0.267286273293852
0.25,1.3940000000000001,0.24617671040583966,0.7334026745588251,0.18054665782573617,0.26659732544117487
0.25,1.3960000000000001,0.24519397051849015,0.7340905369072905,0.1799945734643488,0.26590946309270946
0.25,1.3980000000000001,0.24421515373455957,0.7347773123175324,0.17944375428829268,0.2652226876824676
0.25,1.4000000000000001,0.24324024439311115,0.735462999371601,0.17889419970923878,0.264537000628399
0.25,1.4020000000000001,0.2422692268957229,0.7361475966675848,0.1783459091258002,0.2638524033324152
0.25,1.4040000000000001,0.24130208570623815,0.7368311028195867,0.1777988819235939,0.26316889718041325
0.25,1.4060000000000001,0.24033880535051716,0.7375135164576998,0.17725311747530254,0.2624864835423002
0.25,1.408,0.23937937041618976,0.7381948362279823,0.1767086151407367,0.2618051637720177
0.25,1.41,0.23842376555240832,0.7388750607924333,0.17616537426689655,0.26112493920756674
0.25,1.412,0.23747197546960305,0.739554188828967,0.17562339418803463,0.26044581117103305
0.25,1.414,0.23652398493923688,0.7402322190313876,0.1750826742257178,0.2597677809686124
0.25,1.416,0.23557977879356215,0.7409091501093633,0.17454321368888995,0.2590908498906367
0.25,1.418,0.23463934192537797,0.7415849807884005,0.17400501187393436,0.2584150192115995
0.25,1.42,0.23370265928778855,0.7422597098098171,0.1734680680647365,0.25774029019018285
0.25,1.422,0.2327697158939627,0.7429333359307161,0.17293238153274673,0.2570666640692839
0.25,1.424,0.231840496816894,0.7436058579239584,0.1723979515370432,0.2563941420760416
0.25,1.426,0.23091498718916215,0.7442772745781358,0.17186477732439473,0.25572272542186425
0.25,1.428,0.2299931722026949,0.7449475846975434,0.17133285812932375,0.2550524153024566
0.25,1.43,0.22907503710853178,0.745616787102152,0.1708021931741697,0.25438321289784804
0.25,1.432,0.2281605672165876,0.7462848806275795,0.17027278166915188,0.25371511937242053
0.25,1.434,0.22724974789541777,0.7469518641250631,0.16974462281243294,0.2530481358749369
0.25,1.436,0.2263425645719843,0.7476177364614304,0.16921771579018205,0.25238226353856963
0.25,1.438,0.22543900273142273,0.7482824965190705,0.16869205977663856,0.25171750348092947
0.25,1.44,0.2245390479168097,0.7489461431959049,0.16816765393417513,0.2510538568040951
0.25,1.442,0.22364268572893206,0.7496086754053578,0.1676444974133615,0.2503913245946422
0.25,1.444,0.22274990182605628,0.7502700920763267,0.16712258935302798,0.24972990792367333
0.25,1.446,0.22186068192369923,0.750930392153152,0.1666019288803292,0.24906960784684795
0.25,1.448,0.22097501179439963,0.7515895745955875,0.16608251511080774,0.2484104254044125
0.25,1.45,0.2200928772674904,0.7522476383787686,0.16556434714845783,0.24775236162123138
0.25,1.452,0.21921426422887214,0.7529045824931828,0.16504742408578923,0.24709541750681718
0.25,1.454,0.2183391586207872,0.7535604059446377,0.16453174500389103,0.2464395940553623
0.25,1.456,0.21746754644159505,0.7542151077542301,0.16401730897249564,0.24578489224576994
0.25,1.458,0.216599413745548,0.7548686869583143,0.16350411505004248,0.24513131304168567
0.25,1.46,0.21573474664256828,0.7555211426084706,0.1629921622837421,0.2444788573915294
0.25,1.462,0.21487353129802603,0.7561724737714723,0.16248144970964024,0.24382752622852766
0.25,1.464,0.21401575393251765,0.7568226795292545,0.1619719763526816,0.24317732047074547
0.25,1.466,0.2131614008216456,0.7574717589788806,0.16146374122677412,0.24252824102111936
0.25,1.468,0.21231045829579887,0.7581197112325098,0.16095674333485285,0.24188028876749024
0.25,1.47,0.21146291273993417,0.7587665354173638,0.16045098166894417,0.24123346458263617
0.25,1.472,0.21061875059335827,0.7594122306756941,0.15994645521022988,0.24058776932430592
0.25,1.474,0.20977795834951105,0.7600567961647473,0.15944316292911118,0.2399432038352527
0.25,1.476,0.20894052255574935,0.7607002310567322,0.1589411037852729,0.23929976894326777
0.25,1.478,0.20810642981313185,0.7613425345387853,0.15844027672774763,0.2386574654612147
0.25,1.48,0.20727566677620476,0.7619837058129365,0.15794068069497988,0.2380162941870635
0.25,1.482,0.20644822015278824,0.7626237440960747,0.15744231461489008,0.2373762559039253
0.25,1.484,0.20562407670376381,0.7632626486199128,0.15694517740493888,0.23673735138008722
0.25,1.486,0.2048032232428626,0.7639004186309526,0.1564492679721912,0.2360995813690474
0.25,1.488,0.20398564663645424,0.7645370533904501,0.1559545852133803,0.23546294660954992
0.25,1.49,0.20317133380333707,0.7651725521743792,0.15546112801497214,0.23482744782562082
0.25,1.492,0.20236027171452858,0.7658069142733965,0.1549688952532292,0.23419308572660347
0.25,1.494,0.20155244739305708,0.7664401389928055,0.1544778857942748,0.2335598610071945
0.25,1.496,0.20074784791375413,0.7670722256525198,0.15398809849415693,0.23292777434748024
0.25,1.498,0.1999464604030478,0.7677031735870271,0.15349953219891266,0.2322968264129729
0.25,1.5,0.1991482720387566,0.7683329821453528,0.15301218574463185,0.23166701785464716
0.25,1.502,0.19835327004988443,0.7689616506910228,0.15252605795752136,0.23103834930897715
0.25,1.504,0.19756144171641635,0.7695891786020267,0.15204114765396903,0.2304108213979733
0.25,1.506,0.19677277436911492,0.7702155652707801,0.15155745364060752,0.22978443472921994
0.25,1.508,0.1959872553893177,0.7708408101040877,0.15107497471437836,0.22915918989591233
0.25,1.51,0.19520487220873511,0.7714649125231052,0.15059370966259578,0.22853508747689477
0.25,1.512,0.19442561230924976,0.7720878719633019,0.1501136572630106,0.22791212803669814
0.25,1.514,0.1936494632227158,0.7727096878744217,0.14963481628387404,0.22729031212557826
0.25,1.516,0.1928764125307597,0.7733303597204458,0.1491571854840015,0.22666964027955416
0.25,1.518,0.1921064478645815,0.7739498869795536,0.14868076361283636,0.22605011302044642
0.25,1.52,0.19133955690475687,0.774568269144084,0.1482055494105135,0.22543173085591595
0.25,1.522,0.19057572738104014,0.7751855057204969,0.14773154160792315,0.22481449427950306
0.25,1.524,0.18981494707216792,0.7758015962293336,0.14725873892677435,0.22419840377066635
0.25,1.526,0.18905720380566357,0.7764165402051778,0.14678714007965848,0.2235834597948222
0.25,1.528,0.18830248545764258,0.7770303371966159,0.14631674377011286,0.22296966280338415
0.25,1.53,0.1875507799526184,0.7776429867661975,0.14584754869268404,0.22235701323380253
0.25,1.532,0.18680207526330941,0.7782544884903956,0.14537955353299126,0.22174551150960442
0.25,1.534,0.18605635941044654,0.7788648419595662,0.14491275696778969,0.22113515804043382
0.25,1.536,0.18531362046258143,0.7794740467779083,0.14444715766503374,0.22052595322209168
0.25,1.538,0.18457384653589576,0.7800821025634237,0.14398275428394025,0.2199178974365763
0.25,1.54,0.1838370257940109,0.7806890089478757,0.14351954547505144,0.21931099105212426
0.25,1.542,0.18310314644779876,0.781294765576749,0.14305752988029807,0.21870523442325096
0.25,1.544,0.18237219675519312,0.7818993721092083,0.1425967061330625,0.21810062789079165
0.25,1.546,0.18164416502100159,0.7825028282180575,0.1421370728582413,0.2174971717819425
0.25,1.548,0.1809190395967188,0.783105133589698,0.14167862867230832,0.21689486641030198
0.25,1.55,0.1801968088803398,0.7837062879240877,0.14122137218337738,0.2162937120759123
0.25,1.552,0.1794774613161746,0.7843062909346988,0.14076530199126477,0.21569370906530116
0.25,1.554,0.17876098539466315,0.7849051423484765,0.140310416687552,0.21509485765152347
0.25,1.556,0.1780473696521914,0.7855028419057966,0.1398567148556482,0.21449715809420344
0.25,1.558,0.17733660267090756,0.7860993893604235,0.13940419507085247,0.21390061063957655
0.25,1.56,0.1766286730785399,0.786694784479468,0.13895285590041637,0.21330521552053205
0.25,1.562,0.17592356954821434,0.7872890270433447,0.13850269590360584,0.2127109729566553
0.25,1.564,0.1752212807982735,0.7878821168457295,0.13805371363176372,0.2121178831542705
0.25,1.566,0.17452179559209618,0.7884740536935165,0.13760590762837135,0.21152594630648347
0.25,1.568,0.17382510273791751,0.7890648374067757,0.13715927642911097,0.2109351625932243
0.25,1.57,0.1731311910886499,0.7896544678187091,0.13671381856192708,0.21034553218129093
0.25,1.572,0.17244004954170486,0.7902429447756081,0.1362695325470886,0.20975705522439192
0.25,1.574,0.171751667038815,0.7908302681368099,0.13582641689725017,0.2091697318631901
0.25,1.576,0.1710660325658576,0.791416437774654,0.13538447011751398,0.20858356222534602
0.25,1.578,0.17038313515267797,0.7920014535744383,0.13494369070549092,0.2079985464255617
0.25,1.58,0.16970296387291411,0.7925853154343758,0.13450407715136212,0.20741468456562417
0.25,1.582,0.16902550784382206,0.7931680232655502,0.1340656279379401,0.20683197673444975
0.25,1.584,0.1683507562261014,0.793749576991872,0.13362834154072975,0.20625042300812801
0.25,1.586,0.16767869822372214,0.7943299765500341,0.13319221642798945,0.20567002344996588
0.25,1.588,0.16700932308375194,0.7949092218894678,0.13275725106079198,0.20509077811053222
0.25,1.59,0.16634262009618397,0.7954873129722979,0.13232344389308515,0.2045126870277021
0.25,1.592,0.16567857859376567,0.7960642497732986,0.13189079337175255,0.2039357502267014
0.25,1.594,0.16501718795182793,0.7966400322798481,0.13145929793667396,0.20335996772015186
0.25,1.596,0.1643584375881153,0.7972146604918843,0.1310289560207859,0.20278533950811573
0.25,1.598,0.1637023169626166,0.7977881344218595,0.13059976605014184,0.20221186557814053
0.25,1.6,0.16304881557739617,0.7983604540946954,0.13017172644397224,0.20163954590530464
0.25,1.602,0.1623979229764261,0.7989316195477377,0.12974483561474487,0.20106838045226227
0.25,1.604,0.16174962874541873,0.7995016308307112,0.12931909196822436,0.20049836916928876
0.25,1.606,0.16110392251166036,0.8000704880056739,0.1288944939035324,0.19992951199432607
0.25,1.608,0.16046079394384485,0.8006381911469714,0.12847103981320684,0.19936180885302857
0.25,1.61,0.1598202327519087,0.8012047403411916,0.12804872808326181,0.1987952596588084
0.25,1.612,0.15918222868686627,0.8017701356871185,0.1276275570932467,0.19822986431288148
0.25,1.614,0.15854677154064567,0.8023343772956867,0.12720752521630543,0.19766562270431332
0.25,1.616,0.15791385114592577,0.8028974652899348,0.12678863081923586,0.19710253471006522
0.25,1.618,0.15728345737597316,0.8034593998049598,0.12637087226254837,0.19654060019504016
0.25,1.62,0.15665558014448033,0.8040201809878709,0.12595424790052498,0.19597981901212913
0.25,1.622,0.15603020940540432,0.8045798089977425,0.12553875608127799,0.1954201910022575
0.25,1.624,0.15540733515280594,0.8051382840055689,0.1251243951468085,0.19486171599443114
0.25,1.6260000000000001,0.15478694742068957,0.8056956061942167,0.12471116343306482,0.19430439380578335
0.25,1.6280000000000001,0.15416903628284387,0.8062517757583789,0.12429905927000082,0.19374822424162108
0.25,1.6300000000000001,0.15355359185268283,0.806806792904528,0.12388808098163388,0.19319320709547205
0.25,1.6320000000000001,0.15294060428308784,0.8073606578508687,0.12347822688610319,0.19263934214913125
0.25,1.6340000000000001,0.15233006376624975,0.8079133708272922,0.1230694952957272,0.1920866291727078
0.25,1.6360000000000001,0.15172196053351228,0.8084649320753281,0.12266188451706161,0.1915350679246719
0.25,1.6380000000000001,0.15111628485521555,0.8090153418480978,0.12225539285095673,0.19098465815190224
0.25,1.6400000000000001,0.1505130270405405,0.8095646004102673,0.12185001859261495,0.19043539958973266
0.25,1.6420000000000001,0.14991217743735383,0.8101127080380004,0.12144576003164793,0.1898872919619996
0.25,1.6440000000000001,0.14931372643205346,0.8106596650189106,0.12104261545213371,0.18934033498108938
0.25,1.6460000000000001,0.14871766444941487,0.8112054716520144,0.1206405831326736,0.1887945283479856
0.25,1.6480000000000001,0.14812398195243778,0.8117501282476836,0.12023966134644894,0.18824987175231644
0.25,1.6500000000000001,0.14753266944219368,0.8122936351275976,0.11983984836127773,0.18770636487240244
0.25,1.6520000000000001,0.14694371745767373,0.8128359926246963,0.11944114243967115,0.1871640073753037
0.25,1.6540000000000001,0.14635711657563744,0.813377201083132,0.11904354183888965,0.18662279891686795
0.25,1.6560000000000001,0.14577285741046195,0.813917260858222,0.11864704481099936,0.18608273914177798
0.25,1.6580000000000001,0.14519093061399171,0.8144561723164003,0.11825164960292776,0.18554382768359967
0.25,1.6600000000000001,0.14461132687538913,0.8149939358351703,0.11785735445651974,0.18500606416482968
0.25,1.6620000000000001,0.14403403692098546,0.8155305518030567,0.1174641576085931,0.18446944819694333
0.25,1.6640000000000001,0.14345905151413238,0.8160660206195571,0.11707205729099407,0.18393397938044287
0.25,1.666,0.14288636145505446,0.8166003426950947,0.11668105173065264,0.18339965730490526
0.25,1.668,0.14231595758070148,0.8171335184509698,0.11629113914963757,0.18286648154903018
0.25,1.67,0.14174783076460246,0.8176655483193114,0.11590231776521162,0.18233445168068863
0.25,1.672,0.1411819719167191,0.8181964327430293,0.11551458578988612,0.18180356725697067
0.25,1.674,0.1406183719833007,0.818726172175766,0.11512794143147577,0.18127382782423396
0.25,1.676,0.1400570219467391,0.8192547670818482,0.11474238289315304,0.1807452329181518
0.25,1.678,0.1394979128254244,0.8197822179362381,0.1143579083735024,0.18021778206376193
0.25,1.68,0.1389410356736014,0.8203085252244855,0.11397451606657458,0.1796914747755145
0.25,1.682,0.1383863815812263,0.8208336894426792,0.11359220416194041,0.1791663105573208
0.25,1.684,0.1378339416738243,0.8213577110973984,0.11321097084474463,0.1786422889026016
0.25,1.686,0.13728370711234755,0.8218805907056643,0.11283081429575961,0.17811940929433567
0.25,1.688,0.1367356690930336,0.8224023287948914,0.1124517326914385,0.1775976712051086
0.25,1.69,0.13618981884726478,0.822922925902839,0.11207372420396874,0.177077074097161
0.25,1.692,0.1356461476414277,0.8234423825775624,0.11169678700132503,0.17655761742243758
0.25,1.694,0.13510464677677367,0.8239606993773644,0.11132091924732221,0.17603930062263562
0.25,1.696,0.13456530758927934,0.8244778768707465,0.11094611910166798,0.17552212312925353
0.25,1.698,0.1340281214495082,0.82499391563636,0.11057238472001539,0.17500608436363996
0.25,1.7,0.1334930797624726,0.8255088162629577,0.11019971425401535,0.1744911837370423
0.25,1.702,0.13296017396749601,0.8260225793493444,0.10982810585136861,0.17397742065065558
0.25,1.704,0.1324293955380762,0.8265352055043287,0.10945755765587784,0.17346479449567132
0.25,1.706,0.13190073598174876,0.8270466953466736,0.1090880678074994,0.17295330465332637
0.25,1.708,0.13137418683995133,0.8275570495050483,0.10871963444239507,0.17244295049495173
0.25,1.71,0.13084973968788804,0.8280662686179784,0.10835225569298325,0.17193373138202162
0.25,1.712,0.130327386134395,0.8285743533337979,0.10798592968799053,0.17142564666620208
0.25,1.714,0.12980711782180576,0.8290813043105997,0.10762065455250241,0.17091869568940032
0.25,1.716,0.12928892642581777,0.8295871222161867,0.10725642840801446,0.1704128777838133
0.25,1.718,0.1287728036553592,0.8300918077280232,0.10689324937248292,0.16990819227197684
0.25,1.72,0.12825874125245618,0.8305953615331853,0.1065311155603751,0.16940463846681475
0.25,1.722,0.1277467309921007,0.8310977843283124,0.10617002508271986,0.16890221567168762
0.25,1.724,0.12723676468211909,0.8315990768195581,0.1058099760471576,0.16840092318044186
0.25,1.726,0.12672883416304087,0.8320992397225413,0.10545096655799033,0.1679007602774587
0.25,1.728,0.1262229313079682,0.8325982737622966,0.10509299471623125,0.16740172623770344
0.25,1.73,0.12571904802244585,0.833096179673226,0.10473605861965447,0.16690382032677398
0.25,1.732,0.12521717624433176,0.8335929581990495,0.10438015636284427,0.16640704180095045
0.25,1.734,0.12471730794366802,0.8340886100927563,0.10402528603724433,0.16591138990724374
0.25,1.736,0.12421943512255229,0.8345831361165553,0.10367144573120667,0.16541686388344468
0.25,1.738,0.12372354981500992,0.8350765370418267,0.10331863353004042,0.16492346295817328
0.25,1.74,0.12322964408686654,0.8355688136490727,0.10296684751606054,0.16443118635092735
0.25,1.742,0.12273771003562105,0.836059966727868,0.10261608576863604,0.16394003327213202
0.25,1.744,0.12224773979031917,0.8365499970768118,0.10226634636423834,0.16345000292318823
0.25,1.746,0.1217597255114275,0.8370389055034779,0.10191762737648917,0.16296109449652207
0.25,1.748,0.12127365939070818,0.8375266928243662,0.10156992687620846,0.1624733071756338
0.25,1.75,0.12078953365109386,0.8380133598648535,0.10122324293146195,0.16198664013514652
0.25,1.752,0.12030734054656331,0.8384989074591445,0.10087757360760856,0.16150109254085554
0.25,1.754,0.11982707236201744,0.8389833364502229,0.10053291696734769,0.16101666354977706
0.25,1.756,0.11934872141315596,0.8394666476898027,0.10018927107076621,0.16053335231019727
0.25,1.758,0.11887228004635433,0.8399488420382788,0.09984663397538532,0.1600511579617212
0.25,1.76,0.11839774063854133,0.8404299203646783,0.09950500373620713,0.15957007963532166
0.25,1.762,0.1179250955970771,0.8409098835466119,0.09916437840576119,0.1590901164533881
0.25,1.764,0.11745433735963172,0.8413887324702244,0.09882475603415065,0.1586112675297756
0.25,1.766,0.11698545839406406,0.8418664680301463,0.09848613466909834,0.1581335319698537
0.25,1.768,0.11651845119830141,0.842343091129445,0.0981485123559926,0.15765690887055495
0.25,1.77,0.11605330830021941,0.8428186026795758,0.09781188713793294,0.15718139732042424
0.25,1.772,0.11559002225752245,0.843293003600333,0.09747625705577545,0.156706996399667
0.25,1.774,0.1151285856576246,0.8437662948198015,0.09714162014817805,0.15623370518019852
0.25,1.776,0.11466899111753115,0.8442384772743079,0.09680797445164563,0.1557615227256921
0.25,1.778,0.11421123128372022,0.8447095519083717,0.09647531800057471,0.15529044809162829
0.25,1.78,0.11375529883202536,0.845179519674657,0.09614364882729826,0.154820480325343
0.25,1.782,0.11330118646751822,0.8456483815339232,0.09581296496213002,0.1543516184660768
0.25,1.784,0.11284888692439182,0.8461161384549771,0.09548326443340877,0.15388386154502287
0.25,1.786,0.11239839296584443,0.8465827914146241,0.09515454526754243,0.15341720858537589
0.25,1.788,0.11194969738396361,0.8470483413976195,0.0948268054890518,0.15295165860238047
0.25,1.79,0.11150279299961106,0.8475127893966203,0.09450004312061433,0.15248721060337966
0.25,1.792,0.1110576726623076,0.8479761364121364,0.09417425618310733,0.15202386358786357
0.25,1.794,0.11061432925011883,0.8484383834524826,0.09384944269565147,0.15156161654751743
0.25,1.796,0.11017275566954118,0.8488995315337299,0.09352560067565359,0.15110046846627012
0.25,1.798,0.10973294485538844,0.8493595816796574,0.09320272813884964,0.15064041832034258
0.25,1.8,0.10929488977067865,0.849818534921704,0.09288082309934727,0.150181465078296
0.25,1.802,0.10885858340652156,0.8502763922989199,0.09255988356966822,0.14972360770108006
0.25,1.804,0.10842401878200648,0.850733154857919,0.09223990756079065,0.149266845142081
0.25,1.806,0.10799118894409054,0.8511888236528301,0.09192089308219094,0.1488111763471699
0.25,1.808,0.10756008696748756,0.8516433997452493,0.09160283814188579,0.14835660025475073
0.25,1.81,0.10713070595455708,0.8520968842041916,0.09128574074647353,0.1479031157958084
0.25,1.812,0.10670303903519411,0.8525492781060433,0.0909695989011757,0.1474507218939567
0.25,1.814,0.10627707936671925,0.8530005825345139,0.09065441060987829,0.14699941746548606
0.25,1.816,0.10585282013376902,0.853450798580588,0.09034017387517253,0.14654920141941197
0.25,1.818,0.10543025454818704,0.853899927342478,0.09002688669839587,0.146100072657522
0.25,1.82,0.10500937584891527,0.8543479699255756,0.08971454707967252,0.1456520300744244
0.25,1.822,0.10459017730188584,0.8547949274424049,0.08940315301795378,0.14520507255759507
0.25,1.824,0.10417265219991345,0.8552408010125744,0.0890927025110583,0.14475919898742562
0.25,1.826,0.1037567938625878,0.8556855917627291,0.08878319355571195,0.14431440823727093
0.25,1.828,0.10334259563616698,0.8561293008265034,0.0884746241475877,0.1438706991734966
0.25,1.83,0.10293005089347082,0.8565719293444738,0.08816699228134518,0.1434280706555262
0.25,1.832,0.10251915303377493,0.8570134784641108,0.08786029595066995,0.1429865215358892
0.25,1.834,0.10210989548270505,0.8574539493397323,0.08755453314831273,0.1425460506602677
0.25,1.836,0.10170227169213192,0.8578933431324559,0.08724970186612839,0.1421066568675441
0.25,1.838,0.10129627514006645,0.8583316610101518,0.08694580009511459,0.1416683389898482
0.25,1.84,0.10089189933055544,0.8587689041473958,0.08664282582545046,0.14123109585260418
0.25,1.842,0.10048913779357753,0.8592050737254221,0.08634077704653488,0.1407949262745779
0.25,1.844,0.10008798408493978,0.8596401709320763,0.08603965174702458,0.14035982906792366
0.25,1.846,0.09968843178617455,0.8600741969617688,0.08573944791487215,0.1399258030382312
0.25,1.848,0.09929047450443676,0.8605071530154272,0.08544016353736374,0.13949284698457276
0.25,1.85,0.09889410587240162,0.8609390403004504,0.08514179660115659,0.13906095969954957
0.25,1.852,0.0984993195481628,0.8613698600306614,0.08484434509231638,0.1386301399693386
0.25,1.854,0.09810610921513088,0.8617996134262608,0.08454780699635431,0.13820038657373923
0.25,1.856,0.09771446858193239,0.8622283017137802,0.08425218029826409,0.13777169828621982
0.25,1.858,0.09732439138230897,0.8626559261260359,0.08395746298255853,0.13734407387396408
0.25,1.86,0.09693587137501737,0.8630824879020823,0.08366365303330624,0.1369175120979177
0.25,1.862,0.09654890234372934,0.8635079882871656,0.08337074843416772,0.13649201171283443
0.25,1.864,0.09616347809693232,0.8639324285326777,0.0830787471684317,0.1360675714673223
0.25,1.866,0.0957795924678303,0.86435580989611,0.08278764721905083,0.13564419010388995
0.25,1.868,0.09539723931424521,0.8647781336410075,0.08249744656867752,0.13522186635899247
0.25,1.87,0.0950164125185186,0.8651994010369224,0.08220814319969942,0.1348005989630776
0.25,1.872,0.09463710598741375,0.8656196133593684,0.08191973509427466,0.13438038664063157
0.25,1.874,0.09425931365201827,0.8660387718897753,0.08163222023436703,0.1339612281102247
0.25,1.8760000000000001,0.09388302946764689,0.8664568779154425,0.0813455966017808,0.13354312208455754
0.25,1.8780000000000001,0.09350824741374475,0.8668739327294939,0.08105986217819544,0.13312606727050613
0.25,1.8800000000000001,0.09313496149379115,0.8672899376308323,0.08077501494520009,0.13271006236916771
0.25,1.8820000000000001,0.09276316573520353,0.8677048939240938,0.08049105288432791,0.13229510607590622
0.25,1.8840000000000001,0.09239285418924201,0.8681188029196024,0.08020797397709015,0.13188119708039758
0.25,1.8860000000000001,0.09202402093091401,0.868531665933325,0.07992577620500992,0.13146833406667502
0.25,1.8880000000000001,0.09165666005887974,0.8689434842868257,0.07964445754965609,0.13105651571317434
0.25,1.8900000000000001,0.09129076569535748,0.8693542593072212,0.07936401599267658,0.1306457406927788
0.25,1.8920000000000001,0.09092633198602974,0.8697639923271356,0.07908444951583177,0.13023600767286436
0.25,1.8940000000000001,0.09056335309994953,0.8701726846846555,0.0788057561010275,0.12982731531534453
0.25,1.8960000000000001,0.09020182322944702,0.8705803377232849,0.07852793373034803,0.1294196622767151
0.25,1.8980000000000001,0.08984173659003672,0.8709869527919011,0.07825098038608873,0.12901304720809892
0.25,1.9000000000000001,0.08948308742032479,0.8713925312447095,0.07797489405078845,0.1286074687552905
0.25,1.9020000000000001,0.08912586998191697,0.8717970744411995,0.07769967270726194,0.12820292555880053
0.25,1.9040000000000001,0.08877007855932675,0.8722005837460995,0.07742531433863191,0.12779941625390046
0.25,1.9060000000000001,0.08841570745988386,0.8726030605293335,0.07715181692836087,0.12739693947066655
0.25,1.9080000000000001,0.08806275101364325,0.8730045061659757,0.0768791784602829,0.1269954938340243
0.25,1.9100000000000001,0.08771120357329434,0.8734049220362076,0.07660739691863508,0.12659507796379244
0.25,1.9120000000000001,0.0873610595140707,0.8738043095252728,0.0763364702880888,0.12619569047472723
0.25,1.9140000000000001,0.08701231323365996,0.8742026700234339,0.0760663965537809,0.12579732997656612
0.25,1.9160000000000001,0.0866649591521143,0.8746000049259285,0.07579717370134455,0.1253999950740715
0.25,1.9180000000000001,0.0863189917117611,0.8749963156329252,0.07552879971693997,0.12500368436707476
0.25,1.92,0.08597440537711404,0.8753916035494803,0.07526127258728492,0.12460839645051969
0.25,1.922,0.08563119463478443,0.8757858700854941,0.07499459029968497,0.12421412991450587
0.25,1.924,0.08528935399339316,0.8761791166556676,0.07472875084206375,0.12382088334433239
0.25,1.926,0.08494887798348276,0.8765713446794592,0.07446375220299278,0.12342865532054081
0.25,1.928,0.08460976115742991,0.8769625555810414,0.07419959237172126,0.12303744441895859
0.25,1.93,0.08427199808935817,0.8773527507892579,0.07393626933820548,0.1226472492107421
0.25,1.932,0.08393558337505137,0.8777419317375804,0.07367378109313834,0.12225806826241958
0.25,1.934,0.08360051163186694,0.8781300998640661,0.07341212562797833,0.1218699001359339
0.25,1.936,0.08326677749864991,0.8785172566113145,0.07315130093497865,0.12148274338868548
0.25,1.938,0.0829343756356471,0.8789034034264251,0.07289130500721583,0.12109659657357486
0.25,1.94,0.08260330072442167,0.8792885417609547,0.07263213583861834,0.12071145823904528
0.25,1.942,0.08227354746776802,0.879672673070875,0.07237379142399501,0.12032732692912496
0.25,1.944,0.08194511058962707,0.8800557988165304,0.07211626975906317,0.1199442011834696
0.25,1.946,0.08161798483500184,0.8804379204625956,0.07185956884047669,0.11956207953740439
0.25,1.948,0.0812921649698733,0.8808190394780339,0.07160368666585368,0.11918096052196614
0.25,1.95,0.08096764578111677,0.8811991573360546,0.07134862123380425,0.11880084266394542
0.25,1.952,0.08064442207641827,0.8815782755140719,0.07109437054395776,0.11842172448592814
0.25,1.954,0.08032248868419176,0.8819563954936626,0.07084093259699026,0.11804360450633744
0.25,1.956,0.08000184045349609,0.8823335187605247,0.0705883053946513,0.11766648123947532
0.25,1.958,0.0796824722539528,0.882709646804436,0.07033648693979094,0.11729035319556402
0.25,1.96,0.07936437897566391,0.8830847811192125,0.07008547523638639,0.11691521888078749
0.25,1.962,0.07904755552913025,0.8834589232026674,0.06983526828956846,0.11654107679733261
0.25,1.964,0.07873199684516996,0.8838320745565695,0.06958586410564785,0.11616792544343046
0.25,1.966,0.07841769787483738,0.8842042366866029,0.06933726069214122,0.11579576331339714
0.25,1.968,0.07810465358934233,0.8845754111023252,0.06908945605779719,0.11542458889767482
0.25,1.97,0.07779285897996961,0.8849455993171275,0.06884244821262199,0.11505440068287254
0.25,1.972,0.07748230905799887,0.8853148028481932,0.06859623516790504,0.1146851971518068
0.25,1.974,0.07717299885462474,0.8856830232164578,0.06835081493624427,0.11431697678354225
0.25,1.976,0.07686492342087742,0.8860502619465683,0.06810618553157136,0.11394973805343167
0.25,1.978,0.07655807782754344,0.8864165205668431,0.06786234496917663,0.11358347943315694
0.25,1.98,0.07625245716508677,0.8867818006092312,0.06761929126573392,0.11321819939076883
0.25,1.982,0.07594805654357036,0.887146103609273,0.0673770224393252,0.11285389639072696
0.25,1.984,0.07564487109257777,0.8875094311060602,0.06713553650946495,0.11249056889393982
0.25,1.986,0.07534289596113534,0.8878717846421951,0.06689483149712447,0.11212821535780493
0.25,1.988,0.0750421263176346,0.8882331657637521,0.06665490542475595,0.11176683423624789
0.25,1.99,0.07474255734975487,0.8885935760202375,0.06641575631631635,0.11140642397976253
0.25,1.992,0.07444418426438625,0.8889530169645501,0.06617738219729104,0.11104698303544991
0.25,1.994,0.07414700228755304,0.8893114901529421,0.0659397810947174,0.11068850984705791
0.25,1.996,0.07385100666433733,0.8896689971449798,0.06570295103720822,0.11033100285502018
0.25,1.998,0.07355619265880287,0.8900255395035046,0.06546689005497475,0.1099744604964954
0.25,2.0,0.07326255555391925,0.8903811187945939,0.06523159617984971,0.10961888120540608
0.25,2.0020000000000002,0.07297009065148657,0.8907357365875226,0.06499706744531018,0.10926426341247741
0.25,2.004,0.07267879327206027,0.8910893944547241,0.06476330188650026,0.10891060554527587
0.25,2.0060000000000002,0.07238865875487595,0.8914420939717522,0.06453029754025323,0.10855790602824777
0.25,2.008,0.07209968245777529,0.8917938367172422,0.06429805244511427,0.10820616328275778
0.25,2.0100000000000002,0.07181185975713127,0.8921446242728729,0.06406656464136211,0.10785537572712711
0.25,2.012,0.07152518604777469,0.8924944582233283,0.06383583217103143,0.10750554177667171
0.25,2.0140000000000002,0.07123965674291997,0.8928433401562598,0.06360585307793408,0.10715665984374023
0.25,2.016,0.07095526727409229,0.893191271662248,0.06337662540768119,0.10680872833775201
0.25,2.0180000000000002,0.07067201309105399,0.8935382543347653,0.06314814720770406,0.1064617456652347
0.25,2.02,0.07038988966173224,0.893884289770138,0.0629204165272759,0.10611571022986199
0.25,2.0220000000000002,0.07010889247214602,0.8942293795675088,0.06269343141753232,0.10577062043249119
0.25,2.024,0.0698290170263345,0.8945735253287996,0.06246718993149283,0.10542647467120037
0.25,2.0260000000000002,0.0695502588462844,0.8949167286586742,0.062241690124080845,0.10508327134132578
0.25,2.028,0.06927261347185908,0.895258991164501,0.06201693005214498,0.10474100883549897
0.25,2.0300000000000002,0.06899607646072649,0.8956003144563165,0.0617929077744787,0.10439968554368351
0.25,2.032,0.06872064338828872,0.8959407001467878,0.061569621351841124,0.10405929985321216
0.25,2.0340000000000003,0.0684463098476106,0.8962801498511767,0.0613470688469765,0.10371985014882334
0.25,2.036,0.0681730714493498,0.8966186651873022,0.06112524832463459,0.10338133481269784
0.25,2.0380000000000003,0.06790092382168597,0.8969562477755048,0.060904157851589834,0.10304375222449524
0.25,2.04,0.06762986261025143,0.89729289923861,0.06068379549666138,0.10270710076139
0.25,2.0420000000000003,0.06735988347806088,0.8976286212018921,0.0604641593307319,0.10237137879810787
0.25,2.044,0.0670909821054426,0.897963415293038,0.06024524742676734,0.10203658470696197
0.25,2.0460000000000003,0.06682315418996881,0.8982972831421115,0.06002705785983539,0.10170271685788845
0.25,2.048,0.06655639544638721,0.8986302263815176,0.059809588707124745,0.10136977361848243
0.25,2.05,0.06629070160655223,0.8989622466459666,0.05959283804796358,0.10103775335403342
0.25,2.052,0.06602606841935668,0.8992933455724388,0.059376803963838015,0.10070665442756122
0.25,2.054,0.06576249165066406,0.8996235248001493,0.05916148453841079,0.10037647519985071
0.25,2.056,0.06549996708324035,0.8999527859705123,0.05894687785753901,0.10004721402948769
0.25,2.058,0.06523849051668698,0.9002811307271066,0.05873298200929258,0.09971886927289342
0.25,2.06,0.06497805776737321,0.90060856071564,0.058519795083971704,0.09939143928436
0.25,2.062,0.06471866466836963,0.9009350775839152,0.05830731517412499,0.09906492241608478
0.25,2.064,0.06446030706938101,0.9012606829817947,0.05809554037456654,0.09873931701820526
0.25,2.066,0.0642029808366804,0.9015853785611663,0.057884468782393804,0.09841462143883373
0.25,2.068,0.06394668185304242,0.9019091659759085,0.05767409849700426,0.09809083402409147
0.25,2.07,0.06369140601767806,0.902232046881857,0.0574644276201131,0.09776795311814301
0.25,2.072,0.06343714924616836,0.9025540229367696,0.057255454255769514,0.09744597706323044
0.25,2.074,0.06318390747039969,0.9028750958002928,0.057047176510373956,0.09712490419970721
0.25,2.076,0.06293167663849812,0.903195267133928,0.05683959249269428,0.09680473286607205
0.25,2.078,0.06268045271476509,0.9035145386009973,0.05663270031388261,0.09648546139900271
0.25,2.08,0.062430231679612355,0.9038329118666106,0.05642649808749116,0.09616708813338937
0.25,2.082,0.06218100952949814,0.9041503885976316,0.05622098392948878,0.09584961140236836
0.25,2.084,0.06193278227686261,0.9044669704626447,0.0560161559582765,0.09553302953735532
0.25,2.086,0.06168554595006454,0.9047826591319219,0.055812012294703756,0.09521734086807809
0.25,2.088,0.06143929659331735,0.9050974562773898,0.055608551062083636,0.0949025437226102
0.25,2.09,0.06119403026662617,0.9054113635725966,0.055405770386208746,0.09458863642740345
0.25,2.092,0.06094974304572444,0.9057243826926793,0.05520366839536619,0.0942756173073207
0.25,2.094,0.060706431022011544,0.9060365153143316,0.05500224322035318,0.0939634846856684
0.25,2.096,0.0604640903024898,0.9063477631157707,0.054801492994491594,0.0936522368842293
0.25,2.098,0.06022271700970265,0.9066581277767055,0.054601415853643365,0.09334187222329449
0.25,2.1,0.05998230728167215,0.9069676109783044,0.05440200993622474,0.09303238902169564
0.25,2.102,0.05974285727183763,0.9072762144031629,0.05420327338322132,0.09272378559683714
0.25,2.104,0.05950436314899373,0.907583939735272,0.054005204338202065,0.09241606026472804
0.25,2.106,0.059266821097229506,0.9078907886599863,0.05380780094733401,0.09210921134001371
0.25,2.108,0.05903022731586697,0.9081967628639926,0.053611061359396014,0.09180323713600735
0.25,2.11,0.05879457801940068,0.9085018640352782,0.05341498372579312,0.09149813596472178
0.25,2.112,0.05855986943743676,0.9088060938630995,0.05321956620057001,0.09119390613690048
0.25,2.114,0.05832609781463299,0.909109454037951,0.05302480694042513,0.09089054596204904
0.25,2.116,0.05809325941063835,0.9094119462515341,0.052830704104723875,0.0905880537484659
0.25,2.118,0.0578613505000335,0.9097135721967263,0.052637255855512315,0.09028642780327367
0.25,2.12,0.05763036737227081,0.9100143335675505,0.05244446035753013,0.08998566643244954
0.25,2.122,0.057400306331615435,0.9103142320591437,0.05225231577822411,0.08968576794085625
0.25,2.124,0.057171163697085726,0.9106132693677276,0.052060820287760774,0.08938673063227243
0.25,2.126,0.05694293580239471,0.9109114471905772,0.051869972059039496,0.08908855280942285
0.25,2.128,0.056715618995891136,0.9112087672259911,0.05167976926770496,0.08879123277400891
0.25,2.13,0.056489209640501366,0.9115052311732615,0.05149021009216003,0.08849476882673846
0.25,2.132,0.05626370411367075,0.9118008407326441,0.051301292713577716,0.08819915926735589
0.25,2.134,0.05603909880730618,0.9120955976053281,0.05111301531591396,0.0879044023946719
0.25,2.136,0.055815390127717864,0.9123895034934068,0.0509253760859193,0.08761049650659325
0.25,2.138,0.05559257449556225,0.9126825600998479,0.050738373213151264,0.08731743990015206
0.25,2.14,0.055370648345784375,0.9129747691284648,0.0505520048899859,0.08702523087153524
0.25,2.142,0.05514960812756121,0.9132661322838859,0.05036626931162978,0.08673386771611413
0.25,2.144,0.05492945030424447,0.9135566512715271,0.05018116467613134,0.08644334872847292
0.25,2.146,0.05471017135330435,0.9138463277975618,0.04999668918439255,0.08615367220243819
0.25,2.148,0.054491767766272896,0.9141351635688925,0.049812841040179974,0.08586483643110754
0.25,2.15,0.05427423604868815,0.914423160293122,0.049629618450136304,0.08557683970687802
0.25,2.152,0.054057572720037875,0.9147103196785249,0.04944701962379095,0.0852896803214751
0.25,2.154,0.053841774313704314,0.9149966434340192,0.04926504277357144,0.08500335656598079
0.25,2.156,0.053626837376908265,0.9152821332691381,0.04908368611481375,0.0847178667308619
0.25,2.158,0.053412758470654235,0.9155667908940017,0.0489029478657733,0.08443320910599827
0.25,2.16,0.05319953416967508,0.9158506180192891,0.04872282624763521,0.08414938198071087
0.25,2.162,0.05298716106237753,0.9161336163562108,0.04854331948452493,0.08386638364378918
0.25,2.164,0.052775635750787246,0.9164157876164806,0.048364425803518185,0.08358421238351943
0.25,2.166,0.052564954850494824,0.9166971335122881,0.04818614343465145,0.0833028664877119
0.25,2.168,0.05235511499060127,0.9169776557562718,0.048008470610931595,0.08302234424372823
0.25,2.17,0.05214611281366445,0.917257356061491,0.047831405568346086,0.08274264393850905
0.25,2.172,0.05193794497564498,0.9175362361413993,0.0476549465458724,0.08246376385860066
0.25,2.174,0.05173060814585312,0.9178142977098175,0.04747909178548795,0.08218570229018252
0.25,2.176,0.051524099006895044,0.9180915424809063,0.047303839532179204,0.0819084575190937
0.25,2.178,0.051318414254620255,0.91836797216914,0.04712918803395149,0.08163202783085999
0.25,2.18,0.05111355059806822,0.91864358848928,0.04695513554183777,0.08135641151072004
0.25,2.182,0.05090950475941617,0.9189183931563477,0.04678168030990814,0.08108160684365229
0.25,2.184,0.05070627347392623,0.9191923878855991,0.04660882059527846,0.0808076121144009
0.25,2.186,0.050503853489893585,0.9194655743924979,0.046436554658119564,0.08053442560750212
0.25,2.188,0.0503022415685941,0.9197379543926898,0.04626488076166566,0.0802620456073102
0.25,2.19,0.05010143448423282,0.9200095296019766,0.04609379717222328,0.07999047039802343
0.25,2.192,0.04990142902389202,0.9202803017362902,0.04592330215917941,0.07971969826370984
0.25,2.194,0.04970222198748015,0.9205502725116672,0.04575339399501023,0.07944972748833279
0.25,2.196,0.04950381018768032,0.9208194436442236,0.04558407095528904,0.07918055635577637
0.25,2.198,0.04930619044989955,0.9210878168501291,0.04541533131869466,0.07891218314987092
0.25,2.2,0.04910935961221776,0.921355393845582,0.04524717336701921,0.07864460615441804
0.25,2.202,0.04891331452533743,0.9216221763467841,0.04507959538517625,0.07837782365321588
0.25,2.204,0.048718052052532906,0.921888166069916,0.04491259566120827,0.07811183393008403
0.25,2.206,0.048523569069600536,0.922153364731112,0.044746172486294644,0.07784663526888802
0.25,2.208,0.04832986246480836,0.9224177740464357,0.04458032415475891,0.07758222595356434
0.25,2.21,0.04813692913884667,0.9226813957318553,0.04441504896407646,0.07731860426814474
0.25,2.212,0.04794476600477803,0.9229442315032192,0.04425034521488153,0.07705576849678075
0.25,2.214,0.047753369987988306,0.9232062830762321,0.04408621121097478,0.07679371692376791
0.25,2.216,0.04756273802613704,0.9234675521664304,0.04392264525932997,0.0765324478335696
0.25,2.218,0.04737286706910887,0.9237280404891585,0.04375964567010132,0.07627195951084154
0.25,2.22,0.04718375407896436,0.9239877497595448,0.04359721075663002,0.07601225024045521
0.25,2.222,0.046995396029891695,0.9242466816924784,0.04343533883545127,0.07575331830752163
0.25,2.224,0.046807789908158,0.9245048380025851,0.04327402822630065,0.0754951619974149
0.25,2.226,0.04662093271206142,0.9247622204042041,0.04311327725212091,0.07523777959579592
0.25,2.228,0.04643482145188274,0.9250188306113646,0.04295308423906808,0.07498116938863542
0.25,2.23,0.04624945314983791,0.925274670337763,0.042793447516518084,0.074725329662237
0.25,2.232,0.04606482484003006,0.9255297412967395,0.042634365417072634,0.07447025870326052
0.25,2.234,0.04588093356840238,0.9257840452012552,0.04247583627656562,0.07421595479874477
0.25,2.236,0.045697776392690515,0.9260375837638699,0.04231785843406874,0.07396241623613009
0.25,2.238,0.045515350382375835,0.9262903586967186,0.04216043023189774,0.07370964130328139
0.25,2.24,0.045333652618638205,0.9265423717114898,0.042003550015617834,0.07345762828851021
0.25,2.242,0.045152680194309604,0.9267936245194025,0.04184721613404964,0.0732063754805975
0.25,2.244,0.044972430213827304,0.9270441188311846,0.04169142693927448,0.07295588116881535
0.25,2.246,0.04479289979318785,0.9272938563570505,0.04153618078664009,0.07270614364294947
0.25,2.248,0.044614086059900616,0.9275428388066789,0.0413814760347657,0.07245716119332113
0.25,2.25,0.04443598615294211,0.9277910678891913,0.04122731104554748,0.0722089321108087
0.25,2.2520000000000002,0.044258597222709965,0.9280385453131303,0.04107368418416351,0.07196145468686965
0.25,2.254,0.044081916430977586,0.9282852727864381,0.040920593819079,0.07171472721356187
0.25,2.2560000000000002,0.04390594095084845,0.9285312520164348,0.04076803832205097,0.07146874798356517
0.25,2.258,0.04373066796671121,0.9287764847097972,0.04061601606813338,0.07122351529020277
0.25,2.2600000000000002,0.04355609467419431,0.9290209725725378,0.04046452543568153,0.0709790274274622
0.25,2.262,0.043382218280121405,0.9292647173099836,0.04031356480635702,0.07073528269001639
0.25,2.2640000000000002,0.043209036002466415,0.9295077206267554,0.040163132565131966,0.07049227937324465
0.25,2.266,0.043036545070309275,0.9297499842267466,0.040013227100293716,0.0702500157732534
0.25,2.2680000000000002,0.042864742723791316,0.9299915098131033,0.03986384680344892,0.0700084901868967
0.25,2.27,0.04269362621407141,0.9302322990882029,0.03971499006952802,0.06976770091179707
0.25,2.2720000000000002,0.04252319280328167,0.9304723537536345,0.039566655296789106,0.06952764624636554
0.25,2.274,0.042353439764483976,0.9307116755101781,0.039418840886822286,0.06928832448982192
0.25,2.2760000000000002,0.04218436438162599,0.9309502660577847,0.03927154524455325,0.06904973394221525
0.25,2.278,0.04201596394949807,0.9311881270955567,0.039124766778247534,0.06881187290444335
0.25,2.2800000000000002,0.04184823577368963,0.931425260321727,0.03897850389951387,0.06857473967827299
0.25,2.282,0.04168117717054635,0.9316616674336404,0.0388327550233082,0.06833833256635957
0.25,2.2840000000000003,0.04151478546712695,0.9318973501277334,0.03868751856793694,0.06810264987226655
0.25,2.286,0.0413490580011607,0.9321323100995149,0.03854279295506075,0.06786768990048508
0.25,2.2880000000000003,0.04118399212100453,0.9323665490435467,0.03839857660969761,0.06763345095645334
0.25,2.29,0.04101958518560091,0.9326000686534242,0.03825486796022639,0.06739993134657585
0.25,2.2920000000000003,0.0408558345644353,0.9328328706217578,0.03811166543838981,0.06716712937824221
0.25,2.294,0.04069273763749432,0.9330649566401534,0.03796896747929778,0.06693504335984657
0.25,2.2960000000000003,0.04053029179522362,0.9332963283991941,0.037826772521430185,0.06670367160080592
0.25,2.298,0.04036849443848632,0.9335269875884207,0.037685079006640046,0.06647301241157932
0.25,2.3000000000000003,0.04020734297852117,0.9337569358963138,0.03754388538015609,0.06624306410368619
0.25,2.302,0.04004683483690147,0.9339861750102751,0.03740319009058584,0.06601382498972486
0.25,2.3040000000000003,0.039886967445493436,0.9342147066166092,0.037262991589917895,0.06578529338339079
0.25,2.306,0.039727738246415484,0.9344425324005051,0.037123288333524886,0.06555746759949488
0.25,2.308,0.039569144691996995,0.9346696540460183,0.03698407878016567,0.06533034595398168
0.25,2.31,0.03941118424473767,0.934896073236053,0.036845361391987845,0.06510392676394705
0.25,2.312,0.039253854377267056,0.9351217916523438,0.03670713463453017,0.06487820834765623
0.25,2.314,0.03909715257230385,0.9353468109754385,0.03656939697672457,0.06465318902456152
0.25,2.316,0.038941076322615904,0.9355711328846802,0.036432146890898555,0.06442886711531981
0.25,2.318,0.038785623130979816,0.93579475905819,0.03629538285277702,0.06420524094181002
0.25,2.32,0.03863079051014128,0.9360176911728495,0.03615910334148447,0.0639823088271505
0.25,2.322,0.038476575982774985,0.9362399309042837,0.03602330683954667,0.0637600690957163
0.25,2.324,0.03832297708144528,0.9364614799268439,0.03588799183289277,0.06353852007315608
0.25,2.326,0.03816999134856639,0.9366823399135906,0.035753156810856675,0.06331766008640938
0.25,2.328,0.0380176163363634,0.9369025125362768,0.03561880026617907,0.06309748746372323
0.25,2.33,0.03786584960683279,0.9371219994653311,0.03548492069500867,0.06287800053466885
0.25,2.332,0.03771468873170372,0.9373408023698415,0.035351516596903984,0.06265919763015848
0.25,2.334,0.037564131292398904,0.9375589229175382,0.03521858647483451,0.06244107708246183
0.25,2.336,0.03741417487999616,0.9377763627747778,0.03508612883518226,0.06222363722522217
0.25,2.338,0.03726481709518962,0.9379931236065271,0.03495414218774282,0.06200687639347291
0.25,2.34,0.03711605554825163,0.9382092070763465,0.034822625045726786,0.061790792923653526
0.25,2.342,0.03696788785899416,0.9384246148463742,0.03469157592576055,0.06157538515362582
0.25,2.344,0.036820311656731115,0.9386393485773106,0.03456099334788765,0.06136065142268943
0.25,2.346,0.03667332458024005,0.938853409928402,0.034430875835569454,0.06114659007159795
0.25,2.348,0.036526924277724644,0.9390668005574256,0.034301221915686235,0.06093319944257436
0.25,2.35,0.0363811084067769,0.9392795221206733,0.03417203011853782,0.06072047787932666
0.25,2.352,0.03623587463433981,0.9394915762729367,0.03404329897784443,0.06050842372706333
0.25,2.354,0.036091220636669884,0.9397029646674915,0.03391502703074724,0.06029703533250852
0.25,2.356,0.0359471440993001,0.9399136889560827,0.03378721281780904,0.06008631104391726
0.25,2.358,0.03580364271700275,0.9401237507889093,0.033659854883014644,0.05987624921109069
0.25,2.36,0.035660714193752704,0.9403331518146093,0.033532951773771455,0.0596668481853907
0.25,2.362,0.035518356242690494,0.9405418936802449,0.03340650204090966,0.05945810631975512
0.25,2.364,0.035376566586085914,0.9407499780312879,0.033280504238682715,0.0592500219687121
0.25,2.366,0.035235342955301376,0.940957406511605,0.03315495692476733,0.05904259348839502
0.25,2.368,0.035094683090755835,0.9411641807634433,0.03302985866026388,0.058835819236556675
0.25,2.37,0.0349545847418884,0.941370302427416,0.03290520800969623,0.05862969757258396
0.25,2.372,0.03481504566712256,0.9415757731424882,0.03278100354101196,0.05842422685751181
0.25,2.374,0.034676063633830086,0.9417805945459623,0.03265724382558212,0.0582194054540377
0.25,2.376,0.03453763641829553,0.9419847682734646,0.032533927438201285,0.05801523172653544
0.25,2.378,0.03439976180568043,0.9421882959589309,0.03241105295708716,0.057811704041069056
0.25,2.38,0.03426243758998813,0.9423911792345933,0.032288618963880564,0.05760882076540674
0.25,2.382,0.034125661574028146,0.9425934197309656,0.032166624043644794,0.057406580269034446
0.25,2.384,0.033989431569381404,0.9427950190768304,0.03204506678486556,0.05720498092316961
0.25,2.386,0.03385374539636484,0.9429959788992255,0.031923945779450215,0.057004021100774516
0.25,2.388,0.03371860088399686,0.9431963008234303,0.03180325962272749,0.05680369917656969
0.25,2.39,0.03358399586996232,0.943395986472953,0.031683006913446686,0.056604013527047026
0.25,2.392,0.03344992820057818,0.9435950374695169,0.03156318625377722,0.056404962530483105
0.25,2.394,0.03331639573075883,0.9437934554330479,0.031443796249307716,0.056206544566952066
0.25,2.396,0.03318339632398194,0.9439912419816613,0.031324835509045405,0.05600875801833871
0.25,2.398,0.033050927852254115,0.9441883987316488,0.031206302645415067,0.05581160126835116
0.25,2.4,0.03291898819607704,0.9443849272974664,0.031088196274258368,0.05561507270253363
0.25,2.402,0.03278757524441334,0.944580829291721,0.03097051501483266,0.05541917070827895
0.25,2.404,0.03265668689465305,0.9447761063251588,0.030853257489810153,0.05522389367484115
0.25,2.406,0.03252632105257972,0.9449707600066524,0.03073642232527664,0.055029239993347634
0.25,2.408,0.032396475632337156,0.9451647919431883,0.030620008150730516,0.054835208056811746
0.25,2.41,0.03226714855639579,0.9453582037398552,0.03050401359908139,0.05464179626014476
0.25,2.412,0.03213833775551973,0.9455509969998321,0.03038843730664903,0.05444900300016786
0.25,2.414,0.03201004116873334,0.9457431733243759,0.030273277913161784,0.05425682667562415
0.25,2.416,0.03188225674328857,0.9459347343128093,0.030158534061755442,0.05406526568719072
0.25,2.418,0.031754982434631804,0.9461256815625101,0.03004420439897155,0.05387431843748991
0.25,2.42,0.03162821620637146,0.9463160166688986,0.029930287574756145,0.05368398333110136
0.25,2.422,0.031501956030245123,0.9465057412254265,0.029816782242457956,0.05349425877457348
0.25,2.424,0.03137619988608735,0.9466948568235655,0.029703687058827036,0.05330514317643453
0.25,2.426,0.031250945761797065,0.9468833650527956,0.029591000684012804,0.05311663494720442
0.25,2.428,0.0311261916533057,0.9470712675005944,0.02947872178156265,0.05292873249940555
0.25,2.43,0.031001935564544777,0.947258565752426,0.02936684901841981,0.05274143424757405
0.25,2.432,0.030878175507414285,0.9474452613917291,0.029255381064921815,0.05255473860827087
0.25,2.434,0.03075490950175062,0.9476313559999074,0.029144316594798377,0.05236864400009256
0.25,2.436,0.030632135575295115,0.9478168511563178,0.029033654285169637,0.05218314884368225
0.25,2.438,0.030509851763662266,0.94800174843826,0.02892339281654396,0.05199825156173998
0.25,2.44,0.030388056110308544,0.9481860494209663,0.028813530872816115,0.05181395057903371
0.25,2.442,0.030266746666500838,0.9483697556775904,0.028704067141264923,0.05163024432240959
0.25,2.444,0.03014592149128551,0.9485528687791976,0.02859500031255134,0.051447131220802356
0.25,2.446,0.03002557865145713,0.9487353902947542,0.02848632908071602,0.05126460970524582
0.25,2.448,0.02990571622152774,0.9489173217911171,0.02837805214317727,0.0510826782088829
0.25,2.45,0.02978633228369586,0.9490986648330244,0.028270168200728554,0.05090133516697559
0.25,2.452,0.02966742492781598,0.9492794209830846,0.028162675957536284,0.0507205790169154
0.25,2.454,0.029548992251367832,0.9494595918017673,0.028055574121137287,0.05054040819823269
0.25,2.456,0.029431032359426103,0.9496391788473931,0.02794886140243646,0.05036082115260687
0.25,2.458,0.029313543364629966,0.9498181836761239,0.02784253651570413,0.05018181632387608
0.25,2.46,0.02919652338715304,0.9499966078419534,0.027736598178573647,0.05000339215804661
0.25,2.462,0.029079970554673144,0.9501744528966976,0.02763104511203863,0.04982554710330245
0.25,2.464,0.028963883002342518,0.950351720389985,0.027525876040450457,0.049648279610014945
0.25,2.466,0.028848258872757798,0.9505284118692483,0.02742108969151542,0.0494715881307517
0.25,2.468,0.0287330963159305,0.9507045288797139,0.02731668479629215,0.049295471120286094
0.25,2.47,0.028618393489257203,0.9508800729643935,0.02721266008918861,0.049119927035606525
0.25,2.472,0.02850414855749028,0.9510550456640751,0.027109014307959495,0.04894495433592494
0.25,2.474,0.028390359692708343,0.9512294485173137,0.02700574619370313,0.048770551482686275
0.25,2.476,0.028277025074287174,0.9514032830604229,0.026902854490858715,0.04859671693957712
0.25,2.478,0.02816414288887041,0.9515765508274657,0.026800337947203202,0.04842344917253427
0.25,2.48,0.028051711330340734,0.9517492533502463,0.026698195313848438,0.048250746649753706
0.25,2.482,0.02793972859979075,0.9519213921583011,0.02659642534523791,0.04807860784169893
0.25,2.484,0.02782819290549443,0.9520929687788905,0.02649502679914385,0.04790703122110951
0.25,2.486,0.027717102462878247,0.9522639847369905,0.02639399843666389,0.047736015263009524
0.25,2.488,0.02760645549449279,0.9524344415552843,0.02629333902221805,0.04756555844471566
0.25,2.49,0.027496250229984157,0.9526043407541545,0.026193047323545326,0.047395659245845545
0.25,2.492,0.02738648490606582,0.9527736838516742,0.0260931221117006,0.04722631614832584
0.25,2.494,0.027277157766490194,0.9529424723635999,0.025993562161051136,0.04705752763640014
0.25,2.496,0.02716826706202077,0.9531107078033629,0.025894366249273406,0.04688929219663707
0.25,2.498,0.027059811050403903,0.953278391682062,0.02579553315734952,0.046721608317938035
0.25,2.5,0.026951787996341146,0.9534455255084552,0.02569706166956396,0.04655447449154482
0.25,2.5020000000000002,0.026844196171461273,0.9536121107889526,0.025598950573499903,0.04638788921104742
0.25,2.504,0.026737033854292845,0.9537781490276084,0.02550119866003593,0.04622185097239162
0.25,2.5060000000000002,0.026630299330236452,0.9539436417261137,0.025403804723342246,0.04605635827388632
0.25,2.508,0.02652399089153748,0.9541085903837891,0.025306767560877286,0.045891409616210854
0.25,2.5100000000000002,0.026418106837258596,0.9542729964975774,0.025210085973383898,0.04572700350242265
0.25,2.512,0.026312645473252714,0.9544368615620359,0.02511375876488583,0.04556313843796411
0.25,2.5140000000000002,0.026207605112135716,0.9546001870693301,0.025017784742683888,0.04539981293066986
0.25,2.516,0.026102984073259634,0.9547629745092263,0.024922162717352328,0.045237025490773686
0.25,2.5180000000000002,0.02599878068268556,0.9549252253690843,0.024826891502734903,0.04507477463091569
0.25,2.52,0.02589499327315708,0.9550869411338512,0.024731969915941246,0.044913058866148825
0.25,2.5220000000000002,0.02579162018407337,0.9552481232860539,0.024637396777342793,0.04475187671394609
0.25,2.524,0.025688659761462847,0.9554087733057931,0.024543170910569106,0.0445912266942069
0.25,2.5260000000000002,0.025586110357956514,0.9555688926707363,0.024449291142503764,0.0444311073292637
0.25,2.528,0.02548397033276176,0.9557284828561112,0.024355756303280546,0.04427151714388877
0.25,2.5300000000000002,0.02538223805163597,0.9558875453346996,0.024262565226279315,0.04411245466530045
0.25,2.532,0.02528091188686052,0.9560460815768306,0.024169716748122117,0.043953918423169425
0.25,2.5340000000000003,0.025179990217214558,0.9562040930503747,0.024077209708668952,0.04379590694962532
0.25,2.536,0.02507947142794927,0.9563615812207376,0.02398504295101387,0.043638418779262445
0.25,2.5380000000000003,0.024979353910761833,0.9565185475508537,0.023893215321480647,0.04348145244914625
0.25,2.54,0.02487963606376989,0.9566749935011807,0.023801725669618797,0.04332500649881932
0.25,2.5420000000000003,0.024780316291485704,0.9568309205296928,0.023710572848199208,0.04316907947030724
0.25,2.544,0.02468139300479085,0.9569863300918756,0.023619755713210087,0.043013669908124386
0.25,2.5460000000000003,0.024582864620910586,0.9571412236407201,0.023529273123852525,0.042858776359279926
0.25,2.548,0.024484729563388718,0.9572956026267168,0.02343912394253639,0.04270439737328324
0.25,2.5500000000000003,0.02438698626206218,0.9574494684978501,0.023349307034875807,0.042550531502149935
0.25,2.552,0.024289633153036116,0.9576028226995931,0.023259821269685003,0.04239717730040693
0.25,2.5540000000000003,0.024192668678658654,0.9577556666749016,0.023170665518973732,0.04224433332509836
0.25,2.556,0.024096091287496183,0.9579080018642094,0.023081838657943055,0.042091998135790565
0.25,2.5580000000000003,0.02399989943430834,0.9580598297054221,0.022993339564980706,0.04194017029457786
0.25,2.56,0.02390409158002347,0.9582111516339127,0.022905167121656803,0.04178884836608732
0.25,2.562,0.023808666191713828,0.9583619690825159,0.022817320212719188,0.04163803091748408
0.25,2.564,0.02371362174257115,0.9585122834815233,0.022729797726088973,0.041487716518476714
0.25,2.566,0.023618956711882272,0.9586620962586783,0.02264259855285604,0.041337903741321735
0.25,2.568,0.02352466958500463,0.958811408839171,0.022555721587274286,0.04118859116082896
0.25,2.57,0.023430758853342226,0.958960222645634,0.02246916572675722,0.041039777354366036
0.25,2.572,0.023337223014321316,0.9591085390981366,0.02238292987187313,0.04089146090186335
0.25,2.574,0.023244060571366517,0.9592563596141811,0.022297012926340568,0.0407436403858189
0.25,2.576,0.02315127003387671,0.9594036856086975,0.02221141379702351,0.04059631439130251
0.25,2.578,0.02305884991720136,0.9595505184940392,0.022126131393926798,0.04044948150596084
0.25,2.58,0.022966798742616583,0.9596968596799785,0.022041164630191214,0.04030314032002147
0.25,2.582,0.022875115037301667,0.9598427105737024,0.021956512422088893,0.04015728942629759
0.25,2.584,0.022783797334315334,0.9599880725798079,0.02187217368901834,0.040011927420192106
0.25,2.586,0.022692844172572425,0.9601329471002978,0.021788147353499782,0.03986705289970216
0.25,2.588,0.02260225409682037,0.960277335534577,0.02170443234117014,0.03972266446542305
0.25,2.59,0.022512025657616067,0.9604212392794476,0.021621027580778343,0.03957876072055244
0.25,2.592,0.02242215741130252,0.9605646597291055,0.02153793200418025,0.03943534027089446
0.25,2.594,0.02233264791998591,0.9607075982751364,0.021455144546333887,0.03929240172486359
0.25,2.596,0.022243495751512438,0.9608500563065114,0.021372664145294373,0.039149943693488565
0.25,2.598,0.022154699479445535,0.9609920352095837,0.021290489742209068,0.03900796479041635
0.25,2.6,0.022066257683042916,0.9611335363680843,0.021208620281312447,0.038866463631915704
0.25,2.602,0.021978168947233995,0.961274561163119,0.02112705470992125,0.038725438836880954
0.25,2.604,0.021890431862597072,0.9614151109731645,0.02104579197842926,0.038584889026835545
0.25,2.606,0.02180304502533697,0.9615551871740642,0.020964831040302438,0.038444812825935815
0.25,2.608,0.021716007037262383,0.9616947911390259,0.020884170852073666,0.038305208860974105
0.25,2.61,0.021629316505763694,0.9618339242386175,0.020803810373337794,0.038166075761382534
0.25,2.612,0.021542972043790496,0.961972587840764,0.020723748566746376,0.038027412159235996
0.25,2.614,0.0214569722698296,0.9621107833107442,0.020643984398002673,0.03788921668925582
0.25,2.616,0.021371315807882756,0.9622485120111872,0.020564516835856344,0.03775148798881278
0.25,2.618,0.021286001287444782,0.9623857753020699,0.020485344852098405,0.037614224697930077
0.25,2.62,0.02120102734348148,0.9625225745407133,0.020406467421555854,0.03747742545928667
0.25,2.622,0.021116392616407985,0.9626589110817797,0.020327883522086643,0.0373410889182203
0.25,2.624,0.021032095752066823,0.9627947862772698,0.02024959213457425,0.037205213722730224
0.25,2.626,0.02094813540170639,0.9629302014765199,0.020171592242922552,0.037069798523480135
0.25,2.628,0.020864510221959263,0.9630651580261989,0.02009388283405044,0.03693484197380115
0.25,2.63,0.020781218874820814,0.9631996572703055,0.02001646289788661,0.03680034272969446
0.25,2.632,0.02069826002762768,0.9633337005501661,0.019939331427364156,0.036666299449833906
0.25,2.634,0.020615632353036564,0.9634672892044313,0.019862487418415307,0.036532710795568746
0.25,2.636,0.02053333452900288,0.9636004245690737,0.019785929869965996,0.03639957543092631
0.25,2.638,0.020451365238759726,0.9637331079773859,0.019709657783930582,0.03626689202261413
0.25,2.64,0.020369723170796668,0.9638653407599772,0.019633670165206334,0.03613465924002279
0.25,2.642,0.020288407018838914,0.963997124244772,0.019557966021668163,0.03600287575522798
0.25,2.644,0.020207415481826266,0.964128459757007,0.019482544364163055,0.035871540242992994
0.25,2.646,0.020126747263892433,0.9642593486192292,0.01940740420650477,0.03574065138077076
0.25,2.648,0.02004640107434418,0.9643897921512936,0.019332544565468252,0.03561020784870639
0.25,2.65,0.019966375627640785,0.9645197916703611,0.019257964460784264,0.03548020832963894
0.25,2.652,0.019886669643373368,0.9646493484908962,0.019183662915133803,0.03535065150910377
0.25,2.654,0.01980728184624451,0.9647784639246658,0.019109638954142697,0.03522153607533418
0.25,2.656,0.019728210966047734,0.9649071392807362,0.01903589160637597,0.03509286071926376
0.25,2.658,0.019649455737647297,0.965035375865472,0.018962419903332414,0.034964624134528055
0.25,2.66,0.01957101490095783,0.9651631749825337,0.018889222879438936,0.03483682501746632
0.25,2.662,0.019492887200924316,0.9652905379328766,0.018816299572045118,0.03470946206712344
0.25,2.664,0.01941507138750185,0.9654174660147484,0.01874364902141748,0.03458253398525157
0.25,2.666,0.019337566215635784,0.9655439605236882,0.018671270270734043,0.03445603947631182
0.25,2.668,0.01926037044524169,0.9656700227525242,0.018599162366078587,0.034329977247475774
0.25,2.67,0.019183482841185623,0.9657956539913728,0.018527324356435147,0.03420434600862721
0.25,2.672,0.01910690217326425,0.9659208555276368,0.018455755293682267,0.034079144472363154
0.25,2.674,0.019030627216185276,0.9660456286460041,0.018384454232587458,0.03395437135399593
0.25,2.676,0.01895465674954773,0.9661699746284461,0.018313420230801434,0.033830025371553885
0.25,2.678,0.018878989557822558,0.9662938947542168,0.01824265234885255,0.03370610524578321
0.25,2.68,0.018803624430333052,0.9664173902998512,0.018172149650140995,0.03358260970014881
0.25,2.682,0.01872856016123559,0.9665404625391643,0.01810191120093321,0.03345953746083574
0.25,2.684,0.018653795549500234,0.9666631127432497,0.018031936070356074,0.033336887256750325
0.25,2.686,0.018579329398891634,0.966785342180479,0.01796222333039128,0.03321465781952104
0.25,2.688,0.018505160517949756,0.9669071521165002,0.017892772055869498,0.033092847883499754
0.25,2.69,0.018431287719970962,0.9670285438142373,0.017823581324464755,0.03297145618576269
0.25,2.692,0.01835770982298887,0.9671495185338888,0.01775465021668853,0.03285048146611125
0.25,2.694,0.0182844256497556,0.9672700775329269,0.017685977815884137,0.03272992246707307
0.25,2.696,0.01821143402772277,0.9673902220660975,0.017617563208220815,0.03260977793390252
0.25,2.698,0.018138733789022914,0.9675099533854182,0.01754940548268807,0.03249004661458177
0.25,2.7,0.018066323770450622,0.9676292727401786,0.017481503731089736,0.032370727259821375
0.25,2.702,0.017994202813444098,0.9677481813769391,0.017413857048038325,0.032251818623060924
0.25,2.704,0.01792236976406644,0.9678666805395302,0.017346464530949027,0.03213331946046982
0.25,2.706,0.017850823472987373,0.9679847714690524,0.017279325280034077,0.032015228530947626
0.25,2.708,0.017779562795464672,0.9681024554038754,0.01721243839829674,0.031897544596124594
0.25,2.71,0.01770858659132601,0.9682197335796378,0.017145802991525617,0.031780266420362246
0.25,2.712,0.01763789372495058,0.9683366072292464,0.01707941816828866,0.031663392770753584
0.25,2.714,0.01756748306525104,0.9684530775828761,0.017013283039927427,0.03154692241712387
0.25,2.716,0.017497353485655304,0.9685691458679696,0.016947396720551098,0.031430854132030395
0.25,2.718,0.017427503864088627,0.9686848133092371,0.016881758327030698,0.03131518669076294
0.25,2.72,0.01735793308295555,0.9688000811286557,0.016816366978993115,0.031199918871344323
0.25,2.722,0.01728864002912212,0.96891495054547,0.016751221798815292,0.031085049454529945
0.25,2.724,0.01721962359389796,0.9690294227761915,0.016686321911618226,0.03097057722380847
0.25,2.726,0.01715088267301867,0.9691434990345984,0.016621666445261182,0.0308565009654016
0.25,2.728,0.01708241616662802,0.969257180531736,0.01655725453033562,0.03074281946826396
0.25,2.73,0.017014222979260474,0.9693704684759166,0.01649308530015943,0.03062953152408343
0.25,2.732,0.01694630201982356,0.9694833640727192,0.01642915789077086,0.030516635927280822
0.25,2.734,0.01687865220158049,0.9695958685249901,0.016365471440922673,0.030404131475009866
0.25,2.736,0.01681127244213271,0.9697079830328431,0.01630202509207613,0.030292016967156887
0.25,2.738,0.016744161663402667,0.9698197087936592,0.016238817988395125,0.030180291206340804
0.25,2.74,0.016677318791616425,0.9699310470020873,0.016175849276740106,0.03006895299791268
0.25,2.742,0.016610742757286648,0.9700419988500445,0.01611311810666224,0.029958001149955504
0.25,2.744,0.016544432495195337,0.9701525655267161,0.016050623630397328,0.029847434473283863
0.25,2.746,0.01647838694437691,0.9702627482185565,0.015988365002859925,0.029737251781443486
0.25,2.748,0.01641260504810112,0.9703725481092892,0.015926341381637267,0.02962745189071081
0.25,2.75,0.016347085753856246,0.9704819663799074,0.01586455192698338,0.029518033620092643
0.25,2.7520000000000002,0.016281828013332163,0.9705910042086747,0.015802995801812995,0.029408995791325276
0.25,2.754,0.01621683078240365,0.9706996627711257,0.015741672171695635,0.029300337228874263
0.25,2.7560000000000002,0.0161520930211136,0.9708079432400664,0.015680580204849522,0.029192056759933638
0.25,2.758,0.01608761369365648,0.9709158467855747,0.015619719072135689,0.029084153214425257
0.25,2.7600000000000002,0.01602339176836165,0.9710233745750018,0.015559087947051834,0.028976625424998237
0.25,2.762,0.015959426217676955,0.971130527772972,0.015498686005726429,0.02886947222702796
0.25,2.7640000000000002,0.015895716018152203,0.9712373075413844,0.0154385124269126,0.028762692458615624
0.25,2.766,0.01583226015042286,0.971343715039413,0.015378566391982195,0.02865628496058703
0.25,2.7680000000000002,0.01576905759919367,0.9714497514235079,0.015318847084919669,0.028550248576492132
0.25,2.77,0.015706107353222483,0.9715554178473964,0.015259353692316135,0.028444582152603592
0.25,2.7720000000000002,0.015643408405303996,0.9716607154620837,0.015200085403363255,0.028339284537916343
0.25,2.774,0.015580959752253737,0.9717656454158536,0.015141041409847292,0.02823435458414636
0.25,2.7760000000000002,0.015518760394891893,0.9718702088542703,0.015082220906142963,0.028129791145729666
0.25,2.778,0.01545680933802745,0.9719744069201788,0.015023623089207511,0.02802559307982122
0.25,2.7800000000000002,0.015395105590442146,0.9720782407537061,0.014965247158574547,0.02792175924629392
0.25,2.782,0.01533364816487473,0.9721817114922628,0.014907092316348111,0.027818288507737154
0.25,2.7840000000000003,0.015272436078005058,0.972284820270544,0.014849157767196518,0.02771517972945603
0.25,2.786,0.015211468350438458,0.9723875682205301,0.01479144271834641,0.027612431779469926
0.25,2.7880000000000003,0.015150744006689965,0.9724899564714888,0.014733946379576595,0.027510043528511163
0.25,2.79,0.01509026207516881,0.9725919861499762,0.014676667963212094,0.027408013850023782
0.25,2.7920000000000003,0.015030021588162768,0.9726936583798378,0.014619606684117983,0.02730634162016221
0.25,2.794,0.014970021581822791,0.9727949742822102,0.014562761759693434,0.02720502571778982
0.25,2.7960000000000003,0.01491026109614747,0.9728959349755224,0.01450613240986555,0.027104065024477597
0.25,2.798,0.014850739174967787,0.9729965415754973,0.01444971785708341,0.02700345842450269
0.25,2.8000000000000003,0.014791454865931706,0.9730967951951531,0.014393517326311896,0.02690320480484687
0.25,2.802,0.014732407220489043,0.973196696944805,0.014337530045025733,0.02680330305519496
0.25,2.8040000000000003,0.014673595293876188,0.9732962479320668,0.014281755243203327,0.026703752067933184
0.25,2.806,0.014615018145101084,0.9733954492618521,0.01422619215332079,0.026604550738147936
0.25,2.8080000000000003,0.014556674836928076,0.9734943020363762,0.014170840010345777,0.026505697963623787
0.25,2.81,0.014498564435863014,0.9735928073551581,0.014115698051731526,0.026407192644841926
0.25,2.8120000000000003,0.014440686012138217,0.9736909663150215,0.014060765517410674,0.0263090336849785
0.25,2.814,0.014383038639697695,0.9737887800100973,0.014006041649789308,0.026211219989902723
0.25,2.816,0.014325621396182245,0.9738862495318247,0.013951525693740788,0.026113750468175323
0.25,2.818,0.014268433362914735,0.9739833759689533,0.01389721689659974,0.026016624031046653
0.25,2.82,0.014211473624885439,0.9740801604075453,0.013843114508156007,0.025919839592454696
0.25,2.822,0.014154741270737306,0.9741766039309766,0.013789217780648505,0.025823396069023397
0.25,2.824,0.014098235392751486,0.9742727076199394,0.013735525968759252,0.02572729238006055
0.25,2.826,0.014041955086832699,0.974368472552444,0.013682038329607198,0.025631527447556035
0.25,2.828,0.013985899452494876,0.9744638998038202,0.013628754122742271,0.0255361001961798
0.25,2.83,0.013930067592846646,0.9745589904467202,0.013575672610139202,0.02544100955327977
0.25,2.832,0.01387445861457709,0.97465374555112,0.013522793056191565,0.025346254448879946
0.25,2.834,0.013819071627941342,0.9747481661843219,0.013470114727705615,0.025251833815678082
0.25,2.836,0.013763905746746461,0.9748422534109561,0.013417636893894328,0.025157746589043906
0.25,2.838,0.013708960088337146,0.9749360082929832,0.01336535882637124,0.025063991707016786
0.25,2.84,0.013654233773581716,0.9750294318896965,0.013313279799144487,0.024970568110303515
0.25,2.842,0.013599725926857941,0.9751225252577238,0.013261399088610654,0.024877474742276195
0.25,2.844,0.013545435676039134,0.9752152894510299,0.013209715973548811,0.024784710548970135
0.25,2.846,0.013491362152480101,0.9753077255209187,0.013158229735114374,0.02469227447908129
0.25,2.848,0.013437504491003336,0.9753998345160357,0.013106939656833141,0.024600165483964265
0.25,2.85,0.013383861829885083,0.9754916174823702,0.013055845024595156,0.024508382517629768
0.25,2.852,0.013330433310841642,0.9755830754632575,0.013004945126648742,0.02441692453674249
0.25,2.854,0.013277218079015546,0.9756742094993816,0.01295423925359439,0.02432579050061845
0.25,2.856,0.013224215282961973,0.9757650206287771,0.01290372669837878,0.024234979371222876
0.25,2.858,0.013171424074635032,0.9758555098868325,0.01285340675628867,0.02414449011316755
0.25,2.86,0.013118843609374287,0.9759456783062916,0.012803278724944947,0.024054321693708358
0.25,2.862,0.013066473045891149,0.976035526917257,0.012753341904296504,0.023964473082742965
0.25,2.864,0.01301431154625551,0.9761250567471919,0.012703595596614294,0.023874943252808145
0.25,2.866,0.01296235827588224,0.9762142688209228,0.012654039106485217,0.02378573117907723
0.25,2.868,0.012910612403517922,0.9763031641606423,0.012604671740806183,0.023696835839357666
0.25,2.87,0.012859073101227476,0.9763917437859119,0.01255549280877801,0.02360825621408813
0.25,2.872,0.01280773954438099,0.9764800087136638,0.012506501621899486,0.023519991286336195
0.25,2.874,0.012756610911640433,0.9765679599582044,0.012457697493961268,0.023432040041795554
0.25,2.876,0.012705686384946615,0.9766555985312168,0.012409079741039969,0.02334440146878325
0.25,2.878,0.012654965149506,0.9767429254417629,0.012360647681492047,0.023257074558237112
0.25,2.88,0.01260444639377776,0.976829941696287,0.012312400635947905,0.023170058303712993
0.25,2.882,0.012554129309460706,0.9769166482986181,0.012264337927305798,0.02308335170138187
0.25,2.884,0.012504013091480436,0.9770030462499729,0.012216458880725927,0.022996953750027083
0.25,2.886,0.01245409693797637,0.9770891365489582,0.012168762823624356,0.022910863451041763
0.25,2.888,0.01240438005028901,0.9771749201915745,0.012121249085667122,0.02282507980842552
0.25,2.89,0.012354861632947071,0.9772603981712178,0.012073916998764157,0.022739601828782208
0.25,2.892,0.012305540893654841,0.9773455714786836,0.012026765897063403,0.022654428521316383
0.25,2.894,0.012256417043279417,0.9774304411021693,0.011979795116944745,0.022569558897830744
0.25,2.896,0.012207489295838167,0.9775150080272766,0.011933003997014139,0.022484991972723356
0.25,2.898,0.012158756868486066,0.9775992732370159,0.011886391878097553,0.022400726762984102
0.25,2.9,0.012110218981503258,0.9776832377118077,0.011839958103235095,0.02231676228819235
0.25,2.902,0.012061874858282494,0.9777669024294865,0.011793702017674976,0.022233097570513505
0.25,2.904,0.012013723725316795,0.9778502683653038,0.011747622968867645,0.022149731634696246
0.25,2.906,0.011965764812186983,0.9779333364919309,0.01170172030645976,0.022066663508069073
0.25,2.908,0.011917997351549447,0.9780161077794622,0.01165599338228833,0.02198389222053776
0.25,2.91,0.011870420579123775,0.9780985831954182,0.0116104415503747,0.021901416804581797
0.25,2.912,0.011823033733680615,0.9781807637047485,0.011565064166918708,0.02181923629525151
0.25,2.914,0.011775836057029409,0.978262650269835,0.011519860590292674,0.021737349730164945
0.25,2.916,0.011728826794006343,0.9783442438504957,0.011474830181035569,0.021655756149504324
0.25,2.918,0.011682005192462186,0.9784255454039866,0.011429972301847018,0.02157445459601337
0.25,2.92,0.011635370503250335,0.9785065558850062,0.011385286317581476,0.021493444114993765
0.25,2.922,0.011588921980214746,0.9785872762456981,0.01134077159524225,0.02141272375430192
0.25,2.924,0.011542658880178084,0.9786677074356541,0.01129642750397568,0.02133229256434588
0.25,2.926,0.011496580462929736,0.978747850401918,0.011252253415065167,0.02125214959808197
0.25,2.928,0.011450685991214066,0.9788277060889886,0.011208248701925381,0.021172293911011386
0.25,2.93,0.011404974730718527,0.978907275438823,0.011164412740096299,0.021092724561176945
0.25,2.932,0.011359445950061995,0.97898655939084,0.011120744907237405,0.021013440609159995
0.25,2.934,0.01131409892078299,0.9790655588819235,0.011077244583121764,0.02093444111807652
0.25,2.936,0.011268932917328094,0.9791442748464257,0.011033911149630234,0.020855725153574256
0.25,2.938,0.011223947217040271,0.9792227082161709,0.010990743990745528,0.020777291783829144
0.25,2.94,0.011179141100147373,0.9793008599204583,0.010947742492546462,0.020699140079541656
0.25,2.942,0.011134513849750557,0.9793787308860662,0.010904906043202028,0.020621269113933804
0.25,2.944,0.011090064751812883,0.9794563220372547,0.010862234032965646,0.020543677962745255
0.25,2.946,0.011045793095147817,0.9795336342957699,0.010819725854169262,0.020466365704230105
0.25,2.948,0.011001698171407927,0.9796106685808466,0.010777380901217597,0.020389331419153445
0.25,2.95,0.010957779275073472,0.9796874258092125,0.010735198570582269,0.02031257419078747
0.25,2.952,0.010914035703441193,0.9797639068950915,0.010693178260796061,0.02023609310490848
0.25,2.954,0.010870466756612993,0.9798401127502071,0.010651319372447053,0.020159887249792896
0.25,2.956,0.010827071737484813,0.9799160442837862,0.010609621308172898,0.020083955716213797
0.25,2.958,0.0107838499517354,0.9799917024025625,0.010568083472654966,0.020008297597437497
0.25,2.96,0.01074080070781528,0.9800670880107802,0.010526705272612649,0.01993291198921976
0.25,2.962,0.010697923316935613,0.9801422020101977,0.01048548611679751,0.01985779798980225
0.25,2.964,0.010655217093057247,0.980217045300091,0.0104444254159876,0.019782954699908983
0.25,2.966,0.010612681352879674,0.9802916187772576,0.010403522582981632,0.019708381222742433
0.25,2.968,0.01057031541583016,0.9803659233360199,0.0103627770325933,0.019634076663980093
0.25,2.97,0.01052811860405279,0.9804399598682294,0.010322188181645476,0.019560040131770595
0.25,2.972,0.010486090242397696,0.9805137292632697,0.010281755448964548,0.01948627073673026
0.25,2.974,0.010444229658410171,0.9805872324080608,0.010241478255374616,0.019412767591939217
0.25,2.976,0.010402536182320003,0.9806604701870625,0.010201356023691864,0.019339529812937517
0.25,2.978,0.010361009147030663,0.9807334434822783,0.010161388178718766,0.01926655651772169
0.25,2.98,0.010319647888108718,0.9808061531732593,0.01012157414723846,0.019193846826740746
0.25,2.982,0.010278451743773127,0.9808786001371075,0.010081913358008997,0.01912139986289252
0.25,2.984,0.01023742005488472,0.9809507852484801,0.010042405241757705,0.019049214751519883
0.25,2.986,0.01019655216493558,0.9810227093795933,0.01000304923117546,0.01897729062040665
0.25,2.988,0.010155847420038616,0.9810943734002258,0.009963844760911085,0.01890562659977424
0.25,2.99,0.01011530516891702,0.9811657781777225,0.009924791267565607,0.018834221822277453
0.25,2.992,0.01007492476289393,0.9812369245769993,0.009885888189686692,0.018763075423000708
0.25,2.994,0.010034705555881969,0.9813078134605457,0.009847134967762924,0.01869218653945426
0.25,2.996,0.009994646904372986,0.9813784456884299,0.009808531044218239,0.018621554311570088
0.25,2.998,0.009954748167427682,0.9814488221183016,0.009770075863406221,0.018551177881698355
0.25,3.0,0.009915008706665434,0.9815189436053968,0.009731768871604568,0.01848105639460318
0.25,3.0020000000000002,0.009875427886254003,0.9815888110025411,0.009693609517009405,0.01841118899745886
0.25,3.004,0.009836005072899438,0.9816584251601541,0.00965559724972975,0.018341574839845887
0.25,3.0060000000000002,0.009796739635835865,0.981727786926253,0.00961773152178185,0.018272213073747046
0.25,3.008,0.009757630946815471,0.9817968971464568,0.009580011787083674,0.018203102853543207
0.25,3.0100000000000002,0.009718678380098381,0.9818657566639901,0.00954243750144926,0.01813424333600988
0.25,3.012,0.009679881312442714,0.9819343663196874,0.00950500812258322,0.018065633680312554
0.25,3.0140000000000002,0.00964123912309454,0.9820027269519968,0.009467723110075115,0.01799727304800325
0.25,3.016,0.009602751193778025,0.9820708393969838,0.009430581925393974,0.017929160603016192
0.25,3.0180000000000002,0.00956441690868546,0.9821387044883362,0.009393584031882674,0.01786129551166382
0.25,3.02,0.009526235654467483,0.9822063230573671,0.009356728894752498,0.017793676942632897
0.25,3.0220000000000002,0.009488206820223196,0.9822736959330196,0.009320015981077522,0.017726304066980392
0.25,3.024,0.009450329797490456,0.9823408239418708,0.009283444759789188,0.017659176058129167
0.25,3.0260000000000002,0.009412603980236075,0.9824077079081357,0.009247014701670718,0.017592292091864303
0.25,3.028,0.009375028764846189,0.9824743486536713,0.009210725279351692,0.017525651346328663
0.25,3.0300000000000002,0.009337603550116532,0.9825407469979809,0.009174575967302496,0.017459253002019115
0.25,3.032,0.009300327737242889,0.9826069037582178,0.009138566241828907,0.017393096241782202
0.25,3.0340000000000003,0.00926320072981144,0.98267281974919,0.009102695581066562,0.017327180250810037
0.25,3.036,0.00922622193378929,0.9827384957833637,0.009066963464975564,0.017261504216636303
0.25,3.0380000000000003,0.009189390757514898,0.9828039326708681,0.009031369375334969,0.017196067329131925
0.25,3.04,0.009152706611688677,0.9828691312194989,0.008995912795737413,0.017130868780501074
0.25,3.0420000000000003,0.009116168909363493,0.9829340922347232,0.008960593211583611,0.017065907765276833
0.25,3.044,0.009079777065935343,0.9829988165196827,0.008925410110077,0.017001183480317317
0.25,3.0460000000000003,0.009043530499133944,0.9830633048751988,0.00889036298021827,0.016936695124801227
0.25,3.048,0.009007428629013468,0.9831275580997764,0.008855451312800027,0.016872441900223634
0.25,3.0500000000000003,0.008971470877943205,0.9831915769896079,0.008820674600401321,0.016808423010392093
0.25,3.052,0.00893565667059839,0.9832553623385779,0.00878603233738235,0.01674463766142209
0.25,3.0540000000000003,0.008899985433950923,0.983318914938267,0.008751524019879003,0.016681085061733048
0.25,3.056,0.008864456597260274,0.9833822355779561,0.00871714914579757,0.01661776442204388
0.25,3.0580000000000003,0.008829069592064281,0.983445325044631,0.008682907214809325,0.016554674955368998
0.25,3.06,0.008793823852170125,0.9835081841229862,0.008648797728345243,0.01649181587701376
0.25,3.0620000000000003,0.008758718813645195,0.9835708135954293,0.008614820189590597,0.016429186404570695
0.25,3.064,0.008723753914808145,0.9836332142420854,0.00858097410347971,0.016366785757914615
0.25,3.0660000000000003,0.00868892859621983,0.983695386840801,0.008547258976690566,0.016304613159198955
0.25,3.068,0.008654242300674428,0.983757332167149,0.008513674317639565,0.016242667832851
0.25,3.0700000000000003,0.008619694473190453,0.983819050994432,0.008480219636476181,0.01618094900556799
0.25,3.072,0.008585284561001941,0.9838805440936875,0.008446894445077725,0.016119455906312474
0.25,3.074,0.008551012013549561,0.9839418122336918,0.008413698257044026,0.016058187766308185
0.25,3.076,0.00851687628247181,0.9840028561809643,0.008380630587692174,0.01599714381903572
0.25,3.078,0.00848287682159628,0.9840636766997718,0.008347690954051308,0.015936323300228206
0.25,3.08,0.008449013086930857,0.9841242745521329,0.008314878874857306,0.015875725447867084
0.25,3.082,0.008415284536655077,0.9841846504978226,0.008282193870547606,0.015815349502177445
0.25,3.084,0.008381690631111402,0.9842448052943759,0.008249635463255935,0.015755194705624143
0.25,3.086,0.008348230832796642,0.984304739697093,0.008217203176807145,0.01569526030290702
0.25,3.088,0.008314904606353295,0.9843644544590431,0.008184896536711946,0.01563554554095692
0.25,3.09,0.008281711418561042,0.9844239503310691,0.008152715070161784,0.015576049668930891
0.25,3.092,0.008248650738328155,0.9844832280617917,0.008120658306023584,0.015516771938208329
0.25,3.094,0.00821572203668306,0.9845422883976138,0.008088725774834644,0.015457711602386182
0.25,3.096,0.008182924786765813,0.9846011320827252,0.008056917008797413,0.01539886791727485
0.25,3.098,0.008150258463819731,0.9846597598591065,0.008025231541774386,0.015340240140893524
0.25,3.1,0.008117722545182936,0.984718172466534,0.007993668909282922,0.015281827533465964
0.25,3.102,0.008085316510280048,0.9847763706425838,0.007962228648490147,0.015223629357416169
0.25,3.104,0.008053039840613806,0.9848343551226361,0.007930910298207793,0.015165644877363937
0.25,3.106,0.008020892019756818,0.9848921266398798,0.007899713398887133,0.015107873360120205
0.25,3.108,0.00798887253334325,0.9849496859253171,0.007868637492613828,0.015050314074682936
0.25,3.11,0.007956980869060654,0.9850070337077674,0.007837682123102888,0.014992966292232568
0.25,3.112,0.007925216516641704,0.9850641707138724,0.007806846835693545,0.014935829286127578
0.25,3.114,0.0078935789678561,0.9851210976680999,0.007776131177344227,0.014878902331900146
0.25,3.116,0.00786206771650237,0.9851778152927484,0.007745534696627452,0.014822184707251607
0.25,3.118,0.007830682258399835,0.9852343243079521,0.00771505694372483,0.014765675692047897
0.25,3.12,0.0077994220913804825,0.9852906254316846,0.007684697470421973,0.014709374568315448
0.25,3.122,0.0077682867152809865,0.9853467193797635,0.007654455830103519,0.01465328062023652
0.25,3.124,0.007737275631934652,0.9854026068658553,0.0076243315777480645,0.014597393134144654
0.25,3.126,0.007706388345163497,0.9854582886014797,0.007594324269923209,0.01454171139852034
0.25,3.128,0.007675624360770262,0.9855137652960133,0.0075644334647805055,0.014486234703986689
0.25,3.13,0.007644983186530551,0.9855690376566955,0.007534658722050532,0.014430962343304543
0.25,3.132,0.007614464332184912,0.9856241063886315,0.007504999603037862,0.014375893611368484
0.25,3.134,0.007584067309431036,0.9856789721947979,0.00747545567061615,0.014321027805202058
0.25,3.136,0.007553791631915898,0.9857336357760467,0.007446026489223135,0.014266364223953332
0.25,3.138,0.007523636815228025,0.9857880978311094,0.007416711624855741,0.014211902168890567
0.25,3.14,0.007493602376889693,0.9858423590566026,0.007387510645065099,0.014157640943397443
0.25,3.142,0.007463687836349262,0.9858964201470312,0.007358423118951678,0.01410357985296884
0.25,3.144,0.007433892714973431,0.9859502817947938,0.007329448617160319,0.014049718205206174
0.25,3.146,0.007404216536039636,0.9860039446901869,0.007300586711875393,0.013996055309813071
0.25,3.148,0.007374658824728368,0.9860574095214094,0.007271836976815857,0.013942590478590589
0.25,3.15,0.0073452191081156285,0.986110676974567,0.007243198987230428,0.013889323025432998
0.25,3.152,0.00731589691516531,0.9861637477336769,0.007214672319892668,0.013836252266323124
0.25,3.154,0.0072866917767217135,0.9862166224806722,0.007186256553096177,0.013783377519327789
0.25,3.156,0.007257603225501987,0.9862693018954065,0.0071579512666496955,0.013730698104593486
0.25,3.158,0.007228630796088705,0.9863217866556583,0.007129756041872325,0.013678213344341716
0.25,3.16,0.0071997740249223645,0.9863740774371356,0.007101670461588649,0.013625922562864434
0.25,3.162,0.007171032450294024,0.9864261749134803,0.007073694110123976,0.01357382508651972
0.25,3.164,0.007142405612337864,0.9864780797562731,0.007045826573299484,0.013521920243726893
0.25,3.166,0.007113893053023879,0.9865297926350375,0.007018067438427481,0.013470207364962516
0.25,3.168,0.007085494316150499,0.9865813142172446,0.006990416294306577,0.013418685782755402
0.25,3.17,0.007057208947337342,0.9866326451683177,0.00696287273121696,0.013367354831682277
0.25,3.172,0.00702903649401789,0.9866837861516368,0.006935436340915598,0.013316213848363234
0.25,3.174,0.0070009765054323,0.9867347378285427,0.006908106716631527,0.013265262171457293
0.25,3.176,0.006973028532620146,0.9867855008583425,0.006880883453061083,0.01321449914165751
0.25,3.178,0.0069451921284132785,0.986836075898313,0.006853766146363212,0.013163924101686986
0.25,3.18,0.006917466847428623,0.9868864636037061,0.0068267543941547115,0.013113536396293868
0.25,3.182,0.006889852246061105,0.9869366646277529,0.006799847795505578,0.013063335372247131
0.25,3.184,0.006862347882476502,0.9869866796216683,0.006773045950934269,0.013013320378331694
0.25,3.186,0.006834953316604421,0.9870365092346558,0.006746348462403061,0.012963490765344199
0.25,3.188,0.0068076681101312125,0.9870861541139117,0.0067197549333133395,0.012913845886088349
0.25,3.19,0.006780491826493002,0.9871356149046298,0.006693264968500986,0.012864385095370245
0.25,3.192,0.00675342403086866,0.9871848922500059,0.006666878174231679,0.012815107749994059
0.25,3.194,0.0067264642901728915,0.9872339867912426,0.00664059415819631,0.012766013208757365
0.25,3.196,0.006699612173049257,0.9872828991675534,0.006614412529506303,0.012717100832446593
0.25,3.198,0.0066728672498633235,0.9873316300161674,0.006588332898689055,0.012668369983832584
0.25,3.2,0.006646229092695736,0.9873801799723343,0.00656235487768328,0.012619820027665707
0.25,3.202,0.006619697275335424,0.9874285496693281,0.00653647807983446,0.012571450330671863
0.25,3.204,0.006593271373272731,0.9874767397384525,0.0065107021198902255,0.012523260261547486
0.25,3.206,0.006566950963692673,0.9875247508090449,0.006485026613995824,0.012475249190955107
0.25,3.208,0.006540735625468123,0.987572583508481,0.006459451179689515,0.012427416491519017
0.25,3.21,0.006514624939153123,0.9876202384621796,0.006433975435898069,0.012379761537820388
0.25,3.212,0.006488618486976122,0.9876677162936072,0.006408599002932187,0.012332283706392833
0.25,3.214,0.006462715852833342,0.9877150176242819,0.006383321502482011,0.012284982375718068
0.25,3.216,0.006436916622282073,0.9877621430737789,0.0063581425576125705,0.012237856926221147
0.25,3.218,0.006411220382534087,0.987809093259734,0.006333061792759322,0.012190906740266017
0.25,3.22,0.00638562672244899,0.9878558687978493,0.006308078833723609,0.012144131202150743
0.25,3.222,0.006360135232527683,0.9879024703018967,0.006283193307668226,0.012097529698103293
0.25,3.224,0.0063347455049057744,0.9879488983837231,0.006258404843112902,0.012051101616276871
0.25,3.226,0.006309457133347091,0.9879951536532547,0.006233713069929884,0.012004846346745257
0.25,3.228,0.006284269713237138,0.9880412367185016,0.006209117619339445,0.011958763281498364
0.25,3.23,0.006259182841576666,0.9880871481855623,0.006184618123905493,0.011912851814437686
0.25,3.232,0.006234196116975184,0.9881328886586283,0.006160214217531092,0.01186711134137175
0.25,3.234,0.006209309139644574,0.9881784587399884,0.006135905535454099,0.011821541260011559
0.25,3.236,0.006184521511392659,0.988223859030034,0.006111691714242712,0.011776140969966042
0.25,3.238,0.006159832835616869,0.9882690901272625,0.006087572391791118,0.011730909872737505
0.25,3.24,0.006135242717297852,0.9883141526282827,0.0060635472073150695,0.011685847371717295
0.25,3.242,0.006110750762993203,0.9883590471278192,0.006039615801347557,0.01164095287218081
0.25,3.244,0.0060863565808311195,0.9884037742187165,0.006015777815734401,0.011596225781283498
0.25,3.246,0.006062059780504177,0.9884483344919441,0.005992032893629954,0.011551665508055864
0.25,3.248,0.00603785997326304,0.9884927285366006,0.005968380679492709,0.01150727146339936
0.25,3.25,0.0060137567719102895,0.9885369569399186,0.005944820819081026,0.01146304306008139
0.25,3.2520000000000002,0.0059897497907941775,0.9885810202872688,0.005921352959448763,0.011418979712731203
0.25,3.254,0.0059658386458025054,0.988624919162165,0.005897976748941022,0.011375080837835005
0.25,3.2560000000000002,0.0059420229543564315,0.9886686541462683,0.005874691837189806,0.011331345853731745
0.25,3.258,0.0059183023354043955,0.9887122258193916,0.005851497875109783,0.011287774180608445
0.25,3.2600000000000002,0.005894676409415979,0.9887556347595043,0.005828394514893973,0.011244365240495657
0.25,3.262,0.005871144798375871,0.988798881542737,0.005805381410009519,0.011201118457263015
0.25,3.2640000000000002,0.005847707125777783,0.9888419667433854,0.0057824582151934124,0.011158033256614575
0.25,3.266,0.0058243630166184635,0.9888848909339155,0.00575962458644828,0.011115109066084483
0.25,3.2680000000000002,0.005801112097391658,0.9889276546849677,0.005736880181038126,0.011072345315032317
0.25,3.27,0.005777953996082173,0.9889702585653614,0.00571422465748415,0.01102974143463864
0.25,3.2720000000000002,0.005754888342159883,0.9890127031420993,0.005691657675560501,0.010987296857900675
0.25,3.274,0.005731914766573844,0.9890549889803727,0.0056691788962901285,0.010945011019627304
0.25,3.2760000000000002,0.005709032901746346,0.9890971166435649,0.005646787981940555,0.010902883356435078
0.25,3.278,0.005686242381567074,0.9891390866932566,0.005624484596019744,0.010860913306743436
0.25,3.2800000000000002,0.005663542841387209,0.9891808996892297,0.005602268403271896,0.010819100310770269
0.25,3.282,0.005640933918013632,0.9892225561894725,0.005580139069673341,0.010777443810527476
0.25,3.2840000000000003,0.005618415249703079,0.9892640567501837,0.005558096262428365,0.010735943249816304
0.25,3.286,0.005595986476156387,0.9893054019257768,0.005536139649965105,0.010694598074223238
0.25,3.2880000000000003,0.005573647238512688,0.9893465922688851,0.00551426890193141,0.010653407731114894
0.25,3.29,0.005551397179343716,0.9893876283303658,0.005492483689190761,0.010612371669634246
0.25,3.2920000000000003,0.005529235942648037,0.9894285106593045,0.005470783683818143,0.010571489340695517
0.25,3.294,0.005507163173845403,0.9894692398030198,0.005449168559095997,0.010530760196980182
0.25,3.2960000000000003,0.005485178519771032,0.9895098163070678,0.005427637989510108,0.010490183692932198
0.25,3.298,0.005463281628669999,0.9895502407152464,0.005406191650745581,0.010449759284753557
0.25,3.3000000000000003,0.005441472150191571,0.9895905135696,0.005384829219682753,0.010409486430399961
0.25,3.302,0.005419749735383635,0.9896306354104237,0.005363550374393182,0.010369364589576269
0.25,3.3040000000000003,0.005398114036687081,0.989670606776268,0.005342354794135593,0.010329393223732053
0.25,3.306,0.00537656470793028,0.989710428203943,0.0053212421593518845,0.010289571796057051
0.25,3.3080000000000003,0.0053551014043235,0.989750100228523,0.005300212151663089,0.010249899771476945
0.25,3.31,0.005333723782453437,0.9897896233833514,0.005279264453865413,0.010210376616648587
0.25,3.3120000000000003,0.005312431500277675,0.9898289982000442,0.005258398749926209,0.010171001799955781
0.25,3.314,0.005291224217119253,0.9898682252084952,0.005237614724980044,0.010131774791504844
0.25,3.3160000000000003,0.00527010159366118,0.98990730493688,0.005216912065324695,0.01009269506312005
0.25,3.318,0.005249063291941039,0.9899462379116607,0.005196290458417229,0.010053762088339302
0.25,3.3200000000000003,0.005228108975345545,0.9899850246575905,0.00517574959287003,0.010014975342409471
0.25,3.322,0.005207238308605195,0.9900236656977177,0.005155289158446898,0.009976334302282286
0.25,3.3240000000000003,0.005186450957788864,0.9900621615533902,0.005134908846059094,0.009937838446609781
0.25,3.326,0.005165746590298508,0.9901005127442603,0.005114608347761467,0.009899487255739747
0.25,3.3280000000000003,0.005145124874863794,0.9901387197882886,0.005094387356748516,0.009861280211711398
0.25,3.33,0.005124585481536845,0.9901767832017488,0.005074245567350539,0.009823216798251155
0.25,3.332,0.005104128081686926,0.990214703499232,0.005054182675029723,0.009785296500767982
0.25,3.334,0.005083752347995197,0.990252481193651,0.005034198376376293,0.009747518806349054
0.25,3.336,0.005063457954449495,0.9902901167962447,0.005014292369104664,0.00970988320375532
0.25,3.338,0.005043244576339079,0.9903276108165827,0.004994464352049569,0.009672389183417285
0.25,3.34,0.005023111890249478,0.9903649637625697,0.004974714025162257,0.009635036237430339
0.25,3.342,0.005003059574057276,0.9904021761404493,0.004955041089506636,0.009597823859550658
0.25,3.344,0.0049830873069249965,0.9904392484548094,0.004935445247255493,0.009560751545190649
0.25,3.346,0.004963194769295929,0.9904761812085854,0.004915926201686657,0.009523818791414618
0.25,3.348,0.004943381642889056,0.9905129749030656,0.0048964836571792425,0.009487025096934443
0.25,3.35,0.004923647610693924,0.990549630037895,0.004877117319209832,0.00945036996210502
0.25,3.352,0.004903992356965605,0.99058614711108,0.004857826894348743,0.009413852888920049
0.25,3.354,0.004884415567219612,0.9906225266189922,0.00483861209025623,0.009377473381007806
0.25,3.356,0.004864916928226899,0.9906587690563734,0.004819472615678774,0.0093412309436266
0.25,3.358,0.004845496128008819,0.9906948749163396,0.0048004081804453045,0.009305125083660437
0.25,3.36,0.0048261528558321614,0.9907308446903853,0.004781418495463513,0.009269155309614696
0.25,3.362,0.004806886802204152,0.9907666788683881,0.004762503272716094,0.009233321131611905
0.25,3.364,0.004787697658867528,0.9908023779386129,0.004743662225257077,0.009197622061387078
0.25,3.366,0.00476858511879558,0.990837942387716,0.004724895067208095,0.009162057612283947
0.25,3.368,0.004749548876187266,0.99087337270075,0.004706201513754733,0.009126627299249956
0.25,3.37,0.004730588626462291,0.9909086693611674,0.004687581281142821,0.009091330638832607
0.25,3.372,0.004711704066256263,0.9909438328508254,0.004669034086674801,0.009056167149174565
0.25,3.374,0.004692894893415807,0.9909788636499901,0.004650559648706038,0.009021136350009895
0.25,3.376,0.004674160806993765,0.9910137622373407,0.004632157686641216,0.008986237762659277
0.25,3.378,0.004655501507244347,0.9910485290899741,0.004613827920930667,0.008951470910025905
0.25,3.38,0.0046369166956183655,0.9910831646834086,0.004595570073066784,0.008916835316591376
0.25,3.382,0.0046184060747584315,0.9911176694915889,0.004577383865580373,0.00888233050841114
0.25,3.384,0.004599969348494223,0.9911520439868897,0.00455926902203709,0.00884795601311028
0.25,3.386,0.004581606221837719,0.9911862886401208,0.0045412252670338155,0.008813711359879184
0.25,3.388,0.00456331640097851,0.9912204039205305,0.004523252326195101,0.008779596079469543
0.25,3.39,0.004545099593279063,0.9912543902958102,0.004505349926169573,0.008745609704189805
0.25,3.392,0.004526955507270076,0.9912882482320989,0.004487517794626406,0.008711751767901066
0.25,3.394,0.004508883852645775,0.9913219781939873,0.004469755660251737,0.008678021806012737
0.25,3.396,0.00449088434025931,0.9913555806445218,0.004452063252745158,0.008644419355478217
0.25,3.398,0.004472956682118091,0.9913890560452091,0.004434440302816165,0.008610943954790895
0.25,3.4,0.004455100591379213,0.9914224048560203,0.004416886542180657,0.00857759514397971
0.25,3.402,0.0044373157823448355,0.9914556275353951,0.004399401703557411,0.008544372464604932
0.25,3.404,0.004419601970457642,0.991488724540246,0.004381985520664605,0.008511275459754053
0.25,3.406,0.004401958872296257,0.9915216963259624,0.004364637728216305,0.008478303674037568
0.25,3.408,0.004384386205570741,0.9915545433464155,0.004347358061919019,0.008445456653584538
0.25,3.41,0.004366883689118043,0.9915872660539613,0.004330146258468197,0.008412733946038697
0.25,3.412,0.004349451042897536,0.9916198648994461,0.00431300205554481,0.00838013510055391
0.25,3.414,0.0043320879879865,0.9916523403322096,0.004295925191811866,0.008347659667790386
0.25,3.416,0.004314794246575693,0.99168469280009,0.004278915406911012,0.008315307199910027
0.25,3.418,0.004297569541964877,0.9917169227494274,0.0042619724414590734,0.008283077250572646
0.25,3.42,0.0042804135985584175,0.9917490306250684,0.0042450960370446714,0.008250969374931638
0.25,3.422,0.004263326141860846,0.9917810168703703,0.004228285936224783,0.008218983129629653
0.25,3.424,0.0042463068984725,0.9918128819272053,0.004211541882521383,0.008187118072794708
0.25,3.426,0.004229355596085113,0.9918446262359641,0.004194863620418023,0.008155373764035856
0.25,3.428,0.004212471963477495,0.9918762502355609,0.004178250895356488,0.008123749764439081
0.25,3.43,0.004195655730511153,0.991907754363437,0.004161703453733403,0.008092245636562967
0.25,3.432,0.004178906628126011,0.991939139055565,0.004145221042896909,0.008060860944435033
0.25,3.434,0.0041622243883360655,0.9919704047464529,0.004128803411143285,0.008029595253547073
0.25,3.436,0.0041456087442251315,0.9920015518691486,0.004112450307713643,0.007998448130851377
0.25,3.438,0.004129059429942541,0.9920325808552436,0.004096161482790579,0.007967419144756405
0.25,3.44,0.004112576180698919,0.9920634921348772,0.004079936687494886,0.007936507865122788
0.25,3.442,0.0040961587327619205,0.9920942861367408,0.004063775673882214,0.007905713863259223
0.25,3.444,0.004079806823452034,0.9921249632880818,0.004047678194939815,0.007875036711918248
0.25,3.446,0.004063520191138355,0.9921555240147076,0.00403164400458322,0.007844475985292365
0.25,3.448,0.004047298575234427,0.9921859687409904,0.004015672857653,0.00781403125900959
0.25,3.45,0.004031141716194042,0.9922162978898701,0.003999764509911469,0.007783702110129909
0.25,3.452,0.0040150493555071165,0.9922465118828594,0.003983918718039459,0.007753488117140606
0.25,3.454,0.00399902123569553,0.9922766111400474,0.003968135239633045,0.007723388859952607
0.25,3.456,0.003983057100309031,0.9923065960801037,0.003952413833200343,0.007693403919896258
0.25,3.458,0.003967156693921105,0.9923364671202827,0.00393675425815825,0.0076635328797173274
0.25,3.46,0.003951319762124918,0.9923662246764271,0.003921156274829263,0.0076337753235729
0.25,3.462,0.0039355460515292165,0.9923958691629726,0.003905619644438242,0.007604130837027379
0.25,3.464,0.003919835309754301,0.9924254009929515,0.0038901441291092427,0.007574599007048488
0.25,3.466,0.003904187285427962,0.9924548205779968,0.0038747294918623047,0.007545179422003168
0.25,3.468,0.0038886017281814823,0.9924841283283465,0.0038593754966103006,0.007515871671653462
0.25,3.47,0.003873078388645607,0.9925133246528473,0.003844081908155744,0.007486675347152749
0.25,3.472,0.0038576170184465787,0.9925424099589585,0.0038288484921876593,0.0074575900410415175
0.25,3.474,0.0038422173702021387,0.9925713846527565,0.0038136750152784095,0.0074286153472434835
0.25,3.476,0.003826879197517592,0.9926002491389384,0.0037985612448805826,0.007399750861061594
0.25,3.478,0.003811602254981843,0.9926290038208262,0.003783506949323841,0.0073709961791738055
0.25,3.48,0.003796386298163491,0.9926576491003705,0.0037685118978118292,0.007342350899629535
0.25,3.482,0.0037812310836068956,0.9926861853781546,0.003753575860419035,0.007313814621845438
0.25,3.484,0.003766136368828308,0.9927146130533988,0.0037386986080877264,0.007285386946601191
0.25,3.486,0.0037511019123119627,0.992742932523964,0.003723879912624827,0.00725706747603605
0.25,3.488,0.003736127473506241,0.9927711441863554,0.003709119546698868,0.00722885581364463
0.25,3.49,0.003721212812819796,0.9927992484357272,0.003694417283836892,0.0072007515642728
0.25,3.492,0.0037063576916177457,0.992827245665886,0.0036797728984214175,0.007172754334114018
0.25,3.494,0.003691561872217827,0.9928551362692948,0.0036651861656873635,0.00714486373070522
0.25,3.496,0.00367682511788662,0.9928829206370768,0.0036506568617190316,0.007117079362923162
0.25,3.498,0.0036621471928357354,0.99291059915902,0.003636184763447053,0.007089400840979976
0.25,3.5,0.003647527862218065,0.9929381722235802,0.003621769648645388,0.007061827776419838
0.25,3.5020000000000002,0.0036329668921240006,0.9929656402178852,0.0036074112959282893,0.007034359782114752
0.25,3.504,0.003618464049577717,0.9929930035277392,0.0035931094847473236,0.007006996472260774
0.25,3.5060000000000002,0.0036040191025334175,0.9930202625376261,0.003578863995388354,0.006979737462373903
0.25,3.508,0.0035896318198716474,0.9930474176307136,0.003564674608968578,0.00695258236928642
0.25,3.5100000000000002,0.0035753019713955707,0.993074469188857,0.0035505411074335303,0.006925530811142999
0.25,3.512,0.003561029327827313,0.9931014175926032,0.003536463273554139,0.006898582407396825
0.25,3.5140000000000002,0.0035468136608042657,0.9931282632211945,0.0035224408909237475,0.006871736778805482
0.25,3.516,0.00353265474287546,0.9931550064525725,0.0035084737439551885,0.006844993547427514
0.25,3.5180000000000002,0.0035185523474979006,0.9931816476633816,0.003494561617877824,0.006818352336618427
0.25,3.52,0.0035045062490329667,0.9932081872289734,0.003480704298734642,0.006791812771026584
0.25,3.5220000000000002,0.0034905162227427773,0.9932346255234102,0.0034669015733793107,0.006765374476589758
0.25,3.524,0.003476582044786619,0.993260962919469,0.0034531532294732937,0.00673903708053103
0.25,3.5260000000000002,0.0034627034922173412,0.9932871997886448,0.003439459055482924,0.00671280021135523
0.25,3.528,0.0034488803429778133,0.9933133365011552,0.0034258188406765403,0.006686663498844836
0.25,3.5300000000000002,0.003435112375897346,0.9933393734259437,0.0034122323751215743,0.006660626574056305
0.25,3.532,0.0034213993706881784,0.9933653109306836,0.0033986994496817075,0.006634689069316413
0.25,3.5340000000000003,0.003407741107941929,0.9933911493817819,0.0033852198560139794,0.006608850618218143
0.25,3.536,0.003394137369126108,0.9934168891443826,0.0033717933865659573,0.006583110855617358
0.25,3.5380000000000003,0.0033805879365805982,0.9934425305823714,0.003358419834572867,0.006557469417628581
0.25,3.54,0.003367092593514196,0.9934680740583786,0.0033450989940547794,0.0065319259416214415
0.25,3.5420000000000003,0.0033536511240011184,0.9934935199337831,0.0033318306598137592,0.006506480066216902
0.25,3.544,0.0033402633129775722,0.9935188685687164,0.00331861462743107,0.006481131431283593
0.25,3.5460000000000003,0.0033269289462382902,0.9935441203220661,0.00330545069326434,0.006455879677933929
0.25,3.548,0.003313647810433125,0.9935692755514797,0.0032923386544447867,0.006430724448520331
0.25,3.5500000000000003,0.0033004196930636154,0.9935943346133683,0.0032792783088744,0.006405665386631676
0.25,3.552,0.0032872443824796065,0.9936192978629106,0.003266269455223184,0.006380702137089411
0.25,3.5540000000000003,0.0032741216678758424,0.993644165654056,0.0032533118929263575,0.006355834345944
0.25,3.556,0.0032610513392886146,0.993668938339529,0.003240405422181617,0.006331061660471038
0.25,3.5580000000000003,0.003248033187592382,0.9936936162708322,0.0032275498439463526,0.006306383729167808
0.25,3.56,0.0032350670044964456,0.9937181997982507,0.0032147449599349274,0.006281800201749288
0.25,3.5620000000000003,0.003222152582541593,0.9937426892708553,0.003201990572615914,0.006257310729144705
0.25,3.564,0.0032092897150968027,0.9937670850365063,0.0031892864852093895,0.006232914963493652
0.25,3.5660000000000003,0.0031964781963559163,0.9937913874418574,0.003176632501684192,0.0062086125581426455
0.25,3.568,0.003183717821334366,0.9938155968323588,0.00316402842675523,0.006184403167641239
0.25,3.5700000000000003,0.0031710083858658734,0.9938397135522614,0.0031514740658807583,0.006160286447738583
0.25,3.572,0.003158349686599206,0.9938637379446204,0.003138969225259707,0.006136262055379649
0.25,3.5740000000000003,0.003145741520994899,0.9938876703512984,0.0031265137118289704,0.006112329648701564
0.25,3.576,0.0031331836873220408,0.9939115111129698,0.0031141073332607563,0.0060884888870301745
0.25,3.5780000000000003,0.0031206759846550175,0.9939352605691238,0.0031017498979598918,0.006064739430876154
0.25,3.58,0.0031082182128703262,0.9939589190580684,0.0030894412150611907,0.006041080941931565
0.25,3.5820000000000003,0.0030958101726433467,0.9939824869169337,0.0030771810944267754,0.006017513083066306
0.25,3.584,0.003083451665445176,0.9940059644816758,0.0030649693466434616,0.0059940355183242255
0.25,3.586,0.003071142493539433,0.9940293520870802,0.0030528057830201028,0.005970647912919791
0.25,3.588,0.003058882459979102,0.9940526500667655,0.003040690215584973,0.005947349933234536
0.25,3.59,0.003046671368603389,0.9940758587531866,0.0030286224570831603,0.005924141246813397
0.25,3.592,0.0030345090240345668,0.9940989784776391,0.0030166023209739403,0.005901021522360939
0.25,3.594,0.003022395231674868,0.994122009570262,0.003004629621428197,0.0058779904297380225
0.25,3.596,0.0030103297977033512,0.9941449523600416,0.0029927041733258117,0.005855047639958366
0.25,3.598,0.0029983125290728206,0.9941678071748152,0.0029808257922531007,0.005832192825184768
0.25,3.6,0.002986343233506717,0.9941905743412743,0.002968994294500221,0.005809425658725664
0.25,3.602,0.0029744217194960605,0.9942132541849685,0.002957209497058628,0.005786745815031469
0.25,3.604,0.0029625477962963677,0.9942358470303087,0.0029454712176184934,0.00576415296969135
0.25,3.606,0.0029507212739246194,0.9942583532005707,0.002933779274566182,0.005741646799429345
0.25,3.608,0.0029389419631562,0.9942807730178989,0.0029221334869816875,0.005719226982101144
0.25,3.61,0.002927209675521891,0.9943031068033096,0.002910533674636124,0.005696893196690422
0.25,3.612,0.002915524223304835,0.9943253548766945,0.0028989796579891795,0.005674645123305511
0.25,3.614,0.0029038854195375524,0.9943475175568243,0.002887471258186622,0.0056524824431757326
0.25,3.616,0.002892293077998929,0.9943695951613519,0.0028760082970577757,0.005630404838648073
0.25,3.618,0.0028807470132112593,0.9943915880068165,0.0028645905971130376,0.005608411993183515
0.25,3.62,0.002869247040437254,0.9944134964086462,0.00285321798154137,0.00558650359135382
0.25,3.622,0.0028577929756771086,0.9944353206811621,0.002841890274207838,0.005564679318837862
0.25,3.624,0.002846384635665538,0.9944570611375816,0.0028306072996511166,0.005542938862418412
0.25,3.626,0.0028350218378688633,0.9944787180900215,0.002819368883081044,0.0055212819099784705
0.25,3.628,0.002823704400482073,0.9945002918495021,0.002808174850376145,0.0054997081504979395
0.25,3.63,0.0028124321424259314,0.9945217827259497,0.0027970250280811996,0.00547821727405029
0.25,3.632,0.002801204883344065,0.994543191028201,0.002785919243404786,0.00545680897179901
0.25,3.634,0.002790022443600094,0.9945645170640057,0.0027748573242168647,0.005435482935994274
0.25,3.636,0.002778884644274738,0.9945857611400306,0.0027638390990463333,0.005414238859969389
0.25,3.638,0.002767791307162976,0.9946069235618623,0.002752864397078633,0.0053930764381376894
0.25,3.64,0.0027567422547711724,0.9946280046340111,0.002741933048153316,0.005371995365988869
0.25,3.642,0.002745737310314258,0.9946490046599141,0.0027310448827616665,0.005350995340085873
0.25,3.644,0.002734776297712882,0.9946699239419388,0.0027201997320442893,0.005330076058061239
0.25,3.646,0.0027238590415906137,0.9946907627813859,0.0027093974277887425,0.0053092372186140935
0.25,3.648,0.002712985367271118,0.9947115214784936,0.0026986378024271432,0.005288478521506379
0.25,3.65,0.0027021551007753775,0.9947322003324403,0.002687920689033818,0.005267799667559747
0.25,3.652,0.0026913680688188933,0.9947527996413476,0.002677245921322921,0.0052472003586524485
0.25,3.654,0.002680624098808928,0.9947733197022846,0.002666613333646102,0.005226680297715447
0.25,3.656,0.0026699230188417284,0.9947937608112704,0.0026560227609901434,0.005206239188729644
0.25,3.658,0.002659264657699791,0.9948141232632778,0.0026454740389746383,0.005185876736722217
0.25,3.66,0.0026486488448491056,0.9948344073522366,0.002634967003849646,0.005165592647763395
0.25,3.662,0.002638075410436444,0.9948546133710366,0.0026245014924933872,0.005145386628963355
0.25,3.664,0.0026275441852866266,0.9948747416115314,0.0026140773424099145,0.0051252583884685565
0.25,3.666,0.00261705500089983,0.994894792364541,0.0026036943917268204,0.005105207635458964
0.25,3.668,0.002606607689448877,0.9949147659198558,0.0025933524791929255,0.005085234080144163
0.25,3.67,0.0025962020837765644,0.9949346625662393,0.0025830514441760035,0.005065337433760697
0.25,3.672,0.0025858380173929755,0.9949544825914316,0.002572791126660481,0.005045517408568401
0.25,3.674,0.002575515324472832,0.9949742262821527,0.0025625713672451835,0.005025773717847293
0.25,3.676,0.002565233839852822,0.9949938939241056,0.002552392007141045,0.0050061060758943565
0.25,3.678,0.0025549933990289767,0.9950134858019798,0.002542252888168871,0.004986514198020209
0.25,3.68,0.0025447938381540206,0.995033002199454,0.0025321538527570664,0.004966997800545991
0.25,3.682,0.002534634994034766,0.9950524433992,0.0025220947439394104,0.0049475566008000404
0.25,3.684,0.002524516704129486,0.9950718096828852,0.0025120754053528007,0.004928190317114778
0.25,3.686,0.002514438806545331,0.9950911013311765,0.0025020956812350425,0.0049088986688234915
0.25,3.688,0.0025044011400357194,0.995110318623743,0.0024921554164226097,0.004889681376257005
0.25,3.69,0.002494403543997778,0.9951294618392593,0.00248225445634845,0.004870538160740678
0.25,3.692,0.0024844458584697524,0.9951485312554088,0.002472392647039757,0.004851468744591192
0.25,3.694,0.002474527924128466,0.9951675271488868,0.0024625698351157933,0.004832472851113212
0.25,3.696,0.0024646495822867533,0.9951864497954036,0.0024527858677856782,0.004813550204596395
0.25,3.698,0.0024548106748909387,0.9952052994696879,0.0024430405928462236,0.004794700530312057
0.25,3.7,0.002445011044518289,0.9952240764454896,0.002433333858679736,0.004775923554510397
0.25,3.702,0.002435250534374515,0.995242780995583,0.002423665514251872,0.004757219004416946
0.25,3.704,0.0024255289882912402,0.9952614133917704,0.002414035409109451,0.004738586608229567
0.25,3.706,0.002415846250723525,0.9952799739048847,0.0024044433933783234,0.004720026095115348
0.25,3.708,0.0024062021667473573,0.9952984628047924,0.0023948893177612057,0.004701537195207606
0.25,3.71,0.0023965965820571923,0.9953168803603974,0.002385373033535556,0.004683119639602551
0.25,3.712,0.002387029342963465,0.9953352268396437,0.002375894392551426,0.004664773160356295
0.25,3.714,0.002377500296390151,0.9953535025095182,0.0023664532472293543,0.004646497490481849
0.25,3.716,0.002368009289872297,0.9953717076360542,0.0023570494505582283,0.004628292363945796
0.25,3.718,0.0023585561715536007,0.9953898424843345,0.0023476828560931935,0.004610157515665514
0.25,3.72,0.002349140790183963,0.9954079073184942,0.0023383533179535325,0.004592092681505844
0.25,3.722,0.0023397629951170855,0.9954259024017238,0.0023290606908205847,0.0045740975982762055
0.25,3.724,0.0023304226363080427,0.9954438279962726,0.0023198048299356436,0.004556172003727377
0.25,3.726,0.0023211195643108983,0.9954616843634514,0.002310585591097887,0.004538315636548607
0.25,3.728,0.002311853630276298,0.9954794717636355,0.0023014028306622926,0.004520528236364507
0.25,3.73,0.0023026246859491045,0.9954971904562679,0.00229225640553758,0.004502809543732056
0.25,3.732,0.0022934325836660063,0.9955148406998626,0.0022831461731841387,0.004485159300137376
0.25,3.734,0.0022842771763531755,0.9955324227520069,0.0022740719916119903,0.004467577247993071
0.25,3.736,0.0022751583175238954,0.9955499368693652,0.002265033719378725,0.004450063130634785
0.25,3.738,0.0022660758612762346,0.9955673833076814,0.0022560312155874814,0.004432616692318647
0.25,3.74,0.002257029662290695,0.995584762321782,0.0022470643398848937,0.004415237678218054
0.25,3.742,0.0022480195758279044,0.9956020741655794,0.0022381329524590876,0.004397925834420557
0.25,3.744,0.0022390454577262825,0.9956193190920748,0.0022292369140376445,0.004380680907925205
0.25,3.746,0.0022301071643997528,0.9956364973533608,0.0022203760858856055,0.004363502646639206
0.25,3.748,0.0022212045528354272,0.9956536092006247,0.002211550329803453,0.004346390799375266
0.25,3.75,0.0022123374805913345,0.9956706548841515,0.002202759508125128,0.004329345115848482
0.25,3.7520000000000002,0.0022035058057941256,0.9956876346533265,0.002194003483716025,0.004312365346673452
0.25,3.754,0.00219470938713682,0.9957045487566387,0.0021852821199710264,0.004295451243361281
0.25,3.7560000000000002,0.002185948083876527,0.9957213974416833,0.002176595280812505,0.004278602558316691
0.25,3.758,0.002177221755832211,0.9957381809551649,0.002167942830688376,0.004261819044835136
0.25,3.7600000000000002,0.0021685302633824345,0.9957548995429003,0.002159324634570115,0.004245100457099693
0.25,3.762,0.0021598734674631356,0.9957715534498216,0.002150740557950819,0.0042284465501784
0.25,3.7640000000000002,0.0021512512295653917,0.9957881429199787,0.0021421904668432424,0.004211857080021253
0.25,3.766,0.0021426634117332165,0.9958046681965427,0.0021336742277778676,0.004195331803457325
0.25,3.7680000000000002,0.002134109876561337,0.9958211295218082,0.0021251917078009574,0.004178870478191765
0.25,3.77,0.0021255904871930117,0.9958375271371969,0.0021167427744726384,0.004162472862803135
0.25,3.7720000000000002,0.002117105107317826,0.9958538612832598,0.002108327295864967,0.004146138716740189
0.25,3.774,0.002108653601169524,0.9958701321996805,0.0020999451405600265,0.004129867800319542
0.25,3.7760000000000002,0.0021002358335238235,0.9958863401252778,0.002091596177648003,0.004113659874722231
0.25,3.778,0.0020918516696962664,0.9959024852980087,0.002083280276725301,0.004097514701991267
0.25,3.7800000000000002,0.0020835009755400488,0.9959185679549712,0.002074997307892631,0.0040814320450287545
0.25,3.782,0.00207518361744389,0.9959345883324072,0.002066747141753136,0.004065411667592778
0.25,3.7840000000000003,0.0020668994623298785,0.995950546665705,0.0020585296494104945,0.004049453334294961
0.25,3.786,0.00205864837765136,0.9959664431894026,0.0020503447024670593,0.004033556810597361
0.25,3.7880000000000003,0.0020504302313908004,0.9959822781371903,0.0020421921730219756,0.004017721862809687
0.25,3.79,0.002042244892057687,0.9959980517419132,0.0020340719336693304,0.004001948258086752
0.25,3.7920000000000003,0.002034092228686413,0.9960137642355748,0.002025983857496284,0.00398623576442525
0.25,3.794,0.0020259721108341934,0.9960294158493386,0.002017927818081233,0.003970584150661427
0.25,3.7960000000000003,0.0020178844085789664,0.996045006813532,0.0020099036894919565,0.00395499318646797
0.25,3.798,0.0020098289925173265,0.9960605373576488,0.00200191134628379,0.0039394626423512324
0.25,3.8000000000000003,0.0020018057337624416,0.9960760077103512,0.001993950663497783,0.003923992289648792
0.25,3.802,0.001993814503942004,0.9960914180994737,0.0019860215166588894,0.003908581900526342
0.25,3.8040000000000003,0.001985855175196162,0.9961067687520249,0.0019781237817741355,0.0038932312479751374
0.25,3.806,0.0019779276201754904,0.9961220598941908,0.001970257335330824,0.003877940105809219
0.25,3.8080000000000003,0.0019700317120389353,0.9961372917513375,0.0019624220542947155,0.0038627082486625275
0.25,3.81,0.001962167324451802,0.9961524645480136,0.0019546178161082444,0.0038475354519863503
0.25,3.8120000000000003,0.001954334331583718,0.9961675785079535,0.001946844498688712,0.003832421492046545
0.25,3.814,0.0019465326081066331,0.9961826338540792,0.001939101980426516,0.003817366145920764
0.25,3.8160000000000003,0.0019387620291928026,0.996197630808504,0.0019313901401833576,0.0038023691914960134
0.25,3.818,0.001931022470512801,0.9962125695925345,0.0019237088572904815,0.003787430407465542
0.25,3.8200000000000003,0.0019233138082335212,0.9962274504266735,0.001916058011546897,0.0037725495733265113
0.25,3.822,0.0019156359190162053,0.996242273530623,0.0019084374832176287,0.0037577264693769985
0.25,3.8240000000000003,0.0019079886800144592,0.9962570391232864,0.0019008471530319528,0.0037429608767135525
0.25,3.826,0.0019003719688722987,0.9962717474227716,0.0018932869021816578,0.003728252577228419
0.25,3.8280000000000003,0.0018927856637221798,0.996286398646393,0.0018857566123192933,0.003713601353606988
0.25,3.83,0.0018852296431830615,0.996300993010675,0.0018782561655564447,0.0036990069893250155
0.25,3.8320000000000003,0.0018777037863584507,0.9963155307313539,0.0018707854444619926,0.0036844692686460734
0.25,3.834,0.001870207972834481,0.9963300120233812,0.0018633443320604018,0.0036699879766187715
0.25,3.8360000000000003,0.0018627420826779727,0.9963444371009258,0.0018559327118299908,0.003655562899074205
0.25,3.838,0.0018553059964345276,0.9963588061773766,0.001848550467701234,0.003641193822623401
0.25,3.84,0.0018478995951266052,0.9963731194653453,0.0018411974840550442,0.003626880534654653
0.25,3.842,0.0018405227602516251,0.9963873771766691,0.0018338736457210803,0.0036126228233308577
0.25,3.844,0.0018331753737800753,0.9964015795224131,0.0018265788379760572,0.00359842047758685
0.25,3.846,0.001825857318153612,0.9964157267128729,0.0018193129465420485,0.003584273287127071
0.25,3.848,0.0018185684762831924,0.9964298189575773,0.0018120758575848187,0.003570181042422682
0.25,3.85,0.0018113087315471878,0.9964438564652909,0.0018048674577121342,0.003556143534709122
0.25,3.852,0.001804077967789531,0.9964578394440163,0.001797687633972108,0.0035421605559836644
0.25,3.854,0.0017968760693178442,0.9964717681009975,0.0017905362738515227,0.003528231899002532
0.25,3.856,0.0017897029209016015,0.9964856426427214,0.001783413265274188,0.0035143573572785636
0.25,3.858,0.0017825584077702718,0.9964994632749213,0.0017763184965992743,0.0035005367250786623
0.25,3.86,0.001775442415611496,0.9965132302025789,0.0017692518566196816,0.00348676979742113
0.25,3.862,0.0017683548305692447,0.9965269436299267,0.0017622132345603862,0.0034730563700733352
0.25,3.864,0.0017612955392420089,0.9965406037604512,0.001755202520076821,0.0034593962395488287
0.25,3.866,0.0017542644286809737,0.9965542107968948,0.0017482196032532332,0.0034457892031052317
0.25,3.868,0.0017472613863882235,0.9965677649412586,0.0017412643746010767,0.003432235058741351
0.25,3.87,0.0017402863003149285,0.996581266394805,0.0017343367250573815,0.003418733605194957
0.25,3.872,0.0017333390588595665,0.9965947153580599,0.001727436545983157,0.0034052846419401206
0.25,3.874,0.0017264195508661226,0.9966081120308152,0.0017205637291617744,0.0033918879691847703
0.25,3.876,0.0017195276656223242,0.9966214566121318,0.0017137181667973794,0.003378543387868249
0.25,3.878,0.0017126632928578577,0.9966347493003412,0.0017068997515132878,0.0033652506996587617
0.25,3.88,0.0017058263227426153,0.9966479902930492,0.00170010837635041,0.0033520097069508203
0.25,3.882,0.001699016645884926,0.9966611797871371,0.001693343934765655,0.003338820212862914
0.25,3.884,0.0016922341533298184,0.9966743179787649,0.0016866063206303695,0.0033256820212350657
0.25,3.886,0.0016854787365572633,0.9966874050633737,0.0016798954282287524,0.0033125949366262786
0.25,3.888,0.0016787502874804517,0.9967004412356878,0.0016732111522563039,0.003299558764312205
0.25,3.89,0.0016720486984440517,0.9967134266897174,0.0016665533878182526,0.0032865733102825923
0.25,3.892,0.0016653738622224986,0.9967263616187612,0.001659922030428015,0.0032736383812388414
0.25,3.894,0.0016587256720182676,0.9967392462154083,0.0016533169760056348,0.0032607537845916745
0.25,3.896,0.0016521040214601765,0.9967520806715413,0.0016467381208762515,0.0032479193284586927
0.25,3.898,0.0016455088046016721,0.996764865178338,0.0016401853617685539,0.0032351348216620446
0.25,3.9,0.001638939915919147,0.9967775999262742,0.001633658595813257,0.003222400073725762
0.25,3.902,0.0016323972503102394,0.9967902851051265,0.001627157720541568,0.0032097148948735388
0.25,3.904,0.0016258807030921627,0.9968029209039735,0.0016206826338836739,0.0031970790960265116
0.25,3.906,0.0016193901700000193,0.9968155075111994,0.0016142332341672167,0.0031844924888005943
0.25,3.908,0.0016129255471851445,0.9968280451144959,0.001607809420115796,0.003171954885504147
0.25,3.91,0.0016064867312134323,0.9968405339008642,0.001601411090847452,0.003159466099135755
0.25,3.912,0.0016000736190636927,0.9968529740566182,0.0015950381458731786,0.003147025943381787
0.25,3.914,0.0015936861081259916,0.996865365767386,0.0015886904850954185,0.003134634232613953
0.25,3.916,0.0015873240962000206,0.9968777092181129,0.001582368008806588,0.0031222907818870826
0.25,3.918,0.0015809874814934502,0.9968900045930632,0.001576070617687581,0.003109995406936794
0.25,3.92,0.001574676162620313,0.996902252075823,0.0015697982128063048,0.0030977479241770522
0.25,3.922,0.0015683900385993694,0.9969144518493022,0.0015635506956161963,0.0030855481506978366
0.25,3.924,0.0015621290088525038,0.9969266040957371,0.0015573279679547663,0.003073395904262921
0.25,3.926,0.001555892973203104,0.9969387089966926,0.001551129932042128,0.0030612910033074314
0.25,3.928,0.001549681831874469,0.9969507667330642,0.0015449564904795514,0.003049233266935847
0.25,3.93,0.0015434954854882026,0.9969627774850808,0.0015388075462480016,0.0030372225149192245
0.25,3.932,0.0015373338350626333,0.9969747414323067,0.0015326830027067053,0.003025258567693312
0.25,3.934,0.0015311967820112202,0.996986658753644,0.0015265827635916982,0.003013341246355994
0.25,3.936,0.001525084228140986,0.9969985296273348,0.001520506733014402,0.0030014703726651826
0.25,3.938,0.0015189960756509361,0.9970103542309634,0.001514454815460183,0.0029896457690365974
0.25,3.94,0.001512932227130503,0.9970221327414589,0.0015084269157869393,0.0029778672585411003
0.25,3.942,0.0015068925855579788,0.9970338653350971,0.00150242293922367,0.0029661346649029197
0.25,3.944,0.0015008770542989716,0.9970455521875028,0.0014964427913690707,0.0029544478124972073
0.25,3.946,0.0014948855371048509,0.9970571934736523,0.001490486378190116,0.0029428065263477077
0.25,3.948,0.0014889179381112159,0.9970687893678754,0.0014845536060206631,0.002931210632124648
0.25,3.95,0.0014829741618363529,0.9970803400438576,0.0014786443815600454,0.0029196599561424064
0.25,3.952,0.0014770541131797175,0.9970918456746427,0.0014727586118716872,0.002908154325357293
0.25,3.954,0.0014711576974204023,0.9971033064326346,0.0014668962043817046,0.002896693567365438
0.25,3.956,0.0014652848202156316,0.9971147224895994,0.0014610570668775321,0.0028852775104005746
0.25,3.958,0.0014594353875992427,0.9971260940166685,0.0014552411075065355,0.0028739059833314817
0.25,3.96,0.0014536093059801913,0.9971374211843396,0.0014494482347746456,0.0028625788156604326
0.25,3.962,0.0014478064821410446,0.9971487041624796,0.0014436783575449807,0.002851295837520418
0.25,3.964,0.0014420268232365,0.9971599431203269,0.001437931385036494,0.0028400568796731473
0.25,3.966,0.001436270236791889,0.9971711382264931,0.0014322072268226026,0.002828861773506941
0.25,3.968,0.0014305366307017086,0.9971822896489654,0.0014265057928298463,0.002817710351034619
0.25,3.97,0.0014248259132281361,0.9971933975551088,0.0014208269933365257,0.002806602444891171
0.25,3.972,0.001419137992999573,0.9972044621116684,0.0014151707389713718,0.002795537888331645
0.25,3.974,0.0014134727790091714,0.9972154834847711,0.0014095369407121938,0.0027845165152289297
0.25,3.976,0.0014078301806133894,0.9972264618399282,0.0014039255098845574,0.0027735381600717535
0.25,3.978,0.0014022101075305297,0.9972373973420375,0.001398336358160444,0.002762602657962465
0.25,3.98,0.0013966124698393057,0.9972482901553851,0.0013927693975569369,0.0027517098446149246
0.25,3.982,0.001391037177977392,0.9972591404436477,0.0013872245404348913,0.002740859556352282
0.25,3.984,0.001385484142740003,0.9972699483698949,0.0013817016994976308,0.0027300516301050903
0.25,3.986,0.0013799532752784534,0.9972807140965911,0.0013762007877896258,0.0027192859034088634
0.25,3.988,0.0013744444870987485,0.9972914377855979,0.0013707217186951996,0.002708562214402077
0.25,3.99,0.0013689576900601575,0.9973021195981756,0.0013652644059372174,0.002697880401824393
0.25,3.992,0.0013634927963738133,0.997312759694986,0.0013598287635758013,0.0026872403050139937
0.25,3.994,0.0013580497186012975,0.997323358236094,0.0013544147060070284,0.002676641763906029
0.25,3.996,0.0013526283696532523,0.9973339153809698,0.0013490221479616558,0.0026660846190301735
0.25,3.998,0.0013472286627879764,0.9973444312884914,0.0013436510045038291,0.002655568711508627
0.25,4.0,0.0013418505116100474,0.9973549061169458,0.0013383011910298144,0.002645093883054228
0.25,4.002,0.00133649383006893,0.9973653400240318,0.001332972623266719,0.0026346599759682343
0.25,4.0040000000000004,0.0013311585324576034,0.9973757331668619,0.0013276652172712262,0.0026242668331381003
0.25,4.006,0.0013258445334111966,0.9973860857019642,0.0013223788894283404,0.002613914298035813
0.25,4.008,0.001320551747905609,0.9973963977852843,0.0013171135564501153,0.0026036022147156723
0.25,4.01,0.0013152800912561598,0.997406669572188,0.0013118691353744098,0.0025933304278119573
0.25,4.0120000000000005,0.0013100294791162277,0.9974169012174626,0.0013066455435636346,0.002583098782537374
0.25,4.014,0.0013047998274759109,0.9974270928753192,0.0013014426987035157,0.0025729071246808344
0.25,4.016,0.0012995910526606696,0.9974372446993948,0.0012962605188018442,0.002562755300605235
0.25,4.018,0.0012944030713299955,0.9974473568427542,0.001291098922187247,0.002552643157245793
0.25,4.0200000000000005,0.0012892358004760742,0.9974574294578922,0.001285957827507953,0.002542570542107825
0.25,4.022,0.0012840891574224665,0.9974674626967351,0.0012808371537305762,0.002532537303264859
0.25,4.024,0.0012789630598227717,0.9974774567106436,0.001275736820138881,0.002522543289356416
0.25,4.026,0.0012738574256593183,0.9974874116504138,0.0012706567463325728,0.002512588349586231
0.25,4.0280000000000005,0.001268772173241849,0.9974973276662797,0.0012655968522260826,0.002502672333720257
0.25,4.03,0.001263707221206221,0.9975072049079154,0.0012605570580473664,0.0024927950920845543
0.25,4.032,0.0012586624885130915,0.9975170435244364,0.0012555372843366889,0.0024829564755636246
0.25,4.034,0.0012536378944466295,0.997526843664402,0.0012505374519454333,0.00247315633559797
0.25,4.0360000000000005,0.0012486333586132208,0.9975366054758174,0.0012455574820349011,0.0024633945241826494
0.25,4.038,0.0012436488009401898,0.997546329106135,0.001240597296075133,0.0024536708938649454
0.25,4.04,0.001238684141674505,0.9975560147022575,0.0012356568158437057,0.002443985297742479
0.25,4.042,0.001233739301381512,0.9975656624105385,0.001230735963424563,0.0024343375894615438
0.25,4.0440000000000005,0.0012288142009436588,0.9975752723767852,0.0012258346612068322,0.002424727623214773
0.25,4.046,0.0012239087615592377,0.9975848447462605,0.00122095283188366,0.002415155253739476
0.25,4.048,0.0012190229047411116,0.9975943796636844,0.001216090398451032,0.002405620336315639
0.25,4.05,0.001214156552315467,0.9976038772732359,0.0012112472842066143,0.0023961227267641494
0.25,4.0520000000000005,0.0012093096264205595,0.9976133377185554,0.0012064234127485936,0.0023866622814445737
0.25,4.054,0.0012044820495054754,0.9976227611427465,0.0012016187079745267,0.002377238857253494
0.25,4.056,0.0011996737443288792,0.9976321476883774,0.001196833094080177,0.0023678523116226202
0.25,4.058,0.0011948846339577851,0.9976414974974832,0.0011920664955583768,0.0023585025025167905
0.25,4.0600000000000005,0.0011901146417663232,0.9976508107115679,0.0011873188371978795,0.0023491892884320853
0.25,4.062,0.0011853636914345208,0.9976600874716061,0.00118259004408223,0.0023399125283939393
0.25,4.064,0.0011806317069470692,0.9976693279180445,0.001177880041588616,0.002330672081955476
0.25,4.066,0.0011759186125921155,0.9976785321908046,0.0011731887553867492,0.002321467809195399
0.25,4.0680000000000005,0.0011712243329600473,0.9976877004292838,0.0011685161114377315,0.002312299570716214
0.25,4.07,0.0011665487929422948,0.9976968327723578,0.0011638620359929446,0.0023031672276422333
0.25,4.072,0.0011618919177301158,0.9977059293583819,0.0011592264555929177,0.002294070641618129
0.25,4.074,0.0011572536328134076,0.9977149903251934,0.0011546092970662239,0.002285009674806604
0.25,4.0760000000000005,0.0011526338639795102,0.9977240158101132,0.0011500104875283646,0.002275984189886837
0.25,4.078,0.0011480325373120284,0.9977330059499473,0.001145429954380675,0.0022669940500527064
0.25,4.08,0.0011434495791896348,0.9977419608809894,0.0011408676253092083,0.0022580391190105686
0.25,4.082,0.0011388849162849018,0.9977508807390221,0.0011363234282836482,0.0022491192609779276
0.25,4.0840000000000005,0.0011343384755631235,0.9977597656593187,0.001131797291556211,0.002240234340681324
0.25,4.086,0.0011298101842811556,0.9977686157766454,0.0011272891436605653,0.00223138422335456
0.25,4.088,0.0011252999699862386,0.997777431225263,0.0011227989134107348,0.0022225687747370326
0.25,4.09,0.001120807760514848,0.9977862121389283,0.0011183265299000253,0.0022137878610717365
0.25,4.0920000000000005,0.0011163334839915343,0.9977949586508963,0.001113871922499944,0.002205041349103709
0.25,4.094,0.0011118770688277814,0.9978036708939221,0.0011094350208591343,0.002196329106077921
0.25,4.096,0.0011074384437208499,0.9978123490002622,0.0011050157549022958,0.0021876509997378335
0.25,4.098,0.0011030175376526433,0.9978209931016766,0.0011006140548291265,0.002179006898323399
0.25,4.1,0.0010986142798885701,0.9978296033294306,0.00109622985111326,0.0021703966705693967
0.25,4.102,0.0010942285999764104,0.9978381798142963,0.001091863074501207,0.0021618201857036556
0.25,4.104,0.0010898604277451956,0.9978467226865548,0.0010875136560113102,0.0021532773134451677
0.25,4.106,0.0010855096933040753,0.9978552320759974,0.0010831815269326827,0.002144767924002644
0.25,4.108,0.0010811763270412054,0.9978637081119277,0.0010788666188241715,0.0021362918880722948
0.25,4.11,0.0010768602596226313,0.9978721509231634,0.0010745688635133113,0.0021278490768366076
0.25,4.112,0.001072561421991186,0.9978805606380378,0.0010702881930952958,0.0021194393619622387
0.25,4.114,0.0010682797453653741,0.9978889373844015,0.0010660245399319323,0.002111062615598458
0.25,4.116,0.001064015161238278,0.9978972812896247,0.0010617778366506193,0.002102718710375262
0.25,4.118,0.0010597676013764587,0.9979055924805981,0.0010575480161433173,0.0020944075194019307
0.25,4.12,0.0010555369978188717,0.997913871083735,0.0010533350115655342,0.0020861289162650287
0.25,4.122,0.001051323282875768,0.997922117224973,0.0010491387563352956,0.0020778827750269624
0.25,4.124,0.0010471263891276186,0.9979303310297761,0.0010449591841321386,0.00206966897022387
0.25,4.126,0.0010429462494240319,0.9979385126231355,0.001040796228896096,0.0020614873768645126
0.25,4.128,0.0010387827968826875,0.997946662129572,0.001036649824826699,0.0020533378704280514
0.25,4.13,0.001034635964888254,0.9979547796731374,0.0010325199063819614,0.002045220326862607
0.25,4.132,0.0010305056870913308,0.9979628653774165,0.001028406408277388,0.0020371346225834808
0.25,4.134,0.0010263918974073834,0.9979709193655283,0.0010243092654849753,0.002029080634471714
0.25,4.136,0.0010222945300156928,0.9979789417601279,0.0010202284132322284,0.0020210582398720867
0.25,4.138,0.0010182135193582914,0.9979869326834083,0.0010161637870011594,0.002013067316591677
0.25,4.14,0.0010141488001389216,0.9979948922571019,0.0010121153225273122,0.0020051077428980824
0.25,4.142,0.0010101003073219874,0.9980028206024821,0.0010080829557987776,0.0019971793975178675
0.25,4.144,0.001006067976131521,0.9980107178403651,0.0010040666230552225,0.0019892821596348975
0.25,4.146,0.0010020517420501354,0.9980185840911114,0.0010000662607869079,0.001981415908888562
0.25,4.148,0.000998051540818,0.9980264194746278,0.0009960818057337239,0.0019735805253722205
0.25,4.15,0.0009940673084318074,0.9980342241103682,0.000992113194884221,0.00196577588963176
0.25,4.152,0.0009900989811437583,0.9980419981173363,0.0009881603654746554,0.001958001882663707
0.25,4.154,0.0009861464954605296,0.9980497416140863,0.0009842232549880183,0.0019502583859136724
0.25,4.156,0.0009822097881422662,0.9980574547187253,0.0009803018011530886,0.001942545281274688
0.25,4.158,0.000978288796201565,0.9980651375489141,0.0009763959419434767,0.0019348624510858725
0.25,4.16,0.0009743834569024752,0.9980727902218696,0.0009725056155766842,0.0019272097781304343
0.25,4.162,0.0009704937077594824,0.9980804128543658,0.0009686307605131484,0.0019195871456342273
0.25,4.164,0.0009666194865365178,0.9980880055627356,0.0009647713154553086,0.0019119944372644193
0.25,4.166,0.0009627607312459572,0.9980955684628725,0.0009609272193466645,0.0019044315371274934
0.25,4.168,0.0009589173801476372,0.9981031016702322,0.0009570984113708498,0.0018968983297678044
0.25,4.17,0.0009550893717478565,0.9981106052998339,0.0009532848309506911,0.001889394700166136
0.25,4.172,0.000951276644798399,0.998118079466262,0.0009494864177472874,0.0018819205337380351
0.25,4.174,0.0009474791382955505,0.9981255242836679,0.0009457031116590841,0.0018744757163321468
0.25,4.176,0.0009436967914791293,0.9981329398657712,0.000941934852820959,0.0018670601342287707
0.25,4.178,0.000939929543831504,0.9981403263258618,0.0009381815816032958,0.0018596736741381958
0.25,4.18,0.0009361773350766318,0.9981476837768006,0.0009344432386110778,0.0018523162231993684
0.25,4.182,0.000932440105179091,0.998155012331022,0.000930719764682975,0.0018449876689780043
0.25,4.184,0.0009287177943431267,0.9981623121005346,0.0009270111008904442,0.0018376878994653678
0.25,4.186,0.0009250103430116846,0.9981695831969234,0.0009233171885368164,0.0018304168030766066
0.25,4.188,0.0009213176918654643,0.9981768257313509,0.000919637969156404,0.001823174268649086
0.25,4.19,0.0009176397818219669,0.9981840398145589,0.0009159733845136013,0.0018159601854410568
0.25,4.192,0.0009139765540345567,0.9981912255568699,0.0009123233766019989,0.0018087744431301012
0.25,4.194,0.0009103279498915091,0.9981983830681885,0.0009086878876434834,0.0018016169318114672
0.25,4.196,0.0009066939110150803,0.9982055124580033,0.0009050668600873595,0.0017944875419967365
0.25,4.198,0.0009030743792605688,0.9982126138353877,0.0009014602366094627,0.0017873861646122702
0.25,4.2,0.0008994692967153928,0.9982196873090025,0.0008978679601112878,0.001780312690997543
0.25,4.202,0.0008958786056981528,0.9982267329870961,0.0008942899737191019,0.001773267012903923
0.25,4.204,0.0008923022487577161,0.9982337509775071,0.0008907262207830796,0.001766249022492894
0.25,4.206,0.0008887401686722937,0.9982407413876652,0.0008871766448764291,0.0017592586123348353
0.25,4.208,0.0008851923084485315,0.9982477043245926,0.0008836411897945333,0.001752295675407356
0.25,4.21,0.0008816586113205886,0.9982546398949061,0.0008801197995540772,0.0017453601050938516
0.25,4.212,0.0008781390207492356,0.9982615482048179,0.0008766124183921946,0.001738451795182061
0.25,4.214,0.0008746334804209465,0.9982684293601374,0.0008731189907656088,0.001731570639862623
0.25,4.216,0.0008711419342470046,0.9982752834662725,0.0008696394613497854,0.0017247165337275217
0.25,4.218,0.0008676643263625951,0.9982821106282314,0.000866173775038074,0.0017178893717686439
0.25,4.22,0.0008642006011259176,0.9982889109506236,0.0008627218769408665,0.0017110890493764463
0.25,4.222,0.0008607507031172928,0.9982956845376616,0.0008592837123847513,0.0017043154623384016
0.25,4.224,0.0008573145771382821,0.9983024314931624,0.0008558592269116794,0.0016975685068375546
0.25,4.226,0.000853892168210795,0.9983091519205489,0.0008524483662781174,0.0016908480794510794
0.25,4.228,0.0008504834215762156,0.998315845922851,0.0008490510764542204,0.0016841540771489472
0.25,4.23,0.0008470882826945237,0.9983225136027076,0.0008456673036229979,0.0016774863972923715
0.25,4.232,0.0008437066972434275,0.9983291550623676,0.0008422969941794919,0.0016708449376323653
0.25,4.234,0.0008403386111174864,0.9983357704036915,0.0008389400947299439,0.0016642295963085196
0.25,4.236,0.0008369839704272503,0.9983423597281528,0.0008355965520909795,0.0016576402718472272
0.25,4.238,0.0008336427214983953,0.9983489231368392,0.000832266313288787,0.0016510768631607942
0.25,4.24,0.0008303148108708701,0.9983554607304544,0.0008289493255583077,0.001644539269545553
0.25,4.242,0.0008270001852980323,0.9983619726093194,0.0008256455363424162,0.0016380273906806408
0.25,4.244,0.0008236987917458018,0.9983684588733733,0.0008223548932911158,0.0016315411266266677
0.25,4.246,0.0008204105773918102,0.9983749196221757,0.0008190773442607312,0.0016250803778242728
0.25,4.248,0.0008171354896245603,0.9983813549549073,0.0008158128373131101,0.0016186450450926815
0.25,4.25,0.0008138734760425767,0.9983877649703716,0.0008125613207148154,0.0016122350296283727
0.25,4.252,0.0008106244844535723,0.9983941497669964,0.0008093227429363341,0.0016058502330036362
0.25,4.2540000000000004,0.0008073884628736112,0.9984005094428345,0.0008060970526512806,0.0015994905571654616
0.25,4.256,0.0008041653595262818,0.9984068440955662,0.0008028841987356114,0.0015931559044337629
0.25,4.258,0.0008009551228418603,0.9984131538224997,0.0007996841302668294,0.0015868461775002674
0.25,4.26,0.0007977577014564913,0.9984194387205728,0.0007964967965232043,0.001580561279427184
0.25,4.2620000000000005,0.0007945730442113631,0.9984256988863542,0.0007933221469829882,0.0015743011136457596
0.25,4.264,0.0007914011001518945,0.998431934416045,0.0007901601313236423,0.0015680655839549473
0.25,4.266,0.0007882418185269116,0.99843814540548,0.0007870106994210525,0.0015618545945199624
0.25,4.268,0.000785095148787841,0.9984443319501289,0.000783873801348763,0.0015556680498710618
0.25,4.2700000000000005,0.0007819610405878983,0.9984504941450977,0.0007807493873772019,0.0015495058549023222
0.25,4.272,0.0007788394437812882,0.99845663208513,0.000777637407972921,0.0015433679148699753
0.25,4.274,0.0007757303084223939,0.9984627458646086,0.0007745378137978231,0.0015372541353914082
0.25,4.276,0.0007726335847649833,0.9984688355775564,0.0007714505557084061,0.0015311644224436094
0.25,4.2780000000000005,0.0007695492232614104,0.998474901317638,0.0007683755847550018,0.0015250986823619472
0.25,4.28,0.0007664771745618281,0.998480943178161,0.0007653128521810261,0.0015190568218389489
0.25,4.282,0.0007634173895133903,0.9984869612520771,0.0007622623094222184,0.0015130387479228569
0.25,4.284,0.0007603698191594709,0.9984929556319837,0.0007592239081058971,0.001507044368016297
0.25,4.2860000000000005,0.000757334414738878,0.9984989264101248,0.0007561976000502099,0.0015010735898751681
0.25,4.288,0.0007543111276850788,0.9985048736783929,0.0007531833372633957,0.0014951263216070876
0.25,4.29,0.0007512999096254145,0.9985107975283297,0.0007501810719430347,0.0014892024716702812
0.25,4.292,0.0007483007123803319,0.9985166980511277,0.0007471907564753157,0.001483301948872251
0.25,4.2940000000000005,0.0007453134879626098,0.9985225753376314,0.0007442123434342979,0.0014774246623685539
0.25,4.296,0.0007423381885765966,0.9985284294783388,0.0007412457855811838,0.0014715705216612474
0.25,4.298,0.0007393747666174371,0.9985342605634019,0.0007382910358635804,0.0014657394365981125
0.25,4.3,0.0007364231746703168,0.9985400686826291,0.0007353480474147779,0.0014599313173708772
0.25,4.3020000000000005,0.0007334833655097002,0.9985458539254857,0.0007324167735530228,0.0014541460745143286
0.25,4.304,0.0007305552920985808,0.9985516163810954,0.0007294971677808011,0.0014483836189046473
0.25,4.306,0.0007276389075877202,0.9985573561382413,0.000726589183784112,0.0014426438617587412
0.25,4.308,0.0007247341653149039,0.9985630732853676,0.0007236927754317561,0.0014369267146323583
0.25,4.3100000000000005,0.0007218410188041924,0.9985687679105808,0.0007208078967746209,0.0014312320894191988
0.25,4.312,0.0007189594217651824,0.9985744401016503,0.0007179345020449732,0.001425559898349693
0.25,4.314,0.0007160893280922584,0.9985800899460104,0.0007150725456557456,0.0014199100539895593
0.25,4.316,0.0007132306918638604,0.9985857175307612,0.0007122219821998342,0.0014142824692388034
0.25,4.3180000000000005,0.0007103834673417466,0.9985913229426698,0.0007093827664493955,0.0014086770573301655
0.25,4.32,0.0007075476089702664,0.9985969062681718,0.0007065548533551501,0.001403093731828231
0.25,4.322,0.000704723071375624,0.9986024675933719,0.0007037381980456781,0.0013975324066280992
0.25,4.324,0.0007019098093651577,0.9986080070040461,0.00070093275582673,0.001391992995953939
0.25,4.3260000000000005,0.0006991077779266142,0.9986135245856418,0.0006981384821805323,0.0013864754143582125
0.25,4.328,0.000696316932227433,0.99861902042328,0.0006953553327651026,0.0013809795767200095
0.25,4.33,0.0006935372276140223,0.9986244946017558,0.0006925832634135559,0.001375505398244159
0.25,4.332,0.0006907686196110488,0.9986299472055401,0.0006898222301334254,0.0013700527944598972
0.25,4.3340000000000005,0.0006880110639207243,0.9986353783187804,0.0006870721891059791,0.0013646216812196466
0.25,4.336,0.0006852645164221013,0.9986407880253021,0.0006843330966855447,0.0013592119746979048
0.25,4.338,0.00068252893317036,0.99864617640861,0.0006816049093988277,0.0013538235913900243
0.25,4.34,0.00067980427039611,0.998651543551889,0.000678887583944241,0.0013484564481109906
0.25,4.3420000000000005,0.0006770904845046878,0.9986568895380057,0.0006761810771912328,0.0013431104619943124
0.25,4.344,0.0006743875320754634,0.9986622144495093,0.0006734853461796218,0.0013377855504906888
0.25,4.346,0.0006716953698611392,0.998667518368633,0.0006708003481189249,0.0013324816313670107
0.25,4.348,0.0006690139547870622,0.9986728013772947,0.0006681260403876983,0.0013271986227052501
0.25,4.3500000000000005,0.000666343243950533,0.9986780635570991,0.0006654623805328739,0.0013219364429009062
0.25,4.352,0.0006636831946201234,0.9986833049893377,0.0006628093262691067,0.0013166950106623387
0.25,4.354,0.0006610337642349864,0.9986885257549908,0.0006601668354781107,0.0013114742450092143
0.25,4.356,0.0006583949104041792,0.9986937259347284,0.0006575348662080114,0.0013062740652716176
0.25,4.358,0.0006557665909059842,0.9986989056089112,0.000654913376672693,0.0013010943910888306
0.25,4.36,0.0006531487636872323,0.9987040648575919,0.0006523023252511496,0.0012959351424081111
0.25,4.362,0.0006505413868626343,0.9987092037605164,0.0006497016704868436,0.0012907962394835826
0.25,4.364,0.0006479444187141044,0.9987143223971249,0.0006471113710870557,0.0012856776028751238
0.25,4.366,0.0006453578176900967,0.9987194208465527,0.0006445313859222485,0.0012805791534472588
0.25,4.368,0.0006427815424049386,0.998724499187632,0.0006419616740254259,0.0012755008123680467
0.25,4.37,0.0006402155516381727,0.9987295574988923,0.0006394021945915014,0.0012704425011077491
0.25,4.372,0.0006376598043338911,0.9987345958585621,0.0006368529069766585,0.0012654041414379424
0.25,4.374,0.0006351142596000822,0.9987396143445696,0.0006343137706977229,0.0012603856554304071
0.25,4.376,0.0006325788767079748,0.9987446130345442,0.0006317847454315329,0.0012553869654557959
0.25,4.378,0.000630053615091391,0.9987495920058174,0.000629265791014317,0.001250407994182634
0.25,4.38,0.0006275384343460897,0.9987545513354236,0.0006267568674410629,0.0012454486645764318
0.25,4.382,0.0006250332942291255,0.9987594911001018,0.0006242579348649016,0.0012405088998982405
0.25,4.384,0.0006225381546582019,0.9987644113762963,0.0006217689535964847,0.001235588623703654
0.25,4.386,0.0006200529757110347,0.9987693122401581,0.0006192898841033736,0.0012306877598419197
0.25,4.388,0.0006175777176247067,0.9987741937675455,0.0006168206870094174,0.001225806232454496
0.25,4.39,0.0006151123407950358,0.9987790560340256,0.0006143613230941456,0.001220943965974386
0.25,4.392,0.0006126568057759389,0.9987838991148754,0.0006119117532921571,0.0012161008851245825
0.25,4.394,0.0006102110732788054,0.9987887230850826,0.0006094719386925157,0.001211276914917403
0.25,4.396,0.0006077751041718623,0.9987935280193468,0.0006070418405381404,0.0012064719806531565
0.25,4.398,0.0006053488594795518,0.9987983139920807,0.0006046214202252053,0.001201686007919256
0.25,4.4,0.000602932300381906,0.9988030810774111,0.0006022106393025389,0.0011969189225888854
0.25,4.402,0.0006005253882139299,0.9988078293491798,0.0005998094594710289,0.0011921706508202234
0.25,4.404,0.0005981280844649765,0.9988125588809447,0.000597417842583021,0.0011874411190553325
0.25,4.406,0.0005957403507781346,0.9988172697459812,0.0005950357506417295,0.0011827302540188267
0.25,4.408,0.0005933621489496132,0.9988219620172829,0.0005926631458006439,0.001178037982717095
0.25,4.41,0.0005909934409281346,0.9988266357675627,0.0005902999903629444,0.0011733642324373017
0.25,4.412,0.0005886341888143186,0.9988312910692538,0.0005879462467809087,0.0011687089307461651
0.25,4.414,0.0005862843548600812,0.9988359279945112,0.0005856018776553325,0.0011640720054888476
0.25,4.416,0.0005839439014680278,0.9988405466152119,0.0005832668457349444,0.0011594533847880673
0.25,4.418,0.0005816127911908566,0.9988451470029568,0.0005809411139158312,0.0011548529970432098
0.25,4.42,0.000579290986730752,0.9988497292290711,0.0005786246452408531,0.001150270770928885
0.25,4.422,0.0005769784509387934,0.9988542933646056,0.0005763174028990733,0.0011457066353943723
0.25,4.424,0.0005746751468143576,0.9988588394803378,0.000574019350225182,0.0011411605196621766
0.25,4.426,0.0005723810375045318,0.9988633676467727,0.0005717304506989303,0.0011366323532272515
0.25,4.428,0.0005700960863035167,0.9988678779341441,0.0005694506679445544,0.0011321220658558895
0.25,4.43,0.0005678202566520446,0.9988723704124153,0.0005671799657302138,0.001127629587584722
0.25,4.432,0.0005655535121367913,0.9988768451512802,0.0005649183079674243,0.0011231548487198317
0.25,4.434,0.0005632958164897984,0.9988813022201644,0.0005626656587105006,0.0011186977798356423
0.25,4.436,0.0005610471335878864,0.9988857416882263,0.0005604219821559892,0.001114258311773697
0.25,4.438,0.0005588074274520808,0.9988901636243578,0.0005581872426421154,0.0011098363756422147
0.25,4.44,0.0005565766622470346,0.9988945680971856,0.0005559614046482248,0.0011054319028144244
0.25,4.442,0.000554354802280459,0.9988989551750718,0.000553744432794234,0.0011010448249282323
0.25,4.444,0.0005521418120025462,0.9989033249261153,0.0005515362918400734,0.0010966750738846676
0.25,4.446,0.0005499376560054044,0.9989076774181528,0.0005493369466851416,0.001092322581847216
0.25,4.448,0.0005477422990224898,0.9989120127187593,0.0005471463623677558,0.0010879872812407099
0.25,4.45,0.0005455557059280456,0.9989163308952496,0.000544964504064611,0.0010836691047504399
0.25,4.452,0.0005433778417365348,0.9989206320146787,0.0005427913370902314,0.0010793679853212668
0.25,4.454,0.0005412086716020839,0.9989249161438437,0.0005406268268964327,0.0010750838561562892
0.25,4.456,0.0005390481608179234,0.9989291833492837,0.0005384709390717816,0.0010708166507162886
0.25,4.458,0.0005368962748158367,0.9989334336972815,0.0005363236393410631,0.001066566302718508
0.25,4.46,0.0005347529791656008,0.9989376672538641,0.0005341848935647395,0.0010623327461358745
0.25,4.462,0.0005326182395744397,0.9989418840848042,0.0005320546677384224,0.0010581159151957786
0.25,4.464,0.0005304920218864733,0.9989460842556207,0.0005299329279923395,0.0010539157443792968
0.25,4.466,0.0005283742920821753,0.9989502678315796,0.0005278196405908102,0.0010497321684204142
0.25,4.468,0.0005262650162778225,0.9989544348776954,0.0005257147719317133,0.0010455651223045814
0.25,4.47,0.0005241641607249571,0.9989585854587316,0.0005236182885459664,0.0010414145412683817
0.25,4.472,0.0005220716918098447,0.9989627196392018,0.0005215301570970016,0.0010372803607981984
0.25,4.474,0.0005199875760529396,0.9989668374833708,0.0005194503443802488,0.0010331625166292158
0.25,4.476,0.0005179117801083444,0.9989709390552552,0.0005173788173226117,0.001029060944744753
0.25,4.478,0.0005158442707632797,0.9989750244186248,0.0005153155429819551,0.0010249755813751538
0.25,4.48,0.0005137850149375512,0.998979093637003,0.0005132604885465889,0.0010209063629970094
0.25,4.482,0.0005117339796830232,0.9989831467736678,0.0005112136213347587,0.0010168532263321595
0.25,4.484,0.0005096911321830871,0.9989871838916534,0.0005091749087941307,0.0010128161083465814
0.25,4.486,0.0005076564397521394,0.9989912050537502,0.0005071443185012863,0.0010087949462498358
0.25,4.488,0.0005056298698350568,0.9989952103225063,0.000505121818161214,0.0010047896774937337
0.25,4.49,0.0005036113900066793,0.998999199760228,0.0005031073756068087,0.001000800239772004
0.25,4.492,0.0005016009679712856,0.9990031734289813,0.0005011009587983632,0.0009968265710187385
0.25,4.494,0.0004995985715620803,0.9990071313905922,0.0004991025358230713,0.0009928686094078376
0.25,4.496,0.0004976041687406772,0.9990110737066479,0.0004971120748945278,0.0009889262933521215
0.25,4.498,0.0004956177275965902,0.9990150004384976,0.0004951295443522348,0.000984999561502442
0.25,4.5,0.0004936392163467182,0.9990189116472534,0.0004931549126611015,0.000981088352746573
0.25,4.502,0.0004916686033348386,0.9990228073937915,0.0004911881484109549,0.0009771926062085434
0.25,4.5040000000000004,0.0004897058570311005,0.9990266877387525,0.0004892292203160474,0.0009733122612475276
0.25,4.506,0.0004877509460315227,0.9990305527425427,0.0004872780972145703,0.0009694472574572899
0.25,4.508,0.0004858038390574869,0.999034402465335,0.0004853347480681622,0.0009655975346649637
0.25,4.51,0.00048386450495523976,0.9990382369670695,0.0004833991419614266,0.000961763032930496
0.25,4.5120000000000005,0.00048193291269539346,0.9990420563074547,0.0004814712481014469,0.0009579436925453155
0.25,4.514,0.0004800090313724325,0.999045860545968,0.00047955103581730836,0.0009541394540319992
0.25,4.516,0.0004780928302042136,0.999049649741857,0.0004776384745596127,0.0009503502581430512
0.25,4.518,0.0004761842785314773,0.9990534239541399,0.0004757335339000042,0.0009465760458601258
0.25,4.5200000000000005,0.00047428334581735526,0.9990571832416069,0.0004738361835306919,0.000942816758393139
0.25,4.522,0.0004723900016468852,0.9990609276628206,0.0004719463932639785,0.0009390723371793808
0.25,4.524,0.0004705042157265192,0.999064657276117,0.0004700641330317831,0.0009353427238829592
0.25,4.526,0.00046862595788364216,0.9990683721396066,0.0004681893728851742,0.0009316278603933581
0.25,4.5280000000000005,0.00046675519806608785,0.9990720723111748,0.0004663220829938992,0.0009279276888252141
0.25,4.53,0.0004648919063416609,0.999075757848483,0.0004644622336459208,0.0009242421515169852
0.25,4.532,0.00046303605289765306,0.9990794288089696,0.00046260979524694707,0.0009205711910303949
0.25,4.534,0.0004611876080403697,0.9990830852498505,0.0004607647383199713,0.0009169147501495445
0.25,4.5360000000000005,0.00045934654219465285,0.9990867272281201,0.0004589270335048093,0.0009132727718799138
0.25,4.538,0.0004575128259034113,0.9990903548005523,0.0004570966515576425,0.0009096451994476951
0.25,4.54,0.00045568642982714454,0.999093968023701,0.0004552735633505556,0.0009060319762990154
0.25,4.542,0.0004538673247434763,0.9990975669539012,0.00045345773987108334,0.0009024330460988272
0.25,4.5440000000000005,0.00045205548154668565,0.9991011516472698,0.0004516491522217547,0.0008988483527302416
0.25,4.546,0.0004502508712472444,0.9991047221597061,0.00044984777161964374,0.0008952778402938621
0.25,4.548,0.00044845346497134845,0.9991082785468933,0.00044805356939591346,0.0008917214531066753
0.25,4.55,0.0004466632339604591,0.9991118208642986,0.0004462665169953705,0.0008881791357013835
0.25,4.5520000000000005,0.0004448801495708411,0.9991153491671743,0.0004444865859760156,0.0008846508328257396
0.25,4.554,0.00044310418327310784,0.9991188635105586,0.00044271374800860174,0.0008811364894414364
0.25,4.556,0.00044133530665175987,0.9991223639492766,0.0004409479748761852,0.0008776360507234404
0.25,4.558,0.00043957349140473343,0.9991258505379408,0.0004391892384736865,0.000874149462059215
0.25,4.5600000000000005,0.0004378187093429463,0.9991293233309522,0.00043743751080744874,0.0008706766690478318
0.25,4.562,0.0004360709323898495,0.9991327823825008,0.0004356927639948017,0.0008672176174991941
0.25,4.564,0.00043433013258097384,0.9991362277465665,0.00043395497026362033,0.0008637722534334813
0.25,4.566,0.0004325962820634852,0.9991396594769202,0.0004322241019518923,0.0008603405230798167
0.25,4.5680000000000005,0.0004308693530957375,0.999143077627124,0.00043050013150728315,0.0008569223728760456
0.25,4.57,0.000429149318046832,0.9991464822505324,0.00042878303148670714,0.0008535177494676249
0.25,4.572,0.00042743614939617046,0.999149873400293,0.0004270727745558925,0.0008501265997069574
0.25,4.574,0.00042572981973301786,0.9991532511293476,0.0004253693334889559,0.0008467488706523918
0.25,4.5760000000000005,0.0004240303017560625,0.9991566154904322,0.0004236726811679741,0.0008433845095677794
0.25,4.578,0.000422337568272982,0.9991599665360784,0.00042198279058256144,0.0008400334639215856
0.25,4.58,0.00042065159220000374,0.9991633043186142,0.00042029963482944195,0.0008366956813857795
0.25,4.582,0.00041897234656147455,0.9991666288901644,0.00041862318711203015,0.0008333711098356122
0.25,4.5840000000000005,0.00041729980448942765,0.9991699403026516,0.0004169534207400096,0.0008300596973483954
0.25,4.586,0.0004156339392231558,0.9991732386077969,0.0004152903091289168,0.000826761392203057
0.25,4.588,0.0004139747241087783,0.9991765238571207,0.00041363382579971973,0.0008234761428792536
0.25,4.59,0.00041232213259881806,0.9991797961019436,0.0004119839443784056,0.0008202038980563708
0.25,4.5920000000000005,0.0004106761382517749,0.9991830553933868,0.00041034063859556535,0.0008169446066131902
0.25,4.594,0.00040903671473170556,0.9991863017823731,0.0004087038822859844,0.0008136982176268903
0.25,4.596,0.00040740383580779806,0.9991895353196276,0.0004070736493882276,0.0008104646803723803
0.25,4.598,0.0004057774753539547,0.9991927560556787,0.0004054499139442333,0.0008072439443213009
0.25,4.6000000000000005,0.00040415760734837297,0.9991959640408583,0.0004038326500989042,0.0008040359591416912
0.25,4.602,0.00040254420587313154,0.999199159325303,0.00040222183209970476,0.0008008406746969898
0.25,4.604,0.0004009372451137717,0.9992023419589546,0.00040061743429625215,0.0007976580410453682
0.25,4.606,0.00039933669935888696,0.9992055119915613,0.0003990194311399168,0.0007944880084387318
0.25,4.6080000000000005,0.0003977425429997105,0.9992086694726775,0.0003974277971834199,0.000791330527322498
0.25,4.61,0.0003961547505297079,0.9992118144516655,0.0003958425070804363,0.0007881855483344857
0.25,4.612,0.00039457329654416504,0.9992149469776958,0.0003942635355851925,0.0007850530223042496
0.25,4.614,0.00039299815573978455,0.9992180670997476,0.0003926908575520731,0.0007819329002524134
0.25,4.616,0.00039142930291427976,0.9992211748666102,0.00039112444793522485,0.0007788251333897822
0.25,4.618,0.00038986671296597147,0.9992242703268831,0.00038956428178816324,0.0007757296731168983
0.25,4.62,0.00038831036089338847,0.9992273535289768,0.0003880103342633825,0.0007726464710231529
0.25,4.622,0.0003867602217948637,0.999230424521114,0.0003864625806119619,0.0007695754788860087
0.25,4.624,0.00038521627086813854,0.9992334833513297,0.0003849209961831794,0.0007665166486703345
0.25,4.626,0.00038367848340996455,0.9992365300674722,0.00038338555642412317,0.0007634699325278493
0.25,4.628,0.00038214683481571095,0.9992395647172038,0.0003818562368793082,0.0007604352827962346
0.25,4.63,0.00038062130057896687,0.9992425873480015,0.0003803330131902882,0.0007574126519984681
0.25,4.632,0.000379101856291152,0.999245598007158,0.0003788158610952758,0.0007544019928420465
0.25,4.634,0.0003775884776411246,0.9992485967417816,0.00037730475642875933,0.0007514032582184305
0.25,4.636,0.00037608114041479536,0.9992515835987977,0.00037579967512112606,0.0007484164012022676
0.25,4.638,0.00037457982049473584,0.9992545586249493,0.00037430059319828,0.000745441375050726
0.25,4.64,0.0003730844938597952,0.9992575218667973,0.0003728074867812673,0.0007424781332027175
0.25,4.642,0.0003715951365847149,0.9992604733707218,0.00037132033208590024,0.000739526629278231
0.25,4.644,0.0003701117248397479,0.9992634131829221,0.00036983910542238497,0.0007365868170778889
0.25,4.646,0.0003686342348902741,0.9992663413494182,0.00036836378319494626,0.0007336586505818365
0.25,4.648,0.00036716264309642277,0.9992692579160507,0.00036689434190145814,0.0007307420839492984
0.25,4.65,0.0003656969259126931,0.999272162928482,0.00036543075813307366,0.0007278370715180227
0.25,4.652,0.0003642370598875802,0.9992750564321967,0.0003639730085738591,0.0007249435678032823
0.25,4.654,0.00036278302166319596,0.9992779384725027,0.00036252107000042373,0.0007220615274973197
0.25,4.656,0.00036133478797489767,0.9992808090945311,0.0003610749192815566,0.0007191909054689027
0.25,4.658,0.0003598923356509148,0.9992836683432376,0.00035963453337786185,0.0007163316567624367
0.25,4.66,0.0003584556416119807,0.9992865162634029,0.0003581998893413991,0.0007134837365970759
0.25,4.662,0.00035702468287095943,0.9992893528996334,0.0003567709643153179,0.0007106471003666126
0.25,4.664,0.0003555994365324807,0.9992921782963616,0.0003553477355335014,0.0007078217036383672
0.25,4.666,0.0003541798797925719,0.9992949924978474,0.0003539301803202066,0.0007050075021526325
0.25,4.668,0.0003527659899382963,0.999297795548178,0.00035251827608971025,0.0007022044518220083
0.25,4.67,0.0003513577443473854,0.999300587491269,0.00035111200034594934,0.0006994125087309566
0.25,4.672,0.00034995512048787965,0.9993033683708652,0.0003497113306821701,0.0006966316291348029
0.25,4.674,0.00034855809591776684,0.9993061382305406,0.00034831624478057395,0.0006938617694594029
0.25,4.676,0.0003471666482846252,0.9993088971136999,0.00034692672041196853,0.0006911028863001434
0.25,4.678,0.00034578075532526236,0.9993116450635784,0.0003455427354354146,0.000688354936421609
0.25,4.68,0.0003444003948653614,0.9993143821232432,0.0003441642677978796,0.0006856178767568055
0.25,4.682,0.0003430255448191249,0.9993171083355935,0.0003427912955338894,0.0006828916644064931
0.25,4.684,0.00034165618318892396,0.9993198237433614,0.00034142379676518507,0.0006801762566386316
0.25,4.686,0.00034029228806494274,0.9993225283891123,0.0003400617497003747,0.0006774716108877143
0.25,4.688,0.0003389338376248301,0.9993252223152459,0.0003387051326345928,0.000674777684754102
0.25,4.69,0.00033758081013334943,0.9993279055639968,0.00033735392394915734,0.0006720944360032455
0.25,4.692,0.0003362331839420333,0.9993305781774345,0.0003360081021112318,0.0006694218225654636
0.25,4.694,0.00033489093748883316,0.9993332401974652,0.0003346676456734824,0.0006667598025348331
0.25,4.696,0.0003335540492977772,0.9993358916658311,0.00033333253327374275,0.0006641083341688558
0.25,4.698,0.0003322224979786252,0.9993385326241122,0.0003320027436346764,0.000661467375887792
0.25,4.7,0.0003308962622265289,0.999341163113726,0.0003306782555634439,0.0006588368862739946
0.25,4.702,0.0003295753208216874,0.9993437831759286,0.00032935904795136547,0.000656216824071354
0.25,4.704,0.00032825965262900993,0.9993463928518155,0.00032804509977359104,0.0006536071481845207
0.25,4.706,0.00032694923659777684,0.9993489921823215,0.0003267363900887677,0.0006510078176784617
0.25,4.708,0.0003256440517613048,0.9993515812082221,0.0003254328980387121,0.000648418791777905
0.25,4.71,0.000324344077236608,0.9993541599701335,0.00032413460284807854,0.0006458400298664513
0.25,4.712,0.00032304929222406635,0.9993567285085139,0.0003228414838240338,0.0006432714914861304
0.25,4.714,0.0003217596760070914,0.9993592868636632,0.0003215535203559302,0.0006407131363368457
0.25,4.716,0.0003204752079517974,0.9993618350757243,0.0003202706919149826,0.0006381649242757081
0.25,4.718,0.00031919586750666745,0.9993643731846835,0.000318992978053942,0.0006356268153164812
0.25,4.72,0.00031792163420222706,0.9993669012303712,0.00031772035840677525,0.0006330987696288037
0.25,4.722,0.0003166524876507157,0.9993694192524621,0.0003164528126883432,0.0006305807475378566
0.25,4.724,0.0003153884075457626,0.9993719272904763,0.00031519032069408297,0.0006280727095236971
0.25,4.726,0.0003141293736620585,0.9993744253837796,0.0003139328622996863,0.0006255746162203701
0.25,4.728,0.0003128753658550344,0.9993769135715842,0.0003126804174607845,0.0006230864284157978
0.25,4.73,0.00031162636406053813,0.9993793918929491,0.0003114329662126314,0.0006206081070508906
0.25,4.732,0.0003103823482945154,0.999381860386781,0.0003101904886697906,0.0006181396132189931
0.25,4.734,0.0003091432986526869,0.9993843190918348,0.0003089529650258192,0.000615680908165217
0.25,4.736,0.00030790919531023184,0.9993867680467138,0.00030772037555295694,0.0006132319532862196
0.25,4.738,0.00030668001852147,0.9993892072898709,0.0003064927006018148,0.0006107927101290933
0.25,4.74,0.00030545574861954753,0.9993916368596087,0.0003052699206010668,0.0006083631403912548
0.25,4.742,0.00030423636601611937,0.9993940567940803,0.0003040520160571382,0.0006059432059196679
0.25,4.744,0.0003030218512010378,0.9993964671312897,0.00030283896755390054,0.0006035328687102881
0.25,4.746,0.00030181218474203947,0.9993988679090926,0.00030163075575236417,0.0006011320909073969
0.25,4.748,0.00030060734728443617,0.9994012591651968,0.0003004273613903751,0.0005987408348031575
0.25,4.75,0.00029940731955080234,0.9994036409371628,0.0002992287652823084,0.0005963590628371707
0.25,4.752,0.00029821208234066874,0.9994060132624045,0.00029803494831876767,0.0005939867375954755
0.25,4.7540000000000004,0.0002970216165302139,0.9994083761781895,0.00029684589146628193,0.0005916238218105496
0.25,4.756,0.0002958359030719605,0.9994107297216397,0.0002956615757670083,0.0005892702783603099
0.25,4.758,0.0002946549229944675,0.9994130739297323,0.0002944819823384294,0.0005869260702676682
0.25,4.76,0.00029347865740202833,0.9994154088392999,0.000293307092373057,0.0005845911607000875
0.25,4.7620000000000005,0.000292307087474368,0.9994177344870311,0.0002921368871381353,0.0005822655129689158
0.25,4.764,0.0002911401944663436,0.9994200509094711,0.0002909713479753464,0.0005799490905289417
0.25,4.766,0.0002899779597076417,0.9994223581430223,0.0002898104563005136,0.0005776418569777286
0.25,4.768,0.0002888203646024813,0.9994246562239448,0.0002886541936033093,0.0005753437760551705
0.25,4.7700000000000005,0.00028766739062931554,0.9994269451883573,0.0002875025414469627,0.0005730548116427148
0.25,4.772,0.0002865190193405373,0.9994292250722369,0.00028635548146797044,0.0005707749277631402
0.25,4.774,0.00028537523236218086,0.9994314959114201,0.0002852129953758035,0.0005685040885798909
0.25,4.776,0.0002842360113936303,0.9994337577416036,0.00028407506495262114,0.00056624225839641
0.25,4.7780000000000005,0.00028310133820732517,0.9994360105983442,0.00028294167205298167,0.0005639894016558067
0.25,4.78,0.00028197119464847133,0.9994382545170599,0.00028181279860355833,0.0005617454829400792
0.25,4.782,0.00028084556263474733,0.9994404895330302,0.00028068842660285116,0.0005595104669697815
0.25,4.784,0.0002797244241560168,0.9994427156813965,0.0002795685381209043,0.0005572843186034682
0.25,4.7860000000000005,0.0002786077612740398,0.999444932997163,0.0002784531152990223,0.0005550670028370286
0.25,4.788,0.00027749555612218725,0.9994471415151966,0.00027734214034948987,0.0005528584848033535
0.25,4.79,0.0002763877909051526,0.9994493412702283,0.00027623559555528835,0.0005506587297716692
0.25,4.792,0.0002752844478986687,0.999451532296853,0.00027513346326981763,0.000548467703146982
0.25,4.7940000000000005,0.0002741855094492234,0.9994537146295303,0.0002740357259166165,0.0005462853704697457
0.25,4.796,0.0002730909579737791,0.9994558883025849,0.00027294236598908727,0.0005441116974150839
0.25,4.798,0.00027200077595948834,0.9994580533502075,0.00027185336605021614,0.0005419466497924574
0.25,4.8,0.0002709149459634156,0.9994602098064548,0.0002707687087322997,0.0005397901935452198
0.25,4.8020000000000005,0.0002698334506122573,0.9994623577052502,0.0002696883767366698,0.0005376422947498405
0.25,4.804,0.00026875627260206574,0.9994644970803844,0.00026861235283342236,0.0005355029196155714
0.25,4.806,0.00026768339469796925,0.9994666279655161,0.0002675406198611416,0.0005333720344838921
0.25,4.808,0.00026661479973389855,0.999468750394172,0.000266473160726632,0.0005312496058279548
0.25,4.8100000000000005,0.0002655504706123109,0.9994708643997477,0.0002654099584046462,0.0005291356002522507
0.25,4.812,0.0002644903903039186,0.999472970015508,0.00026435099593761846,0.0005270299844919446
0.25,4.814,0.0002634345418474136,0.9994750672745877,0.0002632962564353939,0.0005249327254123193
0.25,4.816,0.00026238290834919813,0.9994771562099917,0.00026224572307496344,0.0005228437900083316
0.25,4.8180000000000005,0.00026133547298311325,0.9994792368545956,0.0002611993791001968,0.0005207631454043904
0.25,4.82,0.0002602922189901718,0.9994813092411466,0.00026015720782158016,0.0005186907588533574
0.25,4.822,0.000259253129678287,0.9994833734022637,0.00025911919261594884,0.0005166265977363249
0.25,4.824,0.00025821818842200787,0.9994854293704377,0.00025808531692622714,0.0005145706295622832
0.25,4.8260000000000005,0.00025718737866225165,0.9994874771780327,0.0002570555642611653,0.0005125228219673428
0.25,4.828,0.00025616068390604113,0.9994895168572856,0.0002560299181950809,0.0005104831427144019
0.25,4.83,0.0002551380877262379,0.9994915484403075,0.0002550083623675966,0.0005084515596924799
0.25,4.832,0.00025411957376128124,0.9994935719590835,0.00025399088048338276,0.0005064280409164956
0.25,4.8340000000000005,0.0002531051257149255,0.9994955874454735,0.0002529774563118999,0.0005044125545264899
0.25,4.836,0.00025209472735598123,0.9994975949312125,0.00025196807368714296,0.0005024050687875148
0.25,4.838,0.00025108836251805275,0.9994995944479113,0.00025096271650738383,0.0005004055520887452
0.25,4.84,0.00025008601509928104,0.9995015860270567,0.00024996136873491786,0.0004984139729432568
0.25,4.8420000000000005,0.0002490876690620857,0.9995035697000125,0.00024896401439581,0.0004964302999874715
0.25,4.844,0.0002480933084329096,0.9995055454980193,0.0002479706375796437,0.0004944545019807123
0.25,4.846,0.00024710291730196114,0.9995075134521952,0.0002469812224392666,0.0004924865478047602
0.25,4.848,0.00024611647982296104,0.9995094735935368,0.0002459957531905421,0.0004905264064631876
0.25,4.8500000000000005,0.0002451339802128881,0.999511425952919,0.0002450142141120984,0.0004885740470810251
0.25,4.852,0.0002441554027517286,0.9995133705610955,0.000244036589545082,0.00048662943890454
0.25,4.854,0.00024318073178222175,0.9995153074486998,0.00024306286389290716,0.0004846925513002365
0.25,4.856,0.00024220995170961128,0.999517236646245,0.0002420930216210111,0.00048276335375496693
0.25,4.8580000000000005,0.00024124304700139486,0.9995191581841252,0.00024112704725660753,0.0004808418158748218
0.25,4.86,0.00024028000218707745,0.9995210720926146,0.00024016492538844343,0.0004789279073853514
0.25,4.862,0.000239320801857921,0.9995229784018693,0.00023920664066655282,0.000477021598130678
0.25,4.864,0.00023836543066669977,0.999524877141927,0.0002382521778020156,0.00047512285807305155
0.25,4.866,0.00023741387332745434,0.9995267683427074,0.00023730152156671534,0.0004732316572926276
0.25,4.868,0.00023646611461524656,0.9995286520340132,0.00023635465679309786,0.0004713479659868014
0.25,4.87,0.00023552213936591768,0.9995305282455302,0.00023541156837393308,0.0004694717544697635
0.25,4.872,0.0002345819324758431,0.9995323970068278,0.00023447224126207328,0.000467602993172167
0.25,4.874,0.00023364547890169257,0.9995342583473593,0.00023353666047021688,0.00046574165264068323
0.25,4.876,0.0002327127636601885,0.9995361122964626,0.0002326048110706703,0.0004638877035374467
0.25,4.878,0.00023178377182786792,0.9995379588833605,0.00023167667819511367,0.0004620411166395
0.25,4.88,0.00023085848854084132,0.9995397981371613,0.0002307522470343627,0.0004602018628386828
0.25,4.882,0.00022993689899455637,0.999541630086859,0.00022983150283813634,0.00045836991314096576
0.25,4.884,0.00022901898844356023,0.999543454761334,0.00022891443091482223,0.00045654523866600627
0.25,4.886,0.00022810474220126534,0.9995452721893532,0.000228001016631246,0.00045472781064681556
0.25,4.888,0.0002271941456397119,0.9995470823995708,0.0002270912454124372,0.0004529176004292035
0.25,4.89,0.00022628718418933553,0.9995488854205286,0.0002261851027414002,0.0004511145794714455
0.25,4.892,0.00022538384333873325,0.9995506812806564,0.00022528257415888354,0.00044931871934361656
0.25,4.894,0.00022448410863443297,0.9995524700082724,0.00022438364526315282,0.000447529991727591
0.25,4.896,0.00022358796568065984,0.9995542516315837,0.00022348830170976016,0.00044574836841626553
0.25,4.898,0.00022269540013910747,0.9995560261786868,0.00022259652921131885,0.00044397382131322605
0.25,4.9,0.00022180639772870775,0.9995577936775677,0.00022170831353727618,0.0004422063224323036
0.25,4.902,0.000220920944225404,0.9995595541561029,0.00022082364051369008,0.0004404458438971304
0.25,4.904,0.00022003902546192082,0.9995613076420592,0.00021994249602300193,0.0004386923579408064
0.25,4.906,0.00021916062732753918,0.9995630541630947,0.00021906486600381484,0.0004369458369053447
0.25,4.908,0.00021828573576786986,0.9995647937467587,0.0002181907364506703,0.0004352062532413381
0.25,4.91,0.00021741433678462994,0.9995665264204924,0.00021732009341382763,0.0004334735795076261
0.25,4.912,0.00021654641643541677,0.9995682522116294,0.0002164529229990412,0.0004317477883706289
0.25,4.914,0.00021568196083348622,0.9995699711473959,0.0002155892113673416,0.00043002885260412516
0.25,4.916,0.00021482095614752984,0.9995716832549112,0.00021472894473481587,0.0004283167450888081
0.25,4.918,0.00021396338860145506,0.9995733885611882,0.00021387210937239074,0.0004266114388118414
0.25,4.92,0.00021310924447416247,0.9995750870931335,0.00021301869160561283,0.00042491290686652583
0.25,4.922,0.00021225851009932777,0.9995767788775484,0.00021216867781443361,0.00042322112245163357
0.25,4.924,0.00021141117186518249,0.9995784639411287,0.0002113220544329931,0.00042153605887129686
0.25,4.926,0.00021056721621429752,0.9995801423104655,0.00021047880794940608,0.000419857689534453
0.25,4.928,0.00020972662964336406,0.9995818140120455,0.00020963892490554628,0.00041818598795451134
0.25,4.93,0.0002088893987029791,0.9995834790722512,0.00020880239189683444,0.000416520927748798
0.25,4.932,0.0002080555099974293,0.9995851375173616,0.00020796919557202517,0.00041486248263844505
0.25,4.934,0.00020722495018447837,0.9995867893735523,0.00020713932263299704,0.0004132106264477242
0.25,4.936,0.0002063977059751512,0.9995884346668964,0.00020631275983453971,0.0004115653331036029
0.25,4.938,0.00020557376413352278,0.9995900734233644,0.00020548949398414542,0.00040992657663563303
0.25,4.94,0.0002047531114765057,0.9995917056688246,0.0002046695119417993,0.00040829433117539615
0.25,4.942,0.00020393573487364068,0.999593331429044,0.00020385280061977276,0.0004066685709559481
0.25,4.944,0.00020312162124688424,0.9995949507296883,0.00020303934698241366,0.0004050492703117081
0.25,4.946,0.00020231075757040106,0.9995965635963221,0.0002022291380459415,0.0004034364036779037
0.25,4.948,0.00020150313087035458,0.9995981700544098,0.00020142216087824067,0.00040182994559023744
0.25,4.95,0.00020069872822470113,0.9995997701293156,0.00020061840259865722,0.00040022987068444316
0.25,4.952,0.00019989753676298087,0.999601363846304,0.00019981785037779238,0.0003986361536959526
0.25,4.954,0.00019909954366611327,0.9996029512305405,0.00019902049143730069,0.00039704876945945156
0.25,4.956,0.00019830473616619146,0.9996045323070913,0.00019822631304968694,0.0003954676929086576
0.25,4.958,0.00019751310154627913,0.9996061071009245,0.00019743530253810566,0.00039389289907554303
0.25,4.96,0.00019672462714020517,0.9996076756369096,0.00019664744727615818,0.00039232436309044605
0.25,4.962,0.00019593930033236226,0.9996092379398186,0.0001958627346876939,0.00039076206018140436
0.25,4.964,0.00019515710855750435,0.9996107940343261,0.0001950811522466101,0.0003892059656739333
0.25,4.966,0.00019437803930054707,0.9996123439450098,0.00019430268747665507,0.0003876560549902486
0.25,4.968,0.00019360208009636533,0.9996138876963505,0.00019352732795122797,0.00038611230364948845
0.25,4.97,0.00019282921852959532,0.9996154253127331,0.00019275506129318336,0.00038457468726693644
0.25,4.972,0.00019205944223443512,0.9996169568184463,0.00019198587517463422,0.00038304318155368833
0.25,4.974,0.00019129273889444828,0.9996184822376836,0.0001912197573167579,0.0003815177623164301
0.25,4.976,0.00019052909624236466,0.9996200015945431,0.0001904566954895994,0.0003799984054568828
0.25,4.978,0.00018976850205988554,0.9996215149130284,0.00018969667751187895,0.00037848508697158056
0.25,4.98,0.00018901094417748745,0.9996230222170485,0.00018893969125079784,0.0003769777829515375
0.25,4.982,0.00018825641047422878,0.9996245235304183,0.0001881857246218478,0.00037547646958169256
0.25,4.984,0.00018750488887755382,0.9996260188768593,0.00018743476558861702,0.00037398112314068754
0.25,4.986,0.000186756367363101,0.9996275082799996,0.0001866868021626009,0.00037249172000042297
0.25,4.988,0.00018601083395450982,0.9996289917633743,0.00018594182240301108,0.000371008236625725
0.25,4.99,0.00018526827672323047,0.9996304693504259,0.00018519981441658746,0.0003695306495741235
0.25,4.992,0.0001845286837883311,0.9996319410645048,0.00018446076635740763,0.00036805893549518576
0.25,4.994,0.00018379204331630893,0.9996334069288696,0.00018372466642670027,0.0003665930711304055
0.25,4.996,0.0001830583435209004,0.9996348669666871,0.00018299150287265736,0.00036513303331286995
0.25,4.998,0.00018232757266289375,0.9996363212010333,0.0001822612639902492,0.0003636787989667045
0.25,5.0,0.00018159971904993942,0.9996377696548933,0.00018153393812103666,0.0003622303451067399
0.25,5.002,0.00018087477103636396,0.9996392123511615,0.00018080951365298756,0.000360787648838512
0.25,5.0040000000000004,0.00018015271702298346,0.9996406493126426,0.00018008797902029195,0.00035935068735737374
0.25,5.006,0.0001794335454569189,0.9996420805620515,0.00017936932270317985,0.0003579194379484951
0.25,5.008,0.00017871724483140957,0.9996435061220135,0.00017865353322773654,0.0003564938779865301
0.25,5.01,0.00017800380368563018,0.9996449260150649,0.00017794059916572191,0.0003550739849350615
0.25,5.0120000000000005,0.00017729321060450687,0.9996463402636535,0.00017723050913438847,0.00035365973634648995
0.25,5.014,0.00017658545421853577,0.9996477488901386,0.00017652325179630193,0.00035225110986136787
0.25,5.016,0.00017588052320359935,0.9996491519167916,0.00017581881585915967,0.00035084808320839933
0.25,5.018,0.0001751784062807863,0.9996505493657961,0.00017511719007561266,0.000349450634203885
0.25,5.0200000000000005,0.0001744790922162106,0.9996519412592485,0.00017441836324308635,0.0003480587407515001
0.25,5.022,0.00017378256982083286,0.9996533276191581,0.00017372232420360427,0.00034667238084185037
0.25,5.024,0.0001730888279502796,0.9996547084674479,0.000173029061843609,0.00034529153255213885
0.25,5.026,0.00017239785550466616,0.999656083825954,0.00017233856509378724,0.000343916174046055
0.25,5.0280000000000005,0.00017170964142841828,0.9996574537164269,0.0001716508229288933,0.00034254628357310857
0.25,5.03,0.0001710241747100967,0.9996588181605316,0.00017096582436757556,0.0003411818394684074
0.25,5.032,0.000170341444382219,0.9996601771798475,0.00017028355847220018,0.0003398228201525466
0.25,5.034,0.0001696614395210854,0.9996615307958692,0.000169604014348679,0.00033846920413083126
0.25,5.0360000000000005,0.00016898414924660323,0.9996628790300065,0.0001689271811462957,0.0003371209699934985
0.25,5.038,0.00016830956272211433,0.9996642219035852,0.00016825304805753507,0.00033577809641482936
0.25,5.04,0.0001676376691542196,0.9996655594378467,0.0001675816043179096,0.0003344405621532598
0.25,5.042,0.0001669684577926076,0.9996668916539492,0.00016691283920578965,0.0003331083460508255
0.25,5.0440000000000005,0.00016630191792988197,0.9996682185729672,0.0001662467420422329,0.000331781427032829
0.25,5.046,0.0001656380389013913,0.9996695402158924,0.00016558330219081593,0.00033045978410761734
0.25,5.048,0.00016497681008505665,0.9996708566036338,0.0001649225090574636,0.00032914339636624934
0.25,5.05,0.0001643182209012029,0.9996721677570178,0.00016426435209028202,0.0003278322429821623
0.25,5.0520000000000005,0.00016366226081238871,0.9996734736967892,0.0001636088207793905,0.000326526303210839
0.25,5.054,0.00016300891932323927,0.9996747744436106,0.00016295590465675595,0.00032522555638936357
0.25,5.056,0.00016235818598027654,0.9996760700180637,0.00016230559329602473,0.0003239299819363106
0.25,5.058,0.00016171005037175312,0.9996773604406487,0.0001616578763123585,0.00032263955935130095
0.25,5.0600000000000005,0.0001610645021274852,0.9996786457317853,0.00016101274336226867,0.0003213542682146686
0.25,5.062,0.00016042153091868765,0.9996799259118127,0.00016037018414345324,0.00032007408818734984
0.25,5.064,0.00015978112645780712,0.9996812010009897,0.00015973018839463165,0.00031879899901032793
0.25,5.066,0.00015914327849835856,0.9996824710194956,0.00015909274589538284,0.00031752898050441125
0.25,5.0680000000000005,0.0001585079768347608,0.9996837359874301,0.00015845784646598268,0.0003162640125699001
0.25,5.07,0.00015787521130217414,0.9996849959248135,0.00015782547996724303,0.0003150040751864758
0.25,5.072,0.00015724497177633634,0.9996862508515876,0.00015719563630034938,0.0003137491484124233
0.25,5.074,0.0001566172481734015,0.9996875007876151,0.00015656830540670142,0.00031249921238485356
0.25,5.0760000000000005,0.00015599203044977834,0.999688745752681,0.00015594347726775293,0.00031125424731903717
0.25,5.078,0.00015536930860197048,0.9996899857664918,0.00015532114190485355,0.00031001423350818236
0.25,5.08,0.0001547490726664148,0.9996912208486767,0.0001547012893790888,0.000308779151323324
0.25,5.082,0.0001541313127193231,0.9996924510187872,0.00015408390979112328,0.0003075489812127685
0.25,5.0840000000000005,0.0001535160188765228,0.9996936762962981,0.00015346899328104298,0.0003063237037018718
0.25,5.086,0.00015290318129329976,0.9996948967006072,0.00015285653002819951,0.0003051032993928171
0.25,5.088,0.00015229279016423938,0.9996961122510357,0.00015224651025105287,0.00030388774896428217
0.25,5.09,0.00015168483572307052,0.999697322966829,0.00015163892420701683,0.0003026770331709949
0.25,5.0920000000000005,0.00015107930824250892,0.9996985288671563,0.0001510337621923038,0.0003014711328437336
0.25,5.094,0.0001504761980341025,0.9996997299711113,0.00015043101454177173,0.0003002700288886606
0.25,5.096,0.0001498754954480748,0.9997009262977127,0.00014983067162876898,0.00029907370228732244
0.25,5.098,0.00014927719087317158,0.9997021178659038,0.0001492327238649824,0.0002978821340962057
0.25,5.1000000000000005,0.00014868127473650667,0.9997033046945535,0.00014863716170028453,0.0002966953054465149
0.25,5.102,0.00014808773750340967,0.9997044868024562,0.000148043975622583,0.00029551319754383965
0.25,5.104,0.0001474965696772719,0.999705664208332,0.00014745315615766763,0.00029433579166804336
0.25,5.106,0.00014690776179939561,0.9997068369308274,0.00014686469386906122,0.00029316306917259727
0.25,5.1080000000000005,0.00014632130444884185,0.9997080049885154,0.00014627857935786887,0.0002919950114845804
0.25,5.11,0.0001457371882422811,0.9997091683998958,0.0001456948032626299,0.0002908316001042355
0.25,5.112,0.00014515540383384123,0.999710327183395,0.00014511335625916726,0.0002896728166049689
0.25,5.114,0.0001445759419149594,0.9997114813573672,0.00014453422906044074,0.0002885186426327957
0.25,5.1160000000000005,0.0001439987932142322,0.999712630940094,0.00014395741241639862,0.00028736905990600636
0.25,5.118,0.00014342394849726868,0.9997137759497848,0.00014338289711383193,0.00028622405021516695
0.25,5.12,0.00014285139856654085,0.9997149164045775,0.00014281067397622636,0.0002850835954224529
0.25,5.122,0.00014228113426123756,0.9997160523225381,0.00014224073386361744,0.000283947677461871
0.25,5.124,0.00014171314645711777,0.9997171837216615,0.00014167306767244513,0.00028281627833848244
0.25,5.126,0.00014114742606636426,0.9997183106198716,0.0001411076663354089,0.0002816893801284026
0.25,5.128,0.00014058396403743924,0.9997194330350215,0.00014054452082132461,0.0002805669649784681
0.25,5.13,0.0001400227513549379,0.999720550984894,0.00013998362213497935,0.0002794490151060147
0.25,5.132,0.00013946377903944544,0.9997216644872016,0.0001394249613169897,0.00027833551279843327
0.25,5.134,0.00013890703814739257,0.9997227735595869,0.00013886852944365865,0.00027722644041305866
0.25,5.136,0.00013835251977091365,0.9997238782196232,0.00013831431762683489,0.00027612178037683677
0.25,5.138,0.00013780021503770259,0.9997249784848139,0.00013776231701376996,0.0002750215151861024
0.25,5.14,0.00013725011511087187,0.9997260743725939,0.00013721251878697857,0.00027392562740613524
0.25,5.142,0.0001367022111888107,0.999727165900329,0.00013666491416409798,0.00027283409967104877
0.25,5.144,0.00013615649450504508,0.9997282530853163,0.0001361194943977492,0.0002717469146836793
0.25,5.146,0.00013561295632809624,0.9997293359447851,0.0001355762507753968,0.00027066405521491976
0.25,5.148,0.00013507158796134173,0.9997304144958963,0.00013503517461921108,0.00026958550410371984
0.25,5.15,0.00013453238074287587,0.9997314887557432,0.0001344962572859298,0.00026851124425675277
0.25,5.152,0.00013399532604537219,0.9997325587413518,0.00013395949016672165,0.00026744125864819335
0.25,5.154,0.00013346041527594377,0.9997336244696806,0.000133424864687048,0.0002663755303193849
0.25,5.156,0.00013292763987600694,0.9997346859576214,0.00013289237230652758,0.0002653140423786171
0.25,5.158,0.00013239699132114367,0.999735743221999,0.00013236200451880012,0.0002642567780010152
0.25,5.16,0.00013186846112096627,0.9997367962795721,0.00013183375285139213,0.00026320372042787366
0.25,5.162,0.00013134204081897998,0.9997378451470332,0.00013130760886558072,0.0002621548529667672
0.25,5.164,0.00013081772199244877,0.9997388898410089,0.00013078356415626046,0.0002611101589911069
0.25,5.166,0.00013029549625226,0.99973993037806,0.00013026161035180917,0.0002600696219400289
0.25,5.168,0.0001297753552427911,0.9997409667746819,0.00012974173911395575,0.0002590332253180616
0.25,5.17,0.00012925729064177464,0.9997419990473052,0.0001292239421376463,0.0002580009526947924
0.25,5.172,0.00012874129416016593,0.9997430272122952,0.00012870821115091286,0.00025697278770475673
0.25,5.174,0.00012822735754201004,0.9997440512859529,0.00012819453791474152,0.00025594871404710506
0.25,5.176,0.00012771547256431058,0.9997450712845147,0.00012768291422294217,0.00025492871548526974
0.25,5.178,0.00012720563103689675,0.9997460872241531,0.0001271733319020168,0.000253912775846854
0.25,5.18,0.00012669782480229322,0.9997470991209767,0.0001266657828110304,0.00025290087902329894
0.25,5.182,0.0001261920457355892,0.9997481069910302,0.00012616025884148083,0.0002518930089697724
0.25,5.184,0.00012568828574430928,0.9997491108502954,0.00012565675191717106,0.00025088914970461396
0.25,5.186,0.0001251865367682826,0.9997501107146904,0.0001251552539940792,0.0002498892853095569
0.25,5.188,0.00012468679077951486,0.999751106600071,0.00012465575706023153,0.0002488933999289511
0.25,5.19,0.00012418903978205937,0.9997520985222301,0.00012415825313557457,0.00024790147776987403
0.25,5.192,0.00012369327581188998,0.9997530864968983,0.00012366273427184913,0.0002469135031016867
0.25,5.194,0.00012319949093677235,0.9997540705397439,0.00012316919255246243,0.0002459294602561446
0.25,5.196,0.000122707677256138,0.9997550506663734,0.00012267762009236324,0.00024494933362662064
0.25,5.198,0.00012221782690095728,0.9997560268923318,0.0001221880090379158,0.00024397310766821612
0.25,5.2,0.0001217299320336145,0.9997569992331025,0.00012170035156677594,0.0002430007668975387
0.25,5.202,0.00012124398484778117,0.9997579677041076,0.00012121463988776533,0.0002420322958923693
0.25,5.204,0.00012075997756829194,0.9997589323207088,0.0001207308662407483,0.00024106767929121808
0.25,5.206,0.00012027790245101981,0.9997598930982066,0.00012024902289650809,0.0002401069017934354
0.25,5.208,0.00011979775178275304,0.9997608500518411,0.00011976910215662464,0.0002391499481588788
0.25,5.21,0.00011931951788107048,0.9997618031967925,0.00011929109635335095,0.00023819680320746883
0.25,5.212,0.0001188431930942195,0.9997627525481808,0.00011881499784949184,0.00023724745181918916
0.25,5.214,0.00011836876980099313,0.9997636981210662,0.00011834079903828208,0.00023630187893375343
0.25,5.216,0.00011789624041060901,0.9997646399304495,0.00011786849234326623,0.00023536006955049427
0.25,5.218,0.00011742559736258656,0.9997655779912722,0.00011739807021817675,0.00023442200872780816
0.25,5.22,0.000116956833126627,0.9997665123184166,0.00011692952514681493,0.00023348768158337752
0.25,5.222,0.00011648994020249233,0.9997674429267065,0.0001164628496429307,0.0002325570732935045
0.25,5.224,0.00011602491111988624,0.9997683698309069,0.00011599803625010453,0.00023163016909311107
0.25,5.226,0.00011556173843833327,0.9997692930457245,0.00011553507754162737,0.0002307069542755169
0.25,5.228,0.00011510041474706062,0.9997702125858078,0.00011507396612038344,0.00022978741419221738
0.25,5.23,0.0001146409326648792,0.9997711284657476,0.00011461469461873206,0.00022887153425243945
0.25,5.232,0.0001141832848400663,0.9997720407000766,0.00011415725569839121,0.00022795929992336372
0.25,5.234,0.00011372746395024674,0.9997729493032708,0.0001137016420503196,0.00022705069672923628
0.25,5.236,0.00011327346270227658,0.9997738542897481,0.00011324784639460109,0.00022614571025192376
0.25,5.238,0.00011282127383212596,0.9997747556738701,0.00011279586148032853,0.00022524432612991419
0.25,5.24,0.00011237089010476371,0.9997756534699412,0.00011234568008548909,0.00022434653005876104
0.25,5.242,0.00011192230431404037,0.9997765476922096,0.00011189729501684818,0.00022345230779041714
0.25,5.244,0.00011147550928257375,0.9997774383548668,0.00011145069910983576,0.00022256164513323462
0.25,5.246,0.00011103049786163359,0.9997783254720485,0.0001110058852284319,0.00022167452795152087
0.25,5.248,0.00011058726293102807,0.9997792090578342,0.000110562846265054,0.00022079094216576056
0.25,5.25,0.00011014579739898863,0.9997800891262483,0.00011012157514044254,0.00021991087375172746
0.25,5.252,0.00010970609420205737,0.999780965691259,0.00010968206480354913,0.00021903430874103957
0.25,5.2540000000000004,0.00010926814630497352,0.9997818387667798,0.00010924430823142395,0.0002181612332201599
0.25,5.256,0.00010883194670056182,0.999782708366669,0.00010880829842910466,0.00021729163333095158
0.25,5.258,0.00010839748840961908,0.9997835745047302,0.00010837402842950402,0.00021642549526978971
0.25,5.26,0.00010796476448080337,0.9997844371947123,0.00010794149129329966,0.00021556280528767235
0.25,5.2620000000000005,0.0001075337679905224,0.9997852964503099,0.00010751068010882328,0.00021470354969010952
0.25,5.264,0.00010710449204282353,0.9997861522851633,0.00010708158799195143,0.00021384771483667908
0.25,5.266,0.00010667692976928224,0.9997870047128592,0.00010665420808599474,0.00021299528714080473
0.25,5.268,0.00010625107432889304,0.9997878537469301,0.00010622853356158952,0.000212146253069867
0.25,5.2700000000000005,0.00010582691890795961,0.9997886994008555,0.00010580455761658873,0.00021130059914453714
0.25,5.272,0.00010540445671998653,0.999789541688061,0.0001053822734759544,0.0002104583119389991
0.25,5.274,0.0001049836810055696,0.9997903806219196,0.00010496167439164862,0.00020961937808039455
0.25,5.276,0.00010456458503228841,0.9997912162157512,0.00010454275364252697,0.0002087837842488227
0.25,5.2780000000000005,0.00010414716209459827,0.9997920484828229,0.00010412550453423101,0.00020795151717711846
0.25,5.28,0.00010373140551372363,0.9997928774363496,0.00010370992039908257,0.00020712256365040815
0.25,5.282,0.00010331730863755016,0.9997937030894937,0.0001032959945959764,0.0002062969105063317
0.25,5.284,0.00010290486484051897,0.9997945254553656,0.0001028837205102752,0.00020547454463437642
0.25,5.2860000000000005,0.00010249406752352037,0.9997953445470239,0.00010247309155370398,0.0002046554529760991
0.25,5.288,0.00010208491011378886,0.9997961603774754,0.00010206410116424582,0.00020383962252457088
0.25,5.29,0.00010167738606479699,0.9997969729596756,0.00010165674280603633,0.00020302704032437724
0.25,5.292,0.00010127148885615127,0.9997977823065286,0.00010125100996926036,0.00020221769347139595
0.25,5.2940000000000005,0.00010086721199348754,0.9997985884308875,0.00010084689617004794,0.00020141156911246405
0.25,5.296,0.0001004645490083677,0.9997993913455546,0.00010044439495037167,0.0002006086544453778
0.25,5.298,0.00010006349345817525,0.9998001910632816,0.00010004349987794304,0.00019980893671844857
0.25,5.3,9.966403892601282e-05,0.9998009875967694,9.964420454611049e-05,0.00019901240323061398
0.25,5.3020000000000005,9.92661790205992e-05,0.9998017809586691,9.924650257375717e-05,0.00019821904133088264
0.25,5.304,9.886990737616775e-05,0.9998025711615814,9.885038760519992e-05,0.0001974288384185563
0.25,5.306,9.847521765236356e-05,0.9998033582180574,9.845585331008721e-05,0.00019664178194256365
0.25,5.308,9.808210353414262e-05,0.9998041421405984,9.806289338329881e-05,0.0001958578594015714
0.25,5.3100000000000005,9.769055873167045e-05,0.9998049229416561,9.76715015448451e-05,0.00019507705834387323
0.25,5.312,9.730057698022223e-05,0.9998057006336332,9.728167153976785e-05,0.00019429936636683465
0.25,5.314,9.691215204008146e-05,0.999806475228883,9.689339713803945e-05,0.00019352477111700406
0.25,5.316,9.652527769644078e-05,0.9998072467397102,9.650667213446442e-05,0.00019275326028977968
0.25,5.3180000000000005,9.613994775930227e-05,0.9998080151783707,9.612149034858025e-05,0.00019198482162929853
0.25,5.32,9.575615606337908e-05,0.9998087805570718,9.57378456245597e-05,0.00019121944292821436
0.25,5.322,9.53738964679957e-05,0.9998095428879725,9.535573183111159e-05,0.00019045711202747562
0.25,5.324,9.499316285699044e-05,0.9998103021831839,9.497514286138401e-05,0.00018969781681610343
0.25,5.3260000000000005,9.461394913861725e-05,0.9998110584547688,9.459607263286657e-05,0.00018894154523119155
0.25,5.328,9.423624924544889e-05,0.9998118117147425,9.42185150872943e-05,0.00018818828525746234
0.25,5.33,9.386005713427882e-05,0.9998125619750728,9.384246419055003e-05,0.00018743802492715567
0.25,5.332,9.348536678602525e-05,0.9998133092476799,9.346791393256905e-05,0.00018669075232013999
0.25,5.3340000000000005,9.311217220563445e-05,0.9998140535444369,9.309485832724302e-05,0.00018594645556313516
0.25,5.336,9.27404674219855e-05,0.9998147948771698,9.272329141232529e-05,0.00018520512283015655
0.25,5.338,9.237024648779376e-05,0.9998155332576582,9.235320724933484e-05,0.0001844667423418489
0.25,5.34,9.20015034795164e-05,0.9998162686976344,9.198459992346252e-05,0.00018373130236559732
0.25,5.3420000000000005,9.163423249725724e-05,0.9998170012087848,9.161746354347631e-05,0.00018299879121519425
0.25,5.344,9.126842766467306e-05,0.9998177308027494,9.12517922416283e-05,0.0001822691972506174
0.25,5.346,9.090408312887859e-05,0.9998184574911219,9.08875801735601e-05,0.00018154250887814083
0.25,5.348,9.054119306035346e-05,0.9998191812854502,9.052482151821048e-05,0.0001808187145497797
0.25,5.3500000000000005,9.017975165284868e-05,0.9998199021972367,9.016351047772226e-05,0.00018009780276329046
0.25,5.352,8.981975312329435e-05,0.999820620237938,8.980364127735063e-05,0.0001793797620619486
0.25,5.354,8.946119171170614e-05,0.9998213354189655,8.944520816537011e-05,0.00017866458103454885
0.25,5.356,8.910406168109383e-05,0.9998220477516852,8.90882054129837e-05,0.0001779522483148499
0.25,5.3580000000000005,8.874835731736915e-05,0.9998227572474181,8.87326273142311e-05,0.00017724275258190758
0.25,5.36,8.839407292925498e-05,0.9998234639174407,8.837846818589859e-05,0.00017653608255929765
0.25,5.362,8.804120284819345e-05,0.9998241677729846,8.802572236742754e-05,0.00017583222701544887
0.25,5.364,8.768974142825568e-05,0.9998248688252367,8.767438422082466e-05,0.00017513117476330997
0.25,5.3660000000000005,8.733968304605135e-05,0.9998255670853401,8.732444813057215e-05,0.00017443291465990551
0.25,5.368,8.699102210063914e-05,0.9998262625643933,8.697590850353858e-05,0.000173737435606669
0.25,5.37,8.664375301343634e-05,0.9998269552734512,8.662875976888898e-05,0.00017304472654877667
0.25,5.372,8.629787022813017e-05,0.9998276452235247,8.628299637799671e-05,0.00017235477647525865
0.25,5.3740000000000006,8.595336821058853e-05,0.9998283324255812,8.59386128043547e-05,0.00017166757441877678
0.25,5.376,8.561024144877207e-05,0.9998290168905446,8.559560354348793e-05,0.00017098310945540263
0.25,5.378,8.526848445264515e-05,0.9998296986292955,8.525396311286496e-05,0.00017030137070450646
0.25,5.38,8.492809175408852e-05,0.9998303776526714,8.491368605181106e-05,0.00016962234732864623
0.25,5.382,8.458905790681178e-05,0.9998310539714669,8.457476692142106e-05,0.00016894602853312346
0.25,5.384,8.425137748626595e-05,0.9998317275964339,8.423720030447258e-05,0.0001682724035660943
0.25,5.386,8.391504508955741e-05,0.9998323985382817,8.390098080534024e-05,0.00016760146171834744
0.25,5.388,8.35800553353605e-05,0.999833066807677,8.356610304990884e-05,0.0001669331923229711
0.25,5.39,8.3246402863832e-05,0.9998337324152445,8.323256168548825e-05,0.000166267584755464
0.25,5.392,8.291408233652509e-05,0.9998343953715666,8.290035138072785e-05,0.0001656046284334023
0.25,5.394,8.258308843630455e-05,0.9998350556871839,8.25694668255322e-05,0.00016494431281610655
0.25,5.396,8.225341586726077e-05,0.9998357133725951,8.22399027309754e-05,0.00016428662740486377
0.25,5.398,8.19250593546256e-05,0.9998363684382575,8.191165382921756e-05,0.00016363156174248328
0.25,5.4,8.159801364468769e-05,0.9998370208945868,8.158471487342039e-05,0.00016297910541318572
0.25,5.402,8.1272273504709e-05,0.9998376707519575,8.125908063766427e-05,0.00016232924804249205
0.25,5.404,8.094783372284019e-05,0.9998383180207029,8.093474591686406e-05,0.00016168197929711248
0.25,5.406,8.062468910803785e-05,0.9998389627111155,8.061170552668673e-05,0.00016103728888450242
0.25,5.408,8.030283448998108e-05,0.999839604833447,8.028995430346839e-05,0.00016039516655297348
0.25,5.41,7.998226471898943e-05,0.9998402443979084,7.996948710413259e-05,0.00015975560209158246
0.25,5.412,7.966297466593956e-05,0.9998408814146703,7.965029880610757e-05,0.00015911858532968726
0.25,5.414,7.934495922218382e-05,0.9998415158938628,7.933238430724501e-05,0.0001584841061371689
0.25,5.416,7.902821329946819e-05,0.9998421478455762,7.901573852573861e-05,0.00015785215442376543
0.25,5.418,7.871273182985144e-05,0.9998427772798606,7.870035640004355e-05,0.00015722272013940497
0.25,5.42,7.839850976562316e-05,0.9998434042067262,7.838623288879494e-05,0.0001565957932737616
0.25,5.422,7.808554207922364e-05,0.9998440286361437,7.807336297072808e-05,0.00015597136385625543
0.25,5.424,7.777382376316307e-05,0.9998446505780442,7.776174164459817e-05,0.00015534942195583046
0.25,5.426,7.746334982994203e-05,0.9998452700423194,7.745136392910105e-05,0.0001547299576806216
0.25,5.428,7.715411531197083e-05,0.9998458870388218,7.714222486279302e-05,0.00015411296117817663
0.25,5.43,7.684611526149055e-05,0.9998465015773651,7.68343195040123e-05,0.0001534984226349012
0.25,5.432,7.653934475049373e-05,0.9998471136677237,7.65276429308e-05,0.0001528863322762808
0.25,5.434,7.623379887064588e-05,0.9998477233196335,7.622219024082212e-05,0.00015227668036654762
0.25,5.436,7.592947273320628e-05,0.9998483305427917,7.591795655129072e-05,0.00015166945720834768
0.25,5.438,7.562636146895026e-05,0.9998489353468571,7.561493699888649e-05,0.00015106465314285167
0.25,5.44,7.532446022809095e-05,0.9998495377414505,7.531312673968101e-05,0.000150462258549533
0.25,5.442,7.502376418020236e-05,0.9998501377361539,7.501252094906006e-05,0.00014986226384605672
0.25,5.444,7.472426851414115e-05,0.9998507353405119,7.47131148216459e-05,0.00014926465948805756
0.25,5.446,7.442596843797029e-05,0.9998513305640311,7.441490357122118e-05,0.0001486694359689178
0.25,5.448,7.412885917888206e-05,0.9998519234161802,7.411788243065239e-05,0.0001480765838197673
0.25,5.45,7.383293598312223e-05,0.9998525139063907,7.382204665181438e-05,0.00014748609360926146
0.25,5.452,7.353819411591324e-05,0.9998531020440566,7.352739150551386e-05,0.0001468979559433592
0.25,5.454,7.324462886137892e-05,0.9998536878385345,7.323391228141447e-05,0.00014631216146554493
0.25,5.456,7.295223552246881e-05,0.999854271299144,7.294160428796158e-05,0.0001457287008560515
0.25,5.458,7.266100942088351e-05,0.9998548524351677,7.265046285230781e-05,0.00014514756483230418
0.25,5.46,7.237094589699903e-05,0.9998554312558515,7.236048332023787e-05,0.00014456874414847665
0.25,5.462,7.208204030979284e-05,0.9998560077704046,7.207166105609484e-05,0.00014399222959537994
0.25,5.464,7.179428803676921e-05,0.9998565819879996,7.1783991442706e-05,0.00014341801200035142
0.25,5.466,7.150768447388591e-05,0.999857153917773,7.14974698813097e-05,0.00014284608222703277
0.25,5.468,7.122222503547969e-05,0.9998577235688245,7.121209179148126e-05,0.00014227643117548094
0.25,5.47,7.093790515419345e-05,0.9998582909502184,7.092785261106055e-05,0.00014170904978161314
0.25,5.472,7.065472028090289e-05,0.9998588560709826,7.064474779607881e-05,0.00014114392901742878
0.25,5.474,7.037266588464425e-05,0.9998594189401093,7.036277282068685e-05,0.00014058105989067649
0.25,5.476,7.009173745254107e-05,0.9998599795665553,7.008192317708207e-05,0.00014002043344474302
0.25,5.478,6.98119304897324e-05,0.9998605379592413,6.9802194375437e-05,0.00013946204075865332
0.25,5.48,6.953324051930076e-05,0.9998610941270534,6.952358194382762e-05,0.00013890587294662637
0.25,5.482,6.925566308220095e-05,0.9998616480788417,6.924608142816244e-05,0.0001383519211582973
0.25,5.484,6.897919373718789e-05,0.9998621998234216,6.896968839211067e-05,0.00013780017657838428
0.25,5.486,6.870382806074619e-05,0.9998627493695736,6.869439841703214e-05,0.00013725063042635544
0.25,5.488,6.842956164701903e-05,0.9998632967260432,6.842020710190646e-05,0.00013670327395676196
0.25,5.49,6.815639010773816e-05,0.9998638419015412,6.814711006326328e-05,0.000136158098458794
0.25,5.492,6.788430907215303e-05,0.9998643849047439,6.787510293511182e-05,0.00013561509525605864
0.25,5.494,6.761331418696124e-05,0.9998649257442933,6.760418136887158e-05,0.00013507425570669085
0.25,5.496,6.734340111623876e-05,0.9998654644287969,6.733434103330282e-05,0.00013453557120313153
0.25,5.498,6.70745655413709e-05,0.9998660009668281,6.706557761443792e-05,0.00013399903317190542
0.25,5.5,6.680680316098264e-05,0.9998665353669266,6.679788681551195e-05,0.00013346463307339906
0.25,5.502,6.654010969087015e-05,0.9998670676375978,6.653126435689444e-05,0.00013293236240219386
0.25,5.5040000000000004,6.627448086393214e-05,0.9998675977873136,6.626570597602111e-05,0.00013240221268639996
0.25,5.506,6.600991243010192e-05,0.9998681258245122,6.600120742732618e-05,0.00013187417548776725
0.25,5.508,6.574640015627879e-05,0.9998686517575985,6.573776448217404e-05,0.00013134824240146337
0.25,5.51,6.548393982626076e-05,0.9998691755949438,6.547537292879225e-05,0.00013082440505618464
0.25,5.5120000000000005,6.522252724067681e-05,0.9998696973448864,6.521402857220414e-05,0.00013030265511360106
0.25,5.514,6.496215821692026e-05,0.9998702170157313,6.495372723416233e-05,0.00012978298426868928
0.25,5.516,6.470282858908102e-05,0.9998707346157508,6.469446475308144e-05,0.00012926538424917755
0.25,5.518,6.444453420787955e-05,0.9998712501531842,6.443623698397216e-05,0.00012874984681576773
0.25,5.5200000000000005,6.41872709406001e-05,0.9998717636362382,6.417903979837489e-05,0.00012823636376180225
0.25,5.522,6.393103467102515e-05,0.9998722750730868,6.39228690842943e-05,0.00012772492691315307
0.25,5.524,6.36758212993688e-05,0.9998727844718719,6.36677207461332e-05,0.00012721552812811066
0.25,5.526,6.342162674221165e-05,0.9998732918407027,6.34135907046275e-05,0.00012670815929727297
0.25,5.5280000000000005,6.316844693243526e-05,0.9998737971876565,6.316047489678101e-05,0.00012620281234354547
0.25,5.53,6.29162778191575e-05,0.9998743005207783,6.290836927580106e-05,0.000125699479221697
0.25,5.532,6.266511536766705e-05,0.9998748018480814,6.265726981103325e-05,0.00012519815191858186
0.25,5.534,6.241495555935934e-05,0.9998753011775472,6.240717248789765e-05,0.00012469882245280672
0.25,5.5360000000000005,6.2165794391672e-05,0.9998757985171255,6.215807330782449e-05,0.0001242014828745086
0.25,5.538,6.191762787802125e-05,0.9998762938747344,6.190996828819082e-05,0.0001237061252655769
0.25,5.54,6.167045204773744e-05,0.9998767872582608,6.166285346225635e-05,0.00012321274173920926
0.25,5.542,6.142426294600204e-05,0.9998772786755601,6.141672487910056e-05,0.00012272132443991168
0.25,5.5440000000000005,6.117905663378404e-05,0.9998777681344566,6.11715786035595e-05,0.00012223186554338739
0.25,5.546,6.093482918777746e-05,0.9998782556427437,6.0927410716163466e-05,0.00012174435725631483
0.25,5.548,6.069157670033781e-05,0.9998787412081835,6.0684217313073695e-05,0.00012125879181645871
0.25,5.55,6.0449295279420134e-05,0.9998792248385078,6.044199450602067e-05,0.00012077516149222589
0.25,5.5520000000000005,6.02079810485164e-05,0.9998797065414171,6.020073842224178e-05,0.00012029345858288742
0.25,5.554,5.9967630146593994e-05,0.999880186324582,5.9960445204420024e-05,0.00011981367541802346
0.25,5.556,5.972823872803323e-05,0.999880664195642,5.9721111010621735e-05,0.00011933580435796731
0.25,5.558,5.948980296256633e-05,0.999881140162207,5.948273201423586e-05,0.00011885983779302833
0.25,5.5600000000000005,5.925231903521584e-05,0.999881614231856,5.9245304403912544e-05,0.000118385768144047
0.25,5.562,5.901578314623407e-05,0.9998820864121382,5.900882438350282e-05,0.00011791358786183981
0.25,5.564,5.878019151104164e-05,0.999882556710573,5.8773288171997435e-05,0.00011744328942697724
0.25,5.566,5.854554036016737e-05,0.9998830251346498,5.853869200346688e-05,0.00011697486535022783
0.25,5.5680000000000005,5.831182593918772e-05,0.9998834916918281,5.830503212700113e-05,0.00011650830817189206
0.25,5.57,5.8079044508667196e-05,0.9998839563895382,5.807230480665024e-05,0.00011604361046180234
0.25,5.572,5.7847192344097826e-05,0.9998844192351806,5.784050632136404e-05,0.00011558076481943402
0.25,5.574,5.761626573584004e-05,0.9998848802361263,5.760963296493325e-05,0.00011511976387368339
0.25,5.5760000000000005,5.738626098906307e-05,0.9998853393997175,5.7379681045930094e-05,0.00011466060028253455
0.25,5.578,5.715717442368627e-05,0.9998857967332668,5.715064688764985e-05,0.0001142032667331705
0.25,5.58,5.69290023743196e-05,0.9998862522440581,5.6922526828051515e-05,0.00011374775594186204
0.25,5.582,5.670174119020541e-05,0.9998867059393461,5.669531721969983e-05,0.00011329406065385683
0.25,5.5840000000000005,5.6475387235159795e-05,0.999887157826357,5.6469014429706844e-05,0.00011284217364304627
0.25,5.586,5.624993688751485e-05,0.9998876079122879,5.624361483967439e-05,0.00011239208771207654
0.25,5.588,5.602538654006011e-05,0.9998880562043078,5.6019114845635694e-05,0.00011194379569223756
0.25,5.59,5.5801732599985216e-05,0.9998885027095569,5.579551085799829e-05,0.00011149729044312995
0.25,5.5920000000000005,5.5578971488822265e-05,0.9998889474351471,5.5572799301486546e-05,0.00011105256485288706
0.25,5.594,5.5357099642388916e-05,0.9998893903881623,5.535097661508501e-05,0.00011060961183773088
0.25,5.596,5.51361135107308e-05,0.9998898315756579,5.5130039251980974e-05,0.00011016842434208307
0.25,5.598,5.491600955806509e-05,0.9998902710046615,5.490998367950828e-05,0.00010972899533845393
0.25,5.6000000000000005,5.469678426272375e-05,0.999890708682173,5.469080637909078e-05,0.0001092913178269983
0.25,5.602,5.4478434117097585e-05,0.999891144615164,5.447250384618651e-05,0.00010885538483595969
0.25,5.604,5.4260955627579495e-05,0.9998915788105789,5.4255072590231225e-05,0.00010842118942111512
0.25,5.606,5.404434531450902e-05,0.9998920112753342,5.403850913458311e-05,0.00010798872466577514
0.25,5.6080000000000005,5.382859971211642e-05,0.9998924420163192,5.382281001646702e-05,0.00010755798368078384
0.25,5.61,5.361371536846766e-05,0.9998928710403956,5.360797178691971e-05,0.00010712895960440783
0.25,5.612,5.339968884540855e-05,0.9998932983543979,5.33939910107341e-05,0.00010670164560211415
0.25,5.614,5.3186516718510165e-05,0.9998937239651337,5.3180864266404966e-05,0.00010627603486634829
0.25,5.6160000000000005,5.2974195577013824e-05,0.9998941478793831,5.2968588146074024e-05,0.00010585212061686722
0.25,5.618,5.276272202377693e-05,0.9998945701038998,5.2757159255476e-05,0.00010542989610018427
0.25,5.62,5.255209267521802e-05,0.9998949906454103,5.2546574213883854e-05,0.00010500935458968019
0.25,5.622,5.2342304161263025e-05,0.9998954095106146,5.2336829654055236e-05,0.00010459048938538107
0.25,5.6240000000000006,5.213335312529115e-05,0.999895826706186,5.2127922222178524e-05,0.00010417329381395835
0.25,5.626,5.192523622408156e-05,0.9998962422387713,5.1919848577819675e-05,0.00010375776122872882
0.25,5.628,5.1717950127759286e-05,0.9998966561149908,5.171260539386837e-05,0.00010334388500921055
0.25,5.63,5.1511491519742376e-05,0.9998970683414388,5.150618935648528e-05,0.00010293165856123387
0.25,5.632,5.13058570966887e-05,0.9998974789246831,5.1300597165049086e-05,0.00010252107531694143
0.25,5.634,5.110104356844299e-05,0.9998978878712654,5.109582553210366e-05,0.0001021121287345661
0.25,5.636,5.089704765798464e-05,0.9998982951877019,5.0891871183306055e-05,0.00010170481229809791
0.25,5.638,5.069386610137461e-05,0.9998987008804823,5.068873085737359e-05,0.00010129911951772819
0.25,5.64,5.0491495647703674e-05,0.9998991049560708,5.0486401306032246e-05,0.00010089504392918336
0.25,5.642,5.0289933059040166e-05,0.999899507420906,5.02848792939646e-05,0.00010049257909394704
0.25,5.644,5.0089175110378544e-05,0.999899908281401,5.0084161598758535e-05,0.00010009171859903798
0.25,5.646,4.988921858958726e-05,0.999900307543943,4.98842450108553e-05,9.969245605701005e-05
0.25,5.648,4.969006029735771e-05,0.9999007052148942,4.968512633349859e-05,9.929478510584122e-05
0.25,5.65,4.9491697047152885e-05,0.9999011013005914,4.9486802382683394e-05,9.889869940860052e-05
0.25,5.652,4.9294125665156726e-05,0.9999014958073463,4.928926998710551e-05,9.850419265367005e-05
0.25,5.654,4.909734299022282e-05,0.9999018887414455,4.9092525988110364e-05,9.811125855452296e-05
0.25,5.656,4.890134587382417e-05,0.9999022801091505,4.889656723964299e-05,9.771989084950139e-05
0.25,5.658,4.8706131180002635e-05,0.9999026699166981,4.870139060819757e-05,9.73300833019275e-05
0.25,5.66,4.851169578531914e-05,0.9999030581703001,4.8506992972767866e-05,9.694182969988141e-05
0.25,5.662,4.8318036578803124e-05,0.999903444876144,4.831337122479678e-05,9.65551238559792e-05
0.25,5.664,4.8125150461903154e-05,0.9999038300403924,4.812052226812712e-05,9.616995960759489e-05
0.25,5.666,4.793303434843716e-05,0.9999042136691835,4.7928443018952014e-05,9.578633081652743e-05
0.25,5.668,4.77416851645434e-05,0.999904595768631,4.773713040576601e-05,9.540423136900067e-05
0.25,5.67,4.755109984863075e-05,0.9999049763448247,4.754658136931553e-05,9.502365517533029e-05
0.25,5.672,4.736127535133011e-05,0.9999053554038296,4.735679286255037e-05,9.464459617036791e-05
0.25,5.674,4.717220863544539e-05,0.9999057329516873,4.716776185057493e-05,9.426704831272392e-05
0.25,5.676,4.698389667590525e-05,0.9999061089944148,4.697948531060004e-05,9.389100558521157e-05
0.25,5.678,4.6796336459714253e-05,0.9999064835380055,4.6791960231894235e-05,9.351646199451391e-05
0.25,5.68,4.6609524985904935e-05,0.9999068565884288,4.660518361573604e-05,9.314341157118378e-05
0.25,5.682,4.6423459265489645e-05,0.9999072281516307,4.641915247536589e-05,9.277184836931074e-05
0.25,5.684,4.6238136321413054e-05,0.9999075982335333,4.6233863835938825e-05,9.240176646674314e-05
0.25,5.686,4.605355318850402e-05,0.9999079668400351,4.604931473447647e-05,9.203315996486605e-05
0.25,5.688,4.5869706913428474e-05,0.9999083339770115,4.5865502219820075e-05,9.166602298849025e-05
0.25,5.69,4.568659455464202e-05,0.9999086996503141,4.568242335258322e-05,9.130034968585221e-05
0.25,5.692,4.550421318234317e-05,0.9999090638657718,4.550007520510527e-05,9.093613422817004e-05
0.25,5.694,4.532255987842599e-05,0.9999094266291898,4.531845486140405e-05,9.057337081019856e-05
0.25,5.696,4.514163173643375e-05,0.9999097879463505,4.513755941712972e-05,9.021205364945217e-05
0.25,5.698,4.496142586151223e-05,0.9999101478230135,4.495738597951815e-05,8.985217698653791e-05
0.25,5.7,4.478193937036376e-05,0.9999105062649151,4.4777931667345155e-05,8.949373508493341e-05
0.25,5.702,4.4603169391200556e-05,0.999910863277769,4.459919361087991e-05,8.91367222309869e-05
0.25,5.704,4.442511306369915e-05,0.9999112188672663,4.442116895183953e-05,8.878113273369515e-05
0.25,5.706,4.424776753895442e-05,0.9999115730390753,4.424385484334325e-05,8.842696092470348e-05
0.25,5.708,4.4071129979434346e-05,0.9999119257988418,4.406724844986727e-05,8.807420115819475e-05
0.25,5.71,4.389519755893413e-05,0.9999122771521893,4.389134694719905e-05,8.77228478106673e-05
0.25,5.712,4.3719967462531283e-05,0.999912627104719,4.371614752239249e-05,8.737289528104597e-05
0.25,5.714,4.354543688654045e-05,0.9999129756620094,4.354164737372289e-05,8.702433799057108e-05
0.25,5.716,4.337160303846885e-05,0.9999133228296173,4.3367843710642516e-05,8.667717038268741e-05
0.25,5.718,4.319846313697114e-05,0.9999136686130773,4.3194733753735594e-05,8.633138692271114e-05
0.25,5.72,4.3026014411805175e-05,0.9999140130179018,4.302231473467419e-05,8.598698209816291e-05
0.25,5.722,4.285425410378761e-05,0.9999143560495817,4.2850583896173936e-05,8.564395041832373e-05
0.25,5.724,4.268317946475002e-05,0.9999146977135855,4.267953849195024e-05,8.530228641445703e-05
0.25,5.726,4.251278775749443e-05,0.9999150380153605,4.2509175786674e-05,8.496198463947557e-05
0.25,5.728,4.23430762557499e-05,0.9999153769603321,4.233949305592825e-05,8.462303966794149e-05
0.25,5.73,4.217404224412871e-05,0.999915714553904,4.217048758616449e-05,8.428544609595523e-05
0.25,5.732,4.200568301808321e-05,0.9999160508014588,4.2002156674659664e-05,8.394919854115557e-05
0.25,5.734,4.1837995883862124e-05,0.9999163857083574,4.183449762947255e-05,8.361429164260858e-05
0.25,5.736,4.167097815846772e-05,0.9999167192799394,4.1667507769401056e-05,8.328072006058562e-05
0.25,5.738,4.150462716961277e-05,0.9999170515215233,4.1501184423939304e-05,8.29484784766743e-05
0.25,5.74,4.133894025567803e-05,0.9999173824384064,4.133552493323524e-05,8.261756159355649e-05
0.25,5.742,4.117391476566928e-05,0.9999177120358651,4.117052664804775e-05,8.228796413489725e-05
0.25,5.744,4.1009548059175164e-05,0.9999180403191545,4.100618692970462e-05,8.19596808454559e-05
0.25,5.746,4.084583750632479e-05,0.9999183672935091,4.0842503150060264e-05,8.163270649086396e-05
0.25,5.748,4.068278048774596e-05,0.9999186929641424,4.0679472691454055e-05,8.130703585762511e-05
0.25,5.75,4.052037439452284e-05,0.9999190173362472,4.0517092946668115e-05,8.098266375278218e-05
0.25,5.752,4.035861662815447e-05,0.9999193404149959,4.0355361318885905e-05,8.065958500413917e-05
0.25,5.7540000000000004,4.019750460051306e-05,0.99991966220554,4.019427522165066e-05,8.033779446003919e-05
0.25,5.756,4.0037035733802876e-05,0.9999199827130106,4.003383207882436e-05,8.00172869893645e-05
0.25,5.758,3.987720746051856e-05,0.9999203019425187,3.987402932454618e-05,7.969805748131442e-05
0.25,5.76,3.9718017223404325e-05,0.9999206198991546,3.971486440319175e-05,7.938010084540537e-05
0.25,5.7620000000000005,3.955946247541291e-05,0.9999209365879885,3.955633476933226e-05,7.906341201147082e-05
0.25,5.764,3.9401540679665113e-05,0.9999212520140704,3.9398437887694066e-05,7.874798592955035e-05
0.25,5.766,3.9244249309408756e-05,0.9999215661824304,3.9241171233117765e-05,7.843381756955647e-05
0.25,5.768,3.9087585847978555e-05,0.9999218790980785,3.9084532290518175e-05,7.812090192149679e-05
0.25,5.7700000000000005,3.8931547788755725e-05,0.9999221907660046,3.892851855484403e-05,7.780923399536288e-05
0.25,5.772,3.8776132635128123e-05,0.999922501191179,3.8773127531038216e-05,7.749880882101934e-05
0.25,5.774,3.862133790044991e-05,0.9999228103785521,3.861835673399757e-05,7.718962144787067e-05
0.25,5.776,3.8467161108002023e-05,0.9999231183330547,3.846420368853339e-05,7.68816669453054e-05
0.25,5.7780000000000005,3.831359979095243e-05,0.999923425059598,3.831066592933185e-05,7.657494040202995e-05
0.25,5.78,3.816065149231692e-05,0.9999237305630735,3.815774100091486e-05,7.626943692651267e-05
0.25,5.782,3.800831376491938e-05,0.9999240348483536,3.80054264576004e-05,7.596515164642881e-05
0.25,5.784,3.7856584171352924e-05,0.9999243379202909,3.785371986346384e-05,7.566207970910455e-05
0.25,5.7860000000000005,3.770546028394075e-05,0.999924639783719,3.770261879229878e-05,7.53602162809619e-05
0.25,5.788,3.755493968469757e-05,0.9999249404434523,3.755212082757866e-05,7.505955654774077e-05
0.25,5.79,3.7405019965290514e-05,0.9999252399042857,3.7402223562417716e-05,7.476009571427689e-05
0.25,5.792,3.7255698727000875e-05,0.9999255381709955,3.725292459953282e-05,7.446182900450182e-05
0.25,5.7940000000000005,3.71069735806856e-05,0.9999258352483387,3.7104221551205085e-05,7.416475166133196e-05
0.25,5.796,3.695884214673929e-05,0.9999261311410534,3.695611203924192e-05,7.386885894655748e-05
0.25,5.798,3.681130205505578e-05,0.9999264258538592,3.680859369493875e-05,7.357414614084234e-05
0.25,5.8,3.666435094499047e-05,0.9999267193914563,3.6661664159041356e-05,7.328060854372431e-05
0.25,5.8020000000000005,3.651798646532238e-05,0.9999270117585267,3.6515321081708135e-05,7.298824147328187e-05
0.25,5.804,3.6372206274216854e-05,0.9999273029597338,3.6369562122472766e-05,7.269704026624524e-05
0.25,5.806,3.622700803918766e-05,0.9999275929997221,3.62243849502065e-05,7.240700027788538e-05
0.25,5.808,3.608238943705993e-05,0.999927881883118,3.6079787243081126e-05,7.211811688201397e-05
0.25,5.8100000000000005,3.593834815393289e-05,0.9999281696145292,3.593576668853181e-05,7.183038547076137e-05
0.25,5.812,3.579488188514306e-05,0.9999284561985453,3.5792320983220376e-05,7.154380145468764e-05
0.25,5.814,3.565198833522702e-05,0.9999287416397374,3.564944783299815e-05,7.12583602625605e-05
0.25,5.816,3.5509665217884915e-05,0.9999290259426588,3.550714495286957e-05,7.097405734124429e-05
0.25,5.8180000000000005,3.5367910255943776e-05,0.9999293091118443,3.5365410066955575e-05,7.069088815570002e-05
0.25,5.82,3.522672118132131e-05,0.9999295911518109,3.5224240908457456e-05,7.040884818909632e-05
0.25,5.822,3.5086095734989254e-05,0.9999298720670575,3.5083635219620335e-05,7.012793294247643e-05
0.25,5.824,3.494603166693746e-05,0.9999301518620652,3.494359075169731e-05,6.984813793475819e-05
0.25,5.8260000000000005,3.4806526736137785e-05,0.9999304305412973,3.480410526491343e-05,6.956945870273401e-05
0.25,5.828,3.466757871050849e-05,0.9999307081091992,3.466517652843015e-05,6.929189080084885e-05
0.25,5.83,3.452918536687814e-05,0.9999309845701987,3.452680232030935e-05,6.901542980131126e-05
0.25,5.832,3.439134449095029e-05,0.999931259928706,3.4388980427478085e-05,6.87400712939823e-05
0.25,5.8340000000000005,3.425405387726791e-05,0.9999315341891138,3.4251708645693065e-05,6.846581088615356e-05
0.25,5.836,3.411731132917838e-05,0.9999318073557973,3.411498477950576e-05,6.819264420265814e-05
0.25,5.838,3.398111465879795e-05,0.9999320794331144,3.397880664222692e-05,6.792056688564863e-05
0.25,5.84,3.3845461686977e-05,0.9999323504254052,3.384317205589191e-05,6.764957459481913e-05
0.25,5.8420000000000005,3.3710350243265015e-05,0.9999326203369931,3.3708078851225784e-05,6.737966300685017e-05
0.25,5.844,3.3575778165876134e-05,0.9999328891721841,3.357352486760886e-05,6.711082781585276e-05
0.25,5.846,3.3441743301654196e-05,0.9999331569352671,3.34395079530419e-05,6.684306473292434e-05
0.25,5.848,3.33082435060385e-05,0.9999334236305137,3.3306025964111906e-05,6.657636948625978e-05
0.25,5.8500000000000005,3.317527664302943e-05,0.9999336892621788,3.317307676595781e-05,6.631073782115138e-05
0.25,5.852,3.3042840585154434e-05,0.9999339538345003,3.304065823223657e-05,6.60461654996558e-05
0.25,5.854,3.291093321343372e-05,0.9999342173516993,3.290876824508889e-05,6.578264830070513e-05
0.25,5.856,3.2779552417346525e-05,0.9999344798179799,3.27774046951056e-05,6.552018202010679e-05
0.25,5.8580000000000005,3.2648696094797244e-05,0.9999347412375296,3.264656548129382e-05,6.525876247043261e-05
0.25,5.86,3.251836215208204e-05,0.9999350016145192,3.251624851104368e-05,6.499838548079673e-05
0.25,5.862,3.2388548503855e-05,0.999935260953103,3.238645170009449e-05,6.473904689696663e-05
0.25,5.864,3.2259253073094975e-05,0.9999355192574189,3.225717297250171e-05,6.448074258114112e-05
0.25,5.8660000000000005,3.2130473791072265e-05,0.9999357765315878,3.2128410260603675e-05,6.42234684121723e-05
0.25,5.868,3.2002208597315713e-05,0.9999360327797149,3.200016150498876e-05,6.396722028512158e-05
0.25,5.87,3.1874455439579435e-05,0.9999362880058885,3.1872424654462164e-05,6.371199411148165e-05
0.25,5.872,3.174721227381018e-05,0.9999365422141809,3.174519766601336e-05,6.345778581906547e-05
0.25,5.8740000000000006,3.162047706411452e-05,0.9999367954086482,3.161847850478334e-05,6.320459135178425e-05
0.25,5.876,3.149424778272652e-05,0.9999370475933304,3.149226514403235e-05,6.295240666964741e-05
0.25,5.878,3.1368522409974914e-05,0.9999372987722512,3.136655556510714e-05,6.270122774876263e-05
0.25,5.88,3.124329893425106e-05,0.9999375489494186,3.124134775740899e-05,6.245105058144684e-05
0.25,5.882000000000001,3.1118575351976635e-05,0.9999377981288243,3.111663971836142e-05,6.220187117567111e-05
0.25,5.884,3.0994349667571755e-05,0.9999380463144445,3.0992429453378455e-05,6.195368555550473e-05
0.25,5.886,3.087061989342277e-05,0.9999382935102393,3.086871497583241e-05,6.170648976067117e-05
0.25,5.888,3.0747384049850646e-05,0.9999385397201532,3.074549430702239e-05,6.146027984677005e-05
0.25,5.89,3.062464016507927e-05,0.999938784948115,3.06227654761426e-05,6.121505188505516e-05
0.25,5.892,3.0502386275203806e-05,0.9999390291980376,3.050052652025084e-05,6.097080196243443e-05
0.25,5.894,3.0380620424159517e-05,0.9999392724738186,3.0378775484237304e-05,6.0727526181358904e-05
0.25,5.896,3.0259340663690134e-05,0.9999395147793402,3.025751042079307e-05,6.048522065982276e-05
0.25,5.898,3.0138545053316905e-05,0.9999397561184687,3.0136729390379188e-05,6.0243881531252264e-05
0.25,5.9,3.0018231660307432e-05,0.9999399964950556,3.001643046119558e-05,6.000350494439477e-05
0.25,5.902,2.9898398559644964e-05,0.9999402359129366,2.9896611709150388e-05,5.976408706342973e-05
0.25,5.904,2.9779043833997285e-05,0.9999404743759323,2.9777271217828926e-05,5.952562406774664e-05
0.25,5.906,2.9660165573686235e-05,0.999940711887848,2.9658407078463257e-05,5.928811215194507e-05
0.25,5.908,2.9541761876657063e-05,0.9999409484524743,2.954001738990161e-05,5.905154752572361e-05
0.25,5.91,2.9423830848448197e-05,0.9999411840735861,2.94221002585782e-05,5.881592641387989e-05
0.25,5.912,2.930637060216061e-05,0.9999414187549437,2.9304653798482654e-05,5.858124505631057e-05
0.25,5.914,2.9189379258427863e-05,0.9999416525002922,2.9187676131130112e-05,5.8347499707789297e-05
0.25,5.916,2.9072854945385905e-05,0.9999418853133619,2.907116538553108e-05,5.811468663807773e-05
0.25,5.918,2.8956795798643347e-05,0.9999421171978683,2.8955119698161766e-05,5.788280213170349e-05
0.25,5.92,2.8841199961251313e-05,0.9999423481575119,2.883953721293398e-05,5.76518424880712e-05
0.25,5.922,2.8726065583673938e-05,0.9999425781959789,2.8724416081165695e-05,5.74218040211294e-05
0.25,5.924,2.8611390823758675e-05,0.9999428073169403,2.8609754461551393e-05,5.71926830597036e-05
0.25,5.926,2.8497173846707017e-05,0.9999430355240528,2.8495550520132865e-05,5.696447594716325e-05
0.25,5.928,2.838341282504485e-05,0.9999432628209587,2.838180243026959e-05,5.6737179041310704e-05
0.25,5.93,2.8270105938593393e-05,0.9999434892112854,2.8268508372609757e-05,5.6510788714603244e-05
0.25,5.932,2.815725137444e-05,0.9999437146986462,2.8155666535061093e-05,5.628530135382004e-05
0.25,5.934,2.804484732690934e-05,0.9999439392866397,2.8043275112762113e-05,5.6060713360284176e-05
0.25,5.936,2.7932891997534195e-05,0.9999441629788506,2.7931332308052963e-05,5.5837021149418575e-05
0.25,5.938,2.7821383595026914e-05,0.9999443857788489,2.7819836330446932e-05,5.561422115107906e-05
0.25,5.94,2.771032033525063e-05,0.9999446076901907,2.7708785396601704e-05,5.5392309809332296e-05
0.25,5.942,2.7599700441190913e-05,0.9999448287164178,2.759817773029109e-05,5.5171283582233777e-05
0.25,5.944,2.7489522142927047e-05,0.9999450488610578,2.7488011562376316e-05,5.495113894216086e-05
0.25,5.946,2.7379783677603913e-05,0.9999452681276247,2.737828513077801e-05,5.473187237525767e-05
0.25,5.948,2.7270483289403673e-05,0.999945486519618,2.7268996680447867e-05,5.451348038199022e-05
0.25,5.95,2.716161922951788e-05,0.9999457040405235,2.716014446334088e-05,5.429595947648025e-05
0.25,5.952,2.7053189756119214e-05,0.9999459206938132,2.7051726738387062e-05,5.4079306186838316e-05
0.25,5.954,2.6945193134333776e-05,0.9999461364829451,2.6943741771463835e-05,5.3863517054941745e-05
0.25,5.956,2.6837627636213273e-05,0.9999463514113635,2.6836187835368236e-05,5.3648588636545647e-05
0.25,5.958,2.673049154070753e-05,0.999946565482499,2.672906320978949e-05,5.343451750094985e-05
0.25,5.96,2.6623783133636694e-05,0.9999467786997688,2.6622366181281247e-05,5.322130023122096e-05
0.25,5.962,2.6517500707663967e-05,0.999946991066576,2.6516095043234386e-05,5.3008933423970284e-05
0.25,5.964,2.6411642562268224e-05,0.9999472025863105,2.6410248095849647e-05,5.279741368946489e-05
0.25,5.966,2.6306207003716972e-05,0.9999474132623487,2.6304823646110666e-05,5.258673765129451e-05
0.25,5.968,2.620119234503898e-05,0.9999476230980534,2.619982000775664e-05,5.237690194659361e-05
0.25,5.97,2.6096596905997465e-05,0.9999478320967741,2.6095235501255548e-05,5.2167903225930345e-05
0.25,5.972,2.599241901306313e-05,0.9999480402618468,2.5991068453777242e-05,5.1959738153195545e-05
0.25,5.974,2.5888656999387555e-05,0.9999482475965946,2.58873171991669e-05,5.1752403405380676e-05
0.25,5.976,2.578530920477626e-05,0.9999484541043271,2.5783980077918098e-05,5.15458956729109e-05
0.25,5.978,2.568237397566233e-05,0.9999486597883407,2.5681055437146505e-05,5.134021165931202e-05
0.25,5.98,2.5579849665079858e-05,0.9999488646519189,2.5578541630563372e-05,5.113534808109943e-05
0.25,5.982,2.5477734632637773e-05,0.9999490686983319,2.5476437018449377e-05,5.093130166811122e-05
0.25,5.984,2.5376027244493336e-05,0.9999492719308369,2.5374739967628192e-05,5.072806916306405e-05
0.25,5.986,2.5274725873326167e-05,0.9999494743526783,2.527344885144054e-05,5.05256473216642e-05
0.25,5.988,2.517382889831212e-05,0.9999496759670875,2.517256204971811e-05,5.032403291249654e-05
0.25,5.99,2.5073334705097536e-05,0.9999498767772829,2.507207794875785e-05,5.012322271713554e-05
0.25,5.992,2.4973241685773126e-05,0.9999500767864702,2.4971994941295914e-05,4.9923213529812216e-05
0.25,5.994,2.4873548238848457e-05,0.9999502759978425,2.4872311426482162e-05,4.972400215752515e-05
0.25,5.996,2.4774252769226198e-05,0.9999504744145798,2.4773025809854455e-05,4.952558542015151e-05
0.25,5.998,2.467535368817681e-05,0.99995067203985,2.467413650331339e-05,4.932796015000296e-05
0.25,6.0,2.457684941331284e-05,0.9999508688768077,2.4575641925096636e-05,4.9131123192269754e-05
1.0,0.0,0.0,1.0,0.0,0.0
1.0,0.002,0.0983660995095468,0.9999011629131231,0.09835637729082385,9.883708687685733e-05
1.0,0.004,0.19352786960104845,0.9996092722883537,0.19345225289941945,0.00039072771164627706
1.0,0.006,0.2855784689151131,0.9991311861962899,0.2853303543992773,0.0008688138037100668
1.0,0.008,0.37460838703125027,0.9984736603812612,0.3740366074086126,0.0015263396187388256
1.0,0.01,0.46070552078405624,0.9976433424189447,0.45961979562586647,0.002356657581055299
1.0,0.012,0.5439552483979115,0.9966467665462555,0.5421312394616438,0.0033532334537444974
1.0,0.014,0.6244405015025478,0.9954903491254204,0.6216244928488239,0.004509650874579552
1.0,0.016,0.7022418350900558,0.9941803847051061,0.6981550577658513,0.005819615294893943
1.0,0.018000000000000002,0.777437495472176,0.992723042642515,0.771780115969515,0.007276957357485014
1.0,0.02,0.850103486295032,0.9911243642514747,0.8425582774021257,0.008875635748525346
1.0,0.022,0.9203136326668337,0.9893902604427083,0.9105493447132136,0.01060973955729172
1.0,0.024,0.9881396434524813,0.9875265098236836,0.9758140933170479,0.012473490176316382
1.0,0.026000000000000002,1.0536511717874777,0.9855387572266703,1.0384140663938557,0.014461242773329719
1.0,0.028,1.1169158738620397,0.9834325126348918,1.0984113842339416,0.016567487365108158
1.0,0.03,1.1779994660248563,0.981213150477925,1.1558685673195626,0.01878684952207499
1.0,0.032,1.2369657802545242,0.9788859092687647,1.2108483725387968,0.02111409073123527
1.0,0.034,1.293876818045317,0.9764558915562395,1.2634136419283903,0.023544108443760536
1.0,0.036000000000000004,1.348792802752615,0.9739280641677103,1.3136271633481946,0.026071935832289728
1.0,0.038,1.4017722304420202,0.9713072587182261,1.361551542497972,0.028692741281773904
1.0,0.04,1.4528719192849349,0.9685981723635203,1.4072490856976678,0.031401827636479696
1.0,0.042,1.5021470575421387,0.9658053687754247,1.4507816928644044,0.034194631224575334
1.0,0.044,1.5496512501757385,0.9629332793194388,1.492210760133192,0.03706672068056116
1.0,0.046,1.5954365641286863,0.9599862044153227,1.531597091583321,0.040013795584677325
1.0,0.048,1.6395535723099586,0.9569683150626777,1.569000819548455,0.043031684937322345
1.0,0.05,1.6820513963223882,0.9538836545145444,1.6044813330052918,0.04611634548545562
1.0,0.052000000000000005,1.7229777479690969,0.9507361400830712,1.6380972135531617,0.04926385991692883
1.0,0.054,1.762378969573428,0.9475295650622934,1.669906178514843,0.052470434937706645
1.0,0.056,1.8003000731463086,0.9442676007540177,1.6999650307071474,0.05573239924598228
1.0,0.058,1.8367847784339761,0.9409537985837135,1.7283296144481946,0.05904620141628647
1.0,0.06,1.8718755498780741,0.9375915922941888,1.7550547773867438,0.06240840770581124
1.0,0.062,1.905613632519211,0.934184300205661,1.7801943377573268,0.06581569979433899
1.0,0.064,1.938039086874176,0.9307351275316318,1.8038010566831233,0.06926487246836821
1.0,0.066,1.9691908228161525,0.9272471687407293,1.8259266151665046,0.07275283125927068
1.0,0.068,1.9991066324864237,0.9237234099554074,1.8466215954248306,0.07627659004459264
1.0,0.07,2.0278232222652623,0.9201667313790725,1.8659354662464047,0.07983326862092754
1.0,0.07200000000000001,2.055376243828882,0.9165799097438609,1.8839165720583524,0.08342009025613906
1.0,0.074,2.0818003243185914,0.9129656207719032,1.9006121254146724,0.08703437922809676
1.0,0.076,2.1071290956475157,0.9093264416434916,1.916068202628624,0.09067355835650837
1.0,0.078,2.1313952229695396,0.9056648534661197,1.9303297422890957,0.09433514653388031
1.0,0.08,2.1546304323344243,0.9019832437388761,1.943440546415501,0.09801675626112394
1.0,0.082,2.176865537552351,0.8982839088071639,1.955443284020134,0.10171609119283609
1.0,0.084,2.1981304662905026,0.8945690563031745,1.9663794968607518,0.10543094369682549
1.0,0.08600000000000001,2.2184542854236167,0.8908408075679729,1.976289607179405,0.1091591924320271
1.0,0.088,2.237865225659857,0.887101200051458,1.9852129272362857,0.11289879994854202
1.0,0.09,2.2563907054626884,0.8833521896868345,1.993187670459487,0.11664781031316551
1.0,0.092,2.274057354288914,0.8795956532365896,2.000250964043228,0.12040434676341039
1.0,0.094,2.2908910351623875,0.8758333906072947,2.006438862838129,0.1241666093927053
1.0,0.096,2.3069168666024105,0.8720671271308601,2.0117863643876897,0.1279328728691399
1.0,0.098,2.3221592439252574,0.8682985158101575,2.0163274249751386,0.1317014841898425
1.0,0.1,2.3366418599367367,0.8645291395271907,2.0200949765543212,0.13547086047280932
1.0,0.10200000000000001,2.3503877250332113,0.8607605132122411,2.0231209444473386,0.13923948678775888
1.0,0.10400000000000001,2.3634191867279686,0.8569940859726445,2.0254362657001463,0.14300591402735552
1.0,0.106,2.3757579486193823,0.8532312431800669,2.027070907995441,0.14676875681993307
1.0,0.108,2.3874250888168107,0.8494733085153435,2.028053889029754,0.15052669148465647
1.0,0.11,2.398441077839738,0.8457215459701243,2.0284132962688743,0.15427845402987572
1.0,0.112,2.4088257960052095,0.8419771618047379,2.028176307002505,0.15802283819526208
1.0,0.114,2.4185985503181997,0.8382413064618364,2.0273692086254314,0.16175869353816363
1.0,0.116,2.4277780908791,0.8345150764355237,2.0260174190784617,0.1654849235644763
1.0,0.11800000000000001,2.436382626822153,0.8307995160958016,2.0241455073880625,0.1692004839041984
1.0,0.12,2.444429841798226,0.8270956194682791,2.0217772142488513,0.17290438053172086
1.0,0.122,2.451936909014949,0.8234043319692029,2.0189354725980864,0.17659566803079707
1.0,0.124,2.4589205058468773,0.8197265520959599,2.0156424281359144,0.1802734479040401
1.0,0.126,2.46539682802796,0.8160631330732923,2.011919459749454,0.18393686692670774
1.0,0.128,2.471381603438265,0.8124148844555438,2.0077871998028547,0.18758511554445623
1.0,0.13,2.4768901054965426,0.8087825736853282,2.003265554259218,0.19121742631467176
1.0,0.132,2.4819371661699146,0.8051669276090736,1.998373722603801,0.1948330723909264
1.0,0.134,2.4865371886116128,0.8015686339499528,1.9931302175411667,0.1984313660500472
1.0,0.136,2.4907041594374157,0.797988342738764,1.9875528844420094,0.20201165726123604
1.0,0.138,2.4944516606510954,0.7944266677033642,1.9816589205181727,0.20557333229663577
1.0,0.14,2.49779288122893,0.7908841876173036,1.9754648937070263,0.2091158123826964
1.0,0.14200000000000002,2.5007406283729923,0.7873614476083381,1.9689867612487444,0.21263855239166185
1.0,0.14400000000000002,2.5033073384427253,0.7838589604275292,1.9622398879423197,0.21614103957247077
1.0,0.146,2.50550508757396,0.7803772076796637,1.955239064068158,0.21962279232033632
1.0,0.148,2.5073456019943414,0.7769166410157476,1.9479985229670513,0.22308335898425236
1.0,0.15,2.5088402680438167,0.7734776832883459,1.940531958267044,0.22652231671165413
1.0,0.152,2.510000141908636,0.7700607296705507,1.9328525407513502,0.22993927032944927
1.0,0.154,2.5108359590770433,0.7666661487393769,1.9249729348619364,0.23333385126062312
1.0,0.156,2.511358143524608,0.7632942835243849,1.9169053148347452,0.2367057164756151
1.0,0.158,2.5115768166369477,0.7599454525223416,1.9086613804637873,0.24005454747765842
1.0,0.16,2.5115018058773178,0.7566199506787291,1.9002523724924352,0.24338004932127089
1.0,0.162,2.511142653206389,0.7533180503369142,1.8916890876313028,0.24668194966308576
1.0,0.164,2.510508623261279,0.7500400021557884,1.8829818932030151,0.24995999784421163
1.0,0.166,2.509608711300725,0.7467860359966858,1.8741407414150195,0.2532139640033142
1.0,0.168,2.5084516509230808,0.743556361780383,1.865175183262361,0.256443638219617
1.0,0.17,2.5070459215636403,0.7403511703149754,1.8560943820630271,0.25964882968502456
1.0,0.17200000000000001,2.5053997557775816,0.7371706340954216,1.8469071266290742,0.2628293659045784
1.0,0.17400000000000002,2.503521146314668,0.734014908075534,1.8376218440773167,0.26598509192446596
1.0,0.176,2.5014178529916595,0.730884130413189,1.8282466122838352,0.269115869586811
1.0,0.178,2.4990974093682143,0.7277784231895152,1.8187891719870015,0.27222157681048476
1.0,0.18,2.4965671292318956,0.7246978931028106,1.809256938544087,0.27530210689718937
1.0,0.182,2.4938341128977473,0.7216426321379251,1.7996570133468779,0.2783573678620749
1.0,0.184,2.49090525332773,0.718612718211833,1.7899961949019747,0.28138728178816697
1.0,0.186,2.487787242075177,0.7156082157961079,1.7802809895817375,0.2843917842038921
1.0,0.188,2.48448657505926,0.7126291765169965,1.7705176220520136,0.28737082348300347
1.0,0.19,2.4810095581743363,0.7096756397337781,1.7607120453829903,0.2903243602662219
1.0,0.192,2.4773623127388884,0.7067476330960767,1.750869950849632,0.2932523669039233
1.0,0.194,2.4735507807886448,0.703845173080784,1.740996777428292,0.296154826919216
1.0,0.196,2.469580730218337,0.7009682655092336,1.7310977209961744,0.29903173449076637
1.0,0.198,2.465457759776414,0.698116906045252,1.7211777432403683,0.301883093954748
1.0,0.2,2.4611873039169283,0.6952910806746991,1.7112415802832504,0.30470891932530086
1.0,0.202,2.4567746375126633,0.6924907661670954,1.7012937510310322,0.3075092338329046
1.0,0.20400000000000001,2.452224880433479,0.689715930519916,1.6913385652522668,0.310284069480084
1.0,0.20600000000000002,2.4475430019937243,0.6869665333861221,1.6813801313930914,0.3130334666138779
1.0,0.20800000000000002,2.4427338252724553,0.6842425264854796,1.671422364135965,0.31575747351452044
1.0,0.21,2.4378020313101056,0.6815438540002043,1.6614689917086163,0.31845614599979566
1.0,0.212,2.4327521631851297,0.6788704529554583,1.6515235629498601,0.32112954704454166
1.0,0.214,2.427588629974054,0.6762222535852049,1.641589454138875,0.32377774641479506
1.0,0.216,2.422315710598275,0.6735991796839198,1.6316698755944694,0.3264008203160802
1.0,0.218,2.4169375575608294,0.6710011489446376,1.6217678780507627,0.3289988510553624
1.0,0.22,2.4114582005762943,0.6684280732838032,1.6118863588156394,0.33157192671619684
1.0,0.222,2.4058815500968613,0.6658798591533809,1.6020280677182157,0.3341201408466191
1.0,0.224,2.4002114007375615,0.6633564078406632,1.5921956128514754,0.3366435921593368
1.0,0.226,2.3944514346035177,0.6608576157562057,1.5823914661161071,0.3391423842437943
1.0,0.228,2.3886052245220317,0.6583833747103044,1.5726179685714796,0.3416166252896956
1.0,0.23,2.3826762371822165,0.6559335721784167,1.5628773355995598,0.34406642782158325
1.0,0.232,2.3766678361848257,0.6535080915559176,1.5531716618874776,0.3464919084440824
1.0,0.234,2.3705832850048463,0.6511068124025671,1.5435029262343116,0.34889318759743293
1.0,0.23600000000000002,2.3644257498693406,0.6487296106770574,1.5338729961875468,0.35127038932294263
1.0,0.23800000000000002,2.3581983025529727,0.6463763589619931,1.524283632514543,0.3536236410380069
1.0,0.24,2.351903923093559,0.6440469266796485,1.514736493514215,0.35595307332035153
1.0,0.242,2.3455455024299408,0.6417411802988342,1.5052331391740124,0.3582588197011658
1.0,0.244,2.33912584496439,0.639458983533196,1.495775035177157,0.36054101646680403
1.0,0.246,2.3326476710517188,0.6372001975312555,1.4863635567649782,0.36279980246874455
1.0,0.248,2.326113619417163,0.6349646810584961,1.4769999924590431,0.3650353189415039
1.0,0.25,2.319526249505112,0.6327522906717844,1.4676855476476924,0.3672477093282156
1.0,0.252,2.312888043760623,0.6305628808864081,1.4584213480414272,0.3694371191135919
1.0,0.254,2.3062014098456776,0.6283963043360048,1.4492084430015078,0.3716036956639952
1.0,0.256,2.2994686827920114,0.6262524119256434,1.4400478087459794,0.3737475880743566
1.0,0.258,2.292692127092363,0.6241310529783132,1.4309403514372452,0.37586894702168683
1.0,0.26,2.285873938731875,0.622032075375066,1.4218869101551646,0.377967924624934
1.0,0.262,2.279016247161377,0.6199553256890499,1.4128882597595678,0.3800446743109501
1.0,0.264,2.272121117214201,0.6179006493136624,1.4039451136459387,0.3820993506863376
1.0,0.266,2.2651905509681516,0.615867890585046,1.3950581263979336,0.384132109414954
1.0,0.268,2.258226489554189,0.6138568928991391,1.3862278963402646,0.38614310710086086
1.0,0.27,2.2512308149133595,0.6118674988234896,1.3774549679954036,0.38813250117651044
1.0,0.272,2.2442053515034437,0.6098995502040285,1.368739834447424,0.39010044979597147
1.0,0.274,2.237151867956765,0.6079528882669998,1.360082939616229,0.3920471117330002
1.0,0.276,2.230072078690555,0.6060273537162267,1.3514846804452818,0.39397264628377326
1.0,0.278,2.222967645471225,0.6041227868258993,1.342945409005884,0.39587721317410074
1.0,0.28,2.2158401789338744,0.6022390275290508,1.3344654345209344,0.3977609724709492
1.0,0.28200000000000003,2.2086912400583008,0.600375915501894,1.3260450253110156,0.39962408449810605
1.0,0.28400000000000003,2.201522341602767,0.598533290244174,1.3176844106655627,0.401466709755826
1.0,0.28600000000000003,2.194334949496728,0.5967109911556966,1.309383782641778,0.4032890088443034
1.0,0.28800000000000003,2.1871304841936885,0.5949088576091776,1.3011432977938746,0.40509114239082245
1.0,0.29,2.179910321985337,0.5931267290195607,1.2929630788351403,0.40687327098043935
1.0,0.292,2.1726757962780594,0.5913644449099402,1.284843216235237,0.4086355550900598
1.0,0.294,2.1654281988329065,0.5896218449742239,1.2767837697550688,0.4103781550257761
1.0,0.296,2.158168780970069,0.5878987691366638,1.2687847699214778,0.41210123086333617
1.0,0.298,2.1508987547388547,0.5861950576083813,1.2608462194439385,0.4138049423916187
1.0,0.3,2.143619294054186,0.5845105509410033,1.252968094575377,0.41548944905899665
1.0,0.302,2.1363315358005392,0.5828450900775277,1.2451503464191285,0.4171549099224723
1.0,0.304,2.1290365809042826,0.5811985164005272,1.23739290218402,0.4188014835994728
1.0,0.306,2.12173549537531,0.5795706717778003,1.2296956663894723,0.4204293282221997
1.0,0.308,2.114429311318837,0.5779613986055708,1.222058522022449,0.42203860139442917
1.0,0.31,2.107119027918229,0.5763705398493368,1.2144813316480396,0.42362946015066316
1.0,0.312,2.09980561238968,0.5747979390824637,1.2069639384753788,0.4252020609175363
1.0,0.314,2.0924900009095464,0.5732434405226131,1.1995061673805543,0.4267565594773869
1.0,0.316,2.085173099515122,0.5717068890660982,1.1921078258881042,0.42829311093390177
1.0,0.318,2.077855784979612,0.5701881303202483,1.1847687051126368,0.4298118696797517
1.0,0.32,2.070538905662043,0.5686870106338661,1.1774885806620636,0.43131298936613394
1.0,0.322,2.0632232823328236,0.5672033771258574,1.170267213503874,0.43279662287414256
1.0,0.324,2.055909708975657,0.5657370777121079,1.1631043507958385,0.4342629222878921
1.0,0.326,2.0485989535664797,0.5642879611306809,1.1559997266824753,0.4357120388693191
1.0,0.328,2.0412917588300767,0.562855876965407,1.148953063058561,0.43714412303459305
1.0,0.33,2.0339888429750252,0.5614406756679325,1.1419640703009346,0.43855932433206746
1.0,0.332,2.026690900407572,0.560042208578293,1.135032447969786,0.439957791421707
1.0,0.334,2.0193986024250545,0.5586603279440733,1.1281578854805843,0.4413396720559267
1.0,0.336,2.0121125978894545,0.5572948869382155,1.1213400627477625,0.4427051130617845
1.0,0.338,2.0048335138816378,0.555945739675533,1.114578650801225,0.44405426032446704
1.0,0.34,1.9975619563368525,0.5546127412279853,1.1078733123767188,0.4453872587720147
1.0,0.342,1.9902985106620006,0.5532957476387689,1.1012237024810598,0.4467042523612311
1.0,0.34400000000000003,1.9830437423352223,0.551994615935274,1.0946294689331795,0.448005384064726
1.0,0.34600000000000003,1.975798197488288,0.5507092041409585,1.0880902528819154,0.4492907958590415
1.0,0.34800000000000003,1.9685624034722915,0.5494393712861859,1.081605689301439,0.4505606287138141
1.0,0.35000000000000003,1.9613368694071236,0.5481849774180737,1.0751754074651794,0.4518150225819263
1.0,0.352,1.9541220867151916,0.546945883609395,1.0687990313990752,0.453054116390605
1.0,0.354,1.9469185296398284,0.5457219519665781,1.0624761803149474,0.45427804803342187
1.0,0.356,1.9397266557488384,0.5445130456368424,1.056206469024767,0.45548695436315756
1.0,0.358,1.9325469064235978,0.5433190288145113,1.0499895083365576,0.45668097118548867
1.0,0.36,1.925379707334123,0.542139766746539,1.043824905432641,0.45786023325346104
1.0,0.362,1.9182254689005147,0.5409751257372875,1.037712264230923,0.45902487426271255
1.0,0.364,1.9110845867411612,0.5398249731525893,1.0316511857298745,0.46017502684741074
1.0,0.366,1.9039574421080783,0.5386891774231276,1.0256412683378429,0.4613108225768724
1.0,0.368,1.8968444023097626,0.5375676080471675,1.0196821081873182,0.4624323919528325
1.0,0.37,1.8897458211219038,0.5364601355926678,1.013773299434734,0.4635398644073322
1.0,0.372,1.882662039186312,0.5353666316988044,1.0079144345463784,0.4646333683011956
1.0,0.374,1.8755933843983945,0.534286969076932,1.0021051045709632,0.46571303092306804
1.0,0.376,1.8685401722835049,0.5332210215110126,0.9963448993993739,0.4667789784889874
1.0,0.378,1.8615027063624916,0.5321686638575367,0.9906334080121156,0.4678313361424633
1.0,0.38,1.8544812785067482,0.5311297720449617,0.9849702187149383,0.4688702279550383
1.0,0.382,1.8474761692830652,0.5301042230726923,0.9793549193631131,0.46989577692730766
1.0,0.384,1.8404876482885817,0.5290918950096262,0.9737870975748161,0.47090810499037383
1.0,0.386,1.833515974476112,0.5280926669922855,0.9682663409340493,0.4719073330077145
1.0,0.388,1.8265613964701288,0.5271064192225587,0.962792237183526,0.47289358077744126
1.0,0.39,1.8196241528736654,0.5261330329650694,0.9573643744079167,0.4738669670349306
1.0,0.392,1.8127044725664008,0.5251723905441946,0.9519823412078502,0.4748276094558054
1.0,0.394,1.8058025749941773,0.5242243753407502,0.9466457268650408,0.47577562465924983
1.0,0.396,1.7989186704501965,0.523288871788361,0.9413541214989017,0.47671112821163897
1.0,0.398,1.7920529603481303,0.5223657653695344,0.936107116214991,0.4776342346304656
1.0,0.4,1.785205637487383,0.5214549426114521,0.930904303245624,0.4785450573885479
1.0,0.402,1.7783768863107212,0.5205562910814977,0.9257452760829713,0.4794437089185023
1.0,0.404,1.771566883154497,0.519669699382534,0.9206296296049503,0.48033030061746596
1.0,0.406,1.7647757964916742,0.5187950571479455,0.9155569601942091,0.4812049428520545
1.0,0.40800000000000003,1.758003787167859,0.5179322550364592,0.9105268658504848,0.48206774496354077
1.0,0.41000000000000003,1.751251008630544,0.5170811847267588,0.9055389462966129,0.4829188152732412
1.0,0.41200000000000003,1.7445176071517499,0.5162417389119023,0.9005928030784501,0.4837582610880977
1.0,0.41400000000000003,1.737803722044264,0.5154138112935588,0.8956880396589664,0.4845861887064412
1.0,0.41600000000000004,1.7311094858716487,0.5145972965760729,0.8908242615067459,0.4854027034239271
1.0,0.418,1.7244350246522049,0.5137920904603706,0.8860010761791369,0.48620790953962945
1.0,0.42,1.7177804580570617,0.5129980896377154,0.8812180934002724,0.4870019103622846
1.0,0.422,1.711145899602559,0.5122151917833272,0.8764749251341787,0.4877848082166728
1.0,0.424,1.704531456837089,0.5114432955498714,0.8717711856531842,0.48855670445012855
1.0,0.426,1.6979372315225518,0.5106823005608297,0.867106491601823,0.48931769943917025
1.0,0.428,1.6913633198105806,0.5099321074037604,0.8624804620564297,0.4900678925962396
1.0,0.43,1.6848098124136905,0.5091926176234569,0.8578927185806124,0.4908073823765431
1.0,0.432,1.6782767947714854,0.5084637337150142,0.853342885276776,0.4915362662849858
1.0,0.434,1.671764347212079,0.5077453591168087,0.8488305888338743,0.49225464088319126
1.0,0.436,1.6652725451088517,0.5070373982034013,0.8443554585715485,0.4929626017965987
1.0,0.438,1.6588014590326907,0.5063397562783694,0.8399171264808161,0.49366024372163064
1.0,0.44,1.6523511548998326,0.5056523395670751,0.8355152272614589,0.4943476604329249
1.0,0.442,1.6459216941154364,0.5049750552093775,0.8311493983562546,0.49502494479062253
1.0,0.444,1.6395131337130164,0.5043078112522923,0.8268192799821982,0.4956921887477077
1.0,0.446,1.6331255264898419,0.5036505166426084,0.8225245151588407,0.4963494833573916
1.0,0.448,1.6267589211384277,0.5030030812194641,0.8182647497338804,0.49699691878053587
1.0,0.45,1.620413362374225,0.5023654157068907,0.8140396324061281,0.49763458429310925
1.0,0.452,1.6140888910596192,0.5017374317063266,0.809848814745966,0.49826256829367344
1.0,0.454,1.6077855443243445,0.5011190416891084,0.805691951213417,0.49888095831089163
1.0,0.456,1.6015033556824139,0.5005101589889436,0.8015686991739316,0.4994898410110564
1.0,0.458,1.5952423551456663,0.49991069779436836,0.7974787189120016,0.5000893022056316
1.0,0.46,1.5890025693340275,0.49932057314119543,0.7934216736426988,0.5006794268588046
1.0,0.462,1.5827840215825806,0.498739700904956,0.7893972295212397,0.501260299095044
1.0,0.464,1.5765867320455316,0.4981679977933397,0.785405055650667,0.5018320022066602
1.0,0.466,1.5704107177971678,0.49760538133863597,0.7814448240877407,0.502394618661364
1.0,0.468,1.564255992929886,0.4970517698901805,0.7775162098471216,0.5029482301098195
1.0,0.47000000000000003,1.558122568649384,0.49650708260681004,0.7736188909039348,0.5034929173931899
1.0,0.47200000000000003,1.5520104533670842,0.49597123944932875,0.7697525481947874,0.5040287605506713
1.0,0.47400000000000003,1.5459196527898842,0.49544416117298906,0.7659168656173226,0.5045558388270109
1.0,0.47600000000000003,1.5398501700072955,0.49492576931998983,0.7621115300283778,0.5050742306800102
1.0,0.47800000000000004,1.5338020055760562,0.4944159862119944,0.7583362312408207,0.5055840137880057
1.0,0.48,1.5277751576022844,0.4939147349426714,0.7545906620191304,0.5060852650573286
1.0,0.482,1.5217696218212466,0.4934219393702603,0.7508745180737871,0.5065780606297396
1.0,0.484,1.5157853916748032,0.4929375241101643,0.7471874980545331,0.5070624758898357
1.0,0.486,1.5098224583866051,0.4924614145275724,0.7435293035425644,0.5075385854724276
1.0,0.488,1.503880811035103,0.4919935367301131,0.7398996390417112,0.5080064632698869
1.0,0.49,1.4979604366244266,0.4915338175605409,0.7362982119686591,0.5084661824394592
1.0,0.492,1.4920613201532062,0.49108218458945846,0.7327247326422679,0.5089178154105416
1.0,0.494,1.4861834446813837,0.49063856610807505,0.7291789142720337,0.509361433891925
1.0,0.496,1.4803267913950793,0.49020289112100346,0.7256604729457464,0.5097971088789965
1.0,0.498,1.4744913396695647,0.4897750893390969,0.7221691276163857,0.5102249106609031
1.0,0.5,1.468677067130399,0.48935509117232684,0.718704600088302,0.5106449088276732
1.0,0.502,1.462883949712781,0.48894282772270353,0.7152666150027244,0.5110571722772965
1.0,0.504,1.457111961719166,0.48853823077724023,0.7118548998226351,0.5114617692227598
1.0,0.506,1.4513610758751982,0.4881412328009624,0.7084691848170503,0.5118587671990376
1.0,0.508,1.445631263384011,0.4877517669299626,0.7051092030447454,0.5122482330700374
1.0,0.51,1.4399224939789328,0.48736976696450257,0.7017746903374579,0.5126302330354975
1.0,0.512,1.4342347359746548,0.48699516736216303,0.6984653852826047,0.5130048326378369
1.0,0.514,1.4285679563168971,0.4866279032310421,0.6951810292055466,0.5133720967689579
1.0,0.516,1.4229221206306177,0.4862679103230032,0.6919213661514267,0.5137320896769968
1.0,0.518,1.4172971932668108,0.4859151250269733,0.6886861428666208,0.5140848749730267
1.0,0.52,1.4116931373479276,0.4855694843622917,0.685475108779819,0.5144305156377083
1.0,0.522,1.4061099148119656,0.48523092597211037,0.6822880159827753,0.5147690740278896
1.0,0.524,1.4005474864552598,0.48489938811684646,0.6791246192107429,0.5151006118831536
1.0,0.526,1.3950058119740174,0.48457480966768685,0.6759846758226264,0.5154251903323132
1.0,0.528,1.3894848500046273,0.484257130100146,0.6728679457808726,0.5157428698998541
1.0,0.53,1.3839845581627837,0.48394628948767676,0.669774191631121,0.5160537105123233
1.0,0.532,1.3785048930814545,0.48364222849533517,0.6667031784816384,0.5163577715046648
1.0,0.534,1.3730458104477326,0.4833448883734988,0.6636546739825595,0.5166551116265012
1.0,0.536,1.3676072650385946,0.48305421095163975,0.6606284483049484,0.5169457890483602
1.0,0.538,1.3621892107556062,0.4827701386321517,0.6576242741197053,0.5172298613678483
1.0,0.54,1.3567916006585983,0.4824926143842317,0.6546419265763336,0.5175073856157684
1.0,0.542,1.3514143869983481,0.48222158173781693,0.6516811832815858,0.5177784182621831
1.0,0.544,1.3460575212482893,0.48195698477757604,0.6487418242780035,0.518043015222424
1.0,0.546,1.3407209541352847,0.48169876813695567,0.6458236320223705,0.5183012318630443
1.0,0.548,1.3354046356694806,0.4814468769922819,0.6429263913640875,0.518553123007718
1.0,0.55,1.330108515173281,0.4812012570569168,0.640049889523492,0.5187987429430831
1.0,0.552,1.3248325413094497,0.48096185457547,0.637193916070126,0.51903814542453
1.0,0.554,1.3195766621083862,0.4807286163180654,0.6343582629009759,0.5192713836819346
1.0,0.556,1.3143408249945798,0.4805014895746624,0.6315427242186863,0.5194985104253376
1.0,0.558,1.3091249768122788,0.4802804221494327,0.6287470965097676,0.5197195778505673
1.0,0.56,1.3039290638503915,0.48006536235519126,0.6259711785228035,0.5199346376448087
1.0,0.562,1.2987530318666414,0.4798562590078824,0.6232147712466717,0.5201437409921176
1.0,0.5640000000000001,1.2935968261110002,0.4796530614211201,0.6204776778887856,0.5203469385788799
1.0,0.5660000000000001,1.2884603913484172,0.4794557194007824,0.617759703853369,0.5205442805992175
1.0,0.5680000000000001,1.2833436718808662,0.4792641832396609,0.6150606567197707,0.5207358167603391
1.0,0.5700000000000001,1.2782466115687299,0.47907840371216326,0.6123803462208287,0.5209215962878367
1.0,0.5720000000000001,1.2731691538515417,0.47889833206906984,0.6097185842212923,0.5211016679309302
1.0,0.5740000000000001,1.2681112417680984,0.47872392003234393,0.6070751846963075,0.5212760799676561
1.0,0.5760000000000001,1.2630728179759707,0.47855511978999526,0.6044499637099775,0.5214448802100047
1.0,0.578,1.2580538247704205,0.4783918839909963,0.6018427393940002,0.5216081160090037
1.0,0.58,1.2530542041027457,0.47823416574025157,0.5992533319263915,0.5217658342597484
1.0,0.582,1.2480738975980707,0.4780819185936193,0.596681563510302,0.5219180814063806
1.0,0.584,1.243112846572595,0.47793509655298544,0.5941272583529297,0.5220649034470146
1.0,0.586,1.2381709920503168,0.477793654061389,0.5915902426445359,0.522206345938611
1.0,0.588,1.2332482747792488,0.4776575459981999,0.5890703445375697,0.5223424540018001
1.0,0.59,1.2283446352471374,0.4775267276743469,0.5865673941259048,0.5224732723256531
1.0,0.592,1.2234600136967024,0.4774011548275976,0.5840812234241941,0.5225988451724024
1.0,0.594,1.218594350140409,0.47728078361788795,0.5816116663473454,0.522719216382112
1.0,0.596,1.213747584374788,0.4771655706227027,0.5791585586901227,0.5228344293772973
1.0,0.598,1.208919655994314,0.4770554728325055,0.5767217381068773,0.5229445271674945
1.0,0.6,1.204110504404858,0.47695044764621825,0.5743010440914106,0.5230495523537817
1.0,0.602,1.1993200688367223,0.47685045286675,0.5718963179569728,0.52314954713325
1.0,0.604,1.1945482883572764,0.4767554466965742,0.5695074028164014,0.5232445533034258
1.0,0.606,1.189795101883196,0.47666538773335476,0.5671341435624,0.5233346122666452
1.0,0.608,1.1850604481923268,0.47658023496561963,0.5647763868479616,0.5234197650343804
1.0,0.61,1.180344265935176,0.4764999477684823,0.562433981066939,0.5235000522315176
1.0,0.612,1.1756464936460462,0.4764244858994106,0.5601067763347622,0.5235755141005893
1.0,0.614,1.1709670697538217,0.47635380949404205,0.5577946244693086,0.523646190505958
1.0,0.616,1.1663059325924154,0.4762878790620457,0.5554973789719229,0.5237121209379543
1.0,0.618,1.1616630204108889,0.4762266554830304,0.5532148950085929,0.5237733445169697
1.0,0.62,1.157038271383252,0.47617010000249793,0.5509470293912805,0.5238298999975021
1.0,0.622,1.152431623617956,0.4761181742278422,0.548693640559409,0.5238818257721578
1.0,0.624,1.1478430151670802,0.4760708401243927,0.546454588561508,0.5239291598756073
1.0,0.626,1.1432723840352343,0.4760280600115026,0.5442297350370182,0.5239719399884974
1.0,0.628,1.1387196681881708,0.47598979655868084,0.5420189431982559,0.5240102034413192
1.0,0.63,1.1341848055611263,0.4759560127817678,0.5398220778125383,0.5240439872182322
1.0,0.632,1.1296677340668928,0.47592667203915406,0.5376390051844684,0.5240733279608459
1.0,0.634,1.1251683916036321,0.4759017380280422,0.5354695931383854,0.5240982619719579
1.0,0.636,1.120686716062436,0.4758811747807507,0.5333137110009737,0.5241188252192492
1.0,0.638,1.1162226453346427,0.47586494666106005,0.5311712295840371,0.52413505333894
1.0,0.64,1.1117761173189167,0.47585301836060023,0.5290420211674353,0.5241469816393998
1.0,0.642,1.1073470699280958,0.4758453548952794,0.5269259594821826,0.5241546451047205
1.0,0.644,1.102935441095817,0.4758419216017533,0.524822919693711,0.5241580783982467
1.0,0.646,1.0985411687829216,0.47584268413393516,0.5227327783852957,0.5241573158660648
1.0,0.648,1.0941641909836535,0.4758476084595452,0.5206554135416446,0.5241523915404548
1.0,0.65,1.0898044457316478,0.4758566608567001,0.5185907045326488,0.5241433391432999
1.0,0.652,1.0854618711057238,0.47586980791054095,0.5165385320972972,0.524130192089459
1.0,0.654,1.081136405235485,0.47588701650990073,0.514498778327754,0.5241129834900993
1.0,0.656,1.0768279863067278,0.47590825384400937,0.5124713266535956,0.5240917461559906
1.0,0.658,1.0725365525666732,0.475933487399237,0.5104560618262118,0.524066512600763
1.0,0.66,1.0682620423290177,0.47596268495587507,0.5084528699033659,0.5240373150441249
1.0,0.662,1.0640043939788144,0.4759958145849539,0.506461638233916,0.5240041854150461
1.0,0.664,1.0597635459771884,0.4760328446450974,0.5044822554426964,0.5239671553549026
1.0,0.666,1.0555394368658875,0.4760737437794141,0.5025146114155575,0.523926256220586
1.0,0.668,1.0513320052716792,0.47611848091242404,0.5005585972845645,0.523881519087576
1.0,0.67,1.0471411899105938,0.4761670252470212,0.49861410541335355,0.5238329747529789
1.0,0.672,1.0429669295920188,0.47621934626147117,0.496681029382645,0.5237806537385288
1.0,0.674,1.038809163222651,0.4762754137064435,0.4947592639759125,0.5237245862935564
1.0,0.676,1.0346678298103098,0.47633519760207865,0.4928487051652078,0.5236648023979213
1.0,0.678,1.0305428684676123,0.47639866823508864,0.49094925009713863,0.5236013317649113
1.0,0.68,1.0264342184155206,0.4764657961558918,0.4890607970790016,0.5235342038441082
1.0,0.682,1.0223418189867588,0.47653655217578034,0.48718324556506576,0.5234634478242197
1.0,0.684,1.0182656096291087,0.47661090736412126,0.4853164961430096,0.5233890926358787
1.0,0.686,1.0142055299085837,0.4766888330455894,0.4834604505205064,0.5233111669544106
1.0,0.6880000000000001,1.0101615195124864,0.476770300797433,0.4816150115119601,0.523229699202567
1.0,0.6900000000000001,1.0061335182523532,0.4768552824467708,0.4797800830253891,0.5231447175532292
1.0,0.6920000000000001,1.0021214660667912,0.4769437500679209,0.4779555700494581,0.5230562499320791
1.0,0.6940000000000001,0.9981253030242033,0.47703567597976054,0.47614137864065414,0.5229643240202395
1.0,0.6960000000000001,0.9941449693254173,0.4771310327431165,0.47433741591061024,0.5228689672568835
1.0,0.6980000000000001,0.9901804053062072,0.47722979315818626,0.4725435900135703,0.5227702068418137
1.0,0.7000000000000001,0.9862315514397229,0.4773319302619888,0.4707598101339988,0.5226680697380113
1.0,0.7020000000000001,0.9822983483388223,0.4774374173258454,0.468985986474331,0.5225625826741547
1.0,0.704,0.9783807367583127,0.4775462278528898,0.4672220302428634,0.5224537721471102
1.0,0.706,0.9744786575971026,0.47765833557560733,0.46546785364178417,0.5223416644243927
1.0,0.708,0.9705920519002689,0.47777371445340244,0.463723369855341,0.5222262855465976
1.0,0.71,0.9667208608610381,0.4778923386701952,0.4619884930381459,0.5221076613298048
1.0,0.712,0.9628650258226885,0.47801418263204526,0.4602631383036156,0.5219858173679548
1.0,0.714,0.9590244882803707,0.47813922096480393,0.4585472217125462,0.5218607790351961
1.0,0.716,0.9551991898828547,0.47826742851179344,0.4568406602618212,0.5217325714882066
1.0,0.718,0.9513890724342011,0.47839878033151323,0.4551433718732515,0.5216012196684867
1.0,0.72,0.9475940778953604,0.4785332516953731,0.4534552753825455,0.5214667483046269
1.0,0.722,0.943814148385703,0.47867081808545275,0.45177629052840934,0.5213291819145472
1.0,0.724,0.9400492261844808,0.4788114551922875,0.4501063379417751,0.5211885448077125
1.0,0.726,0.9362992537322238,0.4789551389126799,0.4484453391351557,0.5210448610873202
1.0,0.728,0.9325641736320726,0.4791018453475363,0.4467932164921262,0.5208981546524637
1.0,0.73,0.9288439286510491,0.47925155079972964,0.4451498932569287,0.5207484492002703
1.0,0.732,0.9251384617212673,0.4794042317719862,0.44351529352420127,0.5205957682280138
1.0,0.734,0.9214477159410859,0.4795598649647975,0.44188934222882825,0.5204401350352025
1.0,0.736,0.9177716345762047,0.4797184272743565,0.4402719651359123,0.5202815727256436
1.0,0.738,0.9141101610607059,0.47987989579051743,0.43866308883086463,0.5201201042094825
1.0,0.74,0.9104632389980429,0.48004424779478005,0.4370626407096146,0.51995575220522
1.0,0.742,0.9068308121619777,0.48021146075829674,0.4354705489689359,0.5197885392417032
1.0,0.744,0.9032128244974672,0.4803815123399031,0.4338867425968888,0.5196184876600969
1.0,0.746,0.8996092201215035,0.48055438038417164,0.43231115136337694,0.5194456196158284
1.0,0.748,0.8960199433239049,0.4807300429194875,0.43074370581081756,0.5192699570805125
1.0,0.75,0.8924449385680631,0.4809084781561474,0.42918433724492366,0.5190915218438525
1.0,0.752,0.8888841504916457,0.4810896644844798,0.4276329777255977,0.5189103355155202
1.0,0.754,0.885337523907256,0.4812735804729877,0.4260895600579344,0.5187264195270123
1.0,0.756,0.8818050038030516,0.4814602048665123,0.4245540177833329,0.5185397951334877
1.0,0.758,0.878286535343323,0.4816495165844187,0.4230262851707155,0.5183504834155813
1.0,0.76,0.8747820638690328,0.481841494718802,0.42150629720785326,0.518158505281198
1.0,0.762,0.8712915348983178,0.48203611853271466,0.41999398959279644,0.5179638814672853
1.0,0.764,0.8678148941269543,0.4822333674584142,0.4184892987254084,0.5177666325415857
1.0,0.766,0.8643520874287886,0.48243322109563136,0.4169921616990032,0.5175667789043686
1.0,0.768,0.8609030608561311,0.48263565920985807,0.4155025162920834,0.5173643407901419
1.0,0.77,0.8574677606401213,0.4828406617306557,0.41402030096017967,0.5171593382693442
1.0,0.772,0.8540461331910559,0.48304820874998233,0.4125454548277884,0.5169517912500177
1.0,0.774,0.8506381250986892,0.4832582805205398,0.41107791768040836,0.5167417194794601
1.0,0.776,0.8472436831325013,0.48347085745413987,0.409617629956674,0.5165291425458601
1.0,0.778,0.8438627542419389,0.4836859201200888,0.4081645327405846,0.5163140798799112
1.0,0.78,0.8404952855566253,0.4839034492435913,0.4067185677538282,0.5160965507564087
1.0,0.782,0.8371412243865461,0.48412342570417216,0.4052796773481998,0.5158765742958278
1.0,0.784,0.8338005182222047,0.4843458305341168,0.4038478044981107,0.5156541694658832
1.0,0.786,0.8304731147347559,0.48457064491692925,0.40242289279319166,0.5154293550830708
1.0,0.788,0.8271589617761114,0.4847978501858083,0.401004886430984,0.5152021498141917
1.0,0.79,0.8238580073790231,0.4850274278221408,0.3995937302097219,0.5149725721778592
1.0,0.792,0.820570199757143,0.4852593594540128,0.3981893695212025,0.5147406405459872
1.0,0.794,0.8172954873050586,0.48549362685473724,0.39679175034374276,0.5145063731452628
1.0,0.796,0.8140338185983098,0.4857302119413993,0.39540081923522363,0.5142697880586007
1.0,0.798,0.8107851423933812,0.4859690967734177,0.39401652332621834,0.5140309032265823
1.0,0.8,0.8075494076276766,0.48621026355112296,0.39263881031320585,0.513789736448877
1.0,0.802,0.8043265634194718,0.486453694614352,0.39126762845186697,0.5135463053856479
1.0,0.804,0.8011165590678502,0.4866993724410587,0.38990292655046305,0.5133006275589413
1.0,0.806,0.7979193440526174,0.48694727964594037,0.3885446539632952,0.5130527203540596
1.0,0.808,0.7947348680342007,0.48719739897908004,0.387192760584245,0.5128026010209199
1.0,0.81,0.7915630808535288,0.48744971332460435,0.3858471968403932,0.5125502866753957
1.0,0.812,0.7884039325318968,0.48770420569935663,0.38450791368571785,0.5122957943006434
1.0,0.8140000000000001,0.7852573732708136,0.4879608592515852,0.383174862594869,0.5120391407484148
1.0,0.8160000000000001,0.7821233534518343,0.4882196572596468,0.3818479955570201,0.5117803427403532
1.0,0.8180000000000001,0.779001823636377,0.48848058313072446,0.38052726506979523,0.5115194168692756
1.0,0.8200000000000001,0.7758927345655265,0.48874362039956054,0.37921262413327067,0.5112563796004395
1.0,0.8220000000000001,0.7727960371598215,0.4890087527272037,0.37790402624405006,0.5109912472727963
1.0,0.8240000000000001,0.7697116825190305,0.4892759638997703,0.37660142538941266,0.5107240361002297
1.0,0.8260000000000001,0.7666396219219129,0.48954523782722015,0.375304776041533,0.5104547621727799
1.0,0.8280000000000001,0.7635798068259684,0.4898165585421457,0.37401403315177223,0.5101834414578543
1.0,0.8300000000000001,0.760532188867174,0.4900899101985754,0.37272915214503927,0.5099100898014246
1.0,0.8320000000000001,0.7574967198597081,0.4903652770707906,0.3714500889142208,0.5096347229292094
1.0,0.834,0.7544733517956657,0.4906426435521554,0.37017679981468077,0.5093573564478446
1.0,0.836,0.7514620368447585,0.49092199415396065,0.36890924165882594,0.5090780058460393
1.0,0.838,0.7484627273540101,0.4912033135042801,0.36764737171074036,0.5087966864957199
1.0,0.84,0.7454753758474346,0.4914865863468401,0.36639114768088327,0.5085134136531599
1.0,0.842,0.7424999350257109,0.491771797539902,0.3651405277208543,0.5082282024600979
1.0,0.844,0.7395363577658433,0.49205893205515694,0.3638954704182213,0.5079410679448431
1.0,0.846,0.7365845971208156,0.49234797497663324,0.3626559347914128,0.5076520250233667
1.0,0.848,0.7336446063192359,0.4926389114996163,0.36142188028467287,0.5073610885003836
1.0,0.85,0.7307163387649712,0.4929317269295805,0.3601932667630776,0.5070682730704195
1.0,0.852,0.7277997480367762,0.4932264066811329,0.358970054507613,0.5067735933188671
1.0,0.854,0.7248947878879126,0.49352293627696936,0.3577522042103135,0.5064770637230307
1.0,0.856,0.7220014122457616,0.4938213013468421,0.3565396769694598,0.5061786986531579
1.0,0.858,0.7191195752114288,0.4941214876265387,0.35533243428483574,0.5058785123734613
1.0,0.86,0.7162492310593424,0.4944234809568727,0.3541304380530435,0.5055765190431273
1.0,0.862,0.7133903342368438,0.4947272672826859,0.3529336505628757,0.5052727327173141
1.0,0.864,0.7105428393637733,0.49503283265186104,0.351742034490745,0.504967167348139
1.0,0.866,0.7077067012320479,0.49534016321434626,0.3505555528961692,0.5046598367856537
1.0,0.868,0.7048818748052346,0.49564924522119014,0.34937416921731196,0.5043507547788099
1.0,0.87,0.7020683152181167,0.4959600650235876,0.34819784726657776,0.5040399349764124
1.0,0.872,0.6992659777762559,0.49627260907193627,0.3470265512262611,0.5037273909280637
1.0,0.874,0.6964748179555476,0.49658686391490375,0.34586024564424883,0.5034131360850962
1.0,0.876,0.693694791401773,0.49690281619850496,0.34469889542977544,0.503097183801495
1.0,0.878,0.6909258539301449,0.49722045266518994,0.3435424658492296,0.50277954733481
1.0,0.88,0.6881679615248498,0.49753976015294155,0.3423909225220125,0.5024602398470585
1.0,0.882,0.6854210703385847,0.4978607255943836,0.34124423141644683,0.5021392744056163
1.0,0.884,0.6826851366920909,0.49818333601589854,0.34010235884573553,0.5018166639841015
1.0,0.886,0.6799601170736821,0.49850757853675504,0.3389652714639697,0.501492421463245
1.0,0.888,0.6772459681387711,0.4988334403682453,0.33783293626218625,0.5011665596317547
1.0,0.89,0.6745426467093905,0.4991609088128318,0.3367053205644723,0.5008390911871682
1.0,0.892,0.6718501097737104,0.49948997126330374,0.33558239202411805,0.5005100287366963
1.0,0.894,0.6691683144855544,0.4998206152019424,0.3344641186198166,0.5001793847980576
1.0,0.896,0.6664972181639104,0.500152828199696,0.33335046865190954,0.499847171800304
1.0,0.898,0.6638367782924396,0.5004865979153638,0.3322414107386787,0.49951340208463624
1.0,0.9,0.6611869525189822,0.5008219120947885,0.33113691381268284,0.49917808790521145
1.0,0.902,0.6585476986550606,0.501158758570059,0.33003694711713943,0.498841241429941
1.0,0.904,0.65591897467538,0.5014971252587196,0.3289414802023499,0.4985028747412804
1.0,0.906,0.6533007387173266,0.5018370001629904,0.3278504829221688,0.4981629998370096
1.0,0.908,0.6506929490804635,0.5021783713689945,0.3267639254305152,0.49782162863100554
1.0,0.91,0.6480955642260242,0.5025212270459946,0.32568177817792787,0.49747877295400544
1.0,0.912,0.645508542776405,0.5028655554456373,0.3246040119081608,0.49713444455436273
1.0,0.914,0.642931843514654,0.5032113449012064,0.32353059765482106,0.49678865509879355
1.0,0.916,0.6403654253839601,0.503558583826884,0.32246150673804713,0.496441416173116
1.0,0.918,0.6378092474871385,0.503907260717019,0.32139671076122717,0.49609273928298103
1.0,0.92,0.6352632690861165,0.504257364145405,0.3203361816077583,0.495742635854595
1.0,0.922,0.6327274496014161,0.5046088827645651,0.31927989143784324,0.49539111723543494
1.0,0.924,0.6302017486116369,0.5049618053050444,0.31822781268532796,0.4950381946949556
1.0,0.926,0.6276861258529365,0.5053161205747111,0.31717991805457574,0.4946838794252889
1.0,0.928,0.6251805412185103,0.5056718174580639,0.3161361805173801,0.4943281825419361
1.0,0.93,0.6226849547580705,0.5060288849155481,0.3150965733099149,0.4939711150844519
1.0,0.932,0.6201993266773239,0.5063873119828786,0.31406106992972127,0.49361268801712144
1.0,0.934,0.6177236173374485,0.5067470877703699,0.31302964413273043,0.4932529122296301
1.0,0.936,0.6152577872545699,0.5071082014622745,0.3120022699303237,0.49289179853772547
1.0,0.9380000000000001,0.612801797099237,0.5074706423161268,0.3109789215864266,0.4925293576838732
1.0,0.9400000000000001,0.6103556076958964,0.5078343996620956,0.3099595736146391,0.49216560033790435
1.0,0.9420000000000001,0.6079191800223678,0.5081994629023427,0.3089442007753999,0.49180053709765725
1.0,0.9440000000000001,0.6054924752093163,0.5085658215103888,0.30793277807318464,0.49143417848961124
1.0,0.9460000000000001,0.6030754545397281,0.5089334650304859,0.3069252807537391,0.49106653496951413
1.0,0.9480000000000001,0.6006680794483821,0.5093023830769968,0.30592168430134387,0.4906976169230032
1.0,0.9500000000000001,0.5982703115213237,0.5096725653337814,0.3049219644361136,0.49032743466621864
1.0,0.9520000000000001,0.5958821124953378,0.5100440015535886,0.3039260971113278,0.48995599844641136
1.0,0.9540000000000001,0.5935034442574212,0.5104166815574565,0.30293405851079375,0.48958331844254355
1.0,0.9560000000000001,0.5911342688442559,0.5107905952341167,0.30194582504624184,0.48920940476588326
1.0,0.9580000000000001,0.5887745484416818,0.5111657325394074,0.3009613733547511,0.48883426746059255
1.0,0.96,0.5864242453841694,0.511542083495691,0.29998068029620634,0.48845791650430903
1.0,0.962,0.5840833221542928,0.5119196381912783,0.2990037229507854,0.4880803618087217
1.0,0.964,0.581751741382204,0.51229838677986,0.2980304786164774,0.48770161322014005
1.0,0.966,0.5794294658451048,0.5126783194799422,0.29706092480662893,0.48732168052005775
1.0,0.968,0.5771164584667221,0.5130594265742902,0.29609503924752156,0.48694057342570984
1.0,0.97,0.5748126823167816,0.5134416984093758,0.29513279987597735,0.4865583015906242
1.0,0.972,0.572518100610482,0.513825125394833,0.2941741848369926,0.48617487460516695
1.0,0.974,0.570232676707971,0.5142096980029174,0.29321917248140095,0.4857903019970826
1.0,0.976,0.5679563741138199,0.5145954067679721,0.2922677413635637,0.4854045932320279
1.0,0.978,0.5656891564765003,0.5149822422858998,0.2913198702390874,0.48501775771410016
1.0,0.98,0.5634309875878609,0.5153701952136397,0.29037553806256966,0.4846298047863603
1.0,0.982,0.5611818313826044,0.5157592562686499,0.28943472398537096,0.48424074373135007
1.0,0.984,0.5589416519377659,0.5161494162283962,0.2884974073534133,0.48385058377160384
1.0,0.986,0.5567104134721916,0.516540665929845,0.28756356770500524,0.48345933407015496
1.0,0.988,0.5544880803460175,0.5169329962689627,0.28663318476869215,0.4830670037310373
1.0,0.99,0.5522746170601509,0.5173263982002195,0.28570623846113335,0.48267360179978047
1.0,0.992,0.5500699882557503,0.517720862736099,0.28478270888500284,0.48227913726390104
1.0,0.994,0.547874158713708,0.5181163809466123,0.28386257632691625,0.4818836190533877
1.0,0.996,0.5456870933541327,0.5185129439588182,0.2829458212553818,0.4814870560411818
1.0,0.998,0.5435087572358325,0.5189105429563474,0.28203242431877545,0.4810894570436526
1.0,1.0,0.5413391155558005,0.5193091691789323,0.2811223663433408,0.48069083082106767
1.0,1.002,0.5391781336486998,0.5197088139219412,0.2802156283312117,0.48029118607805876
1.0,1.004,0.5370257769863503,0.5201094685359181,0.27931219145845915,0.4798905314640819
1.0,1.006,0.5348820111772156,0.5205111244261266,0.2784120370731605,0.47948887557387343
1.0,1.008,0.5327468019658926,0.5209137730520986,0.2775151466934923,0.4790862269479014
1.0,1.01,0.5306201152326004,0.5213174059271886,0.2766215020058451,0.47868259407281144
1.0,1.012,0.5285019169926716,0.5217220146181312,0.27573108486296094,0.47827798538186883
1.0,1.014,0.5263921733960437,0.5221275907446042,0.27484387728209225,0.47787240925539576
1.0,1.016,0.5242908507267522,0.5225341259787962,0.27395986144318296,0.4774658740212038
1.0,1.018,0.5221979154024252,0.522941612044978,0.2730790196870713,0.477058387955022
1.0,1.02,0.5201133339737785,0.5233500407190791,0.2722013345137129,0.4766499592809209
1.0,1.022,0.5180370731241116,0.5237594038282682,0.2713267885804257,0.47624059617173176
1.0,1.024,0.5159690996688066,0.5241696932505384,0.2704553647001548,0.4758303067494616
1.0,1.026,0.5139093805548257,0.524580900914296,0.26958704583975823,0.475419099085704
1.0,1.028,0.5118578828602132,0.5249930187979543,0.268721815118313,0.47500698120204565
1.0,1.03,0.5098145737935954,0.5254060389295313,0.2678596558054402,0.4745939610704687
1.0,1.032,0.5077794206936841,0.525819953386251,0.2670005513196505,0.474180046613749
1.0,1.034,0.5057523910287809,0.5262347542941496,0.26614448522670914,0.47376524570585044
1.0,1.036,0.5037334523962822,0.5266504338276854,0.26529144123801973,0.4733495661723146
1.0,1.038,0.5017225725221859,0.5270669842093526,0.2644414032090267,0.4729330157906474
1.0,1.04,0.4997197192605998,0.527484397709299,0.26359435513763746,0.472515602290701
1.0,1.042,0.4977248605932507,0.5279026666449478,0.2627502811626619,0.4720973333550522
1.0,1.044,0.49573796462899533,0.5283217833806231,0.26190916556227106,0.4716782166193769
1.0,1.046,0.49375899960333225,0.5287417403271795,0.26107099275247303,0.47125825967282053
1.0,1.048,0.4917879338779157,0.5291625299416348,0.2602357472856073,0.4708374700583652
1.0,1.05,0.48982473594007053,0.5295841447268075,0.25940341384885657,0.4704158552731925
1.0,1.052,0.48786937440230804,0.5300065772309566,0.25857397726277537,0.46999342276904343
1.0,1.054,0.4859218180018445,0.5304298200474263,0.2577474224798366,0.46957017995257366
1.0,1.056,0.4839820356001195,0.530853865814294,0.25692373458299467,0.46914613418570605
1.0,1.058,0.48204999618231736,0.5312787072140206,0.2561028987842651,0.4687212927859794
1.0,1.06,0.4801256688568885,0.5317043369731067,0.2552849004233213,0.4682956630268933
1.0,1.062,0.47820902285507344,0.53213074786175,0.2544697249661069,0.46786925213825004
1.0,1.064,0.4763000275304273,0.5325579326935074,0.253657358003465,0.4674420673064926
1.0,1.066,0.4743986523583466,0.5329858843249602,0.25284778524978274,0.4670141156750398
1.0,1.068,0.47250486693559723,0.5334145956553825,0.2520409925416519,0.4665854043446175
1.0,1.07,0.4706186409798432,0.5338440596264133,0.25123696583654503,0.46615594037358665
1.0,1.072,0.46873994432917804,0.5342742692217315,0.2504356912115067,0.4657257307782685
1.0,1.074,0.4668687469416572,0.534705217466734,0.24963715486186044,0.46529478253326595
1.0,1.076,0.46500501889483153,0.535136897428218,0.24884134309993006,0.464863102571782
1.0,1.078,0.46314873038528254,0.5355693022140651,0.24804824235377593,0.46443069778593493
1.0,1.08,0.46129985172815974,0.5360024249729294,0.24725783916594637,0.4639975750270706
1.0,1.082,0.4594583533567185,0.536436258893929,0.24647012019224293,0.463563741106071
1.0,1.084,0.45762420582186014,0.5368707972063393,0.24568507220049998,0.46312920279366065
1.0,1.086,0.45579737979167323,0.537306033179291,0.2449026820693787,0.46269396682070896
1.0,1.088,0.4539778460509763,0.5377419601214694,0.24412293678717464,0.46225803987853065
1.0,1.09,0.45216557550086256,0.5381785713808179,0.24334582345063957,0.4618214286191821
1.0,1.092,0.45036053915824553,0.5386158603442444,0.24257132926381617,0.46138413965575564
1.0,1.094,0.4485627081554066,0.5390538204373293,0.2417994415368867,0.4609461795626707
1.0,1.096,0.44677205373954404,0.5394924451240383,0.24103014768503483,0.46050755487596173
1.0,1.098,0.44498854727232334,0.5399317279064364,0.2402634352273205,0.4600682720935636
1.0,1.1,0.4432121602294295,0.5403716623244055,0.23949929178556756,0.4596283376755945
1.0,1.102,0.4414428642001201,0.5408122419553647,0.23873770508326453,0.4591877580446353
1.0,1.104,0.439680630886781,0.5412534604139934,0.23797866294447795,0.45874653958600664
1.0,1.106,0.43792543210448276,0.5416953113519564,0.23722215329277782,0.45830468864804363
1.0,1.108,0.43617723978053846,0.5421377884576329,0.2364681641501758,0.45786221154236706
1.0,1.11,0.43443602595406355,0.5425808854558475,0.23571668363607534,0.4574191145441525
1.0,1.112,0.43270176277553757,0.5430245961076031,0.23496769996623418,0.4569754038923969
1.0,1.114,0.4309744225063663,0.543468914209818,0.23422120145173825,0.456531085790182
1.0,1.116,0.42925397751844613,0.5439138335950641,0.2334771764979875,0.45608616640493593
1.0,1.118,0.42754040029373036,0.5443593481313085,0.23273561360369374,0.4556406518686915
1.0,1.12,0.4258336634237961,0.5448054517216573,0.2319965013598894,0.4551945482783427
1.0,1.122,0.4241337396094132,0.5452521383041019,0.2312598284489477,0.4547478616958981
1.0,1.124,0.42244060166011516,0.5456994018512678,0.2305255836436145,0.45430059814873225
1.0,1.1260000000000001,0.4207542224937706,0.5461472363701656,0.22979375580605058,0.4538527636298344
1.0,1.1280000000000001,0.4190745751361567,0.5465956359019449,0.22906433388688496,0.45340436409805507
1.0,1.1300000000000001,0.41740163272053504,0.5470445945216501,0.2283373069242798,0.4529554054783499
1.0,1.1320000000000001,0.4157353684872271,0.5474941063379787,0.22761266404300465,0.4525058936620213
1.0,1.1340000000000001,0.4140757557831931,0.5479441654930419,0.22689039445352238,0.4520558345069581
1.0,1.1360000000000001,0.41242276806161143,0.5483947661621278,0.22617048745108487,0.4516052338378722
1.0,1.1380000000000001,0.4107763788814597,0.5488459025534661,0.2254529324148393,0.4511540974465339
1.0,1.1400000000000001,0.40913656190709735,0.5492975689079962,0.22473771880694446,0.4507024310920038
1.0,1.1420000000000001,0.40750329090785026,0.5497497594991362,0.22402483617169722,0.4502502405008638
1.0,1.1440000000000001,0.4058765397575961,0.5502024686325552,0.22331427413466878,0.4497975313674448
1.0,1.1460000000000001,0.4042562824343515,0.5506556906459471,0.2226060224018509,0.4493443093540529
1.0,1.1480000000000001,0.40264249301986116,0.551109419908807,0.22190007075881157,0.448890580091193
1.0,1.1500000000000001,0.40103514569918786,0.5515636508222094,0.2211964090698607,0.4484363491777906
1.0,1.1520000000000001,0.3994342147603041,0.5520183778185884,0.22049502727722475,0.4479816221814116
1.0,1.154,0.39783967459368624,0.5524735953615205,0.21979591540023122,0.4475264046384795
1.0,1.156,0.3962514996919076,0.552929297945509,0.21909906353450156,0.44707070205449095
1.0,1.158,0.3946696646492366,0.5533854800957705,0.21840446185115453,0.4466145199042295
1.0,1.16,0.39309414416123345,0.5538421363680236,0.2177121005960174,0.4461578636319764
1.0,1.162,0.39152491302434983,0.5542992613482794,0.21702197008884647,0.44570073865172055
1.0,1.164,0.3899619461355296,0.5547568496526342,0.21633406072255662,0.44524315034736583
1.0,1.166,0.38840521849181103,0.5552148959270635,0.21564836296245923,0.4447851040729365
1.0,1.168,0.3868547051899306,0.5556733948472191,0.21496486734550885,0.4443266051527809
1.0,1.17,0.3853103814259284,0.556132341118227,0.21428356447955854,0.44386765888177304
1.0,1.172,0.38377222249475457,0.5565917294744874,0.21360444504262324,0.44340827052551257
1.0,1.174,0.3822402037898779,0.5570515546794773,0.21292749978215172,0.4429484453205227
1.0,1.176,0.3807143008028952,0.557511811525554,0.21225271951430677,0.44248818847444604
1.0,1.178,0.3791944891231427,0.5579724948337608,0.2115800951232533,0.44202750516623923
1.0,1.18,0.3776807444373083,0.5584335994536348,0.21090961756045443,0.4415664005463652
1.0,1.182,0.3761730425290465,0.558895120263016,0.2102412778439761,0.441104879736984
1.0,1.184,0.37467135927859285,0.5593570521678585,0.2095750670577983,0.44064294783214153
1.0,1.186,0.3731756706623819,0.559819390102043,0.20891097635113548,0.44018060989795704
1.0,1.188,0.37168595275266525,0.5602821290271917,0.20824899693776344,0.43971787097280834
1.0,1.19,0.3702021817171316,0.5607452639324845,0.20758912009535455,0.4392547360675155
1.0,1.192,0.368724333818528,0.5612087898344766,0.20693133716481968,0.43879121016552336
1.0,1.194,0.36725238541428284,0.5616727017769187,0.20627563954965852,0.43832729822308125
1.0,1.196,0.36578631295612996,0.5621369948305777,0.2056220187153161,0.43786300516942234
1.0,1.198,0.3643260929897347,0.5626016640930596,0.2049704661885475,0.43739833590694044
1.0,1.2,0.36287170215432035,0.5630667046886345,0.20432097355678883,0.4369332953113655
1.0,1.202,0.3614231171822975,0.5635321117680623,0.20367353246753597,0.4364678882319377
1.0,1.204,0.3599803148988934,0.5639978805084205,0.20302813462772967,0.4360021194915795
1.0,1.206,0.35854327222178384,0.5644640061129333,0.20238477180314812,0.43553599388706665
1.0,1.208,0.3571119661607255,0.564930483810803,0.20174343581780577,0.435069516189197
1.0,1.21,0.3556863738171906,0.5653973088570413,0.20110411855335916,0.4346026911429587
1.0,1.212,0.3542664723840023,0.5658644765323042,0.20046681194851945,0.4341355234676958
1.0,1.214,0.3528522391449718,0.5663319821427266,0.1998315079984713,0.4336680178572734
1.0,1.216,0.3514436514745369,0.5667998210197596,0.19919819875429826,0.43320017898024044
1.0,1.218,0.35004068683740164,0.5672679885200085,0.19856687632241504,0.4327320114799915
1.0,1.22,0.3486433227881777,0.5677364800250728,0.19793753286400528,0.4322635199749272
1.0,1.222,0.3472515369710269,0.5682052909413873,0.19731016059446624,0.4317947090586127
1.0,1.224,0.3458653071193053,0.5686744167000644,0.19668475178285955,0.43132558329993564
1.0,1.226,0.34448461105520856,0.5691438527567386,0.196061298751368,0.4308561472432614
1.0,1.228,0.3431094266894186,0.5696135945914118,0.1954397938747582,0.4303864054085882
1.0,1.23,0.3417397320207517,0.5700836377082997,0.19482022957984965,0.42991636229170027
1.0,1.232,0.34037550513580833,0.5705539776356805,0.19420259834498943,0.4294460223643195
1.0,1.234,0.33901672420862367,0.571024609925744,0.19358689269953286,0.428975390074256
1.0,1.236,0.3376633675003198,0.5714955301544425,0.1929731052233296,0.42850446984555746
1.0,1.238,0.3363154133587595,0.5719667339213431,0.1923612285462161,0.4280332660786569
1.0,1.24,0.3349728402182009,0.5724382168494809,0.191751255347513,0.42756178315051907
1.0,1.242,0.33363562659895396,0.572909974585214,0.19114317835552866,0.427090025414786
1.0,1.244,0.332303751107038,0.5733820027980792,0.1905369903470679,0.42661799720192084
1.0,1.246,0.3309771924338406,0.5738542971806496,0.18993268414694622,0.4261457028193504
1.0,1.248,0.32965592935577764,0.5743268534483932,0.18933025262750958,0.4256731465516068
1.0,1.25,0.3283399407339554,0.574799667339532,0.18872968870815923,0.425200332660468
1.0,1.252,0.3270292055138329,0.5752727346149038,0.18813098535488204,0.4247272653850962
1.0,1.254,0.32572370272488665,0.575746051057824,0.18753413557978607,0.42425394894217605
1.0,1.256,0.32442341148027576,0.5762196124739488,0.18693913244064095,0.4237803875260512
1.0,1.258,0.3231283109765089,0.5766934146911404,0.18634596904042364,0.42330658530885956
1.0,1.26,0.32183838049311275,0.5771674535593323,0.18575463852686938,0.4228325464406677
1.0,1.262,0.320553599392301,0.5776417249503961,0.185165134092027,0.4223582750496039
1.0,1.264,0.3192739471186454,0.5781162247580099,0.18457744897181977,0.42188377524199006
1.0,1.266,0.3179994031987476,0.5785909488975276,0.18399157644561084,0.4214090511024724
1.0,1.268,0.3167299472409126,0.5790658933058487,0.18340750983577336,0.4209341066941513
1.0,1.27,0.31546555893482336,0.5795410539412902,0.18282524250726573,0.4204589460587098
1.0,1.272,0.3142062180512167,0.5800164267834591,0.1822447678672111,0.4199835732165409
1.0,1.274,0.31295190444156024,0.5804920078331257,0.1816660793644818,0.4195079921668743
1.0,1.276,0.3117025980377311,0.5809677931120988,0.18108917048928824,0.4190322068879012
1.0,1.278,0.3104582788516953,0.581443778663101,0.18051403477277242,0.41855622133689896
1.0,1.28,0.30921892697518905,0.581919960549646,0.1799406657866059,0.418080039450354
1.0,1.282,0.30798452257940073,0.5823963348559161,0.17936905714259213,0.41760366514408387
1.0,1.284,0.30675504591465425,0.5828728976866413,0.1787992024922732,0.4171271023133587
1.0,1.286,0.30553047731009386,0.5833496451669791,0.178231095526541,0.41665035483302093
1.0,1.288,0.3043107971733703,0.5838265734423955,0.1776647299752526,0.4161734265576045
1.0,1.29,0.3030959859903276,0.5843036786785474,0.1771000996068499,0.4156963213214526
1.0,1.292,0.3018860243246916,0.5847809570611646,0.17653719822798317,0.4152190429388354
1.0,1.294,0.30068089281775984,0.5852584047959346,0.1759760196831395,0.4147415952040654
1.0,1.296,0.29948057218809193,0.5857360181083872,0.17541655785427437,0.41426398189161284
1.0,1.298,0.2982850432312022,0.58621379324378,0.17485880666044792,0.41378620675622
1.0,1.3,0.2970942868192525,0.5866917264669858,0.1743027600574651,0.41330827353301425
1.0,1.302,0.2959082839007469,0.5871698140623799,0.17374841203751948,0.4128301859376201
1.0,1.304,0.2947270155002276,0.5876480523337292,0.17319575662884157,0.4123519476662708
1.0,1.306,0.2935504627179714,0.5881264376040813,0.17264478789535023,0.41187356239591866
1.0,1.308,0.29237860672968824,0.5886049662156555,0.17209549993630857,0.4113950337843445
1.0,1.31,0.2912114287862201,0.5890836345297338,0.17154788688598327,0.4109163654702662
1.0,1.312,0.29004891021324175,0.5895624389265535,0.17100194291330773,0.41043756107344653
1.0,1.314,0.2888910324109625,0.5900413758052003,0.170457662221549,0.40995862419479967
1.0,1.316,0.2877377768538288,0.5905204415835025,0.16991503904797828,0.4094795584164975
1.0,1.318,0.2865891250902283,0.5909996326979254,0.16937406766354474,0.40900036730207456
1.0,1.32,0.28544505874219533,0.591478945603468,0.1688347423725537,0.40852105439653197
1.0,1.322,0.2843055595051167,0.5919583767735589,0.16829705751234736,0.4080416232264411
1.0,1.324,0.28317060914744,0.5924379226999541,0.16776100745299,0.4075620773000459
1.0,1.326,0.2820401895103815,0.5929175798926352,0.16722658659695558,0.40708242010736484
1.0,1.328,0.28091428250763656,0.5933973448797086,0.1666937893788199,0.40660265512029137
1.0,1.33,0.2797928701250903,0.5938772142073057,0.1661626102649551,0.40612278579269434
1.0,1.332,0.27867593442052974,0.5943571844394829,0.16563304375322804,0.40564281556051707
1.0,1.334,0.27756345752335726,0.5948372521581241,0.16510508437270202,0.4051627478418759
1.0,1.336,0.276455421634305,0.5953174139628425,0.16457872668334173,0.40468258603715745
1.0,1.338,0.27535180902515005,0.5957976664708838,0.16405396527572086,0.40420233352911616
1.0,1.34,0.2742526020384315,0.5962780063170301,0.1635307947707338,0.4037219936829699
1.0,1.342,0.273157783087168,0.5967584301535046,0.16300920981930989,0.4032415698464954
1.0,1.344,0.2720673346545768,0.5972389346498771,0.16248920510213102,0.4027610653501229
1.0,1.346,0.27098123929379364,0.5977195164929702,0.1619707753293522,0.40228048350702983
1.0,1.348,0.26989947962759414,0.5982001723867659,0.16145391524032524,0.4017998276132341
1.0,1.35,0.2688220383481157,0.5986808990523137,0.16093861960332545,0.4013191009476863
1.0,1.352,0.2677488982165809,0.5991616932276386,0.16042488321528126,0.40083830677236143
1.0,1.354,0.2666800420630223,0.5996425516676503,0.15991270090150703,0.40035744833234965
1.0,1.356,0.2656154527860074,0.6001234711440535,0.15940206751543823,0.3998765288559465
1.0,1.358,0.26455511335236587,0.6006044484452575,0.1588929779383703,0.3993955515547425
1.0,1.36,0.26349900679691657,0.6010854803762882,0.15838542707919942,0.3989145196237118
1.0,1.362,0.2624471162221971,0.6015665637586995,0.15787940987416715,0.39843343624130045
1.0,1.364,0.26139942479819295,0.6020476954304864,0.1573749212866068,0.3979523045695136
1.0,1.366,0.2603559157620689,0.6025288722459978,0.15687195630669337,0.3974711277540022
1.0,1.368,0.259316572417901,0.6030100910758508,0.15637050995119595,0.3969899089241492
1.0,1.37,0.25828137813640933,0.6034913488068449,0.1558705772632324,0.39650865119315515
1.0,1.372,0.25725031635469237,0.6039726423418775,0.15537215331202747,0.39602735765812247
1.0,1.374,0.2562233705759621,0.6044539685998602,0.15487523319267296,0.3955460314001398
1.0,1.3760000000000001,0.2552005243692804,0.6049353245156347,0.1543798120258908,0.3950646754843653
1.0,1.3780000000000001,0.25418176136929616,0.6054167070398903,0.15388588495779845,0.39458329296010974
1.0,1.3800000000000001,0.2531670652759836,0.6058981131390816,0.15339344715967718,0.3941018868609184
1.0,1.3820000000000001,0.25215641985438175,0.6063795397953473,0.15290249382774238,0.3936204602046527
1.0,1.3840000000000001,0.2511498089343348,0.6068609840064288,0.15241302018291703,0.39313901599357115
1.0,1.3860000000000001,0.2501472164102336,0.6073424427855904,0.15192502147060696,0.39265755721440965
1.0,1.3880000000000001,0.24914862624075784,0.6078239131615389,0.15143849296047912,0.39217608683846106
1.0,1.3900000000000001,0.24815402244862017,0.6083053921783453,0.1509534299462418,0.39169460782165466
1.0,1.3920000000000001,0.24716338912031008,0.6087868768953657,0.15046982774542758,0.3912131231046343
1.0,1.3940000000000001,0.24617671040583966,0.6092683643871635,0.14998768169917834,0.3907316356128365
1.0,1.3960000000000001,0.24519397051849015,0.6097498517434321,0.14950698717203284,0.3902501482565679
1.0,1.3980000000000001,0.24421515373455957,0.6102313360689184,0.1490277395517166,0.38976866393108156
1.0,1.4000000000000001,0.24324024439311115,0.6107128144833461,0.14854993424893387,0.38928718551665387
1.0,1.4020000000000001,0.2422692268957229,0.6111942841213405,0.14807356669716196,0.38880571587865953
1.0,1.4040000000000001,0.24130208570623815,0.611675742132353,0.14759863235244786,0.388324257867647
1.0,1.4060000000000001,0.24033880535051716,0.612157185680587,0.147125126693207,0.38784281431941303
1.0,1.408,0.23937937041618976,0.6126386119449237,0.14665304522002423,0.38736138805507625
1.0,1.41,0.23842376555240832,0.6131200181188491,0.1461823834554568,0.3868799818811509
1.0,1.412,0.23747197546960305,0.6136014014103802,0.14571313694383986,0.3863985985896198
1.0,1.414,0.23652398493923688,0.6140827590419936,0.14524530125109353,0.3859172409580064
1.0,1.416,0.23557977879356215,0.6145640882505532,0.14477887196453254,0.3854359117494468
1.0,1.418,0.23463934192537797,0.6150453862872388,0.1443138446926776,0.3849546137127612
1.0,1.42,0.23370265928778855,0.6155266504174758,0.14385021506506906,0.3844733495825242
1.0,1.422,0.2327697158939627,0.6160078779208642,0.14338797873208242,0.3839921220791358
1.0,1.424,0.231840496816894,0.6164890660911096,0.14292713136474586,0.38351093390889035
1.0,1.426,0.23091498718916215,0.6169702122359536,0.14246766865455987,0.3830297877640464
1.0,1.428,0.2299931722026949,0.6174513136771048,0.14200958631331856,0.3825486863228952
1.0,1.43,0.22907503710853178,0.6179323677501708,0.1415528800729333,0.3820676322498292
1.0,1.432,0.2281605672165876,0.6184133718045904,0.14109754568525784,0.38158662819540956
1.0,1.434,0.22724974789541777,0.6188943232035663,0.14064357892191565,0.3811056767964337
1.0,1.436,0.2263425645719843,0.619375219323998,0.14019097557412893,0.38062478067600203
1.0,1.438,0.22543900273142273,0.6198560575564157,0.13973973145254973,0.3801439424435843
1.0,1.44,0.2245390479168097,0.6203368353049147,0.13928984238709233,0.3796631646950853
1.0,1.442,0.22364268572893206,0.6208175499870892,0.13884130422676816,0.37918245001291084
1.0,1.444,0.22274990182605628,0.621298199033968,0.13839411283952194,0.378701800966032
1.0,1.446,0.22186068192369923,0.6217787798899499,0.13794826411206998,0.3782212201100501
1.0,1.448,0.22097501179439963,0.6222592900127393,0.1375037539497398,0.3777407099872607
1.0,1.45,0.2200928772674904,0.6227397268732828,0.13706057827631193,0.37726027312671717
1.0,1.452,0.21921426422887214,0.6232200879557063,0.13661873303386313,0.37677991204429373
1.0,1.454,0.2183391586207872,0.6237003707572516,0.13617821418261133,0.3762996292427484
1.0,1.456,0.21746754644159505,0.6241805727882149,0.13573901770076252,0.3758194272117851
1.0,1.458,0.216599413745548,0.6246606915718843,0.13530113958435872,0.3753393084281157
1.0,1.46,0.21573474664256828,0.6251407246444786,0.13486457584712813,0.37485927535552144
1.0,1.462,0.21487353129802603,0.6256206695550862,0.13442932252033682,0.3743793304449138
1.0,1.464,0.21401575393251765,0.6261005238656049,0.1339953756526417,0.3738994761343951
1.0,1.466,0.2131614008216456,0.6265802851506809,0.13356273130994528,0.37341971484931913
1.0,1.468,0.21231045829579887,0.6270599509976498,0.1331313855752522,0.3729400490023502
1.0,1.47,0.21146291273993417,0.6275395190064768,0.13270133454852687,0.37246048099352325
1.0,1.472,0.21061875059335827,0.6280189867896977,0.1322725743465529,0.3719810132103023
1.0,1.474,0.20977795834951105,0.6284983519723606,0.13184510110279418,0.3715016480276394
1.0,1.476,0.20894052255574935,0.6289776121919676,0.13141891096725716,0.37102238780803243
1.0,1.478,0.20810642981313185,0.6294567650984166,0.13099400010635467,0.37054323490158336
1.0,1.48,0.20727566677620476,0.6299358083539448,0.13057036470277145,0.3700641916460552
1.0,1.482,0.20644822015278824,0.6304147396330706,0.13014800095533083,0.3695852603669294
1.0,1.484,0.20562407670376381,0.6308935566225377,0.12972690507886303,0.36910644337746235
1.0,1.486,0.2048032232428626,0.6313722570212583,0.1293070733040748,0.3686277429787417
1.0,1.488,0.20398564663645424,0.6318508385402579,0.12888850187742035,0.3681491614597421
1.0,1.49,0.20317133380333707,0.6323292989026191,0.12847118706097413,0.36767070109738087
1.0,1.492,0.20236027171452858,0.6328076358434267,0.12805512513230427,0.3671923641565733
1.0,1.494,0.20155244739305708,0.6332858471097127,0.12764031238434795,0.3667141528902873
1.0,1.496,0.20074784791375413,0.6337639304604021,0.12722674512528787,0.36623606953959786
1.0,1.498,0.1999464604030478,0.6342418836662589,0.1268144196784301,0.3657581163337411
1.0,1.5,0.1991482720387566,0.6347197045098318,0.1264033323820832,0.36528029549016816
1.0,1.502,0.19835327004988443,0.6351973907854014,0.12599347958943868,0.3648026092145986
1.0,1.504,0.19756144171641635,0.6356749402989267,0.12558485766845284,0.3643250597010733
1.0,1.506,0.19677277436911492,0.6361523508679926,0.12517746300172952,0.3638476491320074
1.0,1.508,0.1959872553893177,0.6366296203217576,0.12477129198640467,0.3633703796782424
1.0,1.51,0.19520487220873511,0.6371067465009016,0.12436634103403149,0.3628932534990984
1.0,1.512,0.19442561230924976,0.6375837272575742,0.12396260657046755,0.3624162727424258
1.0,1.514,0.1936494632227158,0.6380605604553433,0.12356008503576245,0.3619394395446567
1.0,1.516,0.1928764125307597,0.6385372439691442,0.12315877288404703,0.36146275603085576
1.0,1.518,0.1921064478645815,0.6390137756852288,0.12275866658342378,0.36098622431477123
1.0,1.52,0.19133955690475687,0.6394901535011149,0.12235976261585829,0.36050984649888507
1.0,1.522,0.19057572738104014,0.6399663753255366,0.12196205747707188,0.3600336246744634
1.0,1.524,0.18981494707216792,0.6404424390783939,0.12156554767643547,0.35955756092160607
1.0,1.526,0.18905720380566357,0.640918342690704,0.12117022973686456,0.359081657309296
1.0,1.528,0.18830248545764258,0.6413940841045515,0.12077610019471528,0.35860591589544855
1.0,1.53,0.1875507799526184,0.6418696612730396,0.12038315559968156,0.35813033872696043
1.0,1.532,0.18680207526330941,0.6423450721602418,0.11999139251469342,0.35765492783975816
1.0,1.534,0.18605635941044654,0.6428203147411538,0.11960080751581648,0.35717968525884625
1.0,1.536,0.18531362046258143,0.6432953870016446,0.11921139719215221,0.35670461299835543
1.0,1.538,0.18457384653589576,0.64377028693841,0.11882315814573967,0.35622971306159
1.0,1.54,0.1838370257940109,0.6442450125589245,0.11843608699145788,0.3557549874410755
1.0,1.542,0.18310314644779876,0.6447195618813945,0.11805018035692963,0.35528043811860555
1.0,1.544,0.18237219675519312,0.6451939329347111,0.11766543488242599,0.35480606706528894
1.0,1.546,0.18164416502100159,0.6456681237584042,0.11728184722077205,0.3543318762415958
1.0,1.548,0.1809190395967188,0.6461421324025958,0.11689941403725354,0.35385786759740423
1.0,1.55,0.1801968088803398,0.6466159569279539,0.11651813200952454,0.3533840430720461
1.0,1.552,0.1794774613161746,0.6470895954056476,0.11613799782751619,0.3529104045943524
1.0,1.554,0.17876098539466315,0.6475630459173005,0.11575900819334614,0.3524369540826995
1.0,1.556,0.1780473696521914,0.6480363065549467,0.11538115982122941,0.3519636934450533
1.0,1.558,0.17733660267090756,0.6485093754209852,0.11500444943738967,0.3514906245790148
1.0,1.56,0.1766286730785399,0.6489822506281353,0.11462887377997197,0.3510177493718647
1.0,1.562,0.17592356954821434,0.6494549302993928,0.11425442959895593,0.35054506970060717
1.0,1.564,0.1752212807982735,0.6499274125679854,0.11388111365607032,0.35007258743201464
1.0,1.566,0.17452179559209618,0.6503996955773288,0.11350892272470817,0.3496003044226712
1.0,1.568,0.17382510273791751,0.6508717774809837,0.11313785358984298,0.3491282225190163
1.0,1.57,0.1731311910886499,0.6513436564426119,0.11276790304794579,0.34865634355738806
1.0,1.572,0.17244004954170486,0.6518153306359336,0.11239906790690311,0.34818466936406645
1.0,1.574,0.171751667038815,0.652286798244684,0.11203134498593567,0.34771320175531595
1.0,1.576,0.1710660325658576,0.6527580574625718,0.11166473111551824,0.34724194253742824
1.0,1.578,0.17038313515267797,0.6532291064932355,0.11129922313730002,0.3467708935067645
1.0,1.58,0.16970296387291411,0.6536999435502026,0.11093481790402603,0.34630005644979744
1.0,1.582,0.16902550784382206,0.6541705668568467,0.11057151227945947,0.3458294331431533
1.0,1.584,0.1683507562261014,0.6546409746463469,0.11020930313830457,0.34535902535365315
1.0,1.586,0.16767869822372214,0.6551111651616454,0.10984818736613053,0.34488883483835464
1.0,1.588,0.16700932308375194,0.655581136655407,0.10948816185929619,0.34441886334459304
1.0,1.59,0.16634262009618397,0.6560508873899781,0.1091292235248755,0.3439491126100219
1.0,1.592,0.16567857859376567,0.656520415637346,0.10877136928058373,0.343479584362654
1.0,1.594,0.16501718795182793,0.6569897196790982,0.1084145960547045,0.34301028032090175
1.0,1.596,0.1643584375881153,0.6574587978063827,0.10805890078601767,0.3425412021936173
1.0,1.598,0.1637023169626166,0.6579276483198674,0.10770428042372789,0.3420723516801326
1.0,1.6,0.16304881557739617,0.6583962695297005,0.10735073192739376,0.34160373047029946
1.0,1.602,0.1623979229764261,0.6588646597554716,0.10699825226685827,0.3411353402445284
1.0,1.604,0.16174962874541873,0.6593328173261711,0.10664683842217916,0.3406671826738289
1.0,1.606,0.16110392251166036,0.6598007405801524,0.10629648738356098,0.34019925941984763
1.0,1.608,0.16046079394384485,0.6602684278650918,0.10594719615128688,0.33973157213490823
1.0,1.61,0.1598202327519087,0.6607358775379508,0.10559896173565195,0.3392641224620492
1.0,1.612,0.15918222868686627,0.6612030879649371,0.10525178115689678,0.3387969120350629
1.0,1.614,0.15854677154064567,0.6616700575214662,0.10490565144514179,0.33832994247853376
1.0,1.616,0.15791385114592577,0.6621367845921237,0.10456056964032252,0.33786321540787634
1.0,1.618,0.15728345737597316,0.6626032675706272,0.10421653279212527,0.33739673242937285
1.0,1.62,0.15665558014448033,0.6630695048597887,0.10387353795992352,0.33693049514021134
1.0,1.622,0.15603020940540432,0.663535494871477,0.10353158221271515,0.336464505128523
1.0,1.624,0.15540733515280594,0.6640012360265809,0.10319066262906026,0.3359987639734191
1.0,1.6260000000000001,0.15478694742068957,0.6644667267549715,0.10285077629701948,0.33553327324502846
1.0,1.6280000000000001,0.15416903628284387,0.6649319654954658,0.10251192031409316,0.33506803450453415
1.0,1.6300000000000001,0.15355359185268283,0.6653969506957897,0.10217409178716103,0.33460304930421025
1.0,1.6320000000000001,0.15294060428308784,0.6658616808125419,0.10183728783242271,0.33413831918745807
1.0,1.6340000000000001,0.15233006376624975,0.6663261543111573,0.10150150557533856,0.33367384568884273
1.0,1.6360000000000001,0.15172196053351228,0.6667903696658707,0.1011667421505713,0.3332096303341293
1.0,1.6380000000000001,0.15111628485521555,0.6672543253596817,0.10083299470192833,0.33274567464031835
1.0,1.6400000000000001,0.1505130270405405,0.667718019884318,0.10050026038230452,0.332281980115682
1.0,1.6420000000000001,0.14991217743735383,0.6681814517402007,0.10016853635362565,0.3318185482597993
1.0,1.6440000000000001,0.14931372643205346,0.6686446194364083,0.09983781978679236,0.3313553805635917
1.0,1.6460000000000001,0.14871766444941487,0.6691075214906418,0.09950810786162491,0.3308924785093582
1.0,1.6480000000000001,0.14812398195243778,0.6695701564291898,0.09917939776680826,0.3304298435708102
1.0,1.6500000000000001,0.14753266944219368,0.6700325227868935,0.09885168669983786,0.3299674772131065
1.0,1.6520000000000001,0.14694371745767373,0.6704946191071122,0.09852497186696606,0.32950538089288783
1.0,1.6540000000000001,0.14635711657563744,0.6709564439416886,0.09819925048314887,0.32904355605831137
1.0,1.6560000000000001,0.14577285741046195,0.671417995850915,0.09787451977199356,0.328582004149085
1.0,1.6580000000000001,0.14519093061399171,0.6718792734034985,0.09755077696570652,0.3281207265965015
1.0,1.6600000000000001,0.14461132687538913,0.6723402751765277,0.09722801930504194,0.3276597248234723
1.0,1.6620000000000001,0.14403403692098546,0.6728009997554387,0.09690624403925079,0.3271990002445613
1.0,1.6640000000000001,0.14345905151413238,0.6732614457339812,0.09658544842603045,0.32673855426601883
1.0,1.666,0.14288636145505446,0.6737216117141854,0.09626562973147496,0.32627838828581457
1.0,1.668,0.14231595758070148,0.6741814963063288,0.09594678523002535,0.32581850369367116
1.0,1.67,0.14174783076460246,0.6746410981289028,0.09562891220442128,0.3253589018710972
1.0,1.672,0.1411819719167191,0.6751004158085799,0.09531200794565232,0.32489958419142007
1.0,1.674,0.1406183719833007,0.675559447980181,0.09499606975291038,0.32444055201981903
1.0,1.676,0.1400570219467391,0.6760181932866424,0.0946810949335422,0.32398180671335763
1.0,1.678,0.1394979128254244,0.676476650378984,0.0943670808030026,0.32352334962101603
1.0,1.68,0.1389410356736014,0.6769348179162765,0.09405402468480824,0.3230651820837235
1.0,1.682,0.1383863815812263,0.6773926945656094,0.09374192391049149,0.32260730543439065
1.0,1.684,0.1378339416738243,0.6778502790020587,0.09343077581955529,0.32214972099794126
1.0,1.686,0.13728370711234755,0.6783075699086559,0.09312057775942813,0.3216924300913441
1.0,1.688,0.1367356690930336,0.6787645659763553,0.09281132708541949,0.32123543402364474
1.0,1.69,0.13618981884726478,0.679221265904003,0.09250302116067603,0.320778734095997
1.0,1.692,0.1356461476414277,0.6796776683983057,0.09219565735613791,0.3203223316016943
1.0,1.694,0.13510464677677367,0.6801337721737989,0.09188923305049576,0.3198662278262011
1.0,1.696,0.13456530758927934,0.6805895759528163,0.09158374563014793,0.31941042404718367
1.0,1.698,0.1340281214495082,0.6810450784654587,0.09127919248915835,0.3189549215345413
1.0,1.7,0.1334930797624726,0.6815002784495632,0.09097557102921483,0.3184997215504368
1.0,1.702,0.13296017396749601,0.6819551746506723,0.09067287865958752,0.31804482534932765
1.0,1.704,0.1324293955380762,0.6824097658220042,0.09037111279708815,0.3175902341779958
1.0,1.706,0.13190073598174876,0.6828640507244212,0.09007027086602938,0.31713594927557875
1.0,1.708,0.13137418683995133,0.6833180281264007,0.08977035029818489,0.31668197187359926
1.0,1.71,0.13084973968788804,0.6837716968040044,0.08947134853274949,0.3162283031959956
1.0,1.712,0.130327386134395,0.6842250555408484,0.08917326301630003,0.31577494445915155
1.0,1.714,0.12980711782180576,0.6846781031280739,0.08887609120275636,0.31532189687192613
1.0,1.716,0.12928892642581777,0.6851308383643167,0.08857983055334298,0.31486916163568335
1.0,1.718,0.1287728036553592,0.6855832600556784,0.08828447853655094,0.3144167399443216
1.0,1.72,0.12825874125245618,0.6860353670156967,0.08799003262810005,0.3139646329843033
1.0,1.722,0.1277467309921007,0.6864871580653162,0.08769649031090167,0.31351284193468376
1.0,1.724,0.12723676468211909,0.6869386320328593,0.08740384907502172,0.3130613679671407
1.0,1.726,0.12672883416304087,0.687389787753997,0.08711210641764414,0.31261021224600305
1.0,1.728,0.1262229313079682,0.6878406240717201,0.0868212598430347,0.3121593759282799
1.0,1.73,0.12571904802244585,0.6882911398363109,0.08653130686250515,0.31170886016368915
1.0,1.732,0.12521717624433176,0.6887413339053139,0.08624224499437784,0.3112586660946861
1.0,1.734,0.12471730794366802,0.6891912051435077,0.08595407176395053,0.31080879485649227
1.0,1.736,0.12421943512255229,0.6896407524228768,0.08566678470346169,0.3103592475771232
1.0,1.738,0.12372354981500992,0.6900899746225829,0.08538038135205607,0.3099100253774171
1.0,1.74,0.12322964408686654,0.6905388706289373,0.08509485925575072,0.30946112937106274
1.0,1.742,0.12273771003562105,0.6909874393353723,0.08481021596740122,0.3090125606646277
1.0,1.744,0.12224773979031917,0.6914356796424143,0.08452644904666834,0.30856432035758574
1.0,1.746,0.1217597255114275,0.6918835904576548,0.08424355605998496,0.3081164095423452
1.0,1.748,0.12127365939070818,0.6923311706957239,0.08396153458052347,0.3076688293042761
1.0,1.75,0.12078953365109386,0.6927784192782623,0.08368038218816329,0.30722158072173766
1.0,1.752,0.12030734054656331,0.693225335133894,0.08340009646945885,0.30677466486610605
1.0,1.754,0.11982707236201744,0.6936719171981988,0.08312067501760793,0.30632808280180124
1.0,1.756,0.11934872141315596,0.6941181644136857,0.08284211543242016,0.3058818355863143
1.0,1.758,0.11887228004635433,0.6945640757297654,0.08256441532028594,0.3054359242702346
1.0,1.76,0.11839774063854133,0.6950096501027238,0.08228757229414564,0.30499034989727625
1.0,1.762,0.1179250955970771,0.6954548864956945,0.08201158397345919,0.30454511350430546
1.0,1.764,0.11745433735963172,0.6958997838786332,0.08173644798417579,0.30410021612136684
1.0,1.766,0.11698545839406406,0.6963443412282899,0.08146216195870405,0.3036556587717101
1.0,1.768,0.11651845119830141,0.6967885575281836,0.0811887235358825,0.3032114424718164
1.0,1.77,0.11605330830021941,0.697232431768575,0.08091613036095012,0.30276756823142503
1.0,1.772,0.11559002225752245,0.6976759629464411,0.08064438008551753,0.3023240370535589
1.0,1.774,0.1151285856576246,0.6981191500654483,0.08037347036753804,0.30188084993455166
1.0,1.776,0.11466899111753115,0.6985619921359272,0.0801033988712795,0.3014380078640728
1.0,1.778,0.11421123128372022,0.6990044881748458,0.0798341632672958,0.30099551182515416
1.0,1.78,0.11375529883202536,0.6994466372057847,0.07956576123239927,0.3005533627942153
1.0,1.782,0.11330118646751822,0.6998884382589105,0.07929819044963292,0.30011156174108955
1.0,1.784,0.11284888692439182,0.7003298903709506,0.07903144860824313,0.2996701096290494
1.0,1.786,0.11239839296584443,0.700770992585168,0.07876553340365257,0.29922900741483205
1.0,1.788,0.11194969738396361,0.7012117439513353,0.07850044253743337,0.29878825604866466
1.0,1.79,0.11150279299961106,0.7016521435257103,0.07823617371728066,0.29834785647428974
1.0,1.792,0.1110576726623076,0.7020921903710098,0.07797272465698615,0.2979078096289902
1.0,1.794,0.11061432925011883,0.7025318835563853,0.07771009307641215,0.2974681164436147
1.0,1.796,0.11017275566954118,0.7029712221573979,0.07744827670146576,0.29702877784260207
1.0,1.798,0.10973294485538844,0.7034102052559933,0.07718727326407337,0.2965897947440067
1.0,1.8,0.10929488977067865,0.703848831940477,0.07692708050215535,0.296151168059523
1.0,1.802,0.10885858340652156,0.7042871013054898,0.07666769615960096,0.29571289869451023
1.0,1.804,0.10842401878200648,0.704725012451983,0.07640911798624356,0.29527498754801695
1.0,1.806,0.10799118894409054,0.7051625644871946,0.07615134373783607,0.2948374355128054
1.0,1.808,0.10756008696748756,0.7055997565246239,0.0758943711760266,0.2944002434753761
1.0,1.81,0.10713070595455708,0.7060365876840081,0.07563819806833433,0.2939634123159919
1.0,1.812,0.10670303903519411,0.7064730570912978,0.07538282218812567,0.2935269429087022
1.0,1.814,0.10627707936671925,0.7069091638786328,0.0751282413145906,0.2930908361213672
1.0,1.816,0.10585282013376902,0.7073449071843184,0.0748744532327192,0.2926550928156816
1.0,1.818,0.10543025454818704,0.7077802861528014,0.07462145573327851,0.2922197138471986
1.0,1.82,0.10500937584891527,0.7082152999346462,0.07436924661278951,0.29178470006535384
1.0,1.822,0.10459017730188584,0.7086499476865111,0.07411782367350432,0.29135005231348887
1.0,1.824,0.10417265219991345,0.7090842285711251,0.07386718472338374,0.2909157714288749
1.0,1.826,0.1037567938625878,0.7095181417572637,0.07361732757607477,0.2904818582427363
1.0,1.828,0.10334259563616698,0.7099516864197263,0.0733682500508886,0.2900483135802737
1.0,1.83,0.10293005089347082,0.710384861739312,0.07311994997277863,0.28961513826068797
1.0,1.832,0.10251915303377493,0.7108176669027971,0.0728724251723187,0.28918233309720287
1.0,1.834,0.10210989548270505,0.7112501011029115,0.07262567348568169,0.28874989889708846
1.0,1.836,0.10170227169213192,0.7116821635383158,0.07237969275461806,0.2883178364616842
1.0,1.838,0.10129627514006645,0.7121138534135782,0.07213448082643477,0.28788614658642175
1.0,1.84,0.10089189933055544,0.712545169939152,0.07189003555397444,0.28745483006084804
1.0,1.842,0.10048913779357753,0.7129761123313522,0.07164635479559446,0.28702388766864784
1.0,1.844,0.10008798408493978,0.7134066798123333,0.07140343641514654,0.2865933201876667
1.0,1.846,0.09968843178617455,0.7138368716100665,0.07116127828195636,0.2861631283899335
1.0,1.848,0.09929047450443676,0.7142666869583171,0.07091987827080329,0.2857333130416829
1.0,1.85,0.09889410587240162,0.7146961250966221,0.07067923426190054,0.28530387490337794
1.0,1.852,0.0984993195481628,0.7151251852702677,0.07043934414087522,0.2848748147297323
1.0,1.854,0.09810610921513088,0.7155538667302674,0.07020020579874883,0.28444613326973256
1.0,1.856,0.09771446858193239,0.7159821687333395,0.06996181713191772,0.28401783126666047
1.0,1.858,0.09732439138230897,0.7164100905418849,0.06972417604213381,0.28358990945811513
1.0,1.86,0.09693587137501737,0.7168376314239652,0.0694872804364856,0.28316236857603483
1.0,1.862,0.09654890234372934,0.7172647906532807,0.06925112822737907,0.28273520934671925
1.0,1.864,0.09616347809693232,0.7176915675091489,0.06901571733251906,0.28230843249085114
1.0,1.866,0.0957795924678303,0.7181179612764818,0.06878104567489056,0.28188203872351825
1.0,1.868,0.09539723931424521,0.7185439712457652,0.06854711118274039,0.2814560287542348
1.0,1.87,0.0950164125185186,0.7189695967130366,0.06831391178955884,0.2810304032869634
1.0,1.872,0.09463710598741375,0.7193948369798635,0.06808144543406158,0.2806051630201365
1.0,1.874,0.09425931365201827,0.7198196913533222,0.06784971006017179,0.28018030864667776
1.0,1.8760000000000001,0.09388302946764689,0.7202441591459764,0.06761870361700226,0.2797558408540236
1.0,1.8780000000000001,0.09350824741374475,0.7206682396758557,0.06738842405883781,0.2793317603241443
1.0,1.8800000000000001,0.09313496149379115,0.7210919322664344,0.06715886934511782,0.2789080677335656
1.0,1.8820000000000001,0.09276316573520353,0.7215152362466106,0.06693003744041887,0.2784847637533894
1.0,1.8840000000000001,0.09239285418924201,0.7219381509506848,0.06670192631443761,0.2780618490493152
1.0,1.8860000000000001,0.09202402093091401,0.722360675718339,0.06647453394197361,0.27763932428166105
1.0,1.8880000000000001,0.09165666005887974,0.7227828098946157,0.06624785830291269,0.27721719010538426
1.0,1.8900000000000001,0.09129076569535748,0.7232045528298975,0.06602189738220995,0.2767954471701025
1.0,1.8920000000000001,0.09092633198602974,0.7236259038798855,0.06579664916987331,0.27637409612011454
1.0,1.8940000000000001,0.09056335309994953,0.7240468624055793,0.06557211166094705,0.27595313759442075
1.0,1.8960000000000001,0.09020182322944702,0.7244674277732559,0.0653482828554954,0.2755325722267441
1.0,1.8980000000000001,0.08984173659003672,0.7248875993544497,0.06512516075858654,0.2751124006455503
1.0,1.9000000000000001,0.08948308742032479,0.7253073765259314,0.06490274338027635,0.27469262347406864
1.0,1.9020000000000001,0.08912586998191697,0.7257267586696877,0.06468102873559263,0.2742732413303123
1.0,1.9040000000000001,0.08877007855932675,0.7261457451729016,0.06446001484451934,0.27385425482709835
1.0,1.9060000000000001,0.08841570745988386,0.7265643354279313,0.0642396997319809,0.2734356645720687
1.0,1.9080000000000001,0.08806275101364325,0.7269825288322903,0.06402008142782671,0.2730174711677097
1.0,1.9100000000000001,0.08771120357329434,0.7274003247886276,0.06380115796681574,0.2725996752113724
1.0,1.9120000000000001,0.0873610595140707,0.727817722704707,0.06358292738860132,0.272182277295293
1.0,1.9140000000000001,0.08701231323365996,0.7282347219933879,0.06336538773771595,0.2717652780066121
1.0,1.9160000000000001,0.0866649591521143,0.7286513220726046,0.06314853706355636,0.27134867792739537
1.0,1.9180000000000001,0.0863189917117611,0.7290675223653471,0.0629323734203686,0.2709324776346529
1.0,1.92,0.08597440537711404,0.7294833222996409,0.06271689486723325,0.27051667770035914
1.0,1.922,0.08563119463478443,0.7298987213085274,0.06250209946805078,0.2701012786914726
1.0,1.924,0.08528935399339316,0.7303137188300445,0.062287985291527063,0.2696862811699555
1.0,1.926,0.08494887798348276,0.7307283143072067,0.062074550411158946,0.26927168569279325
1.0,1.928,0.08460976115742991,0.7311425071879859,0.06186179290521997,0.2688574928120141
1.0,1.93,0.08427199808935817,0.7315562969252914,0.0616497108567461,0.26844370307470855
1.0,1.932,0.08393558337505137,0.7319696829769515,0.06143830235352184,0.26803031702304847
1.0,1.934,0.08360051163186694,0.7323826648056931,0.06122756548806605,0.26761733519430686
1.0,1.936,0.08326677749864991,0.7327952418791235,0.06101749835761832,0.2672047581208765
1.0,1.938,0.0829343756356471,0.7332074136697103,0.06080809906412504,0.2667925863302897
1.0,1.94,0.08260330072442167,0.733619179654763,0.06059936571422591,0.266380820345237
1.0,1.942,0.08227354746776802,0.7340305393164135,0.060391296419240306,0.2659694606835865
1.0,1.944,0.08194511058962707,0.7344414921415975,0.060183889295153926,0.2655585078584025
1.0,1.946,0.08161798483500184,0.7348520376220354,0.059977142462605486,0.26514796237796456
1.0,1.948,0.0812921649698733,0.7352621752542134,0.05977105404687342,0.26473782474578655
1.0,1.95,0.08096764578111677,0.7356719045393648,0.05956562217786284,0.2643280954606352
1.0,1.952,0.08064442207641827,0.7360812249834512,0.059360844990092435,0.2639187750165488
1.0,1.954,0.08032248868419176,0.7364901360971441,0.0591567206226817,0.2635098639028559
1.0,1.956,0.08000184045349609,0.736898637395806,0.05895324721933794,0.26310136260419403
1.0,1.958,0.0796824722539528,0.7373067283994721,0.05875042292834364,0.2626932716005279
1.0,1.96,0.07936437897566391,0.7377144086328317,0.05854824590254384,0.26228559136716834
1.0,1.962,0.07904755552913025,0.7381216776252096,0.05834671429933353,0.26187832237479036
1.0,1.964,0.07873199684516996,0.7385285349105486,0.0581458262806453,0.2614714650894514
1.0,1.966,0.07841769787483738,0.73893498002739,0.05794558001293686,0.26106501997261
1.0,1.968,0.07810465358934233,0.7393410125188563,0.05774597366717889,0.2606589874811437
1.0,1.97,0.07779285897996961,0.7397466319326328,0.057547005418842785,0.2602533680673672
1.0,1.972,0.07748230905799887,0.7401518378209493,0.057348673447888646,0.2598481621790507
1.0,1.974,0.07717299885462474,0.7405566297405622,0.057150975938753165,0.25944337025943776
1.0,1.976,0.07686492342087742,0.7409610072527367,0.05695391108033781,0.2590389927472633
1.0,1.978,0.07655807782754344,0.7413649699232285,0.05675747706599693,0.25863503007677147
1.0,1.98,0.07625245716508677,0.7417685173222663,0.05656167209352604,0.25823148267773366
1.0,1.982,0.07594805654357036,0.7421716490245339,0.056366494365150156,0.2578283509754661
1.0,1.984,0.07564487109257777,0.7425743646091524,0.056171942087512174,0.2574256353908476
1.0,1.986,0.07534289596113534,0.7429766636596623,0.055978013471661384,0.2570233363403377
1.0,1.988,0.0750421263176346,0.7433785457640065,0.05578470673304209,0.2566214542359935
1.0,1.99,0.07474255734975487,0.7437800105145121,0.0555920200914822,0.25621998948548785
1.0,1.992,0.07444418426438625,0.7441810575078733,0.05539995177118194,0.25581894249212667
1.0,1.994,0.07414700228755304,0.7445816863451337,0.05520850000070272,0.25541831365486634
1.0,1.996,0.07385100666433733,0.7449818966316688,0.05501766301295604,0.2550181033683312
1.0,1.998,0.07355619265880287,0.7453816879771693,0.05482743904519235,0.2546183120228307
1.0,2.0,0.07326255555391925,0.7457810599956232,0.05463782633899013,0.25421894000437684
1.0,2.0020000000000002,0.07297009065148657,0.7461800123052985,0.054448823140245,0.2538199876947015
1.0,2.004,0.07267879327206027,0.7465785445287269,0.05426042769915898,0.25342145547127315
1.0,2.0060000000000002,0.07238865875487595,0.7469766562926854,0.05407263827022946,0.2530233437073146
1.0,2.008,0.07209968245777529,0.7473743472281804,0.0538854531122389,0.2526256527718196
1.0,2.0100000000000002,0.07181185975713127,0.74777161697043,0.0536988704882438,0.25222838302956996
1.0,2.012,0.07152518604777469,0.7481684651588475,0.053512888665564605,0.2518315348411525
1.0,2.0140000000000002,0.07123965674291997,0.7485648914370241,0.05332750591577475,0.2514351085629759
1.0,2.016,0.07095526727409229,0.7489608954527123,0.0531427205146907,0.25103910454728773
1.0,2.0180000000000002,0.07067201309105399,0.7493564768578092,0.05295853074236118,0.25064352314219085
1.0,2.02,0.07038988966173224,0.7497516353083394,0.05277493488305732,0.25024836469166056
1.0,2.0220000000000002,0.07010889247214602,0.750146370464439,0.05259193122526197,0.249853629535561
1.0,2.024,0.0698290170263345,0.7505406819903381,0.05240951806166002,0.24945931800966192
1.0,2.0260000000000002,0.0695502588462844,0.750934569554345,0.05222769368912785,0.249065430445655
1.0,2.028,0.06927261347185908,0.7513280328288293,0.05204645640872374,0.24867196717117068
1.0,2.0300000000000002,0.06899607646072649,0.7517210714902055,0.05186580452567746,0.2482789285097945
1.0,2.032,0.06872064338828872,0.7521136852189165,0.0516857363493808,0.24788631478108347
1.0,2.0340000000000003,0.0684463098476106,0.7525058736994177,0.051506250193377276,0.24749412630058232
1.0,2.036,0.0681730714493498,0.75289763662016,0.05132734437535277,0.24710236337984004
1.0,2.0380000000000003,0.06790092382168597,0.7532889736735741,0.051149017217125364,0.24671102632642594
1.0,2.04,0.06762986261025143,0.7536798845560541,0.050971267044636094,0.24632011544394594
1.0,2.0420000000000003,0.06735988347806088,0.7540703689679413,0.0507940921879389,0.24592963103205867
1.0,2.044,0.0670909821054426,0.7544604266135083,0.05061749098119148,0.24553957338649168
1.0,2.0460000000000003,0.06682315418996881,0.7548500572009427,0.05044146176264537,0.24514994279905733
1.0,2.048,0.06655639544638721,0.7552392604423311,0.05026600287463681,0.24476073955766886
1.0,2.05,0.06629070160655223,0.7556280360536437,0.050091112663577186,0.2443719639463563
1.0,2.052,0.06602606841935668,0.7560163837547176,0.0499167894799436,0.24398361624528242
1.0,2.054,0.06576249165066406,0.7564043032692416,0.049743031678269864,0.24359569673075843
1.0,2.056,0.06549996708324035,0.75679179432474,0.04956983761713687,0.24320820567526003
1.0,2.058,0.06523849051668698,0.7571788566525571,0.04939720565916374,0.24282114334744287
1.0,2.06,0.06497805776737321,0.7575654899878417,0.04922513417099837,0.24243451001215832
1.0,2.062,0.06471866466836963,0.7579516940695307,0.049053621523308645,0.24204830593046933
1.0,2.064,0.06446030706938101,0.7583374686403342,0.04888266609077304,0.24166253135966576
1.0,2.066,0.0642029808366804,0.7587228134467201,0.048712266252072006,0.2412771865532799
1.0,2.068,0.06394668185304242,0.7591077282388977,0.04854242038987858,0.24089227176110228
1.0,2.07,0.06369140601767806,0.7594922127708031,0.04837312689084996,0.24050778722919686
1.0,2.072,0.06343714924616836,0.7598762668000837,0.04820438414561816,0.2401237331999163
1.0,2.074,0.06318390747039969,0.7602598900880824,0.04803619054878163,0.23974010991191763
1.0,2.076,0.06293167663849812,0.7606430823998226,0.04786854449889612,0.2393569176001774
1.0,2.078,0.06268045271476509,0.761025843503993,0.047701444398466256,0.23897415649600695
1.0,2.08,0.062430231679612355,0.7614081731729324,0.047534888653936576,0.2385918268270676
1.0,2.082,0.06218100952949814,0.7617900711826143,0.04736887567568321,0.23820992881738567
1.0,2.084,0.06193278227686261,0.7621715373126321,0.04720340387800491,0.2378284626873679
1.0,2.086,0.06168554595006454,0.7625525713461837,0.04703847167911489,0.2374474286538163
1.0,2.088,0.06143929659331735,0.7629331730700568,0.04687407750113194,0.2370668269299432
1.0,2.09,0.06119403026662617,0.7633133422746139,0.0467102197700723,0.2366866577253861
1.0,2.092,0.06094974304572444,0.7636930787537771,0.046546896915840914,0.23630692124622288
1.0,2.094,0.060706431022011544,0.7640723823050137,0.04638410737222335,0.23592761769498627
1.0,2.096,0.0604640903024898,0.7644512527293208,0.046221849576877104,0.2355487472706792
1.0,2.098,0.06022271700970265,0.7648296898312108,0.04606012197132366,0.2351703101687892
1.0,2.1,0.05998230728167215,0.7652076934186969,0.045898923000939854,0.23479230658130312
1.0,2.102,0.05974285727183763,0.765585263303278,0.045738251114949974,0.23441473669672197
1.0,2.104,0.05950436314899373,0.7659623992999244,0.04557810476641724,0.23403760070007562
1.0,2.106,0.059266821097229506,0.7663391012270628,0.045418482412235985,0.23366089877293716
1.0,2.108,0.05903022731586697,0.7667153689065623,0.04525938251312318,0.23328463109343767
1.0,2.11,0.05879457801940068,0.7670912021637194,0.045100803533610664,0.2329087978362806
1.0,2.112,0.05855986943743676,0.7674666008272436,0.04494274394203678,0.2325333991727564
1.0,2.114,0.05832609781463299,0.7678415647292434,0.0447852022105387,0.23215843527075664
1.0,2.116,0.05809325941063835,0.7682160937052113,0.0446281768150441,0.23178390629478873
1.0,2.118,0.0578613505000335,0.7685901875940101,0.04447166623526352,0.2314098124059899
1.0,2.12,0.05763036737227081,0.7689638462378582,0.044315668954682134,0.23103615376214182
1.0,2.122,0.057400306331615435,0.7693370694823154,0.04416018346055221,0.2306629305176846
1.0,2.124,0.057171163697085726,0.7697098571762688,0.04400520824388494,0.23029014282373117
1.0,2.126,0.05694293580239471,0.7700822091719189,0.04385074179944288,0.22991779082808106
1.0,2.128,0.056715618995891136,0.7704541253247649,0.04369678262573192,0.22954587467523513
1.0,2.13,0.056489209640501366,0.770825605493591,0.04354332922499386,0.22917439450640897
1.0,2.132,0.05626370411367075,0.7711966495404526,0.04339038010319827,0.22880335045954736
1.0,2.134,0.05603909880730618,0.7715672573306619,0.043237933770035195,0.2284327426693381
1.0,2.136,0.055815390127717864,0.771937428732774,0.04308598873890719,0.22806257126722596
1.0,2.138,0.05559257449556225,0.7723071636185734,0.04293454352692193,0.22769283638142657
1.0,2.14,0.055370648345784375,0.7726764618630597,0.04278359665488435,0.22732353813694028
1.0,2.142,0.05514960812756121,0.7730453233444342,0.04263314664728939,0.2269546766555658
1.0,2.144,0.05492945030424447,0.7734137479440857,0.04248319203231411,0.22658625205591432
1.0,2.146,0.05471017135330435,0.7737817355465771,0.04233373134181047,0.22621826445342286
1.0,2.148,0.054491767766272896,0.7741492860396318,0.04218476311129759,0.22585071396036815
1.0,2.15,0.05427423604868815,0.7745163993141198,0.04203628587995454,0.22548360068588025
1.0,2.152,0.054057572720037875,0.774883075264044,0.04188829819061264,0.22511692473595601
1.0,2.154,0.053841774313704314,0.7752493137865272,0.041740798589748336,0.22475068621347283
1.0,2.156,0.053626837376908265,0.775615114781798,0.04159378562747552,0.224384885218202
1.0,2.158,0.053412758470654235,0.7759804781531778,0.04144725785753847,0.22401952184682217
1.0,2.16,0.05319953416967508,0.7763454038070671,0.041301213837304264,0.22365459619293293
1.0,2.162,0.05298716106237753,0.776709891652932,0.04115565212775571,0.22329010834706797
1.0,2.164,0.052775635750787246,0.7770739416032912,0.041010571293483816,0.22292605839670876
1.0,2.166,0.052564954850494824,0.7774375535737026,0.04086596990268083,0.2225624464262974
1.0,2.168,0.05235511499060127,0.7778007274827499,0.04072184652713269,0.22219927251725013
1.0,2.17,0.05214611281366445,0.7781634632520292,0.04057819974221215,0.22183653674797077
1.0,2.172,0.05193794497564498,0.7785257608061367,0.040435028126871275,0.22147423919386333
1.0,2.174,0.05173060814585312,0.7788876200726543,0.0402923302636346,0.22111237992734567
1.0,2.176,0.051524099006895044,0.7792490409821375,0.040150104738591666,0.22075095901786246
1.0,2.178,0.051318414254620255,0.7796100234681019,0.04000835014139027,0.22038997653189807
1.0,2.18,0.05111355059806822,0.7799705674670103,0.03986706506522902,0.22002943253298968
1.0,2.182,0.05090950475941617,0.7803306729182596,0.03972624810685056,0.21966932708174036
1.0,2.184,0.05070627347392623,0.7806903397641681,0.03958589786653429,0.21930966023583187
1.0,2.186,0.050503853489893585,0.7810495679499624,0.03944601294808958,0.2189504320500376
1.0,2.188,0.0503022415685941,0.7814083574237645,0.03930659195884852,0.21859164257623553
1.0,2.19,0.05010143448423282,0.7817667081365792,0.03916763350965918,0.21823329186342078
1.0,2.192,0.04990142902389202,0.7821246200422813,0.03902913621487841,0.21787537995771866
1.0,2.194,0.04970222198748015,0.7824820930976027,0.038891098692365164,0.21751790690239725
1.0,2.196,0.04950381018768032,0.7828391272621197,0.03875351956347329,0.21716087273788032
1.0,2.198,0.04930619044989955,0.7831957224982404,0.03861639745304492,0.21680427750175957
1.0,2.2,0.04910935961221776,0.7835518787711923,0.038479730989403334,0.21644812122880774
1.0,2.202,0.04891331452533743,0.7839075960490092,0.038343518804346347,0.21609240395099083
1.0,2.204,0.048718052052532906,0.7842628743025192,0.0382077595331392,0.21573712569748082
1.0,2.206,0.048523569069600536,0.7846177135053319,0.03807245181450802,0.21538228649466806
1.0,2.208,0.04832986246480836,0.7849721136338262,0.03793759429063274,0.21502788636617376
1.0,2.21,0.04813692913884667,0.7853260746671374,0.037803185607140605,0.21467392533286256
1.0,2.212,0.04794476600477803,0.7856795965871451,0.03766922441309908,0.21432040341285485
1.0,2.214,0.047753369987988306,0.786032679378461,0.03753570936100943,0.213967320621539
1.0,2.216,0.04756273802613704,0.7863853230284162,0.03740263910679971,0.21361467697158376
1.0,2.218,0.04737286706910887,0.7867375275270495,0.037270012309818294,0.2132624724729505
1.0,2.22,0.04718375407896436,0.7870892928670945,0.03713782763282694,0.2129107071329055
1.0,2.222,0.046995396029891695,0.7874406190439679,0.03700608374199435,0.2125593809560321
1.0,2.224,0.046807789908158,0.787791506055757,0.036874779306889253,0.21220849394424302
1.0,2.226,0.04662093271206142,0.7881419539032078,0.03674391300047407,0.21185804609679215
1.0,2.228,0.04643482145188274,0.788491962589713,0.036613483499097925,0.211508037410287
1.0,2.23,0.04624945314983791,0.7888415321212995,0.036483489482490396,0.21115846787870052
1.0,2.232,0.04606482484003006,0.7891906625066168,0.036353929633754584,0.21080933749338315
1.0,2.234,0.04588093356840238,0.7895393537569252,0.03622480263936083,0.2104606462430748
1.0,2.236,0.045697776392690515,0.7898876058860831,0.03609610718913988,0.2101123941139169
1.0,2.238,0.045515350382375835,0.790235418910536,0.03596784197627659,0.20976458108946405
1.0,2.24,0.045333652618638205,0.7905827928493038,0.03584000569730315,0.20941720715069623
1.0,2.242,0.045152680194309604,0.7909297277239697,0.03571259705209277,0.20907027227603026
1.0,2.244,0.044972430213827304,0.7912762235586682,0.03558561474385302,0.20872377644133178
1.0,2.246,0.04479289979318785,0.7916222803800729,0.03545905747911946,0.20837771961992713
1.0,2.248,0.044614086059900616,0.7919678982173853,0.03533292396774904,0.20803210178261466
1.0,2.25,0.04443598615294211,0.792313077102323,0.035207212922913775,0.20768692289767698
1.0,2.2520000000000002,0.044258597222709965,0.7926578170691079,0.03508192306109416,0.20734218293089213
1.0,2.254,0.044081916430977586,0.7930021181544546,0.03495705310207289,0.20699788184554535
1.0,2.2560000000000002,0.04390594095084845,0.7933459803975593,0.03483260176892822,0.20665401960244068
1.0,2.258,0.04373066796671121,0.7936894038400876,0.03470856778802783,0.20631059615991243
1.0,2.2600000000000002,0.04355609467419431,0.7940323885261633,0.03458494988902221,0.2059676114738367
1.0,2.262,0.043382218280121405,0.794374934502357,0.03446174680483839,0.20562506549764303
1.0,2.2640000000000002,0.043209036002466415,0.7947170418176744,0.0343389572716735,0.20528295818232556
1.0,2.266,0.043036545070309275,0.7950587105235456,0.034216580028988544,0.2049412894764544
1.0,2.2680000000000002,0.042864742723791316,0.7953999406738127,0.03409461381950186,0.2046000593261873
1.0,2.27,0.04269362621407141,0.7957407323247192,0.03397305738918301,0.2042592676752808
1.0,2.2720000000000002,0.04252319280328167,0.7960810855348986,0.033851909487246264,0.20391891446510135
1.0,2.274,0.042353439764483976,0.7964210003653632,0.03373116886614448,0.20357899963463677
1.0,2.2760000000000002,0.04218436438162599,0.7967604768794926,0.033610834281562606,0.20323952312050741
1.0,2.278,0.04201596394949807,0.7970995151430226,0.03349090449241163,0.20290048485697743
1.0,2.2800000000000002,0.04184823577368963,0.7974381152240342,0.03337137826082206,0.20256188477596582
1.0,2.282,0.04168117717054635,0.7977762771929426,0.03325225435213794,0.20222372280705736
1.0,2.2840000000000003,0.04151478546712695,0.7981140011224859,0.03313353153491032,0.20188599887751413
1.0,2.286,0.0413490580011607,0.7984512870877138,0.03301520858089129,0.20154871291228615
1.0,2.2880000000000003,0.04118399212100453,0.7987881351659774,0.03289728426502751,0.20121186483402265
1.0,2.29,0.04101958518560091,0.7991245454369172,0.03277975736545423,0.20087545456308276
1.0,2.2920000000000003,0.0408558345644353,0.7994605179824531,0.032662626663488854,0.2005394820175469
1.0,2.294,0.04069273763749432,0.7997960528867729,0.032545890943624985,0.2002039471132271
1.0,2.2960000000000003,0.04053029179522362,0.8001311502363216,0.03242954899352602,0.19986884976367836
1.0,2.298,0.04036849443848632,0.8004658101197906,0.032313599604019215,0.19953418988020943
1.0,2.3000000000000003,0.04020734297852117,0.8008000326281068,0.03219804156908923,0.19919996737189316
1.0,2.302,0.04004683483690147,0.8011338178544221,0.03208287368587234,0.19886618214557794
1.0,2.3040000000000003,0.039886967445493436,0.8014671658941022,0.03196809475464994,0.19853283410589784
1.0,2.306,0.039727738246415484,0.8018000768447162,0.03185370357884271,0.19819992315528379
1.0,2.308,0.039569144691996995,0.8021325508060262,0.03173969896500428,0.1978674491939738
1.0,2.31,0.03941118424473767,0.802464587879976,0.03162607972281522,0.197535412120024
1.0,2.312,0.039253854377267056,0.802796188170681,0.03151284466507699,0.197203811829319
1.0,2.314,0.03909715257230385,0.8031273517844174,0.031399992607705714,0.1968726482155826
1.0,2.316,0.038941076322615904,0.803458078829612,0.03128752236972626,0.19654192117038805
1.0,2.318,0.038785623130979816,0.8037883694168311,0.031175432773265992,0.19621163058316893
1.0,2.32,0.03863079051014128,0.8041182236587706,0.0310637226435489,0.19588177634122939
1.0,2.322,0.038476575982774985,0.8044476416702454,0.03095239080888934,0.1955523583297546
1.0,2.324,0.03832297708144528,0.8047766235681788,0.030841436100686234,0.1952233764318212
1.0,2.326,0.03816999134856639,0.8051051694715924,0.030730857353416758,0.19489483052840761
1.0,2.328,0.0380176163363634,0.8054332795015955,0.030620653404630604,0.1945667204984045
1.0,2.33,0.03786584960683279,0.805760953781375,0.030510823094943695,0.19423904621862498
1.0,2.332,0.03771468873170372,0.8060881924361851,0.030401365268032412,0.19391180756381488
1.0,2.334,0.037564131292398904,0.806414995593337,0.030292278770627394,0.19358500440666304
1.0,2.336,0.03741417487999616,0.8067413633821886,0.030183562452507737,0.1932586366178114
1.0,2.338,0.03726481709518962,0.8070672959341347,0.030075215166494803,0.19293270406586527
1.0,2.34,0.03711605554825163,0.8073927933825965,0.0299672357684465,0.1926072066174035
1.0,2.342,0.03696788785899416,0.8077178558630115,0.029859623117251016,0.19228214413698852
1.0,2.344,0.036820311656731115,0.8080424835128235,0.029752376074821174,0.19195751648717652
1.0,2.346,0.03667332458024005,0.8083666764714726,0.029645493506088215,0.19163332352852736
1.0,2.348,0.036526924277724644,0.8086904348803854,0.02953897427899605,0.1913095651196146
1.0,2.35,0.0363811084067769,0.8090137588829643,0.029432817264495193,0.19098624111703566
1.0,2.352,0.03623587463433981,0.8093366486245785,0.02932702133653696,0.19066335137542145
1.0,2.354,0.036091220636669884,0.8096591042525534,0.029221585372067406,0.19034089574744661
1.0,2.356,0.0359471440993001,0.8099811259161608,0.029116508251021574,0.19001887408383922
1.0,2.358,0.03580364271700275,0.8103027137666092,0.029011788856317423,0.18969728623339077
1.0,2.36,0.035660714193752704,0.8106238679570342,0.028907426073850127,0.18937613204296577
1.0,2.362,0.035518356242690494,0.8109445886424883,0.028803418792485998,0.1890554113575117
1.0,2.364,0.035376566586085914,0.8112648759799311,0.028699765904056766,0.18873512402006887
1.0,2.366,0.035235342955301376,0.8115847301282201,0.028596466303353548,0.18841526987177992
1.0,2.368,0.035094683090755835,0.8119041512481002,0.02849351888812117,0.18809584875189977
1.0,2.37,0.0349545847418884,0.8122231395021949,0.02839092255905212,0.18777686049780506
1.0,2.372,0.03481504566712256,0.8125416950549962,0.028288676219780866,0.18745830494500382
1.0,2.374,0.034676063633830086,0.8128598180728549,0.028186778776877863,0.1871401819271451
1.0,2.376,0.03453763641829553,0.8131775087239712,0.028085229139843855,0.1868224912760288
1.0,2.378,0.03439976180568043,0.8134947671783853,0.027984026221103915,0.18650523282161469
1.0,2.38,0.03426243758998813,0.8138115936079675,0.02788316893600177,0.1861884063920325
1.0,2.382,0.034125661574028146,0.814127988186409,0.027782656202793778,0.18587201181359103
1.0,2.384,0.033989431569381404,0.8144439510892124,0.0276824869426434,0.18555604891078759
1.0,2.386,0.03385374539636484,0.8147594824936824,0.0275826600796151,0.18524051750631765
1.0,2.388,0.03371860088399686,0.815074582578916,0.02748317454066881,0.18492541742108404
1.0,2.39,0.03358399586996232,0.8153892515257937,0.027384029255653926,0.18461074847420633
1.0,2.392,0.03344992820057818,0.8157034895169696,0.027285223157303713,0.18429651048303042
1.0,2.394,0.03331639573075883,0.8160172967368626,0.02718675518122937,0.18398270326313737
1.0,2.396,0.03318339632398194,0.8163306733716469,0.02708862426591441,0.1836693266283531
1.0,2.398,0.033050927852254115,0.8166436196092425,0.026990829352708728,0.18335638039075752
1.0,2.4,0.03291898819607704,0.8169561356393066,0.026893369385823047,0.18304386436069342
1.0,2.402,0.03278757524441334,0.8172682216532239,0.02679624331232296,0.18273177834677612
1.0,2.404,0.03265668689465305,0.8175798778440976,0.026699450082123384,0.18242012215590242
1.0,2.406,0.03252632105257972,0.8178911044067404,0.02660298864798264,0.1821088955932596
1.0,2.408,0.032396475632337156,0.8182019015376654,0.0265068579654969,0.18179809846233463
1.0,2.41,0.03226714855639579,0.8185122694350767,0.02641105699309428,0.1814877305649233
1.0,2.412,0.03213833775551973,0.8188222082988609,0.026315584692029322,0.18117779170113912
1.0,2.414,0.03201004116873334,0.8191317183305776,0.026220440026377075,0.18086828166942237
1.0,2.416,0.03188225674328857,0.8194407997334509,0.02612562196302759,0.18055920026654915
1.0,2.418,0.031754982434631804,0.8197494527123598,0.026031129471680018,0.18025054728764023
1.0,2.42,0.03162821620637146,0.8200576774738301,0.025936961524837134,0.17994232252616993
1.0,2.422,0.031501956030245123,0.8203654742260248,0.025843117097799424,0.1796345257739752
1.0,2.424,0.03137619988608735,0.8206728431787358,0.02574959516865963,0.1793271568212642
1.0,2.426,0.031250945761797065,0.8209797845433747,0.025656394718296845,0.17902021545662528
1.0,2.428,0.0311261916533057,0.8212862985329642,0.025563514730371082,0.1787137014670358
1.0,2.43,0.031001935564544777,0.8215923853621291,0.02547095419131737,0.17840761463787091
1.0,2.432,0.030878175507414285,0.8218980452470879,0.025378712090340306,0.17810195475291213
1.0,2.434,0.03075490950175062,0.8222032784056437,0.025286787419408242,0.17779672159435633
1.0,2.436,0.030632135575295115,0.8225080850571759,0.02519517917324778,0.17749191494282412
1.0,2.438,0.030509851763662266,0.8228124654226312,0.025103886349337964,0.1771875345773688
1.0,2.44,0.030388056110308544,0.8231164197245154,0.025012907947904853,0.17688358027548456
1.0,2.442,0.030266746666500838,0.8234199481868844,0.024922242971915674,0.17658005181311565
1.0,2.444,0.03014592149128551,0.8237230510353355,0.024831890427073393,0.1762769489646645
1.0,2.446,0.03002557865145713,0.8240257284969996,0.02474184932181092,0.17597427150300038
1.0,2.448,0.02990571622152774,0.8243279808005319,0.024652118667285675,0.17567201919946807
1.0,2.45,0.02978633228369586,0.824629808176104,0.024562697477373812,0.17537019182389602
1.0,2.452,0.02966742492781598,0.8249312108553948,0.02447358476866476,0.17506878914460522
1.0,2.454,0.029548992251367832,0.8252321890715828,0.024384779560455514,0.1747678109284172
1.0,2.456,0.029431032359426103,0.8255327430593372,0.024296280874745148,0.17446725694066278
1.0,2.458,0.029313543364629966,0.8258328730548098,0.02420808773622912,0.1741671269451902
1.0,2.46,0.02919652338715304,0.8261325792956264,0.02412019917229382,0.17386742070437355
1.0,2.462,0.029079970554673144,0.8264318620208788,0.024032614213010856,0.17356813797912118
1.0,2.464,0.028963883002342518,0.826730721471116,0.023945331891131624,0.17326927852888396
1.0,2.466,0.028848258872757798,0.8270291578883366,0.02385835124208162,0.17297084211166336
1.0,2.468,0.0287330963159305,0.8273271715159801,0.023771671303955008,0.17267282848401988
1.0,2.47,0.028618393489257203,0.8276247625989189,0.02368529111750894,0.17237523740108107
1.0,2.472,0.02850414855749028,0.82792193138345,0.023599209726158133,0.17207806861654995
1.0,2.474,0.028390359692708343,0.8282186781172869,0.023513426175969205,0.1717813218827131
1.0,2.476,0.028277025074287174,0.8285150030495515,0.023427939515655284,0.1714849969504485
1.0,2.478,0.02816414288887041,0.828810906430766,0.0233427487965703,0.17118909356923395
1.0,2.48,0.028051711330340734,0.8291063885128449,0.023257853072703658,0.1708936114871551
1.0,2.482,0.02793972859979075,0.8294014495490866,0.023173251400674517,0.17059855045091343
1.0,2.484,0.02782819290549443,0.8296960897941659,0.023088942839726477,0.17030391020583413
1.0,2.486,0.027717102462878247,0.8299903095041258,0.023004926451721884,0.17000969049587422
1.0,2.488,0.02760645549449279,0.8302841089363694,0.022921201301136482,0.1697158910636306
1.0,2.49,0.027496250229984157,0.8305774883496521,0.022837766455053785,0.16942251165034794
1.0,2.492,0.02738648490606582,0.8308704480040736,0.022754620983159706,0.16912955199592639
1.0,2.494,0.027277157766490194,0.8311629881610704,0.02267176395773694,0.16883701183892963
1.0,2.496,0.02716826706202077,0.8314551090834073,0.02258919445365962,0.16854489091659275
1.0,2.498,0.027059811050403903,0.83174681103517,0.0225069115483877,0.16825318896483
1.0,2.5,0.026951787996341146,0.8320380942817573,0.02242491432196163,0.16796190571824265
1.0,2.5020000000000002,0.026844196171461273,0.8323289590898733,0.022343201856996724,0.16767104091012675
1.0,2.504,0.026737033854292845,0.8326194057275191,0.022261773238677868,0.16738059427248086
1.0,2.5060000000000002,0.026630299330236452,0.8329094344639864,0.022180627554753918,0.16709056553601365
1.0,2.508,0.02652399089153748,0.8331990455698481,0.022099763895532375,0.16680095443015186
1.0,2.5100000000000002,0.026418106837258596,0.8334882393169523,0.022019181353873804,0.16651176068304774
1.0,2.512,0.026312645473252714,0.8337770159784132,0.021938879025186552,0.16622298402158675
1.0,2.5140000000000002,0.026207605112135716,0.8340653758286047,0.02185885600742114,0.16593462417139526
1.0,2.516,0.026102984073259634,0.8343533191431519,0.021779111401065008,0.16564668085684808
1.0,2.5180000000000002,0.02599878068268556,0.8346408461989241,0.021699644309136918,0.1653591538010759
1.0,2.52,0.02589499327315708,0.8349279572740268,0.021620453837181704,0.1650720427259732
1.0,2.5220000000000002,0.02579162018407337,0.8352146526477948,0.021541539093264693,0.16478534735220518
1.0,2.524,0.025688659761462847,0.8355009326007841,0.021462899187966445,0.16449906739921594
1.0,2.5260000000000002,0.025586110357956514,0.8357867974147647,0.021384533234377213,0.1642132025852353
1.0,2.528,0.02548397033276176,0.8360722473727134,0.02130644034809168,0.16392775262728665
1.0,2.5300000000000002,0.02538223805163597,0.8363572827588058,0.021228619647203427,0.16364271724119417
1.0,2.532,0.02528091188686052,0.8366419038584096,0.021151070252299682,0.16335809614159036
1.0,2.5340000000000003,0.025179990217214558,0.8369261109580769,0.0210737912864558,0.1630738890419231
1.0,2.536,0.02507947142794927,0.8372099043455365,0.020996781875230023,0.16279009565446345
1.0,2.5380000000000003,0.024979353910761833,0.8374932843096876,0.020920041146657967,0.1625067156903124
1.0,2.54,0.02487963606376989,0.8377762511405913,0.020843568231247396,0.1622237488594087
1.0,2.5420000000000003,0.024780316291485704,0.8380588051294642,0.020767362261972705,0.16194119487053582
1.0,2.544,0.02468139300479085,0.838340946568671,0.020691422374269738,0.16165905343132903
1.0,2.5460000000000003,0.024582864620910586,0.8386226757517169,0.020615747706030252,0.1613773242482831
1.0,2.548,0.024484729563388718,0.8389039929732411,0.02054033739759676,0.16109600702675886
1.0,2.5500000000000003,0.02438698626206218,0.839184898529009,0.02046519059175699,0.16081510147099098
1.0,2.552,0.024289633153036116,0.8394653927159055,0.02039030643373874,0.16053460728409452
1.0,2.5540000000000003,0.024192668678658654,0.8397454758319274,0.020315684071204376,0.16025452416807262
1.0,2.556,0.024096091287496183,0.840025148176177,0.02024132265424567,0.15997485182382298
1.0,2.5580000000000003,0.02399989943430834,0.8403044100488547,0.02016722133537831,0.1596955899511453
1.0,2.56,0.02390409158002347,0.8405832617512516,0.02009337926953676,0.15941673824874836
1.0,2.562,0.023808666191713828,0.8408617035857433,0.020019795614068782,0.1591382964142567
1.0,2.564,0.02371362174257115,0.8411397358557821,0.019946469528730228,0.15886026414421794
1.0,2.566,0.023618956711882272,0.8414173588658904,0.019873400175679776,0.15858264113410958
1.0,2.568,0.02352466958500463,0.8416945729216542,0.0198005867194735,0.15830542707834583
1.0,2.57,0.023430758853342226,0.8419713783297152,0.01972802832705973,0.15802862167028475
1.0,2.572,0.023337223014321316,0.8422477753977651,0.019655724167773652,0.15775222460223493
1.0,2.574,0.023244060571366517,0.8425237644345375,0.019583673413332125,0.15747623556546253
1.0,2.576,0.02315127003387671,0.842799345749802,0.019511875237828286,0.15720065425019802
1.0,2.578,0.02305884991720136,0.8430745196543571,0.01944032881772645,0.1569254803456429
1.0,2.58,0.022966798742616583,0.8433492864600234,0.019369033331856658,0.15665071353997662
1.0,2.582,0.022875115037301667,0.8436236464796367,0.019297987961409604,0.15637635352036328
1.0,2.584,0.022783797334315334,0.8438976000270414,0.019227191889931213,0.1561023999729586
1.0,2.586,0.022692844172572425,0.8441711474170838,0.01915664430331755,0.15582885258291623
1.0,2.588,0.02260225409682037,0.8444442889656054,0.01908634438980942,0.15555571103439458
1.0,2.59,0.022512025657616067,0.8447170249894361,0.0190162913399873,0.15528297501056387
1.0,2.592,0.02242215741130252,0.8449893558063879,0.018946484346765945,0.1550106441936121
1.0,2.594,0.02233264791998591,0.8452612817352477,0.018876922605389305,0.15473871826475227
1.0,2.596,0.022243495751512438,0.8455328030957713,0.01880760531342519,0.15446719690422872
1.0,2.598,0.022154699479445535,0.8458039202086765,0.01873853167076016,0.15419607979132355
1.0,2.6,0.022066257683042916,0.8460746333956365,0.018669700879594183,0.1539253666043635
1.0,2.602,0.021978168947233995,0.8463449429792738,0.018601112144435602,0.15365505702072624
1.0,2.604,0.021890431862597072,0.846614849283153,0.01853276467209575,0.153385150716847
1.0,2.606,0.02180304502533697,0.846884352631775,0.01846465767168394,0.15311564736822503
1.0,2.608,0.021716007037262383,0.8471534533505701,0.01839679035460211,0.15284654664942987
1.0,2.61,0.021629316505763694,0.847422151765892,0.018329161934539793,0.15257784823410803
1.0,2.612,0.021542972043790496,0.8476904482050106,0.018261771627468778,0.1523095517949894
1.0,2.614,0.0214569722698296,0.8479583429961066,0.018194618651638118,0.15204165700389338
1.0,2.616,0.021371315807882756,0.8482258364682644,0.018127702227568793,0.15177416353173556
1.0,2.618,0.021286001287444782,0.8484929289514662,0.018061021578048703,0.15150707104853378
1.0,2.62,0.02120102734348148,0.8487596207765854,0.01799457592812736,0.1512403792234146
1.0,2.622,0.021116392616407985,0.8490259122753804,0.017928364505110896,0.15097408772461962
1.0,2.624,0.021032095752066823,0.8492918037804883,0.017862386538556776,0.1507081962195117
1.0,2.626,0.02094813540170639,0.8495572956254188,0.017796641260268777,0.15044270437458118
1.0,2.628,0.020864510221959263,0.8498223881445479,0.017731127904291752,0.1501776118554521
1.0,2.63,0.020781218874820814,0.8500870816731115,0.01766584570690661,0.14991291832688847
1.0,2.632,0.02069826002762768,0.8503513765471995,0.017600793906625074,0.1496486234528005
1.0,2.634,0.020615632353036564,0.8506152731037494,0.017535971744184687,0.1493847268962506
1.0,2.636,0.02053333452900288,0.8508787716805404,0.017471378462543596,0.14912122831945962
1.0,2.638,0.020451365238759726,0.8511418726161871,0.017407013306875548,0.14885812738381288
1.0,2.64,0.020369723170796668,0.8514045762501337,0.017342875524564667,0.14859542374986634
1.0,2.642,0.020288407018838914,0.8516668829226474,0.0172789643652005,0.14833311707735264
1.0,2.644,0.020207415481826266,0.8519287929748127,0.017215279080572795,0.14807120702518728
1.0,2.646,0.020126747263892433,0.8521903067485257,0.017151818924666544,0.1478096932514743
1.0,2.648,0.02004640107434418,0.8524514245864873,0.017088583153656783,0.14754857541351274
1.0,2.65,0.019966375627640785,0.8527121468321978,0.017025571025903644,0.14728785316780224
1.0,2.652,0.019886669643373368,0.8529724738299509,0.016962781801947168,0.1470275261700491
1.0,2.654,0.01980728184624451,0.8532324059248277,0.01690021474450237,0.14676759407517226
1.0,2.656,0.019728210966047734,0.8534919434626906,0.016837869118454047,0.14650805653730936
1.0,2.658,0.019649455737647297,0.8537510867901777,0.016775744190851875,0.14624891320982225
1.0,2.66,0.01957101490095783,0.8540098362546967,0.016713839230905227,0.14599016374530327
1.0,2.662,0.019492887200924316,0.8542681922044192,0.016652153509978278,0.14573180779558081
1.0,2.664,0.01941507138750185,0.8545261549882747,0.016590686301584823,0.14547384501172533
1.0,2.666,0.019337566215635784,0.854783724955945,0.01652943688138339,0.145216275044055
1.0,2.668,0.01926037044524169,0.8550409024578585,0.01646840452717212,0.14495909754214154
1.0,2.67,0.019183482841185623,0.855297687845184,0.016407588518883826,0.144702312154816
1.0,2.672,0.01910690217326425,0.8555540814698254,0.016346988138580903,0.14444591853017463
1.0,2.674,0.019030627216185276,0.8558100836844157,0.01628660267045044,0.1441899163155843
1.0,2.676,0.01895465674954773,0.8560656948423114,0.016226431400799084,0.14393430515768857
1.0,2.678,0.018878989557822558,0.856320915297587,0.0161664736180482,0.14367908470241297
1.0,2.68,0.018803624430333052,0.8565757454050291,0.01610672861272875,0.14342425459497088
1.0,2.682,0.01872856016123559,0.8568301855201308,0.01604719567747642,0.1431698144798692
1.0,2.684,0.018653795549500234,0.8570842359990862,0.015987874107026564,0.14291576400091377
1.0,2.686,0.018579329398891634,0.8573378971987848,0.015928763198209316,0.14266210280121516
1.0,2.688,0.018505160517949756,0.8575911694768057,0.015869862249944543,0.1424088305231943
1.0,2.69,0.018431287719970962,0.8578440531914123,0.015811170563236995,0.14215594680858767
1.0,2.692,0.01835770982298887,0.858096548701547,0.015752687441171236,0.14190345129845305
1.0,2.694,0.0182844256497556,0.8583486563668248,0.015694412188906826,0.14165134363317522
1.0,2.696,0.01821143402772277,0.858600376547529,0.01563634411367325,0.14139962345247103
1.0,2.698,0.018138733789022914,0.8588517096046048,0.01557848252476514,0.14114829039539523
1.0,2.7,0.018066323770450622,0.8591026558996544,0.015520826733537187,0.1408973441003456
1.0,2.702,0.017994202813444098,0.8593532157949312,0.015463376053399383,0.14064678420506882
1.0,2.704,0.01792236976406644,0.8596033896533346,0.015406129799811945,0.1403966103466654
1.0,2.706,0.017850823472987373,0.8598531778384048,0.015349087290280582,0.14014682216159524
1.0,2.708,0.017779562795464672,0.8601025807143169,0.015292247844351419,0.1398974192856831
1.0,2.71,0.01770858659132601,0.8603515986458762,0.01523561078360626,0.13964840135412382
1.0,2.712,0.01763789372495058,0.8606002319985123,0.015179175431657574,0.13939976800148768
1.0,2.714,0.01756748306525104,0.8608484811382744,0.015122941114143714,0.1391515188617256
1.0,2.716,0.017497353485655304,0.8610963464318254,0.015066907158723948,0.13890365356817458
1.0,2.718,0.017427503864088627,0.8613438282464371,0.015011072895073673,0.13865617175356293
1.0,2.72,0.01735793308295555,0.8615909269499845,0.014955437654879476,0.13840907305001549
1.0,2.722,0.01728864002912212,0.8618376429109412,0.014900000771834353,0.13816235708905877
1.0,2.724,0.01721962359389796,0.8620839764983739,0.014844761581632771,0.13791602350162613
1.0,2.726,0.01715088267301867,0.8623299280819368,0.014789719421965926,0.13767007191806324
1.0,2.728,0.01708241616662802,0.8625754980318672,0.014734873632516783,0.13742450196813283
1.0,2.73,0.017014222979260474,0.8628206867189798,0.014680223554955369,0.13717931328102018
1.0,2.732,0.01694630201982356,0.863065494514662,0.014625768532933835,0.13693450548533803
1.0,2.734,0.01687865220158049,0.8633099217908683,0.01457150791208172,0.1366900782091317
1.0,2.736,0.01681127244213271,0.8635539689201156,0.014517441040001067,0.1364460310798844
1.0,2.738,0.016744161663402667,0.8637976362754781,0.014463567266261702,0.13620236372452188
1.0,2.74,0.016677318791616425,0.8640409242305822,0.014409885942396313,0.1359590757694178
1.0,2.742,0.016610742757286648,0.8642838331596013,0.01435639642189579,0.13571616684039867
1.0,2.744,0.016544432495195337,0.8645263634372512,0.014303098060204312,0.1354736365627488
1.0,2.746,0.01647838694437691,0.8647685154387847,0.014249990214714674,0.13523148456121525
1.0,2.748,0.01641260504810112,0.865010289539987,0.014197072244763404,0.13498971046001296
1.0,2.75,0.016347085753856246,0.8652516861171705,0.014144343511626094,0.13474831388282948
1.0,2.7520000000000002,0.016281828013332163,0.86549270554717,0.014091803378512556,0.13450729445283005
1.0,2.754,0.01621683078240365,0.8657333482073376,0.01403945121056213,0.1342666517926624
1.0,2.7560000000000002,0.0161520930211136,0.8659736144755382,0.01398728637483886,0.13402638552446178
1.0,2.758,0.01608761369365648,0.8662135047301444,0.013935308240326842,0.13378649526985564
1.0,2.7600000000000002,0.01602339176836165,0.8664530193500314,0.01388351617792539,0.13354698064996862
1.0,2.762,0.015959426217676955,0.8666921587145728,0.01383190956044439,0.13330784128542716
1.0,2.7640000000000002,0.015895716018152203,0.8669309232036353,0.013780487762599502,0.1330690767963647
1.0,2.766,0.01583226015042286,0.8671693131975738,0.013729250161007508,0.13283068680242616
1.0,2.7680000000000002,0.01576905759919367,0.8674073290772273,0.013678196134181536,0.13259267092277272
1.0,2.77,0.015706107353222483,0.8676449712239134,0.013627325062526415,0.13235502877608663
1.0,2.7720000000000002,0.015643408405303996,0.867882240019424,0.013576636328333919,0.13211775998057596
1.0,2.774,0.015580959752253737,0.8681191358460206,0.013526129315778141,0.13188086415397937
1.0,2.7760000000000002,0.015518760394891893,0.8683556590864292,0.013475803410910724,0.1316443409135708
1.0,2.778,0.01545680933802745,0.8685918101238361,0.013425658001656276,0.13140818987616387
1.0,2.7800000000000002,0.015395105590442146,0.8688275893418832,0.013375692477807599,0.1311724106581168
1.0,2.782,0.01533364816487473,0.8690629971246628,0.013325906231021119,0.13093700287533716
1.0,2.7840000000000003,0.015272436078005058,0.8692980338567139,0.01327629865481214,0.1307019661432861
1.0,2.786,0.015211468350438458,0.8695326999230166,0.013226869144550268,0.13046730007698337
1.0,2.7880000000000003,0.015150744006689965,0.8697669957089884,0.013177617097454693,0.1302330042910116
1.0,2.79,0.01509026207516881,0.870000921600479,0.013128541912589622,0.12999907839952096
1.0,2.7920000000000003,0.015030021588162768,0.8702344779837662,0.013079642990859564,0.12976552201623381
1.0,2.794,0.014970021581822791,0.870467665245551,0.013030919735004795,0.12953233475444903
1.0,2.7960000000000003,0.01491026109614747,0.8707004837729533,0.012982371549596647,0.12929951622704672
1.0,2.798,0.014850739174967787,0.8709329339535075,0.012933997841032985,0.12906706604649254
1.0,2.8000000000000003,0.014791454865931706,0.8711650161751577,0.01288579801753351,0.12883498382484226
1.0,2.802,0.014732407220489043,0.8713967308262537,0.012837771489135247,0.12860326917374632
1.0,2.8040000000000003,0.014673595293876188,0.8716280782955461,0.012789917667687872,0.12837192170445388
1.0,2.806,0.014615018145101084,0.8718590589721822,0.012742235966849199,0.1281409410278178
1.0,2.8080000000000003,0.014556674836928076,0.8720896732457014,0.01269472580208053,0.1279103267542986
1.0,2.81,0.014498564435863014,0.872319921506031,0.012647386590642157,0.127680078493969
1.0,2.8120000000000003,0.014440686012138217,0.8725498041434817,0.012600217751588717,0.1274501958565183
1.0,2.814,0.014383038639697695,0.8727793215487434,0.012553218705764715,0.12722067845125662
1.0,2.816,0.014325621396182245,0.8730084741128805,0.012506388875799895,0.12699152588711948
1.0,2.818,0.014268433362914735,0.8732372622273282,0.012459727686104734,0.12676273777267177
1.0,2.82,0.014211473624885439,0.8734656862838878,0.01241323456286593,0.12653431371611223
1.0,2.822,0.014154741270737306,0.8736937466747221,0.012366908934041795,0.1263062533252779
1.0,2.824,0.014098235392751486,0.873921443792352,0.012320750229357816,0.12607855620764796
1.0,2.826,0.014041955086832699,0.8741487780296517,0.012274757880302056,0.12585122197034826
1.0,2.828,0.013985899452494876,0.8743757497798444,0.012228931320120724,0.12562425022015555
1.0,2.83,0.013930067592846646,0.8746023594364983,0.01218326998381358,0.12539764056350167
1.0,2.832,0.01387445861457709,0.8748286073935225,0.012137773308129537,0.12517139260647747
1.0,2.834,0.013819071627941342,0.8750544940451626,0.012092440731562073,0.12494550595483744
1.0,2.836,0.013763905746746461,0.8752800197859966,0.012047271694344835,0.12471998021400343
1.0,2.838,0.013708960088337146,0.8755051850109309,0.01200226563844708,0.12449481498906911
1.0,2.84,0.013654233773581716,0.8757299901151961,0.011957422007569293,0.12427000988480386
1.0,2.842,0.013599725926857941,0.8759544354943429,0.011912740247138627,0.12404556450565707
1.0,2.844,0.013545435676039134,0.8761785215442379,0.011868219804304544,0.12382147845576208
1.0,2.846,0.013491362152480101,0.8764022486610598,0.011823860127934276,0.12359775133894024
1.0,2.848,0.013437504491003336,0.876625617241295,0.011779660668608473,0.12337438275870505
1.0,2.85,0.013383861829885083,0.8768486276817338,0.011735620878616673,0.12315137231826623
1.0,2.852,0.013330433310841642,0.8770712803794665,0.011691740211952968,0.12292871962053353
1.0,2.854,0.013277218079015546,0.8772935757318789,0.011648018124311496,0.12270642426812106
1.0,2.856,0.013224215282961973,0.8775155141366492,0.011604454073082108,0.12248448586335081
1.0,2.858,0.013171424074635032,0.8777370959917429,0.011561047517345883,0.12226290400825712
1.0,2.86,0.013118843609374287,0.8779583216954097,0.0115177979178708,0.12204167830459034
1.0,2.862,0.013066473045891149,0.8781791916461792,0.011474704737107278,0.12182080835382081
1.0,2.864,0.01301431154625551,0.8783997062428573,0.011431767439183867,0.12160029375714265
1.0,2.866,0.01296235827588224,0.878619865884522,0.011388985489902777,0.12138013411547799
1.0,2.868,0.012910612403517922,0.8788396709705194,0.011346358356735597,0.1211603290294806
1.0,2.87,0.012859073101227476,0.8790591219004602,0.011303885508818853,0.1209408780995398
1.0,2.872,0.01280773954438099,0.8792782190742157,0.011261566416949724,0.12072178092578434
1.0,2.874,0.012756610911640433,0.8794969628919138,0.011219400553581609,0.12050303710808619
1.0,2.876,0.012705686384946615,0.8797153537539356,0.011177387392819874,0.12028464624606439
1.0,2.878,0.012654965149506,0.8799333920609111,0.01113552641041743,0.12006660793908885
1.0,2.88,0.01260444639377776,0.8801510782137159,0.011093817083770479,0.11984892178628415
1.0,2.882,0.012554129309460706,0.8803684126134667,0.011052258891914118,0.11963158738653334
1.0,2.884,0.012504013091480436,0.8805853956615184,0.011010851315518105,0.11941460433848161
1.0,2.886,0.01245409693797637,0.88080202775946,0.01096959383688247,0.11919797224053996
1.0,2.888,0.01240438005028901,0.8810183093091107,0.010928485939933286,0.11898169069088926
1.0,2.89,0.012354861632947071,0.8812342407125165,0.010887527110218315,0.11876575928748345
1.0,2.892,0.012305540893654841,0.8814498223719462,0.01084671683490278,0.11855017762805375
1.0,2.894,0.012256417043279417,0.881665054689888,0.010806054602765023,0.11833494531011202
1.0,2.896,0.012207489295838167,0.8818799380690457,0.010765539904192302,0.11812006193095426
1.0,2.898,0.012158756868486066,0.8820944729123352,0.010725172231176451,0.11790552708766477
1.0,2.9,0.012110218981503258,0.8823086596228807,0.010684951077309707,0.11769134037711926
1.0,2.902,0.012061874858282494,0.8825224986040112,0.01064487593778037,0.11747750139598878
1.0,2.904,0.012013723725316795,0.8827359902592568,0.010604946309368648,0.11726400974074325
1.0,2.906,0.011965764812186983,0.8829491349923452,0.010565161690442339,0.11705086500765483
1.0,2.908,0.011917997351549447,0.8831619332071982,0.010525521580952678,0.11683806679280184
1.0,2.91,0.011870420579123775,0.883374385307928,0.010486025482430043,0.116625614692072
1.0,2.912,0.011823033733680615,0.8835864916988339,0.01044667289797982,0.11641350830116615
1.0,2.914,0.011775836057029409,0.8837982527843984,0.01040746333227811,0.11620174721560161
1.0,2.916,0.011728826794006343,0.8840096689692842,0.01036839629156762,0.11599033103071577
1.0,2.918,0.011682005192462186,0.8842207406583303,0.010329471283653375,0.11577925934166966
1.0,2.92,0.011635370503250335,0.8844314682565487,0.010290687817898632,0.11556853174345127
1.0,2.922,0.011588921980214746,0.884641852169121,0.01025204540522061,0.11535814783087905
1.0,2.924,0.011542658880178084,0.8848518928013945,0.010213543558086402,0.11514810719860546
1.0,2.926,0.011496580462929736,0.8850615905588798,0.010175181790508735,0.11493840944112022
1.0,2.928,0.011450685991214066,0.8852709458472463,0.01013695961804189,0.1147290541527537
1.0,2.93,0.011404974730718527,0.8854799590723194,0.010098876557777478,0.11452004092768064
1.0,2.932,0.011359445950061995,0.8856886306400769,0.010060932128340376,0.11431136935992314
1.0,2.934,0.01131409892078299,0.8858969609566458,0.010023125849884518,0.11410303904335417
1.0,2.936,0.011268932917328094,0.886104950428299,0.009985457244088837,0.11389504957170105
1.0,2.938,0.011223947217040271,0.8863125994614514,0.009947925834153085,0.11368740053854864
1.0,2.94,0.011179141100147373,0.8865199084626574,0.00991053114479378,0.11348009153734262
1.0,2.942,0.011134513849750557,0.8867268778386072,0.009873272702240041,0.11327312216139285
1.0,2.944,0.011090064751812883,0.8869335079961232,0.009836150034229557,0.11306649200387675
1.0,2.946,0.011045793095147817,0.8871397993421575,0.009799162670004422,0.11286020065784252
1.0,2.948,0.011001698171407927,0.8873457522837878,0.009762310140307139,0.11265424771621224
1.0,2.95,0.010957779275073472,0.8875513672282147,0.009725591977376455,0.1124486327717853
1.0,2.952,0.010914035703441193,0.8877566445827584,0.009689007714943378,0.11224335541724162
1.0,2.954,0.010870466756612993,0.8879615847548551,0.009652556888227044,0.1120384152451449
1.0,2.956,0.010827071737484813,0.8881661881520544,0.009616239033930727,0.11183381184794561
1.0,2.958,0.0107838499517354,0.8883704551820156,0.009580053690237735,0.11162954481798437
1.0,2.96,0.01074080070781528,0.8885743862525048,0.009544000396807433,0.11142561374749516
1.0,2.962,0.010697923316935613,0.8887779817713918,0.009508078694771147,0.11122201822860822
1.0,2.964,0.010655217093057247,0.8889812421466465,0.009472288126728212,0.11101875785335347
1.0,2.966,0.010612681352879674,0.8891841677863366,0.009436628236741886,0.11081583221366342
1.0,2.968,0.01057031541583016,0.8893867590986234,0.009401098570335404,0.11061324090137659
1.0,2.97,0.01052811860405279,0.8895890164917598,0.00936569867448792,0.11041098350824019
1.0,2.972,0.010486090242397696,0.8897909403740863,0.009330428097630577,0.11020905962591365
1.0,2.974,0.010444229658410171,0.8899925311540287,0.009295286389642445,0.11000746884597135
1.0,2.976,0.010402536182320003,0.8901937892400942,0.009260273101846628,0.10980621075990582
1.0,2.978,0.010361009147030663,0.8903947150408691,0.009225387787006205,0.10960528495913091
1.0,2.98,0.010319647888108718,0.8905953089650156,0.009190629999320354,0.1094046910349844
1.0,2.982,0.010278451743773127,0.8907955714212685,0.009155999294420318,0.10920442857873147
1.0,2.984,0.01023742005488472,0.8909955028184324,0.009121495229365516,0.10900449718156757
1.0,2.986,0.01019655216493558,0.8911951035653787,0.00908711736263955,0.10880489643462132
1.0,2.988,0.010155847420038616,0.8913943740710424,0.009052865254146333,0.10860562592895762
1.0,2.99,0.01011530516891702,0.8915933147444197,0.009018738465206089,0.10840668525558028
1.0,2.992,0.01007492476289393,0.8917919259945645,0.008984736558551507,0.10820807400543553
1.0,2.994,0.010034705555881969,0.8919902082305856,0.008950859098323771,0.10800979176941439
1.0,2.996,0.009994646904372986,0.8921881618616441,0.008917105650068705,0.10781183813835593
1.0,2.998,0.009954748167427682,0.89238578729695,0.008883475780732822,0.10761421270305005
1.0,3.0,0.009915008706665434,0.8925830849457594,0.008849969058659498,0.10741691505424056
1.0,3.0020000000000002,0.009875427886254003,0.8927800552173724,0.008816585053585027,0.10721994478262764
1.0,3.004,0.009836005072899438,0.8929766985211288,0.008783323336634815,0.10702330147887118
1.0,3.0060000000000002,0.009796739635835865,0.8931730152664066,0.008750183480319437,0.10682698473359342
1.0,3.008,0.009757630946815471,0.8933690058626182,0.008717165058530856,0.10663099413738175
1.0,3.0100000000000002,0.009718678380098381,0.8935646707192085,0.0086842676465385,0.10643532928079147
1.0,3.012,0.009679881312442714,0.8937600102456511,0.008651490820985486,0.1062399897543489
1.0,3.0140000000000002,0.00964123912309454,0.8939550248514461,0.008618834159884714,0.10604497514855393
1.0,3.016,0.009602751193778025,0.8941497149461173,0.008586297242615108,0.10585028505388272
1.0,3.0180000000000002,0.00956441690868546,0.8943440809392091,0.00855387964991773,0.10565591906079086
1.0,3.02,0.009526235654467483,0.8945381232402843,0.008521580963892023,0.10546187675971574
1.0,3.0220000000000002,0.009488206820223196,0.8947318422589206,0.008489400767991954,0.10526815774107945
1.0,3.024,0.009450329797490456,0.8949252384047085,0.008457338647022267,0.1050747615952915
1.0,3.0260000000000002,0.009412603980236075,0.8951183120872483,0.008425394187134632,0.10488168791275165
1.0,3.028,0.009375028764846189,0.8953110637161477,0.008393566975823923,0.10468893628385234
1.0,3.0300000000000002,0.009337603550116532,0.8955034937010182,0.008361856601924384,0.10449650629898177
1.0,3.032,0.009300327737242889,0.8956956024514737,0.00833026265560592,0.10430439754852627
1.0,3.0340000000000003,0.00926320072981144,0.8958873903771271,0.00829878472837027,0.10411260962287294
1.0,3.036,0.00922622193378929,0.8960788578875873,0.008267422413047315,0.10392114211241266
1.0,3.0380000000000003,0.009189390757514898,0.8962700053924576,0.008236175303791279,0.1037299946075424
1.0,3.04,0.009152706611688677,0.896460833301332,0.008205042996077043,0.10353916669866803
1.0,3.0420000000000003,0.009116168909363493,0.8966513420237933,0.008174025086696356,0.10334865797620674
1.0,3.044,0.009079777065935343,0.8968415319694102,0.008143121173754169,0.10315846803058981
1.0,3.0460000000000003,0.009043530499133944,0.8970314035477348,0.008112330856664868,0.1029685964522652
1.0,3.048,0.009007428629013468,0.8972209571683,0.008081653736148612,0.10277904283170003
1.0,3.0500000000000003,0.008971470877943205,0.8974101932406168,0.008051089414227577,0.10258980675938323
1.0,3.052,0.00893565667059839,0.8975991121741719,0.00802063749422233,0.10240088782582812
1.0,3.0540000000000003,0.008899985433950923,0.8977877143784251,0.007990297580748075,0.10221228562157492
1.0,3.056,0.008864456597260274,0.8979760002628068,0.00796006927971103,0.10202399973719323
1.0,3.0580000000000003,0.008829069592064281,0.8981639702367156,0.007929952198304713,0.10183602976328443
1.0,3.06,0.008793823852170125,0.8983516247095154,0.007899945945006322,0.10164837529048465
1.0,3.0620000000000003,0.008758718813645195,0.8985389640905334,0.007870050129573019,0.10146103590946665
1.0,3.064,0.008723753914808145,0.8987259887890573,0.00784026436303836,0.1012740112109427
1.0,3.0660000000000003,0.00868892859621983,0.898912699214333,0.0078105882577085735,0.10108730078566697
1.0,3.068,0.008654242300674428,0.899099095775562,0.007781021427158997,0.10090090422443798
1.0,3.0700000000000003,0.008619694473190453,0.899285178881899,0.007751563486230392,0.10071482111810104
1.0,3.072,0.008585284561001941,0.8994709489424495,0.007722214051025377,0.1005290510575505
1.0,3.074,0.008551012013549561,0.8996564063662675,0.0076929727389047796,0.10034359363373246
1.0,3.076,0.00851687628247181,0.8998415515623529,0.007663839168484037,0.1001584484376471
1.0,3.078,0.00848287682159628,0.900026384939649,0.007634812959629639,0.09997361506035096
1.0,3.08,0.008449013086930857,0.9002109069070406,0.007605893733455481,0.09978909309295936
1.0,3.082,0.008415284536655077,0.9003951178733511,0.007577081112319336,0.09960488212664886
1.0,3.084,0.008381690631111402,0.9005790182473404,0.007548374719819237,0.09942098175265957
1.0,3.086,0.008348230832796642,0.9007626084377026,0.0075197741807899576,0.09923739156229738
1.0,3.088,0.008314904606353295,0.9009458888530635,0.007491279121299402,0.09905411114693652
1.0,3.09,0.008281711418561042,0.9011288599019782,0.007462889168645107,0.09887114009802178
1.0,3.092,0.008248650738328155,0.9013115219929293,0.00743460395135065,0.0986884780070707
1.0,3.094,0.00821572203668306,0.901493875534324,0.007406423099162161,0.09850612446567597
1.0,3.096,0.008182924786765813,0.9016759209344921,0.0073783462430447476,0.09832407906550789
1.0,3.098,0.008150258463819731,0.9018576586016837,0.007350373015179018,0.09814234139831635
1.0,3.1,0.008117722545182936,0.9020390889440667,0.007322503048957526,0.0979609110559333
1.0,3.102,0.008085316510280048,0.9022202123697252,0.00729473597898131,0.09777978763027484
1.0,3.104,0.008053039840613806,0.9024010292866563,0.007267071441056349,0.09759897071334367
1.0,3.106,0.008020892019756818,0.9025815401027688,0.007239509072190117,0.09741845989723119
1.0,3.108,0.00798887253334325,0.9027617452258803,0.007212048510588052,0.09723825477411974
1.0,3.11,0.007956980869060654,0.9029416450637153,0.007184689395650138,0.09705835493628467
1.0,3.112,0.007925216516641704,0.903121240023903,0.007157431367967373,0.09687875997609696
1.0,3.114,0.0078935789678561,0.9033005305139752,0.007130274069318371,0.09669946948602481
1.0,3.116,0.00786206771650237,0.9034795169413636,0.007103217142665851,0.09652048305863636
1.0,3.118,0.007830682258399835,0.9036581997133986,0.0070762602321532446,0.09634180028660144
1.0,3.12,0.0077994220913804825,0.9038365792373059,0.0070494029831012096,0.09616342076269413
1.0,3.122,0.0077682867152809865,0.9040146559202056,0.007022645042004245,0.09598534407979442
1.0,3.124,0.007737275631934652,0.9041924301691092,0.006995986056527223,0.09580756983089078
1.0,3.126,0.007706388345163497,0.9043699023909181,0.006969425675502021,0.09563009760908192
1.0,3.128,0.007675624360770262,0.9045470729924208,0.006942963548924061,0.09545292700757924
1.0,3.13,0.007644983186530551,0.9047239423802914,0.006916599327948963,0.09527605761970859
1.0,3.132,0.007614464332184912,0.9049005109610873,0.006890332664889101,0.09509948903891274
1.0,3.134,0.007584067309431036,0.905076779141247,0.006864163213210265,0.09492322085875304
1.0,3.136,0.007553791631915898,0.9052527473270883,0.006838090627528236,0.09474725267291173
1.0,3.138,0.007523636815228025,0.905428415924806,0.006812114563605464,0.09457158407519395
1.0,3.14,0.007493602376889693,0.9056037853404703,0.006786234678347652,0.09439621465952974
1.0,3.142,0.007463687836349262,0.9057788559800237,0.0067604506298004526,0.09422114401997628
1.0,3.144,0.007433892714973431,0.9059536282492805,0.006734762077146074,0.0940463717507195
1.0,3.146,0.007404216536039636,0.9061281025539236,0.0067091686806999805,0.09387189744607638
1.0,3.148,0.007374658824728368,0.9063022792995029,0.006683670101907514,0.09369772070049709
1.0,3.15,0.0073452191081156285,0.9064761588914335,0.006658266003340616,0.09352384110856649
1.0,3.152,0.00731589691516531,0.9066497417349935,0.006632956048694464,0.09335025826500654
1.0,3.154,0.0072866917767217135,0.9068230282353218,0.006607739902784201,0.09317697176467821
1.0,3.156,0.007257603225501987,0.9069960187974168,0.006582617231541593,0.09300398120258324
1.0,3.158,0.007228630796088705,0.9071687138261337,0.006557587702011772,0.09283128617386627
1.0,3.16,0.0071997740249223645,0.9073411137261833,0.006532650982349904,0.09265888627381669
1.0,3.162,0.007171032450294024,0.9075132189021295,0.006507806741817955,0.09248678109787045
1.0,3.164,0.007142405612337864,0.9076850297583876,0.006483054650781368,0.09231497024161239
1.0,3.166,0.007113893053023879,0.9078565466992224,0.006458394380705847,0.09214345330077756
1.0,3.168,0.007085494316150499,0.9080277701287464,0.006433825604154044,0.09197222987125364
1.0,3.17,0.007057208947337342,0.9081987004509176,0.006409347994782362,0.09180129954908245
1.0,3.172,0.00702903649401789,0.9083693380695379,0.006384961227337656,0.0916306619304621
1.0,3.174,0.0070009765054323,0.9085396833882514,0.006360664977654049,0.09146031661174858
1.0,3.176,0.006973028532620146,0.9087097368105421,0.006336458922649653,0.09129026318945788
1.0,3.178,0.0069451921284132785,0.9088794987397323,0.006312342740323395,0.09112050126026772
1.0,3.18,0.006917466847428623,0.9090489695789806,0.006288316109751749,0.09095103042101937
1.0,3.182,0.006889852246061105,0.9092181497312807,0.006264378711085586,0.09078185026871932
1.0,3.184,0.006862347882476502,0.9093870395994585,0.006240530225546919,0.09061296040054145
1.0,3.186,0.006834953316604421,0.9095556395861714,0.006216770335425757,0.09044436041382864
1.0,3.188,0.0068076681101312125,0.9097239500939056,0.00619309872407688,0.09027604990609439
1.0,3.19,0.006780491826493002,0.909891971524975,0.006169515075916697,0.09010802847502497
1.0,3.192,0.00675342403086866,0.9100597042815192,0.006146019076420038,0.08994029571848083
1.0,3.194,0.0067264642901728915,0.9102271487655015,0.006122610412117034,0.08977285123449852
1.0,3.196,0.006699612173049257,0.9103943053787074,0.00609928877058991,0.08960569462129264
1.0,3.198,0.0066728672498633235,0.9105611745227428,0.006076053840469892,0.08943882547725723
1.0,3.2,0.006646229092695736,0.9107277565990323,0.006052905311434009,0.08927224340096773
1.0,3.202,0.006619697275335424,0.9108940520088173,0.006029842874202012,0.08910594799118265
1.0,3.204,0.006593271373272731,0.9110600611531547,0.006006866220533199,0.08893993884684526
1.0,3.206,0.006566950963692673,0.9112257844329147,0.005983975043223341,0.08877421556708531
1.0,3.208,0.006540735625468123,0.9113912222487793,0.005961169036101527,0.08860877775122067
1.0,3.21,0.006514624939153123,0.9115563750012408,0.005938447894027099,0.08844362499875924
1.0,3.212,0.006488618486976122,0.9117212430905997,0.005915811312886515,0.08827875690940035
1.0,3.214,0.006462715852833342,0.9118858269169635,0.005893258989590301,0.08811417308303648
1.0,3.216,0.006436916622282073,0.9120501268802449,0.005870790622069922,0.0879498731197551
1.0,3.218,0.006411220382534087,0.9122141433801599,0.005848405909274754,0.08778585661984006
1.0,3.22,0.00638562672244899,0.9123778768162265,0.0058261045511689685,0.08762212318377349
1.0,3.222,0.006360135232527683,0.9125413275877629,0.005803886248728516,0.08745867241223715
1.0,3.224,0.0063347455049057744,0.9127044960938857,0.005781750703938032,0.08729550390611429
1.0,3.226,0.006309457133347091,0.9128673827335088,0.005759697619787826,0.08713261726649124
1.0,3.228,0.006284269713237138,0.9130299879053413,0.005737726700270807,0.08697001209465871
1.0,3.23,0.006259182841576666,0.9131923120078861,0.005715837650379486,0.08680768799211391
1.0,3.232,0.006234196116975184,0.9133543554394384,0.005694030176102919,0.08664564456056156
1.0,3.234,0.006209309139644574,0.9135161185980841,0.0056723039844237206,0.08648388140191587
1.0,3.236,0.006184521511392659,0.913677601881698,0.005650658783315019,0.086322398118302
1.0,3.238,0.006159832835616869,0.9138388056879426,0.005629094281737492,0.08616119431205738
1.0,3.24,0.006135242717297852,0.9139997304142663,0.005607610189636327,0.0860002695857337
1.0,3.242,0.006110750762993203,0.9141603764579018,0.0055862062179382775,0.08583962354209818
1.0,3.244,0.0060863565808311195,0.9143207442158651,0.005564882078548637,0.08567925578413493
1.0,3.246,0.006062059780504177,0.9144808340849532,0.005543637484348308,0.08551916591504682
1.0,3.248,0.00603785997326304,0.9146406464617433,0.00552247214919079,0.08535935353825674
1.0,3.25,0.0060137567719102895,0.9148001817425908,0.005501385787899269,0.08519981825740919
1.0,3.2520000000000002,0.0059897497907941775,0.9149594403236281,0.005480378116263609,0.08504055967637192
1.0,3.254,0.0059658386458025054,0.9151184226007629,0.0054594488510374605,0.08488157739923707
1.0,3.2560000000000002,0.0059420229543564315,0.915277128969677,0.005438597709935273,0.08472287103032305
1.0,3.258,0.0059183023354043955,0.9154355598258244,0.005417824411629407,0.08456444017417564
1.0,3.2600000000000002,0.005894676409415979,0.9155937155644305,0.005397128675747172,0.08440628443556952
1.0,3.262,0.005871144798375871,0.91575159658049,0.005376510222867942,0.08424840341951001
1.0,3.2640000000000002,0.005847707125777783,0.9159092032687658,0.005355968774520214,0.08409079673123421
1.0,3.266,0.0058243630166184635,0.9160665360237876,0.0053355040531787344,0.08393346397621237
1.0,3.2680000000000002,0.005801112097391658,0.9162235952398503,0.005315115782261574,0.08377640476014969
1.0,3.27,0.005777953996082173,0.9163803813110126,0.005294803686127271,0.08361961868898737
1.0,3.2720000000000002,0.005754888342159883,0.9165368946310958,0.0052745674900719144,0.08346310536890422
1.0,3.274,0.005731914766573844,0.916693135593682,0.005254406920326305,0.08330686440631796
1.0,3.2760000000000002,0.005709032901746346,0.9168491045921134,0.005234321704053053,0.08315089540788656
1.0,3.278,0.005686242381567074,0.9170048020194903,0.00521431156934375,0.0829951979805097
1.0,3.2800000000000002,0.005663542841387209,0.9171602282686698,0.005194376245216083,0.08283977173133017
1.0,3.282,0.005640933918013632,0.9173153837322647,0.005174515461611022,0.08268461626773527
1.0,3.2840000000000003,0.005618415249703079,0.9174702688026422,0.005154728949389948,0.08252973119735785
1.0,3.286,0.005595986476156387,0.9176248838719219,0.00513501644033185,0.08237511612807813
1.0,3.2880000000000003,0.005573647238512688,0.9177792293319753,0.005115377667130467,0.08222077066802469
1.0,3.29,0.005551397179343716,0.9179333055744241,0.005095812363391511,0.0820666944255759
1.0,3.2920000000000003,0.005529235942648037,0.9180871129906388,0.00507632026362981,0.08191288700936117
1.0,3.294,0.005507163173845403,0.9182406519717375,0.005056901103266546,0.08175934802826246
1.0,3.2960000000000003,0.005485178519771032,0.9183939229085846,0.005037554618626421,0.08160607709141543
1.0,3.298,0.005463281628669999,0.9185469261917892,0.0050182805469349,0.08145307380821076
1.0,3.3000000000000003,0.005441472150191571,0.9186996622117045,0.004999078626315394,0.08130033778829548
1.0,3.302,0.005419749735383635,0.9188521313584259,0.004979948595786518,0.08114786864157408
1.0,3.3040000000000003,0.005398114036687081,0.9190043340217899,0.004960890195259287,0.08099566597821006
1.0,3.306,0.00537656470793028,0.9191562705913731,0.004941903165534391,0.08084372940862694
1.0,3.3080000000000003,0.0053551014043235,0.9193079414564903,0.004922987248299398,0.08069205854350969
1.0,3.31,0.005333723782453437,0.9194593470061941,0.004904142186126045,0.08054065299380586
1.0,3.3120000000000003,0.005312431500277675,0.9196104876292731,0.004885367722467463,0.08038951237072689
1.0,3.314,0.005291224217119253,0.9197613637142507,0.004866663601655472,0.08023863628574934
1.0,3.3160000000000003,0.00527010159366118,0.919911975649384,0.004848029568897823,0.08008802435061602
1.0,3.318,0.005249063291941039,0.9200623238226626,0.004829465370275508,0.07993767617733738
1.0,3.3200000000000003,0.005228108975345545,0.9202124086218075,0.004810970752740014,0.07978759137819247
1.0,3.322,0.005207238308605195,0.9203622304342696,0.004792545464110651,0.07963776956573043
1.0,3.3240000000000003,0.005186450957788864,0.9205117896472286,0.00477418925307181,0.07948821035277143
1.0,3.326,0.005165746590298508,0.9206610866475919,0.004755901869170317,0.07933891335240806
1.0,3.3280000000000003,0.005145124874863794,0.9208101218219937,0.004737683062812701,0.07918987817800627
1.0,3.33,0.005124585481536845,0.9209588955567932,0.0047195325852625505,0.07904110444320678
1.0,3.332,0.005104128081686926,0.9211074082380739,0.0047014501886378166,0.07889259176192609
1.0,3.334,0.005083752347995197,0.9212556602516423,0.004683435625908152,0.0787443397483577
1.0,3.336,0.005063457954449495,0.9214036519830267,0.00466548865089227,0.07859634801697335
1.0,3.338,0.005043244576339079,0.9215513838174763,0.00464760901825526,0.07844861618252374
1.0,3.34,0.005023111890249478,0.9216988561399597,0.004629796483505974,0.07830114386004028
1.0,3.342,0.005003059574057276,0.9218460693351643,0.0046120508029943615,0.07815393066483567
1.0,3.344,0.0049830873069249965,0.9219930237874947,0.0045943717339088615,0.0780069762125053
1.0,3.346,0.004963194769295929,0.9221397198810716,0.004576759034273748,0.07786028011892843
1.0,3.348,0.004943381642889056,0.922286157999731,0.0045592124629465465,0.07771384200026898
1.0,3.35,0.004923647610693924,0.9224323385270231,0.004541731779615386,0.07756766147297689
1.0,3.352,0.004903992356965605,0.9225782618462108,0.004524316744796431,0.07742173815378917
1.0,3.354,0.004884415567219612,0.9227239283402692,0.0045069671198312445,0.07727607165973083
1.0,3.356,0.004864916928226899,0.922869338391884,0.004489682666884235,0.07713066160811599
1.0,3.358,0.004845496128008819,0.9230144923834508,0.004472463148940037,0.07698550761654921
1.0,3.36,0.0048261528558321614,0.9231593906970739,0.0044553083298009616,0.07684060930292613
1.0,3.362,0.004806886802204152,0.9233040337145652,0.0044382179740844,0.07669596628543485
1.0,3.364,0.004787697658867528,0.9234484218174431,0.004421191847220286,0.07655157818255687
1.0,3.366,0.00476858511879558,0.923592555386932,0.004404229715448506,0.07640744461306803
1.0,3.368,0.004749548876187266,0.9237364348039604,0.004387331345816382,0.0762635651960396
1.0,3.37,0.004730588626462291,0.9238800604491607,0.004370496506176094,0.07611993955083929
1.0,3.372,0.004711704066256263,0.9240234327028676,0.004353724965182172,0.07597656729713242
1.0,3.374,0.004692894893415807,0.9241665519451173,0.004337016492288935,0.07583344805488268
1.0,3.376,0.004674160806993765,0.9243094185556467,0.004320370857748,0.07569058144435326
1.0,3.378,0.004655501507244347,0.9244520329138922,0.004303787832605726,0.07554796708610778
1.0,3.38,0.0046369166956183655,0.9245943953989887,0.004287267188700739,0.07540560460101131
1.0,3.382,0.0046184060747584315,0.9247365063897685,0.004270808698661395,0.07526349361023155
1.0,3.384,0.004599969348494223,0.9248783662647606,0.004254412135903312,0.07512163373523939
1.0,3.386,0.004581606221837719,0.9250199754021898,0.004238077274626847,0.07498002459781017
1.0,3.388,0.00456331640097851,0.9251613341799755,0.004221803889814643,0.07483866582002452
1.0,3.39,0.004545099593279063,0.9253024429757305,0.004205591757229116,0.0746975570242695
1.0,3.392,0.004526955507270076,0.9254433021667609,0.004189440653410023,0.07455669783323915
1.0,3.394,0.004508883852645775,0.9255839121300642,0.004173350355671952,0.07441608786993581
1.0,3.396,0.00449088434025931,0.9257242732423291,0.004157320642101906,0.07427572675767091
1.0,3.398,0.004472956682118091,0.9258643858799341,0.004141351291556814,0.07413561412006586
1.0,3.4,0.004455100591379213,0.9260042504189471,0.004125442083661116,0.07399574958105293
1.0,3.402,0.0044373157823448355,0.9261438672351235,0.004109592798804294,0.07385613276487646
1.0,3.404,0.004419601970457642,0.9262832367039068,0.004093803218138468,0.07371676329609322
1.0,3.406,0.004401958872296257,0.9264223592004261,0.004078073123575946,0.07357764079957385
1.0,3.408,0.004384386205570741,0.9265612350994965,0.00406240229778682,0.0734387649005035
1.0,3.41,0.004366883689118043,0.9266998647756175,0.00404679052419654,0.0733001352243825
1.0,3.412,0.004349451042897536,0.9268382486029721,0.004031237586983523,0.07316175139702785
1.0,3.414,0.0043320879879865,0.9269763869554266,0.004015743271076729,0.07302361304457339
1.0,3.416,0.004314794246575693,0.927114280206529,0.004000307362153297,0.07288571979347103
1.0,3.418,0.004297569541964877,0.9272519287295083,0.003984929646636122,0.07274807127049165
1.0,3.42,0.0042804135985584175,0.9273893328972741,0.003969609911691511,0.0726106671027259
1.0,3.422,0.004263326141860846,0.9275264930824152,0.003954347945226774,0.0724735069175848
1.0,3.424,0.0042463068984725,0.927663409657199,0.003939143535887885,0.07233659034280104
1.0,3.426,0.004229355596085113,0.9278000829935708,0.003923996473057091,0.07219991700642925
1.0,3.428,0.004212471963477495,0.9279365134631525,0.003908906546850587,0.07206348653684747
1.0,3.43,0.004195655730511153,0.9280727014372427,0.0038938735481161336,0.07192729856275726
1.0,3.432,0.004178906628126011,0.9282086472868147,0.0038788972684307486,0.07179135271318526
1.0,3.434,0.0041622243883360655,0.9283443513825167,0.003863977500098337,0.0716556486174833
1.0,3.436,0.0041456087442251315,0.9284798140946704,0.00384911403614739,0.0715201859053296
1.0,3.438,0.004129059429942541,0.9286150357932704,0.0038343066703286333,0.07138496420672957
1.0,3.44,0.004112576180698919,0.9287500168479835,0.003819555197112737,0.07124998315201647
1.0,3.442,0.0040961587327619205,0.9288847576281478,0.003804859411687978,0.07111524237185218
1.0,3.444,0.004079806823452034,0.929019258502772,0.003790219109957958,0.070980741497228
1.0,3.446,0.004063520191138355,0.9291535198405345,0.0037756340885392843,0.07084648015946549
1.0,3.448,0.004047298575234427,0.9292875420097829,0.0037611041447592974,0.07071245799021708
1.0,3.45,0.004031141716194042,0.929421325378533,0.00374662907665376,0.07057867462146705
1.0,3.452,0.0040150493555071165,0.9295548703144678,0.0037322086829646053,0.07044512968553218
1.0,3.454,0.00399902123569553,0.9296881771849376,0.003717842763137634,0.07031182281506243
1.0,3.456,0.003983057100309031,0.9298212463569584,0.003703531117320276,0.0701787536430416
1.0,3.458,0.003967156693921105,0.9299540781972117,0.003689273546359299,0.07004592180278835
1.0,3.46,0.003951319762124918,0.9300866730720434,0.0036750698517985826,0.0699133269279566
1.0,3.462,0.0039355460515292165,0.9302190313474634,0.003660919835876842,0.06978096865253658
1.0,3.464,0.003919835309754301,0.9303511533891448,0.0036468233015254097,0.06964884661085524
1.0,3.466,0.003904187285427962,0.9304830395624228,0.003632780052365975,0.06951696043757716
1.0,3.468,0.0038886017281814823,0.9306146902322948,0.0036187898927083763,0.06938530976770518
1.0,3.47,0.003873078388645607,0.930746105763419,0.0036048526275483566,0.06925389423658102
1.0,3.472,0.0038576170184465787,0.9308772865201138,0.003590968062565363,0.06912271347988619
1.0,3.474,0.0038422173702021387,0.9310082328663575,0.0035771360041203164,0.06899176713364252
1.0,3.476,0.003826879197517592,0.9311389451657873,0.0035633562592534253,0.06886105483421268
1.0,3.478,0.003811602254981843,0.9312694237816987,0.0035496286356819645,0.06873057621830125
1.0,3.48,0.003796386298163491,0.931399669077045,0.0035359529417981032,0.06860033092295503
1.0,3.482,0.0037812310836068956,0.9315296814144362,0.003522328986666695,0.06847031858556385
1.0,3.484,0.003766136368828308,0.9316594611561387,0.0035087565800231185,0.06834053884386126
1.0,3.486,0.0037511019123119627,0.9317890086640748,0.003495235532271079,0.06821099133592523
1.0,3.488,0.003736127473506241,0.9319183242998215,0.0034817656544804615,0.06808167570017853
1.0,3.49,0.003721212812819796,0.9320474084246104,0.0034683467583851457,0.06795259157538958
1.0,3.492,0.0037063576916177457,0.9321762613993269,0.0034549786563808694,0.06782373860067314
1.0,3.494,0.003691561872217827,0.9323048835845091,0.0034416611615230536,0.06769511641549086
1.0,3.496,0.00367682511788662,0.9324332753403483,0.0034283940875246832,0.06756672465965174
1.0,3.498,0.0036621471928357354,0.932561437026687,0.003415177248754141,0.06743856297331297
1.0,3.5,0.003647527862218065,0.9326893690030196,0.0034020104602331,0.06731063099698043
1.0,3.5020000000000002,0.0036329668921240006,0.9328170716284906,0.003388893537634369,0.06718292837150941
1.0,3.504,0.003618464049577717,0.932944545261895,0.003375826297279798,0.06705545473810504
1.0,3.5060000000000002,0.0036040191025334175,0.9330717902616769,0.003362808556138138,0.06692820973832314
1.0,3.508,0.0035896318198716474,0.9331988069859295,0.0033498401318229525,0.0668011930140705
1.0,3.5100000000000002,0.0035753019713955707,0.9333255957923943,0.0033369208425904928,0.06667440420760573
1.0,3.512,0.003561029327827313,0.9334521570384604,0.003324050507337624,0.0665478429615396
1.0,3.5140000000000002,0.0035468136608042657,0.9335784910811642,0.0033112289455997064,0.0664215089188358
1.0,3.516,0.00353265474287546,0.9337045982771885,0.003298455977548536,0.06629540172281145
1.0,3.5180000000000002,0.0035185523474979006,0.9338304789828624,0.0032857314239902393,0.06616952101713758
1.0,3.52,0.0035045062490329667,0.9339561335541601,0.003273055106363222,0.06604386644583993
1.0,3.5220000000000002,0.0034905162227427773,0.9340815623467008,0.0032604268467360783,0.06591843765329919
1.0,3.524,0.003476582044786619,0.9342067657157482,0.00324784646780555,0.06579323428425177
1.0,3.5260000000000002,0.0034627034922173412,0.9343317440162097,0.003235313792894448,0.06566825598379034
1.0,3.528,0.0034488803429778133,0.9344564976026358,0.003222828645949625,0.06554350239736417
1.0,3.5300000000000002,0.003435112375897346,0.9345810268292202,0.0032103908515399037,0.06541897317077983
1.0,3.532,0.0034213993706881784,0.9347053320497983,0.003198000234854065,0.06529466795020167
1.0,3.5340000000000003,0.003407741107941929,0.9348294136178475,0.0031856566216987878,0.06517058638215245
1.0,3.536,0.003394137369126108,0.9349532718864864,0.0031733598384966455,0.06504672811351364
1.0,3.5380000000000003,0.0033805879365805982,0.935076907208474,0.003161109712284063,0.06492309279152597
1.0,3.54,0.003367092593514196,0.9352003199362098,0.0031489060707093185,0.06479968006379022
1.0,3.5420000000000003,0.0033536511240011184,0.9353235104217326,0.003136748742030515,0.06467648957826744
1.0,3.544,0.0033402633129775722,0.9354464790167205,0.0031246375551135957,0.06455352098327949
1.0,3.5460000000000003,0.0033269289462382902,0.9355692260724905,0.0031125723394303233,0.06443077392750951
1.0,3.548,0.003313647810433125,0.9356917519399974,0.003100552925056307,0.06430824806000257
1.0,3.5500000000000003,0.0033004196930636154,0.935814056969834,0.003088579142668996,0.064185943030166
1.0,3.552,0.0032872443824796065,0.9359361415122301,0.0030766508235457166,0.06406385848776985
1.0,3.5540000000000003,0.0032741216678758424,0.9360580059170525,0.003064767799561675,0.06394199408294754
1.0,3.556,0.0032610513392886146,0.9361796505338039,0.0030529299031880086,0.06382034946619608
1.0,3.5580000000000003,0.003248033187592382,0.9363010757116232,0.0030411369674898,0.06369892428837676
1.0,3.56,0.0032350670044964456,0.9364222817992847,0.0030293888261241383,0.06357771820071534
1.0,3.5620000000000003,0.003222152582541593,0.936543269145197,0.0030176853133381427,0.06345673085480297
1.0,3.564,0.0032092897150968027,0.936664038097404,0.003006026263967038,0.06333596190259605
1.0,3.5660000000000003,0.0031964781963559163,0.936784589003583,0.002994411513432191,0.06321541099641703
1.0,3.568,0.003183717821334366,0.9369049222110452,0.002982840897739192,0.06309507778895485
1.0,3.5700000000000003,0.0031710083858658734,0.9370250380667348,0.0029713142534759053,0.06297496193326524
1.0,3.572,0.003158349686599206,0.9371449369172287,0.0029598314178105618,0.06285506308277133
1.0,3.5740000000000003,0.003145741520994899,0.9372646191087363,0.002948392228489821,0.06273538089126374
1.0,3.576,0.0031331836873220408,0.9373840849870987,0.0029369965238368752,0.06261591501290131
1.0,3.5780000000000003,0.0031206759846550175,0.9375033348977886,0.002925644142749519,0.06249666510221141
1.0,3.58,0.0031082182128703262,0.9376223691859096,0.002914334924698269,0.06237763081409042
1.0,3.5820000000000003,0.0030958101726433467,0.937741188196196,0.002903068709724443,0.06225881180380399
1.0,3.584,0.003083451665445176,0.9378597922730124,0.002891845338438287,0.062140207726987584
1.0,3.586,0.003071142493539433,0.9379781817603533,0.002880664652017075,0.0620218182396467
1.0,3.588,0.003058882459979102,0.9380963570018425,0.00286952649220323,0.06190364299815754
1.0,3.59,0.003046671368603389,0.9382143183407329,0.0028584307013024566,0.06178568165926712
1.0,3.592,0.0030345090240345668,0.9383320661199063,0.0028473771221818552,0.06166793388009373
1.0,3.594,0.003022395231674868,0.9384496006818726,0.0028363655982680753,0.06155039931812745
1.0,3.596,0.0030103297977033512,0.9385669223687696,0.0028253959735454353,0.061433077631230404
1.0,3.598,0.0029983125290728206,0.9386840315223629,0.0028144680925540873,0.061315968477637095
1.0,3.6,0.002986343233506717,0.9388009284840453,0.002803581800388152,0.06119907151595472
1.0,3.602,0.0029744217194960605,0.9389176135948362,0.0027927369426938905,0.061082386405163835
1.0,3.604,0.0029625477962963677,0.9390340871953815,0.0027819333656678488,0.060965912804618494
1.0,3.606,0.0029507212739246194,0.9391503496259536,0.0027711709160550455,0.06084965037404644
1.0,3.608,0.0029389419631562,0.9392664012264503,0.0027604494411471226,0.06073359877354967
1.0,3.61,0.002927209675521891,0.9393822423363951,0.0027497687887805457,0.06061775766360489
1.0,3.612,0.002915524223304835,0.9394978732949365,0.002739128807334764,0.0605021267050635
1.0,3.614,0.0029038854195375524,0.9396132944408478,0.0027285293457304234,0.060386705559152154
1.0,3.616,0.002892293077998929,0.9397285061125268,0.0027179702534275356,0.060271493887473215
1.0,3.618,0.0028807470132112593,0.9398435086479953,0.0027074513804237026,0.06015649135200474
1.0,3.62,0.002869247040437254,0.9399583023848989,0.0026969725772522965,0.06004169761510114
1.0,3.622,0.0028577929756771086,0.9400728876605069,0.0026865336949806924,0.059927112339493105
1.0,3.624,0.002846384635665538,0.9401872648117116,0.002676134585208462,0.059812735188288446
1.0,3.626,0.0028350218378688633,0.9403014341750281,0.002665775100065616,0.059698565824971905
1.0,3.628,0.002823704400482073,0.9404153960865942,0.0026554550922108077,0.05958460391340581
1.0,3.63,0.0028124321424259314,0.9405291508821698,0.002645174414829583,0.05947084911783018
1.0,3.632,0.002801204883344065,0.940642698897137,0.002634932921632601,0.05935730110286297
1.0,3.634,0.002790022443600094,0.9407560404664995,0.0026247304668538915,0.05924395953350048
1.0,3.636,0.002778884644274738,0.9408691759248822,0.002614566905249082,0.05913082407511783
1.0,3.638,0.002767791307162976,0.9409821056065312,0.0026044420920936706,0.05901789439346883
1.0,3.64,0.0027567422547711724,0.9410948298453135,0.002594355883181262,0.05890517015468655
1.0,3.642,0.002745737310314258,0.9412073489747165,0.002584308134821851,0.05879265102528353
1.0,3.644,0.002734776297712882,0.9413196633278479,0.0025742987038400683,0.05868033667215211
1.0,3.646,0.0027238590415906137,0.9414317732374355,0.002564327447573473,0.05856822676256446
1.0,3.648,0.002712985367271118,0.9415436790358269,0.0025543942238708123,0.05845632096417308
1.0,3.65,0.0027021551007753775,0.9416553810549889,0.00254449889109032,0.058344618945011084
1.0,3.652,0.0026913680688188933,0.9417668796265077,0.002534641308097989,0.058233120373492264
1.0,3.654,0.002680624098808928,0.9418781750815886,0.002524821334265881,0.05812182491841145
1.0,3.656,0.0026699230188417284,0.9419892677510553,0.0025150388294704067,0.05801073224894471
1.0,3.658,0.002659264657699791,0.9421001579653503,0.0025052936540906462,0.05789984203464971
1.0,3.66,0.0026486488448491056,0.9422108460545341,0.0024955856690066403,0.05778915394546591
1.0,3.662,0.002638075410436444,0.9423213323482853,0.0024859147355977195,0.0576786676517147
1.0,3.664,0.0026275441852866266,0.9424316171759003,0.002476280715740809,0.057568382824099706
1.0,3.666,0.00261705500089983,0.942541700866293,0.002466683471808764,0.057458299133707036
1.0,3.668,0.002606607689448877,0.9426515837479945,0.0024571228666686843,0.057348416252005485
1.0,3.67,0.0025962020837765644,0.9427612661491532,0.002447598763680264,0.05723873385084677
1.0,3.672,0.0025858380173929755,0.9428707483975344,0.0024381110266941115,0.057129251602465625
1.0,3.674,0.002575515324472832,0.9429800308205197,0.002428659520050112,0.05701996917948027
1.0,3.676,0.002565233839852822,0.9430891137451076,0.002419244108575757,0.05691088625489238
1.0,3.678,0.0025549933990289767,0.9431979974979126,0.0024098646575845158,0.056802002502087445
1.0,3.68,0.0025447938381540206,0.9433066824051651,0.002400521032874176,0.05669331759483487
1.0,3.682,0.002534634994034766,0.9434151687927118,0.002391213100725223,0.05658483120728819
1.0,3.684,0.002524516704129486,0.9435234569860147,0.0023819407278991927,0.0564765430139853
1.0,3.686,0.002514438806545331,0.9436315473101512,0.0023727037816370605,0.0563684526898488
1.0,3.688,0.0025044011400357194,0.9437394400898143,0.0023635021296576023,0.05626055991018575
1.0,3.69,0.002494403543997778,0.9438471356493118,0.0023543356401557946,0.056152864350688225
1.0,3.692,0.0024844458584697524,0.9439546343125664,0.0023452041818011853,0.05604536568743357
1.0,3.694,0.002474527924128466,0.9440619364031159,0.0023361076237363022,0.055938063596884136
1.0,3.696,0.0024646495822867533,0.9441690422441121,0.0023270458355750348,0.05583095775588787
1.0,3.698,0.0024548106748909387,0.9442759521583216,0.002318018687401053,0.05572404784167839
1.0,3.7,0.002445011044518289,0.9443826664681251,0.0023090260497661977,0.055617333531874924
1.0,3.702,0.002435250534374515,0.9444891854955172,0.0023000677936889087,0.05551081450448281
1.0,3.704,0.0024255289882912402,0.9445955095621067,0.0022911437906526252,0.055404490437893306
1.0,3.706,0.002415846250723525,0.9447016389891159,0.0022822539126042245,0.055298361010884145
1.0,3.708,0.0024062021667473573,0.9448075740973807,0.002273398031952432,0.0551924259026193
1.0,3.71,0.0023965965820571923,0.9449133152073506,0.002264576021566267,0.05508668479264944
1.0,3.712,0.002387029342963465,0.9450188626390881,0.0022557877547734633,0.054981137360911925
1.0,3.714,0.002377500296390151,0.9451242167122692,0.0022470331053589293,0.054875783287730795
1.0,3.716,0.002368009289872297,0.9452293777461827,0.0022383119475631714,0.05477062225381735
1.0,3.718,0.0023585561715536007,0.9453343460597302,0.002229624156080764,0.05466565394026979
1.0,3.72,0.002349140790183963,0.9454391219714263,0.0022209696060587884,0.05456087802857368
1.0,3.722,0.0023397629951170855,0.9455437057993981,0.002212348173095308,0.05445629420060194
1.0,3.724,0.0023304226363080427,0.9456480978613849,0.0022037597332378147,0.05435190213861507
1.0,3.726,0.0023211195643108983,0.9457522984747389,0.0021952041629817163,0.05424770152526115
1.0,3.728,0.002311853630276298,0.9458563079564241,0.002186681339268795,0.05414369204357594
1.0,3.73,0.0023026246859491045,0.9459601266230169,0.0021781911394856994,0.05403987337698313
1.0,3.732,0.0022934325836660063,0.9460637547907055,0.0021697334414624105,0.05393624520929452
1.0,3.734,0.0022842771763531755,0.9461671927752902,0.0021613081234707504,0.053832807224709844
1.0,3.736,0.0022751583175238954,0.946270440892183,0.002152915064222854,0.05372955910781696
1.0,3.738,0.0022660758612762346,0.9463734994564077,0.002144554142869683,0.053626500543592304
1.0,3.74,0.002257029662290695,0.9464763687825996,0.002136225238999514,0.05352363121740045
1.0,3.742,0.0022480195758279044,0.9465790491850055,0.0021279282326364573,0.05342095081499454
1.0,3.744,0.0022390454577262825,0.9466815409774836,0.002119663004238952,0.05331845902251642
1.0,3.746,0.0022301071643997528,0.9467838444735036,0.002111429434698302,0.05321615552649639
1.0,3.748,0.0022212045528354272,0.9468859599861462,0.0021032274053371723,0.05311404001385378
1.0,3.75,0.0022123374805913345,0.9469878878281035,0.002095056797908136,0.0530121121718965
1.0,3.7520000000000002,0.0022035058057941256,0.9470896283116784,0.002086917494592184,0.05291037168832158
1.0,3.754,0.00219470938713682,0.9471911817487849,0.002078809377997276,0.052808818251215084
1.0,3.7560000000000002,0.002185948083876527,0.947292548450948,0.002070732331156862,0.05270745154905199
1.0,3.758,0.002177221755832211,0.9473937287293035,0.00206268623752844,0.0526062712706965
1.0,3.7600000000000002,0.0021685302633824345,0.9474947228945979,0.002054670980992089,0.05250527710540209
1.0,3.762,0.0021598734674631356,0.9475955312571887,0.002046686445849036,0.05240446874281135
1.0,3.7640000000000002,0.0021512512295653917,0.9476961541270436,0.0020387325168201953,0.052303845872956445
1.0,3.766,0.0021426634117332165,0.9477965918137411,0.0020308090790447453,0.052203408186258904
1.0,3.7680000000000002,0.002134109876561337,0.9478968446264705,0.0020229160180786775,0.0521031553735295
1.0,3.77,0.0021255904871930117,0.9479969128740312,0.002015053219893383,0.052003087125968794
1.0,3.7720000000000002,0.002117105107317826,0.9480967968648332,0.0020072205708742095,0.05190320313516683
1.0,3.774,0.002108653601169524,0.9481964969068969,0.0019994179578190557,0.05180350309310311
1.0,3.7760000000000002,0.0021002358335238235,0.948296013307853,0.0019916452679369376,0.05170398669214704
1.0,3.778,0.0020918516696962664,0.9483953463749424,0.001983902388846592,0.05160465362505762
1.0,3.7800000000000002,0.0020835009755400488,0.9484944964150165,0.001976189208575054,0.051505503584983514
1.0,3.782,0.00207518361744389,0.9485934637345368,0.0019685056155562654,0.05140653626546321
1.0,3.7840000000000003,0.0020668994623298785,0.948692248639575,0.001960851498629661,0.05130775136042498
1.0,3.786,0.00205864837765136,0.948790851435813,0.001953226747038789,0.05120914856418701
1.0,3.7880000000000003,0.0020504302313908004,0.9488892724285426,0.0019456312504299049,0.051110727571457404
1.0,3.79,0.002042244892057687,0.9489875119226661,0.0019380648988505983,0.05101248807733394
1.0,3.7920000000000003,0.002034092228686413,0.9490855702226956,0.001930527582748398,0.050914429777304426
1.0,3.794,0.0020259721108341934,0.9491834476327534,0.0019230191929694065,0.05081655236724658
1.0,3.7960000000000003,0.0020178844085789664,0.9492811444565719,0.001915539620756914,0.05071885554342814
1.0,3.798,0.0020098289925173265,0.9493786609974932,0.0019080887577500403,0.05062133900250676
1.0,3.8000000000000003,0.0020018057337624416,0.94947599755847,0.0019006664959823592,0.05052400244152999
1.0,3.802,0.001993814503942004,0.9495731544420646,0.001893272727880549,0.05042684555793542
1.0,3.8040000000000003,0.001985855175196162,0.9496701319504494,0.001885907346263022,0.05032986804955064
1.0,3.806,0.0019779276201754904,0.9497669303854068,0.0018785702443385884,0.05023306961459317
1.0,3.8080000000000003,0.0019700317120389353,0.9498635500483295,0.0018712613157050913,0.05013644995167055
1.0,3.81,0.001962167324451802,0.9499599912402198,0.0018639804543480794,0.05004000875978021
1.0,3.8120000000000003,0.001954334331583718,0.9500562542616904,0.0018567275546394514,0.04994374573830962
1.0,3.814,0.0019465326081066331,0.9501523394129637,0.0018495025113361352,0.04984766058703627
1.0,3.8160000000000003,0.0019387620291928026,0.9502482469938724,0.0018423052195787437,0.04975175300612755
1.0,3.818,0.001931022470512801,0.9503439773038592,0.0018351355748902594,0.04965602269614078
1.0,3.8200000000000003,0.0019233138082335212,0.9504395306419767,0.0018279934731747008,0.049560469358023274
1.0,3.822,0.0019156359190162053,0.9505349073068878,0.0018208788107158137,0.04946509269311217
1.0,3.8240000000000003,0.0019079886800144592,0.9506301075968656,0.001813791484175747,0.049369892403134386
1.0,3.826,0.0019003719688722987,0.9507251318097931,0.0018067313905937522,0.04927486819020688
1.0,3.8280000000000003,0.0018927856637221798,0.9508199802431635,0.0017996984273848662,0.0491800197568365
1.0,3.83,0.0018852296431830615,0.9509146531940804,0.0017926924923386209,0.04908534680591958
1.0,3.8320000000000003,0.0018777037863584507,0.9510091509592574,0.001785713483617733,0.04899084904074258
1.0,3.834,0.001870207972834481,0.9511034738350186,0.001778761299756823,0.04889652616498141
1.0,3.8360000000000003,0.0018627420826779727,0.9511976221172981,0.001771835839661111,0.04880237788270192
1.0,3.838,0.0018553059964345276,0.9512915961016406,0.0017649370026051464,0.0487084038983594
1.0,3.84,0.0018478995951266052,0.9513853960832012,0.0017580646882315123,0.04861460391679884
1.0,3.842,0.0018405227602516251,0.9514790223567451,0.0017512187965495543,0.048520977643254914
1.0,3.844,0.0018331753737800753,0.9515724752166483,0.0017443992279341108,0.04842752478335166
1.0,3.846,0.001825857318153612,0.9516657549568973,0.001737605883124233,0.048334245043102686
1.0,3.848,0.0018185684762831924,0.951758861871089,0.0017308386632219318,0.048241138128910954
1.0,3.85,0.0018113087315471878,0.9518517962524311,0.0017240974696909033,0.048148203747568896
1.0,3.852,0.001804077967789531,0.9519445583937418,0.0017173822043552844,0.04805544160625819
1.0,3.854,0.0017968760693178442,0.9520371485874503,0.001710692769398386,0.047962851412549745
1.0,3.856,0.0017897029209016015,0.9521295671255962,0.0017040290673614568,0.047870432874403845
1.0,3.858,0.0017825584077702718,0.9522218142998304,0.0016973910011424253,0.04777818570016956
1.0,3.86,0.001775442415611496,0.9523138904014147,0.0016907784739946692,0.047686109598585324
1.0,3.862,0.0017683548305692447,0.9524057957212215,0.0016841913895257674,0.047594204278778474
1.0,3.864,0.0017612955392420089,0.9524975305497347,0.001677629651696277,0.04750246945026526
1.0,3.866,0.0017542644286809737,0.9525890951770493,0.001671093164818492,0.04741090482295074
1.0,3.868,0.0017472613863882235,0.9526804898928711,0.0016645818335552299,0.04731951010712887
1.0,3.87,0.0017402863003149285,0.9527717149865178,0.0016580955629185966,0.047228285013482196
1.0,3.872,0.0017333390588595665,0.9528627707469182,0.001651634258268782,0.047137229253081836
1.0,3.874,0.0017264195508661226,0.9529536574626124,0.0016451978253128321,0.0470463425373876
1.0,3.876,0.0017195276656223242,0.9530443754217524,0.0016387861701034519,0.046955624578247646
1.0,3.878,0.0017126632928578577,0.9531349249121014,0.0016323991990377866,0.04686507508789861
1.0,3.88,0.0017058263227426153,0.9532253062210347,0.001626036818856231,0.04677469377896526
1.0,3.882,0.001699016645884926,0.9533155196355394,0.0016196989366412196,0.0466844803644606
1.0,3.884,0.0016922341533298184,0.9534055654422142,0.0016133854598160422,0.04659443455778578
1.0,3.886,0.0016854787365572633,0.9534954439272701,0.0016070962961436423,0.04650455607272985
1.0,3.888,0.0016787502874804517,0.9535851553765302,0.0016008313537254413,0.046414844623469786
1.0,3.89,0.0016720486984440517,0.9536747000754295,0.0015945905410001432,0.04632529992457046
1.0,3.892,0.0016653738622224986,0.9537640783090157,0.0015883737667425671,0.04623592169098434
1.0,3.894,0.0016587256720182676,0.9538532903619485,0.001582180940062459,0.04614670963805145
1.0,3.896,0.0016521040214601765,0.9539423365185006,0.0015760119704033317,0.04605766348149942
1.0,3.898,0.0016455088046016721,0.9540312170625568,0.0015698667675412862,0.04596878293744322
1.0,3.9,0.001638939915919147,0.9541199322776149,0.0015637452415838565,0.045880067722385065
1.0,3.902,0.0016323972503102394,0.9542084824467857,0.0015576473029688394,0.04579151755321431
1.0,3.904,0.0016258807030921627,0.9542968678527927,0.0015515728624631473,0.04570313214720734
1.0,3.906,0.0016193901700000193,0.9543850887779725,0.0015455218311616443,0.04561491122202754
1.0,3.908,0.0016129255471851445,0.954473145504275,0.0015394941204860087,0.04552685449572502
1.0,3.91,0.0016064867312134323,0.9545610383132633,0.0015334896421835744,0.04543896168673667
1.0,3.912,0.0016000736190636927,0.9546487674861143,0.0015275083083262006,0.04535123251388573
1.0,3.914,0.0015936861081259916,0.954736333303618,0.0015215500313091224,0.04526366669638204
1.0,3.916,0.0015873240962000206,0.9548237360461782,0.0015156147238498268,0.045176263953821794
1.0,3.918,0.0015809874814934502,0.9549109759938127,0.0015097022989869105,0.045089024006187306
1.0,3.92,0.001574676162620313,0.9549980534261532,0.0015038126700789634,0.04500194657384682
1.0,3.922,0.0015683900385993694,0.9550849686224454,0.0014979457508034347,0.04491503137755459
1.0,3.924,0.0015621290088525038,0.9551717218615493,0.0014921014551555214,0.044828278138450695
1.0,3.926,0.001555892973203104,0.9552583134219391,0.0014862796974470433,0.04474168657806088
1.0,3.928,0.001549681831874469,0.9553447435817037,0.0014804803923053396,0.04465525641829626
1.0,3.93,0.0015434954854882026,0.9554310126185467,0.0014747034546721486,0.04456898738145332
1.0,3.932,0.0015373338350626333,0.9555171208097861,0.001468948799802514,0.044482879190213875
1.0,3.934,0.0015311967820112202,0.9556030684323552,0.0014632163432636701,0.04439693156764479
1.0,3.936,0.001525084228140986,0.9556888557628023,0.0014575060009339555,0.04431114423719773
1.0,3.938,0.0015189960756509361,0.9557744830772906,0.0014518176890017066,0.044225516922709374
1.0,3.94,0.001512932227130503,0.9558599506515992,0.0014461513239641768,0.04414004934840077
1.0,3.942,0.0015068925855579788,0.9559452587611225,0.0014405068226264388,0.04405474123887754
1.0,3.944,0.0015008770542989716,0.9560304076808702,0.0014348841021003095,0.04396959231912978
1.0,3.946,0.0014948855371048509,0.9561153976854685,0.0014292830798032596,0.04388460231453151
1.0,3.948,0.0014889179381112159,0.9562002290491591,0.0014237036734573464,0.043799770950840866
1.0,3.95,0.0014829741618363529,0.9562849020458001,0.0014181458010881292,0.04371509795419992
1.0,3.952,0.0014770541131797175,0.9563694169488657,0.0014126093810236102,0.04363058305113432
1.0,3.954,0.0014711576974204023,0.9564537740314468,0.001407094331893157,0.043546225968553176
1.0,3.956,0.0014652848202156316,0.9565379735662509,0.0014016005726264485,0.04346202643374908
1.0,3.958,0.0014594353875992427,0.9566220158256022,0.0013961280224524066,0.043377984174397755
1.0,3.96,0.0014536093059801913,0.9567059010814419,0.0013906766008981483,0.043294098918558066
1.0,3.962,0.0014478064821410446,0.9567896296053285,0.0013852462277879239,0.04321037039467146
1.0,3.964,0.0014420268232365,0.9568732016684376,0.0013798368232420758,0.04312679833156241
1.0,3.966,0.001436270236791889,0.9569566175415625,0.001374448307675985,0.04304338245843753
1.0,3.968,0.0014305366307017086,0.9570398774951139,0.0013690806017990361,0.04296012250488612
1.0,3.97,0.0014248259132281361,0.9571229817991207,0.0013637336266135688,0.0428770182008793
1.0,3.972,0.001419137992999573,0.9572059307232296,0.0013584073034138523,0.04279406927677043
1.0,3.974,0.0014134727790091714,0.9572887245367054,0.0013531015537850423,0.04271127546329456
1.0,3.976,0.0014078301806133894,0.9573713635084318,0.0013478162996021623,0.04262863649156823
1.0,3.978,0.0014022101075305297,0.9574538479069103,0.0013425514630290682,0.04254615209308965
1.0,3.98,0.0013966124698393057,0.957536178000262,0.001337306966517435,0.04246382199973797
1.0,3.982,0.001391037177977392,0.9576183540562263,0.001332082732805728,0.042381645943773694
1.0,3.984,0.001385484142740003,0.957700376342162,0.0013268786849181984,0.042299623657838015
1.0,3.986,0.0013799532752784534,0.9577822451250472,0.0013216947461638594,0.04221775487495283
1.0,3.988,0.0013744444870987485,0.9578639606714796,0.0013165308401354877,0.04213603932852039
1.0,3.99,0.0013689576900601575,0.9579455232476765,0.001311386890708608,0.042054476752323544
1.0,3.992,0.0013634927963738133,0.9580269331194751,0.0013062628220405013,0.041973066880524934
1.0,3.994,0.0013580497186012975,0.9581081905523329,0.001301158558569194,0.04189180944766713
1.0,3.996,0.0013526283696532523,0.9581892958113274,0.0012960740250124736,0.04181070418867261
1.0,3.998,0.0013472286627879764,0.958270249161157,0.0012910091463668866,0.041729750838843005
1.0,4.0,0.0013418505116100474,0.9583510508661405,0.0012859638479067572,0.041648949133859525
1.0,4.002,0.00133649383006893,0.9584317011902176,0.0012809380551831943,0.04156829880978241
1.0,4.0040000000000004,0.0013311585324576034,0.9585122003969494,0.0012759316940231114,0.0414877996030506
1.0,4.006,0.0013258445334111966,0.958592548749518,0.0012709446905282546,0.04140745125048195
1.0,4.008,0.001320551747905609,0.9586727465107274,0.001265976971074212,0.041327253489272575
1.0,4.01,0.0013152800912561598,0.9587527939430031,0.0012610284623094513,0.04124720605699694
1.0,4.0120000000000005,0.0013100294791162277,0.9588326913083924,0.0012560990911543442,0.04116730869160756
1.0,4.014,0.0013047998274759109,0.9589124388685651,0.0012511887848002086,0.04108756113143486
1.0,4.016,0.0012995910526606696,0.9589920368848134,0.0012462974707083342,0.04100796311518662
1.0,4.018,0.0012944030713299955,0.9590714856180518,0.0012414250766090277,0.04092851438194822
1.0,4.0200000000000005,0.0012892358004760742,0.9591507853288177,0.0012365715305006535,0.0408492146711823
1.0,4.022,0.0012840891574224665,0.9592299362772718,0.0012317367606486883,0.04077006372272818
1.0,4.024,0.0012789630598227717,0.9593089387231979,0.001226920695584757,0.04069106127680211
1.0,4.026,0.0012738574256593183,0.9593877929260031,0.0012221232641056934,0.04061220707399693
1.0,4.0280000000000005,0.001268772173241849,0.9594664991447184,0.001217344395272593,0.04053350085528162
1.0,4.03,0.001263707221206221,0.9595450576379987,0.0012125840184098785,0.04045494236200131
1.0,4.032,0.0012586624885130915,0.9596234686641231,0.0012078420631043499,0.04037653133587693
1.0,4.034,0.0012536378944466295,0.959701732480995,0.001203118459204257,0.040298267519005004
1.0,4.0360000000000005,0.0012486333586132208,0.9597798493461425,0.001198413136818365,0.040220150653857534
1.0,4.038,0.0012436488009401898,0.9598578195167183,0.001193726026315032,0.040142180483281664
1.0,4.04,0.001238684141674505,0.9599356432495005,0.0011890570583212713,0.040064356750499464
1.0,4.042,0.001233739301381512,0.9600133208008924,0.0011844061637218382,0.03998667919910759
1.0,4.0440000000000005,0.0012288142009436588,0.9600908524269227,0.0011797732736583053,0.039909147573077286
1.0,4.046,0.0012239087615592377,0.9601682383832459,0.0011751583195281534,0.03983176161675406
1.0,4.048,0.0012190229047411116,0.9602454789251428,0.0011705612329838474,0.03975452107485722
1.0,4.05,0.001214156552315467,0.9603225743075201,0.0011659819459319326,0.039677425692479895
1.0,4.0520000000000005,0.0012093096264205595,0.9603995247849112,0.0011614203905321238,0.039600475215088804
1.0,4.054,0.0012044820495054754,0.9604763306114762,0.0011568764991964095,0.03952366938852381
1.0,4.056,0.0011996737443288792,0.9605529920410021,0.0011523502045881371,0.039447007958997915
1.0,4.058,0.0011948846339577851,0.9606295093269032,0.0011478414396211235,0.039370490673096836
1.0,4.0600000000000005,0.0011901146417663232,0.9607058827222211,0.0011433501374587555,0.03929411727777887
1.0,4.062,0.0011853636914345208,0.9607821124796255,0.0011388762315131058,0.03921788752037447
1.0,4.064,0.0011806317069470692,0.9608581988514138,0.001134419655444031,0.03914180114858623
1.0,4.066,0.0011759186125921155,0.9609341420895114,0.001129980343158293,0.039065857910488555
1.0,4.0680000000000005,0.0011712243329600473,0.9610099424454726,0.0011255582288086721,0.038990057554527446
1.0,4.07,0.0011665487929422948,0.9610856001704801,0.0011211532467930946,0.03891439982951994
1.0,4.072,0.0011618919177301158,0.9611611155153456,0.0011167653317537421,0.038838884484654446
1.0,4.074,0.0011572536328134076,0.9612364887305102,0.001112394418576187,0.03876351126948985
1.0,4.0760000000000005,0.0011526338639795102,0.9613117200660443,0.0011080404423885139,0.03868827993395574
1.0,4.078,0.0011480325373120284,0.9613868097716481,0.0011037033385604617,0.03861319022835186
1.0,4.08,0.0011434495791896348,0.9614617580966519,0.001099383042702543,0.03853824190334809
1.0,4.082,0.0011388849162849018,0.961536565290016,0.001095079490665192,0.038463434709984035
1.0,4.0840000000000005,0.0011343384755631235,0.9616112316003312,0.0010907926185378975,0.03838876839966876
1.0,4.086,0.0011298101842811556,0.9616857572758195,0.0010865223626483564,0.03831424272418049
1.0,4.088,0.0011252999699862386,0.9617601425643335,0.0010822686595616051,0.03823985743566649
1.0,4.09,0.001120807760514848,0.9618343877133572,0.0010780314460791778,0.038165612286642836
1.0,4.0920000000000005,0.0011163334839915343,0.9619084929700062,0.0010738106592382533,0.038091507029993754
1.0,4.094,0.0011118770688277814,0.961982458581028,0.001069606236310816,0.038017541418971956
1.0,4.096,0.0011074384437208499,0.9620562847928021,0.0010654181148028036,0.03794371520719786
1.0,4.098,0.0011030175376526433,0.9621299718513403,0.0010612462324532724,0.037870028148659696
1.0,4.1,0.0010986142798885701,0.9622035200022871,0.00105709052723356,0.03779647999771285
1.0,4.102,0.0010942285999764104,0.9622769294909201,0.0010529509373464485,0.03772307050907986
1.0,4.104,0.0010898604277451956,0.9623502005621498,0.0010488274012253394,0.037649799437850184
1.0,4.106,0.0010855096933040753,0.9624233334605202,0.001044719857533415,0.037576666539479775
1.0,4.108,0.0010811763270412054,0.9624963284302092,0.0010406282451628193,0.03750367156979084
1.0,4.11,0.0010768602596226313,0.9625691857150284,0.0010365525032338303,0.037430814284971636
1.0,4.112,0.001072561421991186,0.9626419055584239,0.001032492571094048,0.03735809444157612
1.0,4.114,0.0010682797453653741,0.9627144882034763,0.0010284483883175662,0.03728551179652373
1.0,4.116,0.001064015161238278,0.962786933892901,0.0010244198947041623,0.03721306610709896
1.0,4.118,0.0010597676013764587,0.9628592428690486,0.0010204070302784847,0.03714075713095144
1.0,4.12,0.0010555369978188717,0.9629314153739049,0.0010164097352892486,0.03706858462609508
1.0,4.122,0.001051323282875768,0.9630034516490916,0.0010124279502084189,0.036996548350908376
1.0,4.124,0.0010471263891276186,0.9630753519358662,0.0010084616157304141,0.03692464806413376
1.0,4.126,0.0010429462494240319,0.9631471164751225,0.0010045106727713002,0.03685288352487748
1.0,4.128,0.0010387827968826875,0.9632187455073908,0.0010005750624680011,0.03678125449260916
1.0,4.13,0.001034635964888254,0.9632902392728383,0.0009966547261774901,0.0367097607271617
1.0,4.132,0.0010305056870913308,0.9633615980112691,0.0009927496054760053,0.03663840198873092
1.0,4.134,0.0010263918974073834,0.9634328219621248,0.000988859642158255,0.036567178037875236
1.0,4.136,0.0010222945300156928,0.9635039113644847,0.0009849847782366376,0.036496088635515345
1.0,4.138,0.0010182135193582914,0.9635748664570659,0.0009811249559404447,0.036425133542934085
1.0,4.14,0.0010141488001389216,0.9636456874782241,0.000977280117715087,0.0363543125217759
1.0,4.142,0.0010101003073219874,0.9637163746659533,0.0009734502062213109,0.03628362533404672
1.0,4.144,0.001006067976131521,0.9637869282578863,0.000969635164334427,0.036213071742113745
1.0,4.146,0.0010020517420501354,0.963857348491295,0.0009658349351435267,0.03614265150870499
1.0,4.148,0.000998051540818,0.9639276356030909,0.0009620494619507165,0.036072364396909085
1.0,4.15,0.0009940673084318074,0.9639977898298252,0.0009582786882703455,0.0360022101701748
1.0,4.152,0.0009900989811437583,0.9640678114076889,0.0009545225578282457,0.035932188592311065
1.0,4.154,0.0009861464954605296,0.9641377005725137,0.0009507810145609578,0.03586229942748631
1.0,4.156,0.0009822097881422662,0.9642074575597714,0.0009470540026149763,0.03579254244022856
1.0,4.158,0.000978288796201565,0.9642770826045752,0.000943341466345987,0.03572291739542477
1.0,4.16,0.0009743834569024752,0.9643465759416793,0.0009396433503181187,0.035653424058320726
1.0,4.162,0.0009704937077594824,0.9644159378054794,0.0009359595993031781,0.035584062194520594
1.0,4.164,0.0009666194865365178,0.964485168430013,0.000932290158279906,0.035514831569987027
1.0,4.166,0.0009627607312459572,0.9645542680489598,0.0009286349724332256,0.03544573195104017
1.0,4.168,0.0009589173801476372,0.9646232368956419,0.0009249939871535025,0.03537676310435811
1.0,4.17,0.0009550893717478565,0.964692075203024,0.0009213671480357922,0.035307924796975976
1.0,4.172,0.000951276644798399,0.9647607832037141,0.0009177544008791047,0.035239216796285944
1.0,4.174,0.0009474791382955505,0.9648293611299632,0.000914155691685664,0.0351706388700368
1.0,4.176,0.0009436967914791293,0.9648978092136663,0.0009105709666601779,0.0351021907863337
1.0,4.178,0.000939929543831504,0.9649661276863621,0.0009070001722090952,0.03503387231363786
1.0,4.18,0.0009361773350766318,0.9650343167792338,0.0009034432549398811,0.03496568322076621
1.0,4.182,0.000932440105179091,0.9651023767231088,0.0008999001616602863,0.034897623276891165
1.0,4.184,0.0009287177943431267,0.9651703077484598,0.0008963708393776264,0.0348296922515402
1.0,4.186,0.0009250103430116846,0.9652381100854043,0.0008928552352980499,0.03476188991459572
1.0,4.188,0.0009213176918654643,0.9653057839637056,0.0008893532968258237,0.03469421603629441
1.0,4.19,0.0009176397818219669,0.9653733296127728,0.0008858649715626105,0.03462667038722722
1.0,4.192,0.0009139765540345567,0.965440747261661,0.0008823902073067602,0.03455925273833904
1.0,4.194,0.0009103279498915091,0.9655080371390719,0.0008789289520525864,0.03449196286092815
1.0,4.196,0.0009066939110150803,0.9655751994733538,0.0008754811539896614,0.034424800526646204
1.0,4.198,0.0009030743792605688,0.9656422344925022,0.0008720467615021051,0.034357765507497806
1.0,4.2,0.0008994692967153928,0.96570914242416,0.0008686257231678842,0.03429085757584005
1.0,4.202,0.0008958786056981528,0.9657759234956177,0.0008652179877580999,0.034224076504382306
1.0,4.204,0.0008923022487577161,0.965842577933814,0.0008618235042362919,0.034157422066185994
1.0,4.206,0.0008887401686722937,0.9659091059653359,0.000858442221757737,0.03409089403466414
1.0,4.208,0.0008851923084485315,0.9659755078164189,0.0008550740896687584,0.03402449218358106
1.0,4.21,0.0008816586113205886,0.9660417837129479,0.000851719057506022,0.03395821628705209
1.0,4.212,0.0008781390207492356,0.9661079338804567,0.0008483770749958514,0.03389206611954332
1.0,4.214,0.0008746334804209465,0.9661739585441289,0.0008450480920535348,0.03382604145587109
1.0,4.216,0.0008711419342470046,0.9662398579287982,0.0008417320587826442,0.033760142071201815
1.0,4.218,0.0008676643263625951,0.9663056322589483,0.0008384289254743419,0.03369436774105172
1.0,4.22,0.0008642006011259176,0.9663712817587138,0.0008351386426067039,0.033628718241286215
1.0,4.222,0.0008607507031172928,0.96643680665188,0.0008318611608440369,0.03356319334811997
1.0,4.224,0.0008573145771382821,0.9665022071618837,0.0008285964310362067,0.03349779283811627
1.0,4.226,0.000853892168210795,0.9665674835118131,0.0008253444042179539,0.0334325164881869
1.0,4.228,0.0008504834215762156,0.9666326359244083,0.000822105031608227,0.03336736407559171
1.0,4.23,0.0008470882826945237,0.9666976646220619,0.000818878264609509,0.03330233537793814
1.0,4.232,0.0008437066972434275,0.9667625698268187,0.0008156640548071537,0.03323743017318126
1.0,4.234,0.0008403386111174864,0.9668273517603768,0.0008124623539687125,0.03317264823962318
1.0,4.236,0.0008369839704272503,0.9668920106440873,0.0008092731140432753,0.03310798935591275
1.0,4.238,0.0008336427214983953,0.9669565466989548,0.0008060962871608069,0.03304345330104519
1.0,4.24,0.0008303148108708701,0.967020960145638,0.0008029318256314926,0.03297903985436201
1.0,4.242,0.0008270001852980323,0.9670852512044497,0.000799779681945074,0.03291474879555034
1.0,4.244,0.0008236987917458018,0.9671494200953573,0.0007966398087701987,0.032850579904642685
1.0,4.246,0.0008204105773918102,0.9672134670379832,0.0007935121589537663,0.032786532962016834
1.0,4.248,0.0008171354896245603,0.9672773922516047,0.0007903966855202829,0.032722607748395305
1.0,4.25,0.0008138734760425767,0.967341195955155,0.0007872933416712053,0.032658804044845
1.0,4.252,0.0008106244844535723,0.9674048783672231,0.0007842020807843011,0.03259512163277689
1.0,4.2540000000000004,0.0008073884628736112,0.9674684397060541,0.000781122856413002,0.03253156029394588
1.0,4.256,0.0008041653595262818,0.9675318801895499,0.0007780556222857689,0.03246811981045006
1.0,4.258,0.0008009551228418603,0.9675952000352692,0.0007750003323054434,0.03240479996473078
1.0,4.26,0.0007977577014564913,0.9676583994604279,0.0007719569405486182,0.032341600539572135
1.0,4.2620000000000005,0.0007945730442113631,0.9677214786818994,0.0007689254012649985,0.032278521318100606
1.0,4.264,0.0007914011001518945,0.9677844379162154,0.0007659056688767757,0.03221556208378462
1.0,4.266,0.0007882418185269116,0.9678472773795653,0.0007628976979779888,0.03215272262043467
1.0,4.268,0.000785095148787841,0.9679099972877977,0.0007599014433339023,0.032090002712202303
1.0,4.2700000000000005,0.0007819610405878983,0.9679725978564198,0.0007569168598803772,0.03202740214358024
1.0,4.272,0.0007788394437812882,0.968035079300598,0.0007539439027232529,0.031964920699402044
1.0,4.274,0.0007757303084223939,0.9680974418351584,0.000750982527137718,0.031902558164841555
1.0,4.276,0.0007726335847649833,0.9681596856745874,0.000748032688567696,0.031840314325412566
1.0,4.2780000000000005,0.0007695492232614104,0.9682218110330314,0.0007450943426252254,0.0317781889669686
1.0,4.28,0.0007664771745618281,0.9682838181242973,0.0007421674450898505,0.03171618187570269
1.0,4.282,0.0007634173895133903,0.9683457071618534,0.000739251951908,0.03165429283814658
1.0,4.284,0.0007603698191594709,0.968407478358829,0.000736347819192382,0.03159252164117099
1.0,4.2860000000000005,0.000757334414738878,0.9684691319280153,0.0007334550032213728,0.031530868071984686
1.0,4.288,0.0007543111276850788,0.9685306680818655,0.0007305734604384147,0.0314693319181345
1.0,4.29,0.0007512999096254145,0.9685920870324951,0.0007277031474514052,0.03140791296750489
1.0,4.292,0.0007483007123803319,0.9686533889916823,0.0007248440210320987,0.031346611008317704
1.0,4.2940000000000005,0.0007453134879626098,0.9687145741708685,0.0007219960381155043,0.03128542582913152
1.0,4.296,0.0007423381885765966,0.9687756427811585,0.0007191591557992932,0.031224357218841536
1.0,4.298,0.0007393747666174371,0.9688365950333208,0.000716333331343194,0.031163404966679242
1.0,4.3,0.0007364231746703168,0.968897431137788,0.0007135185221684046,0.031102568862211966
1.0,4.3020000000000005,0.0007334833655097002,0.9689581513046573,0.0007107146858569974,0.031041848695342655
1.0,4.304,0.0007305552920985808,0.9690187557436907,0.0007079217801513353,0.030981244256309326
1.0,4.306,0.0007276389075877202,0.9690792446643152,0.0007051397629534754,0.030920755335684835
1.0,4.308,0.0007247341653149039,0.9691396182756234,0.0007023685923245886,0.03086038172437655
1.0,4.3100000000000005,0.0007218410188041924,0.9691998767863739,0.0006996082264843739,0.03080012321362613
1.0,4.312,0.0007189594217651824,0.9692600204049913,0.0006968586238104814,0.030739979595008737
1.0,4.314,0.0007160893280922584,0.9693200493395668,0.0006941197428379252,0.030679950660433164
1.0,4.316,0.0007132306918638604,0.9693799637978588,0.0006913915422585108,0.030620036202141154
1.0,4.3180000000000005,0.0007103834673417466,0.9694397639872927,0.0006886739809202575,0.030560236012707298
1.0,4.32,0.0007075476089702664,0.9694994501149616,0.0006859670178268291,0.030500549885038364
1.0,4.322,0.000704723071375624,0.9695590223876266,0.0006832706121369556,0.03044097761237341
1.0,4.324,0.0007019098093651577,0.9696184810117171,0.0006805847231638681,0.030381518988282896
1.0,4.3260000000000005,0.0006991077779266142,0.9696778261933312,0.0006779093103747294,0.030322173806668795
1.0,4.328,0.000696316932227433,0.9697370581382362,0.0006752443333900725,0.030262941861763815
1.0,4.33,0.0006935372276140223,0.9697961770518685,0.0006725897519832304,0.03020382294813151
1.0,4.332,0.0006907686196110488,0.9698551831393345,0.000669945526079779,0.030144816860665502
1.0,4.3340000000000005,0.0006880110639207243,0.9699140766054106,0.0006673116157569754,0.030085923394589376
1.0,4.336,0.0006852645164221013,0.9699728576545439,0.0006646879812432047,0.030027142345456115
1.0,4.338,0.00068252893317036,0.9700315264908519,0.0006620745829174169,0.029968473509148108
1.0,4.34,0.00067980427039611,0.9700900833181236,0.0006594713813085786,0.02990991668187637
1.0,4.3420000000000005,0.0006770904845046878,0.9701485283398196,0.0006568783370951183,0.02985147166018043
1.0,4.344,0.0006743875320754634,0.9702068617590721,0.000654295411104381,0.029793138240927886
1.0,4.346,0.0006716953698611392,0.9702650837786858,0.0006517225643120735,0.02973491622131419
1.0,4.348,0.0006690139547870622,0.970323194601138,0.0006491597578417236,0.029676805398861972
1.0,4.3500000000000005,0.000666343243950533,0.9703811944285788,0.0006466069529641321,0.02961880557142116
1.0,4.352,0.0006636831946201234,0.9704390834628319,0.0006440641110968369,0.02956091653716808
1.0,4.354,0.0006610337642349864,0.9704968619053945,0.0006415311938035646,0.029503138094605474
1.0,4.356,0.0006583949104041792,0.970554529957438,0.0006390081627936976,0.02944547004256204
1.0,4.358,0.0006557665909059842,0.9706120878198079,0.0006364949799217352,0.0293879121801921
1.0,4.36,0.0006531487636872323,0.9706695356930249,0.000633991607186759,0.029330464306975057
1.0,4.362,0.0006505413868626343,0.9707268737772847,0.0006314980067319042,0.029273126222715273
1.0,4.364,0.0006479444187141044,0.9707841022724585,0.0006290141408438219,0.029215897727541518
1.0,4.366,0.0006453578176900967,0.9708412213780931,0.0006265399719521542,0.029158778621906856
1.0,4.368,0.0006427815424049386,0.970898231293412,0.0006240754626290062,0.029101768706587983
1.0,4.37,0.0006402155516381727,0.970955132217315,0.0006216205755884232,0.029044867782685002
1.0,4.372,0.0006376598043338911,0.9710119243483788,0.0006191752736858623,0.028988075651621203
1.0,4.374,0.0006351142596000822,0.9710686078848576,0.0006167395199176738,0.028931392115142396
1.0,4.376,0.0006325788767079748,0.9711251830246832,0.0006143132774205806,0.028874816975316797
1.0,4.378,0.000630053615091391,0.9711816499654655,0.0006118965094711634,0.02881835003453448
1.0,4.38,0.0006275384343460897,0.9712380089044926,0.0006094891794853388,0.028761991095507367
1.0,4.382,0.0006250332942291255,0.9712942600387318,0.0006070912510178494,0.02870573996126824
1.0,4.384,0.0006225381546582019,0.9713504035648289,0.0006047026877617483,0.028649596435171065
1.0,4.386,0.0006200529757110347,0.9714064396791099,0.0006023234535478938,0.02859356032089011
1.0,4.388,0.0006175777176247067,0.9714623685775802,0.0005999535123444336,0.02853763142241983
1.0,4.39,0.0006151123407950358,0.9715181904559256,0.0005975928282563017,0.02848180954407442
1.0,4.392,0.0006126568057759389,0.9715739055095124,0.0005952413655247117,0.028426094490487608
1.0,4.394,0.0006102110732788054,0.971629513933388,0.0005928990885266567,0.028370486066611966
1.0,4.396,0.0006077751041718623,0.9716850159222812,0.0005905659617744021,0.02831498407771882
1.0,4.398,0.0006053488594795518,0.9717404116706022,0.0005882419499149892,0.02825958832939779
1.0,4.4,0.000602932300381906,0.9717957013724436,0.0005859270177297352,0.028204298627556357
1.0,4.402,0.0006005253882139299,0.9718508852215803,0.0005836211301337409,0.028149114778419748
1.0,4.404,0.0005981280844649765,0.9719059634114698,0.00058132425217539,0.028094036588530158
1.0,4.406,0.0005957403507781346,0.9719609361352533,0.0005790363490358599,0.02803906386474675
1.0,4.408,0.0005933621489496132,0.9720158035857548,0.0005767573860286287,0.02798419641424521
1.0,4.41,0.0005909934409281346,0.9720705659554829,0.00057448732859899,0.027929434044517087
1.0,4.412,0.0005886341888143186,0.9721252234366301,0.000572226142323559,0.027874776563369896
1.0,4.414,0.0005862843548600812,0.9721797762210737,0.0005699737929097902,0.027820223778926345
1.0,4.416,0.0005839439014680278,0.9722342245003758,0.0005677302461954919,0.027765775499624223
1.0,4.418,0.0005816127911908566,0.9722885684657842,0.000565495468148347,0.027711431534215847
1.0,4.42,0.000579290986730752,0.9723428083082322,0.0005632694248654263,0.027657191691767835
1.0,4.422,0.0005769784509387934,0.9723969442183393,0.0005610520825727137,0.027603055781660668
1.0,4.424,0.0005746751468143576,0.9724509763864116,0.0005588434076246265,0.027549023613588353
1.0,4.426,0.0005723810375045318,0.972504905002442,0.0005566433665035439,0.02749509499755798
1.0,4.428,0.0005700960863035167,0.9725587302561105,0.0005544519258193262,0.027441269743889496
1.0,4.43,0.0005678202566520446,0.9726124523367848,0.0005522690523088477,0.02738754766321516
1.0,4.432,0.0005655535121367913,0.9726660714335207,0.0005500947128355228,0.027333928566479315
1.0,4.434,0.0005632958164897984,0.9727195877350622,0.000547928874388842,0.027280412264937826
1.0,4.436,0.0005610471335878864,0.972773001429842,0.0005457715040838978,0.02722699857015798
1.0,4.438,0.0005588074274520808,0.972826312705982,0.0005436225691609233,0.027173687294018034
1.0,4.44,0.0005565766622470346,0.9728795217512934,0.0005414820369848261,0.02712047824870656
1.0,4.442,0.000554354802280459,0.9729326287532776,0.0005393498750447304,0.027067371246722427
1.0,4.444,0.0005521418120025462,0.9729856338991256,0.0005372260509535092,0.027014366100874376
1.0,4.446,0.0005499376560054044,0.9730385373757197,0.0005351105324473304,0.02696146262428034
1.0,4.448,0.0005477422990224898,0.9730913393696324,0.0005330032873851963,0.026908660630367565
1.0,4.45,0.0005455557059280456,0.9731440400671282,0.0005309042837484924,0.02685595993287182
1.0,4.452,0.0005433778417365348,0.9731966396541628,0.0005288134896405272,0.02680336034583719
1.0,4.454,0.0005412086716020839,0.9732491383163843,0.0005267308732860831,0.026750861683615734
1.0,4.456,0.0005390481608179234,0.973301536239133,0.000524656403030964,0.02669846376086704
1.0,4.458,0.0005368962748158367,0.9733538336074421,0.0005225900473415494,0.026646166392557902
1.0,4.46,0.0005347529791656008,0.9734060306060381,0.0005205317748043409,0.026593969393961858
1.0,4.462,0.0005326182395744397,0.973458127419341,0.00051848155412552,0.026541872580658987
1.0,4.464,0.0005304920218864733,0.9735101242314645,0.0005164393541305014,0.026489875768535454
1.0,4.466,0.0005283742920821753,0.973562021226217,0.0005144051437634941,0.026437978773782955
1.0,4.468,0.0005262650162778225,0.9736138185871014,0.0005123788920870538,0.026386181412898613
1.0,4.47,0.0005241641607249571,0.9736655164973155,0.0005103605682816473,0.026334483502684525
1.0,4.472,0.0005220716918098447,0.9737171151397527,0.000508350141645212,0.026282884860247324
1.0,4.474,0.0005199875760529396,0.9737686146970023,0.0005063475815927231,0.026231385302997734
1.0,4.476,0.0005179117801083444,0.9738200153513495,0.0005043528576557526,0.026179984648650456
1.0,4.478,0.0005158442707632797,0.9738713172847764,0.0005023659394820401,0.026128682715223617
1.0,4.48,0.0005137850149375512,0.9739225206789617,0.0005003867968350578,0.02607747932103832
1.0,4.482,0.0005117339796830232,0.9739736257152816,0.0004984153995935843,0.026026374284718434
1.0,4.484,0.0005096911321830871,0.9740246325748098,0.0004964517177512702,0.025975367425190243
1.0,4.486,0.0005076564397521394,0.9740755414383183,0.0004944957214162143,0.025924458561681685
1.0,4.488,0.0005056298698350568,0.9741263524862774,0.0004925473808105351,0.025873647513722564
1.0,4.49,0.0005036113900066793,0.9741770658988562,0.0004906066662699514,0.02582293410114378
1.0,4.492,0.0005016009679712856,0.9742276818559229,0.0004886735482433526,0.0257723181440771
1.0,4.494,0.0004995985715620803,0.9742782005370454,0.00048674799729238186,0.02572179946295461
1.0,4.496,0.0004976041687406772,0.9743286221214915,0.0004848299840910141,0.025671377878508483
1.0,4.498,0.0004956177275965902,0.9743789467882292,0.0004829194794251411,0.025621053211770772
1.0,4.5,0.0004936392163467182,0.9744291747159273,0.00048101645419214973,0.02557082528407273
1.0,4.502,0.0004916686033348386,0.9744793060829555,0.0004791208794005094,0.02552069391704448
1.0,4.5040000000000004,0.0004897058570311005,0.9745293410673852,0.0004772327261693575,0.025470658932614798
1.0,4.506,0.0004877509460315227,0.9745792798469893,0.0004753519657280892,0.025420720153010667
1.0,4.508,0.0004858038390574869,0.9746291225992432,0.0004734785694159424,0.02537087740075683
1.0,4.51,0.00048386450495523976,0.9746788695013244,0.0004716125086815911,0.02532113049867557
1.0,4.5120000000000005,0.00048193291269539346,0.9747285207301138,0.000469753755082736,0.025271479269886155
1.0,4.514,0.0004800090313724325,0.9747780764621955,0.0004679022802857014,0.025221923537804503
1.0,4.516,0.0004780928302042136,0.9748275368738571,0.00046605805606502474,0.025172463126142852
1.0,4.518,0.0004761842785314773,0.9748769021410905,0.00046422105430305675,0.025123097858909538
1.0,4.5200000000000005,0.00047428334581735526,0.9749261724395917,0.00046239124698955737,0.025073827560408324
1.0,4.522,0.0004723900016468852,0.9749753479447619,0.00046056860622129854,0.025024652055238072
1.0,4.524,0.0004705042157265192,0.9750244288317074,0.0004587531042016598,0.024975571168292632
1.0,4.526,0.00046862595788364216,0.9750734152752398,0.0004569447132402337,0.02492658472476017
1.0,4.5280000000000005,0.00046675519806608785,0.975122307449877,0.000455143405752428,0.024877692550122954
1.0,4.53,0.0004648919063416609,0.9751711055298431,0.00045334915425907375,0.024828894470156904
1.0,4.532,0.00046303605289765306,0.9752198096890687,0.0004515619313860268,0.02478019031093126
1.0,4.534,0.0004611876080403697,0.9752684201011917,0.00044978170986377904,0.024731579898808254
1.0,4.5360000000000005,0.00045934654219465285,0.9753169369395575,0.00044800846252706603,0.024683063060442545
1.0,4.538,0.0004575128259034113,0.9753653603772191,0.00044624216231448066,0.024634639622780896
1.0,4.54,0.00045568642982714454,0.9754136905869378,0.0004444827822680807,0.02458630941306217
1.0,4.542,0.0004538673247434763,0.9754619277411837,0.00044273029553300525,0.024538072258816324
1.0,4.5440000000000005,0.00045205548154668565,0.9755100720121355,0.0004409846753570879,0.024489927987864535
1.0,4.546,0.0004502508712472444,0.9755581235716814,0.00043924589509047646,0.024441876428318632
1.0,4.548,0.00044845346497134845,0.9756060825914193,0.00043751392818524557,0.024393917408580656
1.0,4.55,0.0004466632339604591,0.9756539492426574,0.00043578874819501896,0.02434605075734264
1.0,4.5520000000000005,0.0004448801495708411,0.9757017236964138,0.00043407032877458806,0.024298276303586164
1.0,4.554,0.00044310418327310784,0.9757494061234182,0.0004323586436795372,0.024250593876581794
1.0,4.556,0.00044133530665175987,0.9757969966941109,0.00043065366676586173,0.024203003305889093
1.0,4.558,0.00043957349140473343,0.9758444955786441,0.0004289553719895955,0.024155504421355944
1.0,4.5600000000000005,0.0004378187093429463,0.9758919029468818,0.00042726373340643556,0.024108097053118227
1.0,4.562,0.0004360709323898495,0.9759392189684005,0.0004255787251713719,0.024060781031599476
1.0,4.564,0.00043433013258097384,0.9759864438124894,0.0004239003215383117,0.024013556187510554
1.0,4.566,0.0004325962820634852,0.9760335776481508,0.00042222849685971203,0.023966422351849204
1.0,4.5680000000000005,0.0004308693530957375,0.9760806206441003,0.0004205632255862094,0.023919379355899717
1.0,4.57,0.000429149318046832,0.9761275729687676,0.0004189044822662559,0.02387242703123238
1.0,4.572,0.00042743614939617046,0.9761744347902965,0.00041725224154574744,0.02382556520970347
1.0,4.574,0.00042572981973301786,0.9762212062765455,0.00041560647816766297,0.023778793723454483
1.0,4.5760000000000005,0.0004240303017560625,0.976267887595088,0.0004139671669716989,0.02373211240491202
1.0,4.578,0.000422337568272982,0.9763144789132128,0.00041233428289390984,0.02368552108678723
1.0,4.58,0.00042065159220000374,0.9763609803979244,0.00041070780096634355,0.023639019602075595
1.0,4.582,0.00041897234656147455,0.9764073922159435,0.0004090876963166839,0.023592607784056474
1.0,4.5840000000000005,0.00041729980448942765,0.9764537145337072,0.00040747394416789143,0.023546285466292782
1.0,4.586,0.0004156339392231558,0.9764999475173696,0.0004058665198378492,0.02350005248263043
1.0,4.588,0.0004139747241087783,0.9765460913328018,0.00040426539873900243,0.02345390866719821
1.0,4.59,0.00041232213259881806,0.9765921461455928,0.0004026705563780074,0.023407853854407246
1.0,4.5920000000000005,0.0004106761382517749,0.9766381121210492,0.0004010819683553764,0.02336188787895077
1.0,4.594,0.00040903671473170556,0.9766839894241965,0.0003994996103651292,0.02331601057580346
1.0,4.596,0.00040740383580779806,0.9767297782197788,0.00039792345819443775,0.0232702217802212
1.0,4.598,0.0004057774753539547,0.976775478672259,0.0003963534877232799,0.023224521327741
1.0,4.6000000000000005,0.00040415760734837297,0.9768210909458197,0.0003947896749240899,0.023178909054180297
1.0,4.602,0.00040254420587313154,0.9768666152043635,0.00039323199586141445,0.023133384795636536
1.0,4.604,0.0004009372451137717,0.9769120516115131,0.0003916804266915628,0.023087948388486934
1.0,4.606,0.00039933669935888696,0.9769574003306118,0.00039013494366226534,0.023042599669388153
1.0,4.6080000000000005,0.0003977425429997105,0.9770026615247243,0.0003885955231123292,0.02299733847527574
1.0,4.61,0.0003961547505297079,0.977047835356636,0.0003870621414712992,0.022952164643364026
1.0,4.612,0.00039457329654416504,0.9770929219888546,0.000385534775259113,0.022907078011145443
1.0,4.614,0.00039299815573978455,0.9771379215836097,0.0003840134010857648,0.02286207841639032
1.0,4.616,0.00039142930291427976,0.9771828343028536,0.0003824979956509661,0.022817165697146424
1.0,4.618,0.00038986671296597147,0.9772276603082612,0.00038098853574380876,0.022772339691738752
1.0,4.62,0.00038831036089338847,0.9772723997612309,0.0003794849982424314,0.022727600238769075
1.0,4.622,0.0003867602217948637,0.9773170528228846,0.00037798736011368137,0.022682947177115387
1.0,4.624,0.00038521627086813854,0.9773616196540683,0.0003764955984127842,0.022638380345931686
1.0,4.626,0.00038367848340996455,0.9774061004153523,0.0003750096902830099,0.022593899584647748
1.0,4.628,0.00038214683481571095,0.9774504952670316,0.0003735296129553452,0.02254950473296835
1.0,4.63,0.00038062130057896687,0.9774948043691266,0.00037205534374815975,0.022505195630873387
1.0,4.632,0.000379101856291152,0.977539027881383,0.00037058686006688046,0.022460972118616973
1.0,4.634,0.0003775884776411246,0.9775831659632724,0.0003691241394036629,0.022416834036727562
1.0,4.636,0.00037608114041479536,0.9776272187739927,0.0003676671593370678,0.022372781226007277
1.0,4.638,0.00037457982049473584,0.9776711864724684,0.0003662158975317326,0.022328813527531577
1.0,4.64,0.0003730844938597952,0.9777150692173511,0.00036477033173805005,0.022284930782648926
1.0,4.642,0.0003715951365847149,0.9777588671670197,0.0003633304397918448,0.022241132832980348
1.0,4.644,0.0003701117248397479,0.9778025804795808,0.0003618961996140541,0.022197419520419204
1.0,4.646,0.0003686342348902741,0.9778462093128693,0.0003604675892104044,0.022153790687130748
1.0,4.648,0.00036716264309642277,0.9778897538244483,0.00035904458667109467,0.022110246175551684
1.0,4.65,0.0003656969259126931,0.9779332141716103,0.00035762717017047717,0.022066785828389723
1.0,4.652,0.0003642370598875802,0.9779765905113765,0.00035621531796674376,0.02202340948862347
1.0,4.654,0.00036278302166319596,0.9780198830004982,0.0003548090084016061,0.021980116999501753
1.0,4.656,0.00036133478797489767,0.9780630917954564,0.0003534082198999841,0.021936908204543637
1.0,4.658,0.0003598923356509148,0.9781062170524624,0.0003520129309696913,0.021893782947537632
1.0,4.66,0.0003584556416119807,0.9781492589274585,0.0003506231202011256,0.02185074107254148
1.0,4.662,0.00035702468287095943,0.9781922175761181,0.0003492387662669541,0.021807782423881927
1.0,4.664,0.0003555994365324807,0.9782350931538458,0.00034785984792180634,0.021764906846154175
1.0,4.666,0.0003541798797925719,0.9782778858157786,0.0003464863440019638,0.02172211418422143
1.0,4.668,0.0003527659899382963,0.9783205957167851,0.0003451182334250555,0.02167940428321491
1.0,4.67,0.0003513577443473854,0.978363223011467,0.000343755495189747,0.021636776988532946
1.0,4.672,0.00034995512048787965,0.9784057678541589,0.00034239810837543856,0.021594232145841108
1.0,4.674,0.00034855809591776684,0.9784482303989285,0.00034104605214195895,0.021551769601071524
1.0,4.676,0.0003471666482846252,0.9784906107995774,0.000339699305729265,0.021509389200422557
1.0,4.678,0.00034578075532526236,0.9785329092096415,0.0003383578484571362,0.021467090790358467
1.0,4.68,0.0003444003948653614,0.9785751257823909,0.00033702165972487614,0.02142487421760908
1.0,4.682,0.0003430255448191249,0.9786172606708307,0.00033569071901101125,0.021382739329169342
1.0,4.684,0.00034165618318892396,0.9786593140277009,0.00033436500587299484,0.0213406859722991
1.0,4.686,0.00034029228806494274,0.9787012860054776,0.0003330444999469059,0.021298713994522434
1.0,4.688,0.0003389338376248301,0.9787431767563725,0.00033172918094715473,0.021256823243627543
1.0,4.69,0.00033758081013334943,0.9787849864323337,0.00033041902866618665,0.021215013567666308
1.0,4.692,0.0003362331839420333,0.9788267151850462,0.00032911402297418986,0.02117328481495384
1.0,4.694,0.00033489093748883316,0.9788683631659317,0.00032781414381879845,0.021131636834068268
1.0,4.696,0.0003335540492977772,0.9789099305261498,0.000326519371224803,0.02109006947385017
1.0,4.698,0.0003322224979786252,0.9789514174165976,0.0003252296852938579,0.021048582583402364
1.0,4.7,0.0003308962622265289,0.9789928239879104,0.0003239450662041937,0.021007176012089568
1.0,4.702,0.0003295753208216874,0.9790341503904623,0.00032266549421032477,0.020965849609537734
1.0,4.704,0.00032825965262900993,0.979075396774366,0.0003213909496427634,0.020924603225634053
1.0,4.706,0.00032694923659777684,0.9791165632894736,0.00032012141290773224,0.020883436710526393
1.0,4.708,0.0003256440517613048,0.979157650085377,0.0003188568644868801,0.02084234991462297
1.0,4.71,0.000324344077236608,0.9791986573114081,0.0003175972849369942,0.020801342688591906
1.0,4.712,0.00032304929222406635,0.9792395851166391,0.00031634265488971863,0.02076041488336089
1.0,4.714,0.0003217596760070914,0.9792804336498832,0.0003150929550512704,0.020719566350116847
1.0,4.716,0.0003204752079517974,0.9793212030596944,0.00031384816620216,0.02067879694030561
1.0,4.718,0.00031919586750666745,0.9793618934943684,0.00031260826919690736,0.02063810650563158
1.0,4.72,0.00031792163420222706,0.9794025051019429,0.0003113732449637647,0.020597494898057067
1.0,4.722,0.0003166524876507157,0.9794430380301978,0.0003101430745044367,0.020556961969802168
1.0,4.724,0.0003153884075457626,0.9794834924266554,0.0003089177388938049,0.020516507573344556
1.0,4.726,0.0003141293736620585,0.9795238684385813,0.00030769721927964816,0.020476131561418698
1.0,4.728,0.0003128753658550344,0.9795641662129841,0.0003064814968823692,0.020435833787015856
1.0,4.73,0.00031162636406053813,0.9796043858966166,0.00030527055299471893,0.02039561410338342
1.0,4.732,0.0003103823482945154,0.9796445276359752,0.0003040643689815253,0.020355472364024796
1.0,4.734,0.0003091432986526869,0.9796845915773011,0.0003028629262794172,0.020315408422698855
1.0,4.736,0.00030790919531023184,0.9797245778665803,0.0003016662063965553,0.020275422133419707
1.0,4.738,0.00030668001852147,0.9797644866495439,0.00030047419091236064,0.020235513350456147
1.0,4.74,0.00030545574861954753,0.9798043180716683,0.0002992868614772467,0.020195681928331655
1.0,4.742,0.00030423636601611937,0.9798440722781765,0.00029810419981234824,0.020155927721823508
1.0,4.744,0.0003030218512010378,0.9798837494140371,0.0002969261877092554,0.02011625058596289
1.0,4.746,0.00030181218474203947,0.9799233496239658,0.0002957528070297465,0.020076650376034233
1.0,4.748,0.00030060734728443617,0.9799628730524251,0.0002945840397055242,0.020037126947574868
1.0,4.75,0.00029940731955080234,0.9800023198436252,0.0002934198677379479,0.01999768015637482
1.0,4.752,0.00029821208234066874,0.9800416901415236,0.0002922602731977722,0.019958309858476353
1.0,4.7540000000000004,0.0002970216165302139,0.9800809840898264,0.00029110523822488307,0.019919015910173643
1.0,4.756,0.0002958359030719605,0.9801202018319877,0.00028995474502803827,0.01987979816801233
1.0,4.758,0.0002946549229944675,0.9801593435112108,0.0002888087758846037,0.019840656488789188
1.0,4.76,0.00029347865740202833,0.9801984092704483,0.0002876673131402951,0.019801590729551677
1.0,4.7620000000000005,0.000292307087474368,0.9802373992524022,0.0002865303392089189,0.019762600747597836
1.0,4.764,0.0002911401944663436,0.9802763135995243,0.0002853978365721159,0.019723686400475726
1.0,4.766,0.0002899779597076417,0.980315152454017,0.0002842697877791016,0.019684847545982986
1.0,4.768,0.0002888203646024813,0.9803539159578333,0.0002831461754464117,0.019646084042166723
1.0,4.7700000000000005,0.00028766739062931554,0.9803926042526772,0.00028202698225764686,0.019607395747322842
1.0,4.772,0.0002865190193405373,0.980431217480004,0.0002809121909632198,0.019568782519996053
1.0,4.774,0.00028537523236218086,0.9804697557810209,0.00027980178438009954,0.019530244218979087
1.0,4.776,0.0002842360113936303,0.9805082192966874,0.0002786957453915614,0.01949178070331259
1.0,4.7780000000000005,0.00028310133820732517,0.9805466081677153,0.0002775940569469339,0.019453391832284672
1.0,4.78,0.00028197119464847133,0.9805849225345692,0.0002764967020613512,0.019415077465430808
1.0,4.782,0.00028084556263474733,0.980623162537467,0.0002754036638155002,0.019376837462533048
1.0,4.784,0.0002797244241560168,0.9806613283163802,0.000274314925355374,0.0193386716836198
1.0,4.7860000000000005,0.0002786077612740398,0.9806994200110343,0.0002732304698920235,0.019300579988965727
1.0,4.788,0.00027749555612218725,0.9807374377609088,0.00027215028070131243,0.019262562239091174
1.0,4.79,0.0002763877909051526,0.9807753817052384,0.00027107434112366865,0.01922461829476163
1.0,4.792,0.0002752844478986687,0.9808132519830124,0.0002700026345638414,0.01918674801698761
1.0,4.7940000000000005,0.0002741855094492234,0.9808510487329757,0.00026893514449065597,0.019148951267024317
1.0,4.796,0.0002730909579737791,0.9808887720936288,0.000267871854436773,0.01911122790637121
1.0,4.798,0.00027200077595948834,0.9809264222032285,0.0002668127479984428,0.019073577796771546
1.0,4.8,0.0002709149459634156,0.9809639991997877,0.00026575780883526654,0.019036000800212283
1.0,4.8020000000000005,0.0002698334506122573,0.9810015032210767,0.00026470702066995456,0.01899849677892329
1.0,4.804,0.00026875627260206574,0.9810389344046226,0.00026366036728808887,0.018961065595377358
1.0,4.806,0.00026768339469796925,0.9810762928877103,0.00026261783253788144,0.018923707112289745
1.0,4.808,0.00026661479973389855,0.9811135788073823,0.0002615794003299387,0.01888642119261774
1.0,4.8100000000000005,0.0002655504706123109,0.9811507923004396,0.00026054505463702347,0.018849207699560444
1.0,4.812,0.0002644903903039186,0.9811879335034417,0.00025951477949382064,0.01881206649655831
1.0,4.814,0.0002634345418474136,0.9812250025527072,0.00025848855899669965,0.01877499744729283
1.0,4.816,0.00026238290834919813,0.981261999584314,0.00025746637730348195,0.018738000415685963
1.0,4.8180000000000005,0.00026133547298311325,0.9812989247340999,0.0002564482186332064,0.018701075265900147
1.0,4.82,0.0002602922189901718,0.9813357781376624,0.00025543406726589904,0.018664221862337627
1.0,4.822,0.000259253129678287,0.9813725599303597,0.00025442390754233803,0.018627440069640344
1.0,4.824,0.00025821818842200787,0.9814092702473106,0.0002534177238638253,0.018590729752689383
1.0,4.8260000000000005,0.00025718737866225165,0.9814459092233953,0.0002524155006919552,0.018554090776604748
1.0,4.828,0.00025616068390604113,0.9814824769932551,0.0002514172225483875,0.018517523006744918
1.0,4.83,0.0002551380877262379,0.9815189736912935,0.00025042287401461625,0.018481026308706516
1.0,4.832,0.00025411957376128124,0.9815553994516761,0.0002494324397317441,0.018444600548323864
1.0,4.8340000000000005,0.0002531051257149255,0.981591754408331,0.0002484459044002549,0.01840824559166898
1.0,4.836,0.00025209472735598123,0.9816280386949494,0.00024746325277978984,0.018371961305050588
1.0,4.838,0.00025108836251805275,0.9816642524449856,0.0002464844696889198,0.018335747555014437
1.0,4.84,0.00025008601509928104,0.9817003957916574,0.0002455095400049226,0.018299604208342646
1.0,4.8420000000000005,0.0002490876690620857,0.9817364688679469,0.00024453844866355974,0.018263531132053146
1.0,4.844,0.0002480933084329096,0.9817724718066004,0.00024357118065885497,0.018227528193399567
1.0,4.846,0.00024710291730196114,0.981808404740129,0.00024260772104287047,0.01819159525987102
1.0,4.848,0.00024611647982296104,0.9818442678008086,0.00024164805492548765,0.01815573219919142
1.0,4.8500000000000005,0.0002451339802128881,0.9818800611206807,0.0002406921674741863,0.018119938879319286
1.0,4.852,0.0002441554027517286,0.9819157848315526,0.0002397400439138274,0.018084215168447382
1.0,4.854,0.00024318073178222175,0.9819514390649976,0.00023879166952643185,0.0180485609350024
1.0,4.856,0.00024220995170961128,0.9819870239523555,0.0002378470296509649,0.018012976047644513
1.0,4.8580000000000005,0.00024124304700139486,0.982022539624733,0.0002369061096831186,0.01797746037526704
1.0,4.86,0.00024028000218707745,0.9820579862130037,0.0002359688950750974,0.017942013786996336
1.0,4.862,0.000239320801857921,0.982093363847809,0.0002350353713354006,0.017906636152191013
1.0,4.864,0.00023836543066669977,0.9821286726595582,0.00023410552402860978,0.017871327340441834
1.0,4.866,0.00023741387332745434,0.9821639127784285,0.00023317933877517474,0.017836087221571484
1.0,4.868,0.00023646611461524656,0.9821990843343661,0.00023225680125120042,0.01780091566563391
1.0,4.87,0.00023552213936591768,0.9822341874570858,0.00023133789718823668,0.017765812542914206
1.0,4.872,0.0002345819324758431,0.9822692222760719,0.00023042261237306443,0.01773077772392806
1.0,4.874,0.00023364547890169257,0.9823041889205782,0.0002295109326474872,0.017695811079421753
1.0,4.876,0.0002327127636601885,0.9823390875196286,0.00022860284390812055,0.017660912480371382
1.0,4.878,0.00023178377182786792,0.9823739182020172,0.00022769833210618495,0.01762608179798275
1.0,4.88,0.00023085848854084132,0.9824086810963089,0.00022679738324729524,0.017591318903691144
1.0,4.882,0.00022993689899455637,0.9824433763308394,0.00022589998339125517,0.017556623669160554
1.0,4.884,0.00022901898844356023,0.9824780040337162,0.00022500611865184977,0.017521995966283788
1.0,4.886,0.00022810474220126534,0.9825125643328182,0.00022411577519664162,0.017487435667181805
1.0,4.888,0.0002271941456397119,0.9825470573557965,0.0002232289392467632,0.017452942644203495
1.0,4.89,0.00022628718418933553,0.9825814832300747,0.00022234559707671442,0.01741851676992534
1.0,4.892,0.00022538384333873325,0.9826158420828489,0.00022146573501415827,0.01738415791715109
1.0,4.894,0.00022448410863443297,0.9826501340410886,0.00022058933943971983,0.017349865958911415
1.0,4.896,0.00022358796568065984,0.9826843592315366,0.00021971639678678201,0.01731564076846337
1.0,4.898,0.00022269540013910747,0.9827185177807098,0.00021884689354128577,0.017281482219290156
1.0,4.9,0.00022180639772870775,0.982752609814899,0.00021798081624152903,0.01724739018510102
1.0,4.902,0.000220920944225404,0.9827866354601695,0.00021711815147796857,0.017213364539830467
1.0,4.904,0.00022003902546192082,0.9828205948423617,0.0002162588858930186,0.017179405157638272
1.0,4.906,0.00021916062732753918,0.982854488087091,0.00021540300618085425,0.01714551191290903
1.0,4.908,0.00021828573576786986,0.9828883153197483,0.00021455049908721333,0.017111684680251704
1.0,4.91,0.00021741433678462994,0.9829220766655006,0.000213701351409201,0.017077923334499423
1.0,4.912,0.00021654641643541677,0.9829557722492911,0.00021285554999509167,0.017044227750708907
1.0,4.914,0.00021568196083348622,0.9829894021958395,0.00021201308174413508,0.017010597804160477
1.0,4.916,0.00021482095614752984,0.9830229666296425,0.00021117393360636113,0.016977033370357497
1.0,4.918,0.00021396338860145506,0.9830564656749741,0.00021033809258238744,0.016943534325025933
1.0,4.92,0.00021310924447416247,0.9830898994558858,0.00020950554572322415,0.016910100544114237
1.0,4.922,0.00021225851009932777,0.9831232680962072,0.00020867628013008293,0.016876731903792797
1.0,4.924,0.00021141117186518249,0.9831565717195462,0.0002078502829541846,0.01684342828045382
1.0,4.926,0.00021056721621429752,0.9831898104492892,0.00020702754139656967,0.016810189550710786
1.0,4.928,0.00020972662964336406,0.9832229844086018,0.00020620804270790594,0.016777015591398214
1.0,4.93,0.0002088893987029791,0.9832560937204288,0.00020539177418830043,0.01674390627957123
1.0,4.932,0.0002080555099974293,0.9832891385074948,0.00020457872318710974,0.016710861492505225
1.0,4.934,0.00020722495018447837,0.9833221188923043,0.00020376887710275347,0.016677881107695747
1.0,4.936,0.0002063977059751512,0.9833550349971422,0.00020296222338252466,0.016644965002857837
1.0,4.938,0.00020557376413352278,0.9833878869440742,0.00020215874952240448,0.016612113055925803
1.0,4.94,0.0002047531114765057,0.9834206748549469,0.0002013584430668754,0.016579325145053114
1.0,4.942,0.00020393573487364068,0.9834533988513884,0.00020056129160873754,0.016546601148611617
1.0,4.944,0.00020312162124688424,0.9834860590548085,0.00019976728278892162,0.01651394094519154
1.0,4.946,0.00020231075757040106,0.983518655586399,0.00019897640429630673,0.01648134441360105
1.0,4.948,0.00020150313087035458,0.9835511885671342,0.00019818864386753602,0.016448811432865806
1.0,4.95,0.00020069872822470113,0.9835836581177712,0.0001974039892868359,0.016416341882228846
1.0,4.952,0.00019989753676298087,0.9836160643588499,0.00019662242838583175,0.01638393564115015
1.0,4.954,0.00019909954366611327,0.9836484074106939,0.00019584394904336824,0.016351592589306074
1.0,4.956,0.00019830473616619146,0.9836806873934106,0.00019506853918532815,0.016319312606589365
1.0,4.958,0.00019751310154627913,0.9837129044268914,0.0001942961867844538,0.01628709557310859
1.0,4.96,0.00019672462714020517,0.983745058630812,0.00019352687986016575,0.016254941369188036
1.0,4.962,0.00019593930033236226,0.9837771501246331,0.00019276060647838592,0.01622284987536693
1.0,4.964,0.00019515710855750435,0.9838091790276003,0.00019199735475135864,0.016190820972399655
1.0,4.966,0.00019437803930054707,0.983841145458745,0.00019123711283747518,0.016158854541254986
1.0,4.968,0.00019360208009636533,0.983873049536884,0.00019047986894109504,0.016126950463115963
1.0,4.97,0.00019282921852959532,0.9839048913806204,0.0001897256113123714,0.016095108619379572
1.0,4.972,0.00019205944223443512,0.9839366711083438,0.00018897432824707534,0.01606332889165618
1.0,4.974,0.00019129273889444828,0.9839683888382306,0.0001882260080864226,0.016031611161769432
1.0,4.976,0.00019052909624236466,0.9840000446882442,0.0001874806392168976,0.015999955311755798
1.0,4.978,0.00018976850205988554,0.9840316387761356,0.00018673821007008165,0.015968361223864358
1.0,4.98,0.00018901094417748745,0.9840631712194436,0.00018599870912247953,0.015936828780556356
1.0,4.982,0.00018825641047422878,0.984094642135495,0.00018526212489534903,0.015905357864504976
1.0,4.984,0.00018750488887755382,0.9841260516414052,0.00018452844595452748,0.01587394835859479
1.0,4.986,0.000186756367363101,0.9841573998540785,0.00018379766091026258,0.015842600145921537
1.0,4.988,0.00018601083395450982,0.984188686890208,0.00018306975841704155,0.015811313109792002
1.0,4.99,0.00018526827672323047,0.9842199128662765,0.0001823447271734231,0.015780087133723475
1.0,4.992,0.0001845286837883311,0.9842510778985567,0.0001816225559218668,0.015748922101443297
1.0,4.994,0.00018379204331630893,0.9842821821031112,0.0001809032334485661,0.015717817896888753
1.0,4.996,0.0001830583435209004,0.9843132255957933,0.00018018674858328023,0.015686774404206738
1.0,4.998,0.00018232757266289375,0.9843442084922468,0.00017947309019916878,0.015655791507753203
1.0,5.0,0.00018159971904993942,0.9843751309079071,0.00017876224721262326,0.01562486909209293
1.0,5.002,0.00018087477103636396,0.9844059929580005,0.00017805420858310286,0.015594007041999536
1.0,5.0040000000000004,0.00018015271702298346,0.9844367947575455,0.00017734896331296894,0.01556320524245447
1.0,5.006,0.0001794335454569189,0.9844675364213527,0.00017664650044732174,0.015532463578647349
1.0,5.008,0.00017871724483140957,0.9844982180640248,0.00017594680907383477,0.015501781935975179
1.0,5.01,0.00017800380368563018,0.9845288397999578,0.00017524987832259292,0.015471160200042244
1.0,5.0120000000000005,0.00017729321060450687,0.9845594017433402,0.0001745556973659293,0.015440598256659777
1.0,5.014,0.00017658545421853577,0.9845899040081546,0.0001738642554182645,0.015410095991845396
1.0,5.016,0.00017588052320359935,0.9846203467081769,0.00017317554173594353,0.015379653291823114
1.0,5.018,0.0001751784062807863,0.9846507299569773,0.00017248954561707619,0.015349270043022667
1.0,5.0200000000000005,0.0001744790922162106,0.9846810538679205,0.00017180625640137633,0.015318946132079514
1.0,5.022,0.00017378256982083286,0.9847113185541656,0.00017112566347000368,0.015288681445834396
1.0,5.024,0.0001730888279502796,0.9847415241286672,0.000170447756245403,0.015258475871332777
1.0,5.026,0.00017239785550466616,0.9847716707041752,0.00016977252419114706,0.01522832929582485
1.0,5.0280000000000005,0.00017170964142841828,0.9848017583932349,0.00016909995681177817,0.015198241606765084
1.0,5.03,0.0001710241747100967,0.9848317873081882,0.0001684300436526524,0.015168212691811789
1.0,5.032,0.000170341444382219,0.984861757561173,0.00016776277429978101,0.015138242438826999
1.0,5.034,0.0001696614395210854,0.9848916692641241,0.00016709813837967604,0.015108330735875919
1.0,5.0360000000000005,0.00016898414924660323,0.9849215225287732,0.0001664361255591939,0.015078477471226814
1.0,5.038,0.00016830956272211433,0.9849513174666494,0.00016577672554538218,0.015048682533350566
1.0,5.04,0.0001676376691542196,0.9849810541890797,0.00016511992808532338,0.015018945810920337
1.0,5.042,0.0001669684577926076,0.9850107328071888,0.00016446572296598258,0.01498926719281124
1.0,5.0440000000000005,0.00016630191792988197,0.9850403534318999,0.00016381410001405373,0.014959646568100116
1.0,5.046,0.0001656380389013913,0.9850699161739349,0.0001631650490958085,0.014930083826065088
1.0,5.048,0.00016497681008505665,0.9850994211438147,0.00016251856011694236,0.014900578856185343
1.0,5.05,0.0001643182209012029,0.9851288684518592,0.00016187462302242464,0.014871131548140792
1.0,5.0520000000000005,0.00016366226081238871,0.9851582582081884,0.0001612332277963471,0.014841741791811636
1.0,5.054,0.00016300891932323927,0.9851875905227219,0.00016059436446177485,0.014812409477278132
1.0,5.056,0.00016235818598027654,0.9852168655051797,0.00015995802308059508,0.014783134494820271
1.0,5.058,0.00016171005037175312,0.9852460832650825,0.00015932419375336895,0.01475391673491755
1.0,5.0600000000000005,0.0001610645021274852,0.9852752439117517,0.00015869286661918282,0.014724756088248303
1.0,5.062,0.00016042153091868765,0.9853043475543102,0.00015806403185550114,0.014695652445689822
1.0,5.064,0.00015978112645780712,0.9853333943016821,0.0001574376796780174,0.014666605698317903
1.0,5.066,0.00015914327849835856,0.9853623842625938,0.00015681380034050858,0.014637615737406184
1.0,5.0680000000000005,0.0001585079768347608,0.9853913175455736,0.0001561923841346882,0.01460868245442637
1.0,5.07,0.00015787521130217414,0.9854201942589524,0.0001555734213900616,0.014579805741047558
1.0,5.072,0.00015724497177633634,0.985449014510864,0.00015495690247377926,0.014550985489136026
1.0,5.074,0.0001566172481734015,0.9854777784092452,0.00015434281779049311,0.01452222159075478
1.0,5.0760000000000005,0.00015599203044977834,0.9855064860618366,0.00015373115778221207,0.01449351393816345
1.0,5.078,0.00015536930860197048,0.9855351375761822,0.0001531219129281593,0.014464862423817837
1.0,5.08,0.0001547490726664148,0.9855637330596303,0.00015251507374462777,0.014436266940369702
1.0,5.082,0.0001541313127193231,0.9855922726193337,0.00015191063078483886,0.014407727380666313
1.0,5.0840000000000005,0.0001535160188765228,0.9856207563622498,0.0001513085746387998,0.014379243637750228
1.0,5.086,0.00015290318129329976,0.9856491843951412,0.00015070889593316332,0.014350815604858846
1.0,5.088,0.00015229279016423938,0.9856775568245757,0.00015011158533108525,0.014322443175424304
1.0,5.09,0.00015168483572307052,0.985705873756927,0.00014951663353208515,0.014294126243073024
1.0,5.0920000000000005,0.00015107930824250892,0.9857341352983747,0.00014892403127190614,0.014265864701625275
1.0,5.094,0.0001504761980341025,0.9857623415549048,0.00014833376932237645,0.01423765844509517
1.0,5.096,0.0001498754954480748,0.9857904926323099,0.00014774583849126916,0.01420950736769011
1.0,5.098,0.00014927719087317158,0.9858185886361893,0.00014716022962216505,0.014181411363810681
1.0,5.1000000000000005,0.00014868127473650667,0.9858466296719501,0.00014657693359431437,0.014153370328049864
1.0,5.102,0.00014808773750340967,0.9858746158448066,0.00014599594132250058,0.014125384155193377
1.0,5.104,0.0001474965696772719,0.9859025472597811,0.00014541724375690218,0.014097452740218896
1.0,5.106,0.00014690776179939561,0.985930424021704,0.00014484083188295762,0.014069575978295945
1.0,5.1080000000000005,0.00014632130444884185,0.9859582462352146,0.000144266696721229,0.014041753764785447
1.0,5.11,0.0001457371882422811,0.9859860140047605,0.00014369482932726817,0.014013985995239508
1.0,5.112,0.00014515540383384123,0.9860137274345988,0.00014312522079148026,0.013986272565401192
1.0,5.114,0.0001445759419149594,0.986041386628796,0.00014255786223899084,0.013958613371203965
1.0,5.1160000000000005,0.0001439987932142322,0.9860689916912284,0.00014199274482951164,0.013931008308771586
1.0,5.118,0.00014342394849726868,0.9860965427255823,0.00014142985975720861,0.013903457274417663
1.0,5.12,0.00014285139856654085,0.9861240398353545,0.0001408691982505676,0.01387596016464554
1.0,5.122,0.00014228113426123756,0.9861514831238523,0.00014031075157226337,0.013848516876147743
1.0,5.124,0.00014171314645711777,0.9861788726941941,0.00013975451101902765,0.01382112730580587
1.0,5.126,0.00014114742606636426,0.9862062086493099,0.00013920046792151788,0.013793791350690143
1.0,5.128,0.00014058396403743924,0.9862334910919409,0.00013864861364418758,0.013766508908059083
1.0,5.13,0.0001400227513549379,0.9862607201246406,0.00013809893958515457,0.01373927987535939
1.0,5.132,0.00013946377903944544,0.9862878958497746,0.00013755143717607255,0.01371210415022539
1.0,5.134,0.00013890703814739257,0.986315018369521,0.00013700609788200126,0.013684981630479043
1.0,5.136,0.00013835251977091365,0.9863420877858708,0.00013646291320127896,0.013657912214129153
1.0,5.138,0.00013780021503770259,0.9863691042006283,0.00013592187466539263,0.013630895799371712
1.0,5.14,0.00013725011511087187,0.9863960677154111,0.00013538297383885154,0.013603932284588893
1.0,5.142,0.0001367022111888107,0.9864229784316507,0.0001348462023190592,0.013577021568349279
1.0,5.144,0.00013615649450504508,0.9864498364505928,0.00013431155173618777,0.01355016354940719
1.0,5.146,0.00013561295632809624,0.9864766418732972,0.00013377901375305048,0.0135233581267028
1.0,5.148,0.00013507158796134173,0.9865033948006386,0.0001332485800649767,0.013496605199361356
1.0,5.15,0.00013453238074287587,0.9865300953333068,0.00013272024239968606,0.013469904666693178
1.0,5.152,0.00013399532604537219,0.9865567435718068,0.0001321939925171649,0.013443256428193218
1.0,5.154,0.00013346041527594377,0.986583339616459,0.0001316698222095401,0.013416660383540946
1.0,5.156,0.00013292763987600694,0.9866098835674003,0.00013114772330095653,0.013390116432599686
1.0,5.158,0.00013239699132114367,0.9866363755245833,0.0001306276876474529,0.013363624475416724
1.0,5.16,0.00013186846112096627,0.9866628155877772,0.0001301097071368399,0.013337184412222758
1.0,5.162,0.00013134204081897998,0.9866892038565684,0.00012959377368857626,0.013310796143431558
1.0,5.164,0.00013081772199244877,0.9867155404303601,0.0001290798792536477,0.013284459569639862
1.0,5.166,0.00013029549625226,0.9867418254083731,0.00012856801581444485,0.013258174591626926
1.0,5.168,0.0001297753552427911,0.9867680588896458,0.00012805817538464318,0.013231941110354195
1.0,5.17,0.00012925729064177464,0.9867942409730348,0.00012755035000908097,0.013205759026965191
1.0,5.172,0.00012874129416016593,0.986820371757215,0.00012704453176363992,0.013179628242784958
1.0,5.174,0.00012822735754201004,0.9868464513406799,0.00012654071275512518,0.013153548659320058
1.0,5.176,0.00012771547256431058,0.986872479821742,0.00012603888512114684,0.013127520178258023
1.0,5.178,0.00012720563103689675,0.986898457298533,0.0001255390410299998,0.013101542701467017
1.0,5.18,0.00012669782480229322,0.9869243838690042,0.00012504117268054626,0.013075616130995837
1.0,5.182,0.0001261920457355892,0.9869502596309266,0.00012454527230209753,0.01304974036907336
1.0,5.184,0.00012568828574430928,0.9869760846818917,0.0001240513321542972,0.013023915318108314
1.0,5.186,0.0001251865367682826,0.987001859119311,0.00012355934452700293,0.012998140880688958
1.0,5.188,0.00012468679077951486,0.9870275830404173,0.00012306930174017073,0.012972416959582733
1.0,5.19,0.00012418903978205937,0.9870532565422638,0.00012258119614373846,0.012946743457736165
1.0,5.192,0.00012369327581188998,0.9870788797217256,0.00012209502011751078,0.012921120278274412
1.0,5.194,0.00012319949093677235,0.987104452675499,0.00012161076607104277,0.012895547324501044
1.0,5.196,0.000122707677256138,0.9871299755001024,0.00012112842644352598,0.012870024499897603
1.0,5.198,0.00012221782690095728,0.9871554482918766,0.00012064799370367346,0.012844551708123375
1.0,5.2,0.0001217299320336145,0.9871808711469848,0.00012016946034960682,0.012819128853015171
1.0,5.202,0.00012124398484778117,0.9872062441614131,0.00011969281890874133,0.012793755838586884
1.0,5.204,0.00012075997756829194,0.9872315674309705,0.0001192180619376737,0.012768432569029486
1.0,5.206,0.00012027790245101981,0.9872568410512896,0.00011874518202206898,0.012743158948710365
1.0,5.208,0.00011979775178275304,0.9872820651178267,0.00011827417177654923,0.01271793488217332
1.0,5.21,0.00011931951788107048,0.987307239725862,0.00011780502384458032,0.012692760274138015
1.0,5.212,0.0001188431930942195,0.9873323649705001,0.00011733773089836155,0.012667635029499857
1.0,5.214,0.00011836876980099313,0.9873574409466702,0.00011687228563871409,0.012642559053329783
1.0,5.216,0.00011789624041060901,0.9873824677491264,0.0001164086807949714,0.012617532250873587
1.0,5.218,0.00011742559736258656,0.9874074454724479,0.0001159469091248678,0.012592554527552147
1.0,5.22,0.000116956833126627,0.9874323742110392,0.00011548696341442961,0.012567625788960757
1.0,5.222,0.00011648994020249233,0.9874572540591311,0.00011502883647786546,0.012542745940868905
1.0,5.224,0.00011602491111988624,0.98748208511078,0.00011457252115745819,0.01251791488922005
1.0,5.226,0.00011556173843833327,0.9875068674598687,0.00011411801032345518,0.012493132540131291
1.0,5.228,0.00011510041474706062,0.9875316012001069,0.00011366529687396117,0.012468398799893143
1.0,5.23,0.0001146409326648792,0.9875562864250308,0.00011321437373483012,0.012443713574969206
1.0,5.232,0.0001141832848400663,0.9875809232280043,0.00011276523385955887,0.012419076771995718
1.0,5.234,0.00011372746395024674,0.9876055117022184,0.00011231787022917903,0.012394488297781558
1.0,5.236,0.00011327346270227658,0.9876300519406922,0.00011187227585215148,0.0123699480593078
1.0,5.238,0.00011282127383212596,0.9876545440362726,0.00011142844376425981,0.01234545596372738
1.0,5.24,0.00011237089010476371,0.9876789880816352,0.00011098636702850566,0.012321011918364766
1.0,5.242,0.00011192230431404037,0.9877033841692842,0.00011054603873500215,0.01229661583071584
1.0,5.244,0.00011147550928257375,0.9877277323915524,0.00011010745200087002,0.012272267608447573
1.0,5.246,0.00011103049786163359,0.9877520328406023,0.00010967059997013272,0.012247967159397688
1.0,5.248,0.00011058726293102807,0.9877762856084257,0.00010923547581361325,0.012223714391574325
1.0,5.25,0.00011014579739898863,0.9878004907868442,0.00010880207272882927,0.012199509213155824
1.0,5.252,0.00010970609420205737,0.9878246484675096,0.0001083703839398908,0.012175351532490386
1.0,5.2540000000000004,0.00010926814630497352,0.9878487587419041,0.00010794040269739687,0.012151241258095857
1.0,5.256,0.00010883194670056182,0.9878728217013406,0.00010751212227833391,0.012127178298659391
1.0,5.258,0.00010839748840961908,0.9878968374369628,0.0001070855359859725,0.012103162563037229
1.0,5.26,0.00010796476448080337,0.9879208060397457,0.00010666063714976658,0.012079193960254253
1.0,5.2620000000000005,0.0001075337679905224,0.987944727600496,0.00010623741912525159,0.012055272399503991
1.0,5.264,0.00010710449204282353,0.987968602209852,0.00010581587529394459,0.012031397790147946
1.0,5.266,0.00010667692976928224,0.9879924299582843,0.0001053959990632424,0.01200757004171571
1.0,5.268,0.00010625107432889304,0.9880162109360957,0.00010497778386632236,0.011983789063904293
1.0,5.2700000000000005,0.00010582691890795961,0.9880399452334218,0.00010456122316204218,0.011960054766578243
1.0,5.272,0.00010540445671998653,0.988063632940231,0.00010414631043484125,0.01193636705976897
1.0,5.274,0.0001049836810055696,0.9880872741463252,0.0001037330391946406,0.011912725853674755
1.0,5.276,0.00010456458503228841,0.9881108689413397,0.00010332140297674511,0.011889131058660296
1.0,5.2780000000000005,0.00010414716209459827,0.9881344174147434,0.00010291139534174471,0.011865582585256607
1.0,5.28,0.00010373140551372363,0.9881579196558394,0.00010250300987541742,0.011842080344160566
1.0,5.282,0.00010331730863755016,0.9881813757537654,0.00010209624018863071,0.011818624246234588
1.0,5.284,0.00010290486484051897,0.9882047857974935,0.00010169107991724508,0.01179521420250651
1.0,5.2860000000000005,0.00010249406752352037,0.9882281498758306,0.00010128752272201699,0.01177185012416937
1.0,5.288,0.00010208491011378886,0.9882514680774193,0.00010088556228850323,0.01174853192258074
1.0,5.29,0.00010167738606479699,0.988274740490737,0.00010048519232696373,0.011725259509262953
1.0,5.292,0.00010127148885615127,0.9882979672040975,0.0001000864065722667,0.01170203279590254
1.0,5.2940000000000005,0.00010086721199348754,0.9883211483056502,9.968919878379306e-05,0.01167885169434979
1.0,5.296,0.0001004645490083677,0.9883442838833811,9.929356274534202e-05,0.011655716116618864
1.0,5.298,0.00010006349345817525,0.9883673740251127,9.88994922650357e-05,0.011632625974887345
1.0,5.3,9.966403892601282e-05,0.9883904188185042,9.850698117522551e-05,0.011609581181495798
1.0,5.3020000000000005,9.92661790205992e-05,0.9884134183510523,9.811602333239798e-05,0.011586581648947658
1.0,5.304,9.886990737616775e-05,0.988436372710091,9.772661261708192e-05,0.011563627289909006
1.0,5.306,9.847521765236356e-05,0.9884592819827918,9.733874293375443e-05,0.01154071801720824
1.0,5.308,9.808210353414262e-05,0.9884821462561644,9.695240821074861e-05,0.011517853743835627
1.0,5.3100000000000005,9.769055873167045e-05,0.9885049656170567,9.656760240016095e-05,0.011495034382943303
1.0,5.312,9.730057698022223e-05,0.9885277401521552,9.618431947775989e-05,0.011472259847844835
1.0,5.314,9.691215204008146e-05,0.9885504699479851,9.580255344289312e-05,0.011449530052014878
1.0,5.316,9.652527769644078e-05,0.9885731550909108,9.542229831839678e-05,0.011426844909089184
1.0,5.3180000000000005,9.613994775930227e-05,0.9885957956671361,9.504354815050432e-05,0.011404204332863932
1.0,5.32,9.575615606337908e-05,0.9886183917627042,9.466629700875634e-05,0.011381608237295837
1.0,5.322,9.53738964679957e-05,0.9886409434634983,9.429053898590927e-05,0.01135905653650171
1.0,5.324,9.499316285699044e-05,0.988663450855242,9.391626819784617e-05,0.011336549144758012
1.0,5.3260000000000005,9.461394913861725e-05,0.9886859140234993,9.354347878348668e-05,0.011314085976500743
1.0,5.328,9.423624924544889e-05,0.9887083330536746,9.317216490469837e-05,0.01129166694632544
1.0,5.33,9.386005713427882e-05,0.9887307080310136,9.280232074620688e-05,0.011269291968986406
1.0,5.332,9.348536678602525e-05,0.9887530390406033,9.243394051550794e-05,0.011246960959396701
1.0,5.3340000000000005,9.311217220563445e-05,0.9887753261673722,9.206701844277873e-05,0.011224673832627818
1.0,5.336,9.27404674219855e-05,0.9887975694960904,9.170154878079062e-05,0.011202430503909566
1.0,5.338,9.237024648779376e-05,0.9888197691113705,9.13375258048206e-05,0.011180230888629517
1.0,5.34,9.20015034795164e-05,0.988841925097667,9.09749438125647e-05,0.011158074902333004
1.0,5.3420000000000005,9.163423249725724e-05,0.9888640375392774,9.061379712405067e-05,0.01113596246072257
1.0,5.344,9.126842766467306e-05,0.988886106520342,9.025408008155202e-05,0.011113893479657966
1.0,5.346,9.090408312887859e-05,0.9889081321248442,8.989578704950088e-05,0.011091867875155814
1.0,5.348,9.054119306035346e-05,0.9889301144366107,8.953891241440261e-05,0.011069885563389281
1.0,5.3500000000000005,9.017975165284868e-05,0.9889520535393123,8.91834505847499e-05,0.011047946460687741
1.0,5.352,8.981975312329435e-05,0.9889739495164633,8.88293959909381e-05,0.011026050483536665
1.0,5.354,8.946119171170614e-05,0.9889958024514227,8.847674308517938e-05,0.011004197548577288
1.0,5.356,8.910406168109383e-05,0.9890176124273938,8.812548634141865e-05,0.010982387572606167
1.0,5.3580000000000005,8.874835731736915e-05,0.9890393795274247,8.777562025524896e-05,0.010960620472575289
1.0,5.36,8.839407292925498e-05,0.9890611038344084,8.742713934382813e-05,0.010938896165591627
1.0,5.362,8.804120284819345e-05,0.9890827854310834,8.708003814579421e-05,0.010917214568916589
1.0,5.364,8.768974142825568e-05,0.9891044244000338,8.673431122118263e-05,0.010895575599966234
1.0,5.3660000000000005,8.733968304605135e-05,0.9891260208236894,8.638995315134301e-05,0.01087397917631061
1.0,5.368,8.699102210063914e-05,0.9891475747843261,8.604695853885693e-05,0.010852425215673867
1.0,5.37,8.664375301343634e-05,0.9891690863640664,8.570532200745466e-05,0.010830913635933581
1.0,5.372,8.629787022813017e-05,0.9891905556448792,8.536503820193377e-05,0.010809444355120768
1.0,5.3740000000000006,8.595336821058853e-05,0.9892119827085806,8.502610178807696e-05,0.010788017291419427
1.0,5.376,8.561024144877207e-05,0.9892333676368333,8.468850745257121e-05,0.010766632363166662
1.0,5.378,8.526848445264515e-05,0.9892547105111481,8.435224990292581e-05,0.010745289488851895
1.0,5.38,8.492809175408852e-05,0.9892760114128831,8.401732386739206e-05,0.010723988587116873
1.0,5.382,8.458905790681178e-05,0.9892972704232446,8.368372409488266e-05,0.010702729576755443
1.0,5.384,8.425137748626595e-05,0.9893184876232867,8.335144535489125e-05,0.010681512376713331
1.0,5.386,8.391504508955741e-05,0.9893396630939124,8.30204824374132e-05,0.010660336906087586
1.0,5.388,8.35800553353605e-05,0.9893607969158733,8.269083015286505e-05,0.010639203084126692
1.0,5.39,8.3246402863832e-05,0.98938188916977,8.236248333200586e-05,0.01061811083023001
1.0,5.392,8.291408233652509e-05,0.9894029399360524,8.203543682585784e-05,0.010597060063947561
1.0,5.394,8.258308843630455e-05,0.98942394929502,8.170968550562835e-05,0.010576050704980022
1.0,5.396,8.225341586726077e-05,0.9894449173268217,8.138522426263051e-05,0.010555082673178284
1.0,5.398,8.19250593546256e-05,0.989465844111457,8.106204800820583e-05,0.010534155888543006
1.0,5.4,8.159801364468769e-05,0.9894867297287754,8.074015167364602e-05,0.010513270271224617
1.0,5.402,8.1272273504709e-05,0.989507574258477,8.041953021011609e-05,0.010492425741522982
1.0,5.404,8.094783372284019e-05,0.9895283777801128,8.010017858857636e-05,0.010471622219887178
1.0,5.406,8.062468910803785e-05,0.9895491403730848,7.978209179970606e-05,0.010450859626915165
1.0,5.408,8.030283448998108e-05,0.9895698621166463,7.946526485382645e-05,0.010430137883353674
1.0,5.41,7.998226471898943e-05,0.9895905430899024,7.914969278082508e-05,0.010409456910097648
1.0,5.412,7.966297466593956e-05,0.9896111833718099,7.883537063007895e-05,0.010388816628190134
1.0,5.414,7.934495922218382e-05,0.9896317830411777,7.852229347037931e-05,0.010368216958822285
1.0,5.416,7.902821329946819e-05,0.9896523421766672,7.821045638985593e-05,0.010347657823332801
1.0,5.418,7.871273182985144e-05,0.9896728608567923,7.789985449590256e-05,0.010327139143207709
1.0,5.42,7.839850976562316e-05,0.9896933391599199,7.759048291510117e-05,0.01030666084008014
1.0,5.422,7.808554207922364e-05,0.9897137771642699,7.728233679314796e-05,0.010286222835730108
1.0,5.424,7.777382376316307e-05,0.9897341749479157,7.697541129477881e-05,0.010265825052084288
1.0,5.426,7.746334982994203e-05,0.9897545325887843,7.666970160369576e-05,0.01024546741121568
1.0,5.428,7.715411531197083e-05,0.9897748501646567,7.636520292249258e-05,0.010225149835343283
1.0,5.43,7.684611526149055e-05,0.989795127753168,7.606191047258172e-05,0.010204872246831975
1.0,5.432,7.653934475049373e-05,0.9898153654318077,7.575981949412106e-05,0.010184634568192297
1.0,5.434,7.623379887064588e-05,0.98983556327792,7.545892524594142e-05,0.010164436722080006
1.0,5.436,7.592947273320628e-05,0.9898557213687039,7.515922300547324e-05,0.010144278631296078
1.0,5.438,7.562636146895026e-05,0.9898758397812137,7.486070806867476e-05,0.01012416021878626
1.0,5.44,7.532446022809095e-05,0.9898959185923593,7.456337574995972e-05,0.010104081407640741
1.0,5.442,7.502376418020236e-05,0.9899159578789057,7.426722138212616e-05,0.010084042121094261
1.0,5.444,7.472426851414115e-05,0.9899359577174746,7.397224031628405e-05,0.010064042282525443
1.0,5.446,7.442596843797029e-05,0.9899559181845431,7.36784279217847e-05,0.010044081815456907
1.0,5.448,7.412885917888206e-05,0.9899758393564454,7.33857795861495e-05,0.010024160643554603
1.0,5.45,7.383293598312223e-05,0.989995721309372,7.309429071499978e-05,0.010004278690628032
1.0,5.452,7.353819411591324e-05,0.9900155641193704,7.280395673198561e-05,0.009984435880629583
1.0,5.454,7.324462886137892e-05,0.9900353678623454,7.251477307871624e-05,0.009964632137654639
1.0,5.456,7.295223552246881e-05,0.990055132614059,7.222673521468992e-05,0.009944867385941025
1.0,5.458,7.266100942088351e-05,0.9900748584501311,7.193983861722489e-05,0.009925141549868899
1.0,5.46,7.237094589699903e-05,0.9900945454460396,7.165407878138918e-05,0.009905454553960413
1.0,5.462,7.208204030979284e-05,0.9901141936771203,7.136945121993221e-05,0.00988580632287972
1.0,5.464,7.179428803676921e-05,0.9901338032185675,7.10859514632156e-05,0.009866196781432524
1.0,5.466,7.150768447388591e-05,0.9901533741454343,7.080357505914522e-05,0.00984662585456575
1.0,5.468,7.122222503547969e-05,0.9901729065326326,7.052231757310215e-05,0.009827093467367432
1.0,5.47,7.093790515419345e-05,0.9901924004549336,7.024217458787521e-05,0.009807599545066381
1.0,5.472,7.065472028090289e-05,0.9902118559869679,6.996314170359292e-05,0.009788144013032074
1.0,5.474,7.037266588464425e-05,0.9902312732032257,6.968521453765649e-05,0.009768726796774319
1.0,5.476,7.009173745254107e-05,0.990250652178057,6.940838872467193e-05,0.009749347821943033
1.0,5.478,6.98119304897324e-05,0.9902699929856721,6.913265991638353e-05,0.009730007014327913
1.0,5.48,6.953324051930076e-05,0.9902892957001417,6.88580237816069e-05,0.00971070429985832
1.0,5.482,6.925566308220095e-05,0.990308560395397,6.858447600616307e-05,0.009691439604602947
1.0,5.484,6.897919373718789e-05,0.9903277871452304,6.831201229281141e-05,0.009672212854769602
1.0,5.486,6.870382806074619e-05,0.990346976023295,6.80406283611844e-05,0.009653023976704977
1.0,5.488,6.842956164701903e-05,0.9903661271031056,6.777031994772144e-05,0.009633872896894435
1.0,5.49,6.815639010773816e-05,0.9903852404580384,6.750108280560413e-05,0.00961475954196156
1.0,5.492,6.788430907215303e-05,0.9904043161613318,6.723291270469022e-05,0.009595683838668156
1.0,5.494,6.761331418696124e-05,0.9904233542860861,6.696580543144916e-05,0.009576645713913923
1.0,5.496,6.734340111623876e-05,0.9904423549052638,6.669975678889729e-05,0.009557645094736222
1.0,5.498,6.70745655413709e-05,0.9904613180916901,6.643476259653367e-05,0.009538681908309865
1.0,5.5,6.680680316098264e-05,0.9904802439180532,6.617081869027546e-05,0.009519756081946773
1.0,5.502,6.654010969087015e-05,0.9904991324569041,6.590792092239412e-05,0.00950086754309587
1.0,5.5040000000000004,6.627448086393214e-05,0.9905179837806574,6.564606516145182e-05,0.009482016219342637
1.0,5.506,6.600991243010192e-05,0.9905367979615909,6.538524729223817e-05,0.009463202038409113
1.0,5.508,6.574640015627879e-05,0.9905555750718464,6.512546321570647e-05,0.00944442492815356
1.0,5.51,6.548393982626076e-05,0.99057431518343,6.486670884891118e-05,0.009425684816570024
1.0,5.5120000000000005,6.522252724067681e-05,0.9905930183682115,6.460898012494494e-05,0.009406981631788547
1.0,5.514,6.496215821692026e-05,0.9906116846979256,6.435227299287656e-05,0.009388315302074401
1.0,5.516,6.470282858908102e-05,0.9906303142441717,6.40965834176881e-05,0.009369685755828305
1.0,5.518,6.444453420787955e-05,0.9906489070784141,6.384190738021334e-05,0.009351092921585868
1.0,5.5200000000000005,6.41872709406001e-05,0.9906674632719825,6.358824087707575e-05,0.009332536728017482
1.0,5.522,6.393103467102515e-05,0.9906859828960719,6.33355799206274e-05,0.009314017103928096
1.0,5.524,6.36758212993688e-05,0.9907044660217431,6.308392053888709e-05,0.009295533978256887
1.0,5.526,6.342162674221165e-05,0.9907229127199227,6.283325877547967e-05,0.009277087280077256
1.0,5.5280000000000005,6.316844693243526e-05,0.9907413230614037,6.258359068957498e-05,0.009258676938596277
1.0,5.53,6.29162778191575e-05,0.9907596971168453,6.233491235582777e-05,0.009240302883154694
1.0,5.532,6.266511536766705e-05,0.9907780349567734,6.208721986431666e-05,0.009221965043226588
1.0,5.534,6.241495555935934e-05,0.9907963366515808,6.184050932048446e-05,0.009203663348419155
1.0,5.5360000000000005,6.2165794391672e-05,0.9908146022715276,6.159477684507806e-05,0.009185397728472378
1.0,5.538,6.191762787802125e-05,0.990832831886741,6.135001857408921e-05,0.009167168113259017
1.0,5.54,6.167045204773744e-05,0.9908510255672159,6.110623065869446e-05,0.009148974432784063
1.0,5.542,6.142426294600204e-05,0.990869183382815,6.086340926519634e-05,0.009130816617184956
1.0,5.5440000000000005,6.117905663378404e-05,0.9908873054032692,6.062155057496427e-05,0.009112694596730808
1.0,5.546,6.093482918777746e-05,0.9909053916981774,6.038065078437615e-05,0.009094608301822626
1.0,5.548,6.069157670033781e-05,0.9909234423370072,6.014070610475925e-05,0.009076557662992757
1.0,5.55,6.0449295279420134e-05,0.9909414573890951,5.990171276233234e-05,0.009058542610904885
1.0,5.5520000000000005,6.02079810485164e-05,0.9909594369236464,5.966366699814738e-05,0.009040563076353592
1.0,5.554,5.9967630146593994e-05,0.9909773810097356,5.9426565068032184e-05,0.009022618990264353
1.0,5.556,5.972823872803323e-05,0.9909952897163068,5.919040324253203e-05,0.009004710283693207
1.0,5.558,5.948980296256633e-05,0.9910131631121736,5.895517780685281e-05,0.008986836887826422
1.0,5.5600000000000005,5.925231903521584e-05,0.9910310012660197,5.87208850608036e-05,0.008968998733980271
1.0,5.562,5.901578314623407e-05,0.991048804246399,5.848752131874006e-05,0.008951195753601038
1.0,5.564,5.878019151104164e-05,0.9910665721217353,5.8255082909507165e-05,0.008933427878264677
1.0,5.566,5.854554036016737e-05,0.9910843049603237,5.8023566176383056e-05,0.008915695039676264
1.0,5.5680000000000005,5.831182593918772e-05,0.9911020028303297,5.779296747702252e-05,0.008897997169670324
1.0,5.57,5.8079044508667196e-05,0.9911196657997899,5.7563283183401354e-05,0.00888033420021006
1.0,5.572,5.7847192344097826e-05,0.9911372939366124,5.733450968175984e-05,0.008862706063387571
1.0,5.574,5.761626573584004e-05,0.9911548873085766,5.710664337254754e-05,0.008845112691423407
1.0,5.5760000000000005,5.738626098906307e-05,0.9911724459833336,5.6879680670367606e-05,0.00882755401666635
1.0,5.578,5.715717442368627e-05,0.9911899700284069,5.665361800392202e-05,0.00881002997159308
1.0,5.58,5.69290023743196e-05,0.9912074595111918,5.642845181595594e-05,0.008792540488808176
1.0,5.582,5.670174119020541e-05,0.9912249144989562,5.62041785632033e-05,0.008775085501043778
1.0,5.5840000000000005,5.6475387235159795e-05,0.9912423350588407,5.5980794716332045e-05,0.00875766494115926
1.0,5.586,5.624993688751485e-05,0.9912597212578587,5.575829675989011e-05,0.008740278742141339
1.0,5.588,5.602538654006011e-05,0.9912770731628966,5.553668119225073e-05,0.008722926837103406
1.0,5.59,5.5801732599985216e-05,0.9912943908407145,5.531594452555878e-05,0.008705609159285532
1.0,5.5920000000000005,5.5578971488822265e-05,0.9913116743579458,5.509608328567693e-05,0.00868832564205424
1.0,5.594,5.5357099642388916e-05,0.9913289237810976,5.4877094012132385e-05,0.008671076218902396
1.0,5.596,5.51361135107308e-05,0.9913461391765513,5.465897325806307e-05,0.008653860823448656
1.0,5.598,5.491600955806509e-05,0.9913633206105625,5.4441717590164796e-05,0.008636679389437463
1.0,5.6000000000000005,5.469678426272375e-05,0.9913804681492612,5.4225323588638215e-05,0.008619531850738826
1.0,5.602,5.4478434117097585e-05,0.9913975818586519,5.4009787847136424e-05,0.0086024181413481
1.0,5.604,5.4260955627579495e-05,0.9914146618046142,5.379510697271191e-05,0.008585338195385761
1.0,5.606,5.404434531450902e-05,0.991431708052903,5.358127758576459e-05,0.008568291947096962
1.0,5.6080000000000005,5.382859971211642e-05,0.9914487206691482,5.336829631998951e-05,0.008551279330851758
1.0,5.61,5.361371536846766e-05,0.9914656997188557,5.3156159822325354e-05,0.008534300281144325
1.0,5.612,5.339968884540855e-05,0.9914826452674067,5.2944864752902105e-05,0.008517354732593296
1.0,5.614,5.3186516718510165e-05,0.9914995573800589,5.273440778498993e-05,0.008500442619941095
1.0,5.6160000000000005,5.2974195577013824e-05,0.991516436121946,5.25247856049477e-05,0.008483563878054046
1.0,5.618,5.276272202377693e-05,0.9915332815580782,5.231599491217222e-05,0.008466718441921817
1.0,5.62,5.255209267521802e-05,0.9915500937533425,5.2108032419046766e-05,0.008449906246657535
1.0,5.622,5.2342304161263025e-05,0.9915668727725025,5.190089485089072e-05,0.00843312722749745
1.0,5.6240000000000006,5.213335312529115e-05,0.9915836186801995,5.169457894590889e-05,0.008416381319800492
1.0,5.626,5.192523622408156e-05,0.9916003315409516,5.14890814551415e-05,0.008399668459048382
1.0,5.628,5.1717950127759286e-05,0.9916170114191548,5.128439914241356e-05,0.008382988580845185
1.0,5.63,5.1511491519742376e-05,0.9916336583790827,5.1080528784285224e-05,0.008366341620917317
1.0,5.632,5.13058570966887e-05,0.9916502724848869,5.087746717000202e-05,0.008349727515113092
1.0,5.634,5.110104356844299e-05,0.9916668538005975,5.067521110144512e-05,0.008333146199402508
1.0,5.636,5.089704765798464e-05,0.9916834023901226,5.047375739308243e-05,0.008316597609877352
1.0,5.638,5.069386610137461e-05,0.9916999183172496,5.0273102871918786e-05,0.008300081682750426
1.0,5.64,5.0491495647703674e-05,0.991716401645644,5.007324437744738e-05,0.008283598354355992
1.0,5.642,5.0289933059040166e-05,0.991732852438851,4.9874178761600775e-05,0.00826714756114899
1.0,5.644,5.0089175110378544e-05,0.9917492707602948,4.9675902888702633e-05,0.008250729239705157
1.0,5.646,4.988921858958726e-05,0.9917656566732794,4.947841363541879e-05,0.008234343326720572
1.0,5.648,4.969006029735771e-05,0.9917820102409883,4.928170789070935e-05,0.008217989759011668
1.0,5.65,4.9491697047152885e-05,0.9917983315264851,4.90857825557805e-05,0.00820166847351489
1.0,5.652,4.9294125665156726e-05,0.9918146205927134,4.889063454403696e-05,0.008185379407286586
1.0,5.654,4.909734299022282e-05,0.9918308775024974,4.8696260781033794e-05,0.008169122497502568
1.0,5.656,4.890134587382417e-05,0.9918471023185419,4.8502658204429285e-05,0.008152897681458104
1.0,5.658,4.8706131180002635e-05,0.9918632951034324,4.830982376393744e-05,0.008136704896567593
1.0,5.66,4.851169578531914e-05,0.9918794559196356,4.8117754421281224e-05,0.008120544080364445
1.0,5.662,4.8318036578803124e-05,0.991895584829499,4.792644715014505e-05,0.008104415170500978
1.0,5.664,4.8125150461903154e-05,0.9919116818952523,4.773589893612843e-05,0.00808831810474775
1.0,5.666,4.793303434843716e-05,0.9919277471790062,4.754610677669919e-05,0.008072252820993775
1.0,5.668,4.77416851645434e-05,0.9919437807427538,4.735706768114742e-05,0.0080562192572462
1.0,5.67,4.755109984863075e-05,0.9919597826483699,4.71687786705387e-05,0.008040217351630075
1.0,5.672,4.736127535133011e-05,0.9919757529576119,4.698123677766847e-05,0.008024247042388133
1.0,5.674,4.717220863544539e-05,0.9919916917321194,4.679443904701597e-05,0.00800830826788057
1.0,5.676,4.698389667590525e-05,0.9920075990334152,4.660838253469883e-05,0.007992400966584823
1.0,5.678,4.6796336459714253e-05,0.9920234749229047,4.6423064308427154e-05,0.007976525077095342
1.0,5.68,4.6609524985904935e-05,0.9920393194618764,4.623848144745846e-05,0.007960680538123599
1.0,5.682,4.6423459265489645e-05,0.9920551327115026,4.605463104255236e-05,0.007944867288497415
1.0,5.684,4.6238136321413054e-05,0.9920709147328387,4.587151019592594e-05,0.007929085267161295
1.0,5.686,4.605355318850402e-05,0.9920866655868242,4.568911602120841e-05,0.007913334413175765
1.0,5.688,4.5869706913428474e-05,0.9921023853342825,4.550744564339682e-05,0.007897614665717478
1.0,5.69,4.568659455464202e-05,0.9921180740359211,4.532649619881144e-05,0.007881925964078884
1.0,5.692,4.550421318234317e-05,0.9921337317523321,4.514626483505179e-05,0.007866268247667896
1.0,5.694,4.532255987842599e-05,0.9921493585439921,4.496674871095202e-05,0.00785064145600789
1.0,5.696,4.514163173643375e-05,0.9921649544712626,4.478794499653729e-05,0.007835045528737372
1.0,5.698,4.496142586151223e-05,0.9921805195943901,4.4609850872979855e-05,0.007819480405609869
1.0,5.7,4.478193937036376e-05,0.9921960539735064,4.4432463532555734e-05,0.007803946026493591
1.0,5.702,4.4603169391200556e-05,0.9922115576686287,4.42557801786008e-05,0.007788442331371326
1.0,5.704,4.442511306369915e-05,0.9922270307396598,4.407979802546788e-05,0.007772969260340212
1.0,5.706,4.424776753895442e-05,0.9922424732463885,4.3904514298483404e-05,0.007757526753611521
1.0,5.708,4.4071129979434346e-05,0.9922578852484897,4.3729926233904835e-05,0.007742114751510321
1.0,5.71,4.389519755893413e-05,0.9922732668055244,4.355603107887745e-05,0.007726733194475588
1.0,5.712,4.3719967462531283e-05,0.9922886179769402,4.338282609139196e-05,0.007711382023059765
1.0,5.714,4.354543688654045e-05,0.9923039388220715,4.321030854024201e-05,0.007696061177928537
1.0,5.716,4.337160303846885e-05,0.9923192294001393,4.303847570498215e-05,0.00768077059986072
1.0,5.718,4.319846313697114e-05,0.992334489770252,4.286732487588529e-05,0.00766551022974804
1.0,5.72,4.3026014411805175e-05,0.9923497199914052,4.269685335390103e-05,0.007650280008594801
1.0,5.722,4.285425410378761e-05,0.9923649201224819,4.2527058450613735e-05,0.007635079877518103
1.0,5.724,4.268317946475002e-05,0.992380090222253,4.235793748820124e-05,0.007619909777746958
1.0,5.726,4.251278775749443e-05,0.9923952303493773,4.218948779939287e-05,0.007604769650622734
1.0,5.728,4.23430762557499e-05,0.9924103405624014,4.2021706727428494e-05,0.007589659437598595
1.0,5.73,4.217404224412871e-05,0.9924254209197606,4.1854591626017195e-05,0.007574579080239396
1.0,5.732,4.200568301808321e-05,0.9924404714797785,4.168813985929663e-05,0.007559528520221459
1.0,5.734,4.1837995883862124e-05,0.9924554923006677,4.152234880179169e-05,0.007544507699332348
1.0,5.736,4.167097815846772e-05,0.9924704834405292,4.1357215838374196e-05,0.007529516559470761
1.0,5.738,4.150462716961277e-05,0.9924854449573538,4.11927383642222e-05,0.007514555042646198
1.0,5.74,4.133894025567803e-05,0.9925003769090212,4.102891378477995e-05,0.007499623090978846
1.0,5.742,4.117391476566928e-05,0.9925152793533006,4.0865739515717234e-05,0.007484720646699361
1.0,5.744,4.1009548059175164e-05,0.9925301523478512,4.070321298288965e-05,0.007469847652148753
1.0,5.746,4.084583750632479e-05,0.9925449959502219,4.054133162229856e-05,0.007455004049778058
1.0,5.748,4.068278048774596e-05,0.9925598102178519,4.038009288005166e-05,0.00744018978214811
1.0,5.75,4.052037439452284e-05,0.9925745952080706,4.021949421232298e-05,0.007425404791929435
1.0,5.752,4.035861662815447e-05,0.9925893509780979,4.0059533085313716e-05,0.007410649021902138
1.0,5.7540000000000004,4.019750460051306e-05,0.9926040775850445,3.990020697521285e-05,0.007395922414955458
1.0,5.756,4.0037035733802876e-05,0.9926187750859122,3.9741513368158304e-05,0.0073812249140877695
1.0,5.758,3.987720746051856e-05,0.9926334435375936,3.958344976019756e-05,0.0073665564624063595
1.0,5.76,3.9718017223404325e-05,0.9926480829968728,3.942601365724908e-05,0.007351917003127206
1.0,5.7620000000000005,3.955946247541291e-05,0.9926626935204254,3.9269202575063575e-05,0.007337306479574646
1.0,5.764,3.9401540679665113e-05,0.9926772751648185,3.911301403918572e-05,0.007322724835181482
1.0,5.766,3.9244249309408756e-05,0.9926918279865116,3.895744558491537e-05,0.007308172013488434
1.0,5.768,3.9087585847978555e-05,0.9927063520418559,3.8802494757269664e-05,0.007293647958144134
1.0,5.7700000000000005,3.8931547788755725e-05,0.992720847387095,3.864815911094477e-05,0.0072791526129050155
1.0,5.772,3.8776132635128123e-05,0.9927353140783651,3.849443621027826e-05,0.0072646859216348725
1.0,5.774,3.862133790044991e-05,0.992749752171695,3.8341323629210945e-05,0.007250247828304968
1.0,5.776,3.8467161108002023e-05,0.9927641617230065,3.818881895124947e-05,0.007235838276993478
1.0,5.7780000000000005,3.831359979095243e-05,0.9927785427881144,3.803691976942876e-05,0.007221457211885607
1.0,5.78,3.816065149231692e-05,0.9927928954227266,3.7885623686274915e-05,0.00720710457727336
1.0,5.782,3.800831376491938e-05,0.9928072196824449,3.773492831376761e-05,0.007192780317555103
1.0,5.784,3.7856584171352924e-05,0.9928215156227643,3.758483127330336e-05,0.007178484377235672
1.0,5.7860000000000005,3.770546028394075e-05,0.9928357832990741,3.7435330195658444e-05,0.0071642167009259294
1.0,5.788,3.755493968469757e-05,0.9928500227666573,3.728642272095242e-05,0.0071499772333426526
1.0,5.79,3.7405019965290514e-05,0.9928642340806915,3.713810649861114e-05,0.007135765919308534
1.0,5.792,3.7255698727000875e-05,0.9928784172962483,3.699037918733048e-05,0.007121582703751739
1.0,5.7940000000000005,3.71069735806856e-05,0.9928925724682943,3.684323845503996e-05,0.007107427531705679
1.0,5.796,3.695884214673929e-05,0.9929066996516909,3.669668197886672e-05,0.007093300348309128
1.0,5.798,3.681130205505578e-05,0.9929207989011942,3.655070744509916e-05,0.007079201098805776
1.0,5.8,3.666435094499047e-05,0.992934870271456,3.640531254915125e-05,0.007065129728544006
1.0,5.8020000000000005,3.651798646532238e-05,0.9929489138170231,3.626049499552661e-05,0.007051086182976896
1.0,5.804,3.6372206274216854e-05,0.992962929592338,3.6116252497783185e-05,0.007037070407661994
1.0,5.806,3.622700803918766e-05,0.9929769176517391,3.5972582778497336e-05,0.007023082348260878
1.0,5.808,3.608238943705993e-05,0.9929908780494607,3.5829483569228726e-05,0.0070091219505392655
1.0,5.8100000000000005,3.593834815393289e-05,0.9930048108396332,3.568695261048501e-05,0.006995189160366788
1.0,5.812,3.579488188514306e-05,0.9930187160762834,3.554498765168698e-05,0.0069812839237165525
1.0,5.814,3.565198833522702e-05,0.9930325938133348,3.540358645113325e-05,0.006967406186665248
1.0,5.816,3.5509665217884915e-05,0.9930464441046072,3.5262746775965666e-05,0.006953555895392816
1.0,5.8180000000000005,3.5367910255943776e-05,0.9930602670038178,3.512246640213459e-05,0.006939732996182224
1.0,5.82,3.522672118132131e-05,0.9930740625645805,3.4982743114364516e-05,0.006925937435419471
1.0,5.822,3.5086095734989254e-05,0.993087830840407,3.4843574706119335e-05,0.006912169159593029
1.0,5.824,3.494603166693746e-05,0.9931015718847059,3.47049589795683e-05,0.006898428115294064
1.0,5.8260000000000005,3.4806526736137785e-05,0.993115285750784,3.4566893745551777e-05,0.006884714249215995
1.0,5.828,3.466757871050849e-05,0.9931289724918456,3.4429376823547475e-05,0.0068710275081543815
1.0,5.83,3.452918536687814e-05,0.9931426321609932,3.42924060416362e-05,0.006857367839006812
1.0,5.832,3.439134449095029e-05,0.9931562648112274,3.4155979236468375e-05,0.006843735188772571
1.0,5.8340000000000005,3.425405387726791e-05,0.9931698704954475,3.402009425323025e-05,0.006830129504552529
1.0,5.836,3.411731132917838e-05,0.993183449266451,3.3884748945610746e-05,0.006816550733549032
1.0,5.838,3.398111465879795e-05,0.9931970011769345,3.37499411757677e-05,0.006802998823065454
1.0,5.84,3.3845461686977e-05,0.9932105262794936,3.361566881429486e-05,0.006789473720506423
1.0,5.8420000000000005,3.3710350243265015e-05,0.9932240246266227,3.348192974018873e-05,0.006775975373377263
1.0,5.844,3.3575778165876134e-05,0.993237496270716,3.3348721840815785e-05,0.006762503729283997
1.0,5.846,3.3441743301654196e-05,0.9932509412640669,3.321604301187933e-05,0.006749058735933122
1.0,5.848,3.33082435060385e-05,0.9932643596588687,3.3083891157387e-05,0.006735640341131277
1.0,5.8500000000000005,3.317527664302943e-05,0.9932777515072145,3.2952264189618084e-05,0.006722248492785465
1.0,5.852,3.3042840585154434e-05,0.9932911168610975,3.2821160029091246e-05,0.006708883138902499
1.0,5.854,3.291093321343372e-05,0.9933044557724112,3.269057660453196e-05,0.006695544227588779
1.0,5.856,3.2779552417346525e-05,0.9933177682929495,3.2560511852840406e-05,0.006682231707050512
1.0,5.8580000000000005,3.2648696094797244e-05,0.993331054474407,3.24309637190594e-05,0.006668945525593051
1.0,5.86,3.251836215208204e-05,0.9933443143683789,3.2301930156342575e-05,0.006655685631621111
1.0,5.862,3.2388548503855e-05,0.9933575480263618,3.2173409125922294e-05,0.006642451973638219
1.0,5.864,3.2259253073094975e-05,0.9933707554997531,3.204539859707809e-05,0.006629244500246934
1.0,5.8660000000000005,3.2130473791072265e-05,0.9933839368398516,3.1917896547105036e-05,0.0066160631601484
1.0,5.868,3.2002208597315713e-05,0.9933970920978579,3.1790900961282494e-05,0.00660290790214213
1.0,5.87,3.1874455439579435e-05,0.993410221324874,3.166440983284244e-05,0.006589778675126001
1.0,5.872,3.174721227381018e-05,0.9934233245719041,3.153842116293847e-05,0.006576675428095924
1.0,5.8740000000000006,3.162047706411452e-05,0.9934364018898542,3.141293296061459e-05,0.006563598110145841
1.0,5.876,3.149424778272652e-05,0.9934494533295327,3.128794324277451e-05,0.006550546670467283
1.0,5.878,3.1368522409974914e-05,0.9934624789416505,3.1163450034150394e-05,0.0065375210583494825
1.0,5.88,3.124329893425106e-05,0.993475478776821,3.1039451367272414e-05,0.006524521223179036
1.0,5.882000000000001,3.1118575351976635e-05,0.9934884528855603,3.0915945282437996e-05,0.006511547114439686
1.0,5.884,3.0994349667571755e-05,0.9935014013182878,3.0792929827681545e-05,0.006498598681712209
1.0,5.886,3.087061989342277e-05,0.9935143241253258,3.067040305874376e-05,0.0064856758746741905
1.0,5.888,3.0747384049850646e-05,0.9935272213569001,3.0548363039041584e-05,0.006472778643099919
1.0,5.89,3.062464016507927e-05,0.9935400930631397,3.042680783963802e-05,0.006459906936860271
1.0,5.892,3.0502386275203806e-05,0.9935529392940777,3.0305735539212076e-05,0.0064470607059222695
1.0,5.894,3.0380620424159517e-05,0.9935657600996508,3.0185144224029027e-05,0.006434239900349192
1.0,5.896,3.0259340663690134e-05,0.9935785555296999,3.0065031987910355e-05,0.0064214444703001305
1.0,5.898,3.0138545053316905e-05,0.9935913256339698,2.9945396932204267e-05,0.006408674366030209
1.0,5.9,3.0018231660307432e-05,0.9936040704621101,2.982623716575605e-05,0.006395929537889922
1.0,5.902,2.9898398559644964e-05,0.9936167900636748,2.9707550804878828e-05,0.00638320993632524
1.0,5.904,2.9779043833997285e-05,0.9936294844881225,2.9589335973323924e-05,0.006370515511877506
1.0,5.906,2.9660165573686235e-05,0.993642153784817,2.9471590802251874e-05,0.006357846215182983
1.0,5.908,2.9541761876657063e-05,0.9936547980030271,2.9354313430203202e-05,0.00634520199697286
1.0,5.91,2.9423830848448197e-05,0.9936674171919267,2.923750200306966e-05,0.0063325828080732505
1.0,5.912,2.930637060216061e-05,0.9936800114005955,2.912115467406503e-05,0.006319988599404525
1.0,5.914,2.9189379258427863e-05,0.9936925806780184,2.9005269603696604e-05,0.006307419321981644
1.0,5.916,2.9072854945385905e-05,0.9937051250730863,2.8889844959736396e-05,0.006294874926913718
1.0,5.918,2.8956795798643347e-05,0.9937176446345961,2.8774878917192836e-05,0.006282355365403891
1.0,5.92,2.8841199961251313e-05,0.9937301394112509,2.8660369658282032e-05,0.006269860588749121
1.0,5.922,2.8726065583673938e-05,0.9937426094516599,2.854631537239966e-05,0.006257390548340069
1.0,5.924,2.8611390823758675e-05,0.9937550548043391,2.8432714256092668e-05,0.006244945195660878
1.0,5.926,2.8497173846707017e-05,0.9937674755177108,2.8319564513031367e-05,0.00623252448228917
1.0,5.928,2.838341282504485e-05,0.9937798716401045,2.8206864353981165e-05,0.006220128359895494
1.0,5.93,2.8270105938593393e-05,0.9937922432197563,2.8094611996774885e-05,0.006207756780243656
1.0,5.932,2.815725137444e-05,0.9938045903048098,2.7982805666284888e-05,0.006195409695190168
1.0,5.934,2.804484732690934e-05,0.9938169129433159,2.7871443594395643e-05,0.006183087056684133
1.0,5.936,2.7932891997534195e-05,0.9938292111832329,2.7760524019975848e-05,0.0061707888167671365
1.0,5.938,2.7821383595026914e-05,0.9938414850724269,2.7650045188851204e-05,0.006158514927573133
1.0,5.94,2.771032033525063e-05,0.9938537346586718,2.7540005353776976e-05,0.0061462653413282275
1.0,5.942,2.7599700441190913e-05,0.9938659599896494,2.7430402774410958e-05,0.006134040010350561
1.0,5.944,2.7489522142927047e-05,0.9938781611129501,2.7321235717286058e-05,0.0061218388870498686
1.0,5.946,2.7379783677603913e-05,0.9938903380760723,2.721250245578348e-05,0.006109661923927701
1.0,5.948,2.7270483289403673e-05,0.9939024909264231,2.7104201270105708e-05,0.006097509073576868
1.0,5.95,2.716161922951788e-05,0.9939146197113183,2.6996330447249896e-05,0.006085380288681663
1.0,5.952,2.7053189756119214e-05,0.9939267244779825,2.688888828098088e-05,0.006073275522017529
1.0,5.954,2.6945193134333776e-05,0.9939388052735494,2.678187307180476e-05,0.006061194726450614
1.0,5.956,2.6837627636213273e-05,0.9939508621450619,2.6675283126942323e-05,0.0060491378549381025
1.0,5.958,2.673049154070753e-05,0.9939628951394723,2.656911676030283e-05,0.0060371048605276645
1.0,5.96,2.6623783133636694e-05,0.9939749043036425,2.6463372292457466e-05,0.006025095696357452
1.0,5.962,2.6517500707663967e-05,0.9939868896843441,2.63580480506133e-05,0.0060131103156558785
1.0,5.964,2.6411642562268224e-05,0.9939988513282585,2.6253142368587155e-05,0.0060011486717415075
1.0,5.966,2.6306207003716972e-05,0.9940107892819772,2.6148653586779784e-05,0.0059892107180228304
1.0,5.968,2.620119234503898e-05,0.9940227035920018,2.604458005214971e-05,0.005977296407998156
1.0,5.97,2.6096596905997465e-05,0.9940345943047447,2.5940920118187645e-05,0.005965405695255277
1.0,5.972,2.599241901306313e-05,0.9940464614665284,2.583767214489072e-05,0.005953538533471581
1.0,5.974,2.5888656999387555e-05,0.9940583051235863,2.573483449873706e-05,0.005941694876413717
1.0,5.976,2.578530920477626e-05,0.9940701253220626,2.5632405552660073e-05,0.0059298746779373745
1.0,5.978,2.568237397566233e-05,0.9940819221080127,2.5530383686023214e-05,0.005918077891987283
1.0,5.98,2.5579849665079858e-05,0.9940936955274031,2.542876728459464e-05,0.005906304472596879
1.0,5.982,2.5477734632637773e-05,0.9941054456261118,2.5327554740522195e-05,0.0058945543738881945
1.0,5.984,2.5376027244493336e-05,0.9941171724499281,2.5226744452308056e-05,0.005882827550071856
1.0,5.986,2.5274725873326167e-05,0.9941288760445532,2.5126334824783933e-05,0.005871123955446755
1.0,5.988,2.517382889831212e-05,0.9941405564556003,2.5026324269086084e-05,0.005859443544399712
1.0,5.99,2.5073334705097536e-05,0.9941522137285942,2.4926711202630704e-05,0.005847786271405808
1.0,5.992,2.4973241685773126e-05,0.9941638479089723,2.482749404908896e-05,0.005836152091027724
1.0,5.994,2.4873548238848457e-05,0.994175459042084,2.4728671238362586e-05,0.005824540957915958
1.0,5.996,2.4774252769226198e-05,0.9941870471731917,2.4630241206559263e-05,0.005812952826808271
1.0,5.998,2.467535368817681e-05,0.9941986123474702,2.4532202395968415e-05,0.005801387652529799
1.0,6.0,2.457684941331284e-05,0.9942101546100071,2.443455325503662e-05,0.0057898453899929425
4.0,0.0,0.0,1.0,0.0,0.0
4.0,0.002,0.0983660995095468,0.9999752774227024,0.09836366764604822,2.4722577297575654e-05
4.0,0.004,0.19352786960104845,0.9999022055056976,0.1935089436409074,9.77944943023612e-05
4.0,0.006,0.2855784689151131,0.9997823970389393,0.28551632619466205,0.0002176029610606589
4.0,0.008,0.37460838703125027,0.9996174240763873,0.3744650708815887,0.00038257592361268244
4.0,0.01,0.46070552078405624,0.9994088185853232,0.46043316024252967,0.0005911814146768446
4.0,0.012,0.5439552483979115,0.9991580731094093,0.5434972778470074,0.0008419268905907051
4.0,0.014,0.6244405015025478,0.9988666414433296,0.6237327865170383,0.0011333585566704052
4.0,0.016,0.7022418350900558,0.9985359393169971,0.7012137104293407,0.0014640606830028657
4.0,0.018000000000000002,0.777437495472176,0.9981673450874538,0.7760127208269013,0.00183265491254625
4.0,0.02,0.850103486295032,0.9977622004367174,0.848201125084656,0.0022377995632826275
4.0,0.022,0.9203136326668337,0.9973218110739581,0.91784885888734,0.00267818892604188
4.0,0.024,0.9881396434524813,0.9968474474405045,0.9850244812903761,0.003152552559495536
4.0,0.026000000000000002,1.0536511717874777,0.9963403454162898,1.049795172447014,0.0036596545837102035
4.0,0.028,1.1169158738620397,0.995801707026459,1.1122267337967684,0.004198292973541018
4.0,0.03,1.1779994660248563,0.9952327011469528,1.1723835905215858,0.004767298853047164
4.0,0.032,1.2369657802545242,0.9946344642079833,1.2303287960870686,0.005365535792016707
4.0,0.034,1.293876818045317,0.994008100894402,1.2861240386965174,0.005991899105598053
4.0,0.036000000000000004,1.348792802752615,0.9933546848420483,1.3398296494955468,0.006645315157951748
4.0,0.038,1.4017722304420202,0.9926752593292426,1.3915046123745631,0.00732474067075739
4.0,0.04,1.4528719192849349,0.9919708379626645,1.4412065752255014,0.008029162037335502
4.0,0.042,1.5021470575421387,0.9912424053569258,1.488991862517898,0.00875759464307424
4.0,0.044,1.5496512501757385,0.9904909178072141,1.534915489067664,0.0095090821927859
4.0,0.046,1.5954365641286863,0.9897173039544449,1.5790311748797863,0.010282696045555095
4.0,0.048,1.6395535723099586,0.9889224654424157,1.6213913609536843,0.011077534557584312
4.0,0.05,1.6820513963223882,0.9881072775665127,1.6620472259470664,0.011892722433487268
4.0,0.052000000000000005,1.7229777479690969,0.9872725899135691,1.701048703600899,0.012727410086430857
4.0,0.054,1.762378969573428,0.9864192269925218,1.738444500834498,0.013580773007478175
4.0,0.056,1.8003000731463086,0.9855479888555583,1.7742821164258589,0.014452011144441723
4.0,0.058,1.8367847784339761,0.9846596517094852,1.8086078601980828,0.015340348290514783
4.0,0.06,1.8718755498780741,0.9837549685170899,1.841466872638215,0.01624503148291012
4.0,0.062,1.905613632519211,0.9828346695882998,1.8729031448799784,0.017165330411700208
4.0,0.064,1.938039086874176,0.9818994631609809,1.9029595389867509,0.018100536839019132
4.0,0.066,1.9691908228161525,0.9809500359712433,1.931677808475747,0.019049964028756694
4.0,0.068,1.9991066324864237,0.9799870538131543,1.9590986190287067,0.02001294618684568
4.0,0.07,2.0278232222652623,0.979011162087782,1.9852615693385052,0.02098883791221795
4.0,0.07200000000000001,2.055376243828882,0.9780229863415206,2.0102052120449403,0.021977013658479372
4.0,0.074,2.0818003243185914,0.9770231327936669,2.033967074716622,0.022976867206333074
4.0,0.076,2.1071290956475157,0.9760121888532426,2.056583680839285,0.02398781114675741
4.0,0.078,2.1313952229695396,0.9749907236250721,2.0780905707740933,0.02500927637492789
4.0,0.08,2.1546304323344243,0.973959288405146,2.098522322652508,0.026040711594853994
4.0,0.082,2.176865537552351,0.9729184171653137,2.117912573177153,0.027081582834686313
4.0,0.084,2.1981304662905026,0.9718686270273655,2.1362940383007736,0.02813137297263446
4.0,0.08600000000000001,2.2184542854236167,0.9708104187265769,2.1536985337578702,0.029189581273423082
4.0,0.088,2.237865225659857,0.9697442770647993,2.170156995425972,0.030255722935200735
4.0,0.09,2.2563907054626884,0.9686706713531932,2.1856994994956476,0.03132932864680682
4.0,0.092,2.274057354288914,0.9675900558447094,2.2003552824304826,0.03240994415529064
4.0,0.094,2.2908910351623875,0.9665028701564325,2.214152760700088,0.03349712984356745
4.0,0.096,2.3069168666024105,0.9654095396819096,2.227119550271066,0.03459046031809043
4.0,0.098,2.3221592439252574,0.964310475993592,2.2392824858424847,0.03568952400640801
4.0,0.1,2.3366418599367367,0.9632060772355281,2.2506676398139924,0.03679392276447191
4.0,0.10200000000000001,2.3503877250332113,0.9620967285064468,2.2613003409761627,0.037903271493553214
4.0,0.10400000000000001,2.3634191867279686,0.9609828022333776,2.2712051929139734,0.03901719776662238
4.0,0.106,2.3757579486193823,0.9598646585359586,2.2804060921156326,0.04013534146404141
4.0,0.108,2.3874250888168107,0.9587426455815842,2.2889262457800776,0.041257354418415826
4.0,0.11,2.398441077839738,0.9576170999315515,2.2967881893175943,0.04238290006844847
4.0,0.112,2.4088257960052095,0.9564883468783626,2.3040138035389788,0.043511653121637406
4.0,0.114,2.4185985503181997,0.955356700774344,2.3106243315296067,0.04464329922565602
4.0,0.116,2.4277780908791,0.9542224653517472,2.3166403952056127,0.04577753464825285
4.0,0.11800000000000001,2.436382626822153,0.9530859340344924,2.3220820115502017,0.04691406596550762
4.0,0.12,2.444429841798226,0.9519473902417209,2.326968608528804,0.048052609758279075
4.0,0.122,2.451936909014949,0.9508071076833203,2.331319040682484,0.04919289231667967
4.0,0.124,2.4589205058468773,0.9496653506475875,2.335151604399618,0.0503346493524125
4.0,0.126,2.46539682802796,0.948522374281195,2.338484052866408,0.05147762571880499
4.0,0.128,2.471381603438265,0.9473784248616233,2.3413336106973364,0.05262157513837673
4.0,0.13,2.4768901054965426,0.9462337400622232,2.343716988247108,0.05376625993777684
4.0,0.132,2.4819371661699146,0.9450885492100715,2.345650395606081,0.05491145078992854
4.0,0.134,2.4865371886116128,0.9439430735367798,2.347149556281549,0.05605692646322025
4.0,0.136,2.4907041594374157,0.9427975264224169,2.3482297205676206,0.057202473577583124
4.0,0.138,2.4944516606510954,0.9416521136327038,2.348905678606712,0.05834788636729615
4.0,0.14,2.49779288122893,0.9405070335496369,2.3491917731460212,0.05949296645036306
4.0,0.14200000000000002,2.5007406283729923,0.9393624773956948,2.3491019119925207,0.060637522604305216
4.0,0.14400000000000002,2.5033073384427253,0.9382186294517816,2.348649580170321,0.06178137054821842
4.0,0.146,2.50550508757396,0.9370756672690583,2.347847851784389,0.06292433273094167
4.0,0.148,2.5073456019943414,0.9359337618748098,2.3467094015948238,0.06406623812519019
4.0,0.15,2.5088402680438167,0.9347930779724949,2.3452465163060183,0.06520692202750511
4.0,0.152,2.510000141908636,0.9336537741361234,2.3434711055752033,0.06634622586387662
4.0,0.154,2.5108359590770433,0.9325160029991025,2.3413947127449424,0.06748399700089747
4.0,0.156,2.511358143524608,0.9313799114376922,2.3390285253042764,0.06862008856230783
4.0,0.158,2.5115768166369477,0.9302456407492056,2.3363833850832876,0.06975435925079443
4.0,0.16,2.5115018058773178,0.9291133268250908,2.3334697981858983,0.07088667317490915
4.0,0.162,2.511142653206389,0.9279831003190252,2.3302979446658076,0.0720168996809748
4.0,0.164,2.510508623261279,0.9268550868101516,2.3268776879504673,0.07314491318984839
4.0,0.166,2.509608711300725,0.9257294069615847,2.323218584018047,0.07427059303841532
4.0,0.168,2.5084516509230808,0.9246061766743113,2.319329890332354,0.07539382332568867
4.0,0.17,2.5070459215636403,0.923485507236607,2.3152205745406653,0.07651449276339295
4.0,0.17200000000000001,2.5053997557775816,0.922367505469088,2.31089932293943,0.07763249453091203
4.0,0.17400000000000002,2.503521146314668,0.9212522738655159,2.3063745487127907,0.07874772613448411
4.0,0.176,2.5014178529916595,0.9201399107294704,2.3016543999488492,0.07986008927052957
4.0,0.178,2.4990974093682143,0.9190305103069998,2.296746767438571,0.08096948969300022
4.0,0.18,2.4965671292318956,0.9179241629153605,2.2916592922621923,0.0820758370846395
4.0,0.182,2.4938341128977473,0.9168209550679528,2.2863993731679533,0.0831790449320472
4.0,0.184,2.49090525332773,0.9157209695955556,2.280974173747932,0.0842790304044444
4.0,0.186,2.487787242075177,0.9146242857639637,2.27539062941571,0.08537571423603629
4.0,0.188,2.48448657505926,0.9135309793881268,2.2696554541905387,0.08646902061187323
4.0,0.19,2.4810095581743363,0.9124411229428878,2.2637751472926295,0.08755887705711218
4.0,0.192,2.4773623127388884,0.9113547856704153,2.257755999554114,0.08864521432958472
4.0,0.194,2.4735507807886448,0.9102720336844219,2.2516040996501694,0.08972796631557811
4.0,0.196,2.469580730218337,0.9091929300712609,2.245325340154734,0.0908070699287391
4.0,0.198,2.465457759776414,0.9081175349879878,2.2389254234251634,0.09188246501201225
4.0,0.2,2.4611873039169283,0.9070459057574727,2.2324098673201225,0.09295409424252732
4.0,0.202,2.4567746375126633,0.9059780969606481,2.225784010754909,0.09402190303935187
4.0,0.20400000000000001,2.452224880433479,0.9049141605259737,2.219053019098368,0.09508583947402627
4.0,0.20600000000000002,2.4475430019937243,0.9038541458161966,2.2122218894154475,0.09614585418380339
4.0,0.20800000000000002,2.4427338252724553,0.9027980997124858,2.205295455559384,0.09720190028751419
4.0,0.21,2.4378020313101056,0.9017460666960162,2.1982783931174463,0.0982539333039838
4.0,0.212,2.4327521631851297,0.9006980889270748,2.1911752242140534,0.09930191107292519
4.0,0.214,2.427588629974054,0.8996542063217616,2.18399032217504,0.10034579367823837
4.0,0.216,2.422315710598275,0.8986144566263545,2.176727916056751,0.10138554337364547
4.0,0.218,2.4169375575608294,0.897578875489406,2.169392095043561,0.10242112451059404
4.0,0.22,2.4114582005762943,0.8965474965316376,2.1619868127173643,0.10345250346836243
4.0,0.222,2.4058815500968613,0.8955203514136971,2.1545158912024718,0.10447964858630288
4.0,0.224,2.4002114007375615,0.8944974699018399,2.1469830251892996,0.10550253009816013
4.0,0.226,2.3944514346035177,0.8934788799315952,2.1393917858401523,0.10652112006840475
4.0,0.228,2.3886052245220317,0.8924646076694785,2.1317456245803217,0.10753539233052145
4.0,0.23,2.3826762371822165,0.8914546775728043,2.1240478767776554,0.10854532242719572
4.0,0.232,2.3766678361848257,0.8904491124476577,2.1163017653136733,0.10955088755234232
4.0,0.234,2.3705832850048463,0.8894479335050787,2.1085104040492415,0.11055206649492133
4.0,0.23600000000000002,2.3644257498693406,0.888451160415511,2.1006768011877304,0.11154883958448902
4.0,0.23800000000000002,2.3581983025529727,0.8874588113615681,2.0928038625385286,0.11254118863843188
4.0,0.24,2.351903923093559,0.8864709030891654,2.0848943946836984,0.11352909691083457
4.0,0.242,2.3455455024299408,0.8854874509570682,2.076951108050504,0.11451254904293184
4.0,0.244,2.33912584496439,0.8845084689849009,2.0689766198924655,0.11549153101509912
4.0,0.246,2.3326476710517188,0.8835339698996657,2.0609734571815346,0.1164660301003343
4.0,0.248,2.326113619417163,0.8825639651808133,2.0529440594139046,0.11743603481918674
4.0,0.25,2.319526249505112,0.8815984651039092,2.0448907813319335,0.11840153489609084
4.0,0.252,2.312888043760623,0.880637478782939,2.036815895564559,0.11936252121706104
4.0,0.254,2.3062014098456776,0.8796810142112916,2.028721595188556,0.12031898578870837
4.0,0.256,2.2994686827920114,0.8787290783014617,2.0206099962129005,0.12127092169853826
4.0,0.258,2.292692127092363,0.877781676923509,2.0124831399884613,0.12221832307649105
4.0,0.26,2.285873938731875,0.8768388149423112,2.0043429955451706,0.1231611850576888
4.0,0.262,2.279016247161377,0.8759004962536495,1.9961914618587802,0.12409950374635048
4.0,0.264,2.272121117214201,0.8749667238191581,1.9880303700492346,0.12503327618084192
4.0,0.266,2.2651905509681516,0.8740374997001753,1.9798614855126657,0.1259625002998247
4.0,0.268,2.258226489554189,0.8731128250905279,1.9716865099889234,0.1268871749094721
4.0,0.27,2.2512308149133595,0.8721927003482812,1.9635070835665447,0.12780729965171878
4.0,0.272,2.2442053515034437,0.8712771250264862,1.9553247866269754,0.12872287497351376
4.0,0.274,2.237151867956765,0.8703660979029545,1.9471411417298352,0.1296339020970455
4.0,0.276,2.230072078690555,0.8694596170090901,1.9389576154409554,0.13054038299090986
4.0,0.278,2.222967645471225,0.8685576796578075,1.930775620104867,0.1314423203421925
4.0,0.28,2.2158401789338744,0.8676602824705623,1.9225965155633866,0.13233971752943774
4.0,0.28200000000000003,2.2086912400583008,0.8667674214035235,1.914421610821884,0.13323257859647653
4.0,0.28400000000000003,2.201522341602767,0.8658790917729118,1.9062521656647782,0.13412090822708822
4.0,0.28600000000000003,2.194334949496728,0.8649952882795304,1.898089392221771,0.13500471172046957
4.0,0.28800000000000003,2.1871304841936885,0.8641160050325126,1.889934456486275,0.13588399496748738
4.0,0.29,2.179910321985337,0.8632412355723099,1.8817884797874542,0.13675876442769008
4.0,0.292,2.1726757962780594,0.8623709728929443,1.8736525402172626,0.1376290271070557
4.0,0.294,2.1654281988329065,0.8615052094635471,1.8655276740138147,0.13849479053645286
4.0,0.296,2.158168780970069,0.8606439372492063,1.8574148769024001,0.1393560627507937
4.0,0.298,2.1508987547388547,0.8597871477311427,1.8493151053953867,0.14021285226885727
4.0,0.3,2.143619294054186,0.8589348319262374,1.841229278052272,0.14106516807376257
4.0,0.302,2.1363315358005392,0.8580869804059283,1.8331582767010441,0.14191301959407165
4.0,0.304,2.1290365809042826,0.8572435833144967,1.8251029476220315,0.14275641668550332
4.0,0.306,2.12173549537531,0.8564046303867615,1.8170641026953644,0.1435953696132385
4.0,0.308,2.114429311318837,0.855570110965201,1.8090425205131306,0.14442988903479903
4.0,0.31,2.107119027918229,0.8547400140165171,1.801038947457297,0.1452599859834829
4.0,0.312,2.09980561238968,0.8539143281476625,1.793054098744425,0.14608567185233745
4.0,0.314,2.0924900009095464,0.8530930416213447,1.7850886594381752,0.1469069583786553
4.0,0.316,2.085173099515122,0.8522761423710236,1.7771432854305786,0.14772385762897644
4.0,0.318,2.077855784979612,0.8514636180154201,1.7692186043930114,0.14853638198457986
4.0,0.32,2.070538905662043,0.8506554558725486,1.7613152166977932,0.14934454412745135
4.0,0.322,2.0632232823328236,0.8498516429732885,1.7534336963112913,0.15014835702671148
4.0,0.324,2.055909708975657,0.8490521660745102,1.7455745916593974,0.15094783392548983
4.0,0.326,2.0485989535664797,0.8482570116717685,1.7377384264662141,0.15174298832823152
4.0,0.328,2.0412917588300767,0.8474661660115766,1.7299257005667532,0.15253383398842335
4.0,0.33,2.0339888429750252,0.8466796151032748,1.7221368906944496,0.15332038489672517
4.0,0.332,2.026690900407572,0.8458973447305045,1.7143724512442404,0.15410265526949551
4.0,0.334,2.0193986024250545,0.8451193404623021,1.7066328150119567,0.15488065953769792
4.0,0.336,2.0121125978894545,0.844345587663823,1.698918393910753,0.15565441233617705
4.0,0.338,2.0048335138816378,0.8435760715067078,1.6912295796652608,0.15642392849329223
4.0,0.34,1.9975619563368525,0.8428107769791019,1.6835667444841576,0.1571892230208981
4.0,0.342,1.9902985106620006,0.842049688895339,1.6759302417117943,0.15795031110466096
4.0,0.34400000000000003,1.9830437423352223,0.841292791905299,1.6683204064595316,0.15870720809470096
4.0,0.34600000000000003,1.975798197488288,0.8405400705034509,1.660737556217397,0.15945992949654908
4.0,0.34800000000000003,1.9685624034722915,0.8397915090375898,1.6531819914466603,0.1602084909624102
4.0,0.35000000000000003,1.9613368694071236,0.8390470917172785,1.6456539961539187,0.16095290828272146
4.0,0.352,1.9541220867151916,0.8383068026220021,1.638153838447247,0.16169319737799792
4.0,0.354,1.9469185296398284,0.8375706257090446,1.6306817710749641,0.1624293742909554
4.0,0.356,1.9397266557488384,0.8368385448210973,1.6232380319475515,0.16316145517890268
4.0,0.358,1.9325469064235978,0.8361105436936056,1.61582284464323,0.1638894563063944
4.0,0.36,1.925379707334123,0.8353866059618641,1.6084364188977003,0.1646133940381359
4.0,0.362,1.9182254689005147,0.8346667151678672,1.6010789510785344,0.16533328483213283
4.0,0.364,1.9110845867411612,0.8339508547669222,1.5937506246446818,0.1660491452330778
4.0,0.366,1.9039574421080783,0.833239008134034,1.5864516105915476,0.16676099186596605
4.0,0.368,1.8968444023097626,0.8325311585700667,1.5791820678820923,0.16746884142993335
4.0,0.37,1.8897458211219038,0.8318272893076906,1.5719421438643693,0.16817271069230944
4.0,0.372,1.882662039186312,0.8311273835171208,1.5647319746759267,0.1688726164828792
4.0,0.374,1.8755933843983945,0.8304314243116537,1.5575516856354739,0.16956857568834627
4.0,0.376,1.8685401722835049,0.8297393947530084,1.5504013916221975,0.1702606052469916
4.0,0.378,1.8615027063624916,0.8290512778564781,1.543281197443116,0.17094872214352186
4.0,0.38,1.8544812785067482,0.8283670565958995,1.5361911981888354,0.1716329434041005
4.0,0.382,1.8474761692830652,0.8276867139084433,1.529131479578059,0.17231328609155672
4.0,0.384,1.8404876482885817,0.8270102326992337,1.5221021182912053,0.17298976730076632
4.0,0.386,1.833515974476112,0.8263375958458014,1.5151031822934622,0.17366240415419865
4.0,0.388,1.8265613964701288,0.825668786202375,1.5081347311476063,0.17433121379762495
4.0,0.39,1.8196241528736654,0.8250037866040172,1.501196816316901,0.1749962133959828
4.0,0.392,1.8127044725664008,0.8243425798706087,1.4942894814583778,0.17565742012939134
4.0,0.394,1.8058025749941773,0.823685148810687,1.4874127627068008,0.176314851189313
4.0,0.396,1.7989186704501965,0.8230314762251433,1.4805666889495972,0.17696852377485672
4.0,0.398,1.7920529603481303,0.8223815449107819,1.4737512820930356,0.17761845508921814
4.0,0.4,1.785205637487383,0.8217353376637473,1.46696655731992,0.1782646623362527
4.0,0.402,1.7783768863107212,0.8210928372828228,1.4602125233390622,0.17890716271717721
4.0,0.404,1.771566883154497,0.8204540265726045,1.4534891826267857,0.17954597342739553
4.0,0.406,1.7647757964916742,0.8198188883465551,1.4467965316607108,0.18018111165344486
4.0,0.40800000000000003,1.758003787167859,0.8191874054299416,1.4401345611460499,0.18081259457005838
4.0,0.41000000000000003,1.751251008630544,0.8185595606626593,1.433503256234657,0.18144043933734066
4.0,0.41200000000000003,1.7445176071517499,0.8179353369019476,1.4269025967370461,0.18206466309805236
4.0,0.41400000000000003,1.737803722044264,0.8173147170249996,1.4203325573275987,0.18268528297500042
4.0,0.41600000000000004,1.7311094858716487,0.8166976839314692,1.413793107743172,0.18330231606853076
4.0,0.418,1.7244350246522049,0.8160842205458807,1.4072842129753111,0.1839157794541193
4.0,0.42,1.7177804580570617,0.8154743098199407,1.400805833456264,0.18452569018005927
4.0,0.422,1.711145899602559,0.8148679347347592,1.3943579252389888,0.18513206526524084
4.0,0.424,1.704531456837089,0.8142650783029792,1.3879404401713435,0.18573492169702077
4.0,0.426,1.6979372315225518,0.8136657235708217,1.3815533260646349,0.18633427642917832
4.0,0.428,1.6913633198105806,0.8130698536200448,1.375196526856702,0.1869301463799552
4.0,0.43,1.6848098124136905,0.8124774515698232,1.3688699827697073,0.1875225484301768
4.0,0.432,1.6782767947714854,0.8118885005785481,1.362573630462793,0.1881114994214519
4.0,0.434,1.671764347212079,0.8113029838455517,1.3563074031797704,0.18869701615444834
4.0,0.436,1.6652725451088517,0.8107208846127577,1.3500712308919867,0.1892791153872423
4.0,0.438,1.6588014590326907,0.810142186166262,1.343865040436529,0.189857813833738
4.0,0.44,1.6523511548998326,0.8095668718378427,1.3376887556499042,0.1904331281621573
4.0,0.442,1.6459216941154364,0.8089949250064054,1.3315422974973332,0.19100507499359465
4.0,0.444,1.6395131337130164,0.808426329099363,1.3254255841978069,0.19157367090063704
4.0,0.446,1.6331255264898419,0.8078610675939543,1.3193385313450223,0.19213893240604574
4.0,0.448,1.6267589211384277,0.8072991240185017,1.3132810520243354,0.19270087598149832
4.0,0.45,1.620413362374225,0.8067404819536113,1.307253056925854,0.19325951804638875
4.0,0.452,1.6140888910596192,0.8061851250333163,1.3012544544537858,0.1938148749666837
4.0,0.454,1.6077855443243445,0.8056330369461667,1.2952851508321674,0.19436696305383327
4.0,0.456,1.6015033556824139,0.805084201436266,1.2893450502070765,0.19491579856373398
4.0,0.458,1.5952423551456663,0.8045386023042573,1.283434054745446,0.19546139769574267
4.0,0.46,1.5890025693340275,0.8039962234082605,1.2775520647305807,0.1960037765917395
4.0,0.462,1.5827840215825806,0.8034570486647618,1.2716989786544828,0.19654295133523825
4.0,0.464,1.5765867320455316,0.8029210620494573,1.2658746933070815,0.19707893795054265
4.0,0.466,1.5704107177971678,0.8023882475980534,1.2600791038624706,0.19761175240194662
4.0,0.468,1.564255992929886,0.8018585894070224,1.2543121039622396,0.19814141059297763
4.0,0.47000000000000003,1.558122568649384,0.8013320716343189,1.2485735857959972,0.19866792836568115
4.0,0.47200000000000003,1.5520104533670842,0.8008086785000547,1.2428634401791654,0.19919132149994534
4.0,0.47400000000000003,1.5459196527898842,0.800288394287136,1.2371815566281432,0.19971160571286395
4.0,0.47600000000000003,1.5398501700072955,0.7997712033418635,1.2315278234329077,0.20022879665813653
4.0,0.47800000000000004,1.5338020055760562,0.7992570900744951,1.2259021277271431,0.20074290992550492
4.0,0.48,1.5277751576022844,0.7987460389597759,1.220304355555972,0.20125396104022408
4.0,0.482,1.5217696218212466,0.7982380345374335,1.2147343919413653,0.20176196546256653
4.0,0.484,1.5157853916748032,0.7977330614126404,1.209192120945299,0.20226693858735956
4.0,0.486,1.5098224583866051,0.7972311042564468,1.2036774257307365,0.20276889574355317
4.0,0.488,1.503880811035103,0.7967321478061815,1.1981901886204998,0.2032678521938185
4.0,0.49,1.4979604366244266,0.7962361768658248,1.1927302911540951,0.20376382313417518
4.0,0.492,1.4920613201532062,0.7957431763063528,1.1872976141425624,0.20425682369364717
4.0,0.494,1.4861834446813837,0.7952531310660551,1.1818920377214057,0.2047468689339449
4.0,0.496,1.4803267913950793,0.7947660261508254,1.176513441401669,0.20523397384917463
4.0,0.498,1.4744913396695647,0.7942818466344279,1.1711617041192133,0.2057181533655721
4.0,0.5,1.468677067130399,0.7938005776587389,1.1658367042822533,0.2061994223412611
4.0,0.502,1.462883949712781,0.7933222044339648,1.1605383198172088,0.20667779556603516
4.0,0.504,1.457111961719166,0.792846712238838,1.1552664282129241,0.20715328776116204
4.0,0.506,1.4513610758751982,0.79237408642079,1.1500209065633051,0.20762591357921
4.0,0.508,1.445631263384011,0.7919043123961049,1.1448016316084277,0.20809568760389507
4.0,0.51,1.4399224939789328,0.7914373756500516,1.1396084797741637,0.20856262434994843
4.0,0.512,1.4342347359746548,0.7909732617369963,1.1344413272103724,0.20902673826300366
4.0,0.514,1.4285679563168971,0.7905119562804976,1.1293000498277028,0.20948804371950236
4.0,0.516,1.4229221206306177,0.7900534449733818,1.1241845233330494,0.2099465550266182
4.0,0.518,1.4172971932668108,0.7895977135778017,1.1190946232637096,0.21040228642219827
4.0,0.52,1.4116931373479276,0.7891447479252789,1.1140302250202765,0.2108552520747211
4.0,0.522,1.4061099148119656,0.7886945339167288,1.1089912038983145,0.21130546608327117
4.0,0.524,1.4005474864552598,0.7882470575224715,1.103977435118852,0.21175294247752852
4.0,0.526,1.3950058119740174,0.7878023047822261,1.0989887938577316,0.21219769521777387
4.0,0.528,1.3894848500046273,0.7873602618050922,1.0940251552738527,0.21263973819490778
4.0,0.53,1.3839845581627837,0.7869209147695166,1.089086394536343,0.21307908523048336
4.0,0.532,1.3785048930814545,0.7864842499232472,1.0841723868506938,0.21351575007675283
4.0,0.534,1.3730458104477326,0.7860502535832731,1.0792830074838908,0.21394974641672693
4.0,0.536,1.3676072650385946,0.785618912135754,1.0744181317885744,0.21438108786424603
4.0,0.538,1.3621892107556062,0.7851902120359366,1.0695776352262596,0.21480978796406336
4.0,0.54,1.3567916006585983,0.7847641398080603,1.064761393389646,0.21523586019193974
4.0,0.542,1.3514143869983481,0.7843406820452511,1.0599692820240494,0.2156593179547489
4.0,0.544,1.3460575212482893,0.7839198254094065,1.0552011770479774,0.21608017459059348
4.0,0.546,1.3407209541352847,0.783501556631069,1.0504569545728877,0.21649844336893098
4.0,0.548,1.3354046356694806,0.7830858625092909,1.0457364909221407,0.2169141374907091
4.0,0.55,1.330108515173281,0.7826727299114893,1.0410396626491893,0.21732727008851072
4.0,0.552,1.3248325413094497,0.7822621457732926,1.0363663465550144,0.21773785422670744
4.0,0.554,1.3195766621083862,0.7818540970983785,1.0317164197048443,0.2181459029016215
4.0,0.556,1.3143408249945798,0.7814485709583041,1.0270897594441728,0.2185514290416959
4.0,0.558,1.3091249768122788,0.7810455544923275,1.0224862434141015,0.2189544455076725
4.0,0.56,1.3039290638503915,0.7806450349072228,1.0179057495660313,0.2193549650927772
4.0,0.562,1.2987530318666414,0.7802469994770879,1.0133481561757176,0.21975300052291213
4.0,0.5640000000000001,1.2935968261110002,0.7798514355431446,1.0088133418567191,0.22014856445685538
4.0,0.5660000000000001,1.2884603913484172,0.7794583305135339,1.0043011855732518,0.22054166948646614
4.0,0.5680000000000001,1.2833436718808662,0.7790676718631034,0.999811566652473,0.22093232813689656
4.0,0.5700000000000001,1.2782466115687299,0.7786794471331902,0.9953443647962122,0.22132055286680985
4.0,0.5720000000000001,1.2731691538515417,0.7782936439313967,0.9908994600921693,0.22170635606860334
4.0,0.5740000000000001,1.2681112417680984,0.7779102499313629,0.9864767330245925,0.22208975006863707
4.0,0.5760000000000001,1.2630728179759707,0.777529252872532,0.9820760644844602,0.22247074712746795
4.0,0.578,1.2580538247704205,0.7771506405599119,0.9776973357791795,0.2228493594400881
4.0,0.58,1.2530542041027457,0.7767744008638318,0.9733404286418158,0.22322559913616824
4.0,0.582,1.2480738975980707,0.7764005217196946,0.9690052252398749,0.22359947828030535
4.0,0.584,1.243112846572595,0.7760289911277255,0.9646916081836459,0.2239710088722745
4.0,0.586,1.2381709920503168,0.7756597971527156,0.9603994605341254,0.2243402028472844
4.0,0.588,1.2332482747792488,0.775292927923763,0.9561286658105332,0.22470707207623697
4.0,0.59,1.2283446352471374,0.7749283716340095,0.9518791079974356,0.22507162836599048
4.0,0.592,1.2234600136967024,0.7745661165403742,0.9476506715514879,0.22543388345962578
4.0,0.594,1.218594350140409,0.7742061509632844,0.943443241407811,0.22579384903671562
4.0,0.596,1.213747584374788,0.7738484632864027,0.939256702986013,0.22615153671359733
4.0,0.598,1.208919655994314,0.773493041956352,0.9350909421958686,0.22650695804364795
4.0,0.6,1.204110504404858,0.7731398754824381,0.9309458454426676,0.22686012451756188
4.0,0.602,1.1993200688367223,0.7727889524363685,0.9268212996322439,0.22721104756363153
4.0,0.604,1.1945482883572764,0.7724402614519702,0.9227171921756981,0.2275597385480298
4.0,0.606,1.189795101883196,0.7720937912249054,0.9186334109938195,0.2279062087750946
4.0,0.608,1.1850604481923268,0.7717495305123842,0.9145698445212238,0.22825046948761585
4.0,0.61,1.180344265935176,0.771407468132876,0.9105263817102122,0.22859253186712403
4.0,0.612,1.1756464936460462,0.7710675929658197,0.9065029120343627,0.22893240703418027
4.0,0.614,1.1709670697538217,0.7707298939513314,0.9024993254918643,0.2292701060486686
4.0,0.616,1.1663059325924154,0.7703943600899111,0.898515512608601,0.22960563991008887
4.0,0.618,1.1616630204108889,0.7700609804421481,0.8945513644409961,0.2299390195578519
4.0,0.62,1.157038271383252,0.7697297441284249,0.8906067725786256,0.23027025587157512
4.0,0.622,1.152431623617956,0.7694006403286204,0.886681629146607,0.23059935967137957
4.0,0.624,1.1478430151670802,0.7690736582818121,0.8827758268077719,0.23092634171818793
4.0,0.626,1.1432723840352343,0.7687487872859765,0.8788892587646336,0.2312512127140235
4.0,0.628,1.1387196681881708,0.7684260166976903,0.8750218187611517,0.23157398330230972
4.0,0.63,1.1341848055611263,0.7681053359318295,0.8711734010843056,0.2318946640681705
4.0,0.632,1.1296677340668928,0.7677867344612687,0.8673439005654805,0.23221326553873134
4.0,0.634,1.1251683916036321,0.7674702018165793,0.8635332125816755,0.23252979818342068
4.0,0.636,1.120686716062436,0.7671557275857284,0.8597412330565387,0.23284427241427164
4.0,0.638,1.1162226453346427,0.7668433014137757,0.8559678584612354,0.23315669858622434
4.0,0.64,1.1117761173189167,0.7665329130025718,0.8522129858151581,0.23346708699742824
4.0,0.642,1.1073470699280958,0.7662245521104553,0.8484765126864802,0.23377544788954474
4.0,0.644,1.102935441095817,0.7659182085519501,0.8447583371925631,0.23408179144804986
4.0,0.646,1.0985411687829216,0.7656138721974631,0.8410583580002196,0.23438612780253687
4.0,0.648,1.0941641909836535,0.7653115329729812,0.8373764743258416,0.23468846702701884
4.0,0.65,1.0898044457316478,0.7650111808597685,0.8337125859353933,0.2349888191402315
4.0,0.652,1.0854618711057238,0.7647128058940649,0.8300665931442798,0.23528719410593513
4.0,0.654,1.081136405235485,0.7644163981667831,0.8264383968170931,0.23558360183321692
4.0,0.656,1.0768279863067278,0.7641219478232075,0.8228278983672391,0.23587805217679247
4.0,0.658,1.0725365525666732,0.7638294450626923,0.8192349997564552,0.23617055493730765
4.0,0.66,1.0682620423290177,0.7635388801383609,0.8156596034942164,0.2364611198616391
4.0,0.662,1.0640043939788144,0.7632502433568051,0.8121016126370401,0.23674975664319486
4.0,0.664,1.0597635459771884,0.7629635250777853,0.8085609307876892,0.2370364749222147
4.0,0.666,1.0555394368658875,0.7626787157139311,0.8050374620942811,0.2373212842860689
4.0,0.668,1.0513320052716792,0.7623958057304423,0.8015311112493035,0.2376041942695577
4.0,0.67,1.0471411899105938,0.762114785644791,0.7980417834885435,0.23788521435520904
4.0,0.672,1.0429669295920188,0.761835646026424,0.7945693845899314,0.23816435397357605
4.0,0.674,1.038809163222651,0.7615583774964663,0.791113820872304,0.23844162250353373
4.0,0.676,1.0346678298103098,0.761282970727425,0.7876749991940905,0.238717029272575
4.0,0.678,1.0305428684676123,0.7610094164428945,0.7842528269519243,0.23899058355710545
4.0,0.68,1.0264342184155206,0.760737705417262,0.780847212079184,0.23926229458273796
4.0,0.682,1.0223418189867588,0.7604678284754144,0.7774580630444656,0.2395321715245856
4.0,0.684,1.0182656096291087,0.7601997764924455,0.7740852888499923,0.23980022350755448
4.0,0.686,1.0142055299085837,0.7599335403933654,0.7707287990299592,0.24006645960663464
4.0,0.6880000000000001,1.0101615195124864,0.7596691111528091,0.7673885036488216,0.2403308888471909
4.0,0.6900000000000001,1.0061335182523532,0.7594064797947478,0.7640643132995242,0.24059352020525215
4.0,0.6920000000000001,1.0021214660667912,0.7591456373922002,0.7607561391016804,0.2408543626077998
4.0,0.6940000000000001,0.9981253030242033,0.758886575066945,0.7574638926996943,0.241113424933055
4.0,0.6960000000000001,0.9941449693254173,0.758629283989235,0.7541874862608413,0.24137071601076499
4.0,0.6980000000000001,0.9901804053062072,0.7583737553775118,0.7509268324732951,0.24162624462248816
4.0,0.7000000000000001,0.9862315514397229,0.7581199804981221,0.7476818445441155,0.24188001950187787
4.0,0.7020000000000001,0.9822983483388223,0.7578679506650345,0.7444524361971915,0.24213204933496546
4.0,0.704,0.9783807367583127,0.7576176572395582,0.7412385216711458,0.2423823427604418
4.0,0.706,0.9744786575971026,0.7573690916300623,0.7380400157172001,0.24263090836993773
4.0,0.708,0.9705920519002689,0.7571222452916966,0.7348568335970065,0.24287775470830342
4.0,0.71,0.9667208608610381,0.7568771097261139,0.7316888910804432,0.24312289027388612
4.0,0.712,0.9628650258226885,0.7566336764811931,0.7285361044433797,0.24336632351880694
4.0,0.714,0.9590244882803707,0.7563919371507635,0.7253983904654092,0.24360806284923653
4.0,0.716,0.9551991898828547,0.7561518833743309,0.7222756664275557,0.24384811662566908
4.0,0.718,0.9513890724342011,0.7559135068368047,0.7191678501099518,0.2440864931631953
4.0,0.72,0.9475940778953604,0.7556767992682261,0.716074859789492,0.24432320073177394
4.0,0.722,0.943814148385703,0.7554417524434979,0.712996614237463,0.24455824755650213
4.0,0.724,0.9400492261844808,0.7552083581821155,0.7099330327171499,0.2447916418178845
4.0,0.726,0.9362992537322238,0.7549766083478996,0.7068840349814238,0.2450233916521004
4.0,0.728,0.9325641736320726,0.7547464948487292,0.7038495412703085,0.24525350515127076
4.0,0.73,0.9288439286510491,0.7545180096362775,0.7008294723085301,0.24548199036372254
4.0,0.732,0.9251384617212673,0.7542911447057477,0.6978237493030492,0.24570885529425235
4.0,0.734,0.9214477159410859,0.754065892095611,0.6948322939405781,0.24593410790438897
4.0,0.736,0.9177716345762047,0.7538422438873462,0.6918550283850837,0.24615775611265378
4.0,0.738,0.9141101610607059,0.7536201922051795,0.6888918752752767,0.2463798077948205
4.0,0.74,0.9104632389980429,0.753399729215827,0.6859427577220903,0.24660027078417301
4.0,0.742,0.9068308121619777,0.7531808471282379,0.6830075993061463,0.24681915287176215
4.0,0.744,0.9032128244974672,0.752963538193339,0.6800863240752123,0.24703646180666095
4.0,0.746,0.8996092201215035,0.7527477947037816,0.6771788565416506,0.24725220529621839
4.0,0.748,0.8960199433239049,0.7525336089936878,0.6742851216798578,0.24746639100631218
4.0,0.75,0.8924449385680631,0.7523209734384007,0.6714050449236989,0.24767902656159935
4.0,0.752,0.8888841504916457,0.7521098804542339,0.6685385521639349,0.24789011954576612
4.0,0.754,0.885337523907256,0.7519003224982237,0.6656855697456446,0.2480996775017763
4.0,0.756,0.8818050038030516,0.7516922920678821,0.6628460244656433,0.24830770793211787
4.0,0.758,0.878286535343323,0.7514857817009516,0.6600198435698975,0.2485142182990484
4.0,0.76,0.8747820638690328,0.751280783975161,0.6572069547509363,0.24871921602483904
4.0,0.762,0.8712915348983178,0.7510772915079829,0.6544072861452617,0.24892270849201714
4.0,0.764,0.8678148941269543,0.7508752969563925,0.6516207663307572,0.24912470304360745
4.0,0.766,0.8643520874287886,0.7506747930166283,0.6488473243240964,0.24932520698337168
4.0,0.768,0.8609030608561311,0.7504757724239531,0.6460868895781505,0.24952422757604686
4.0,0.77,0.8574677606401213,0.7502782279524175,0.6433393919793979,0.2497217720475825
4.0,0.772,0.8540461331910559,0.7500821524146242,0.640604761845334,0.24991784758537583
4.0,0.774,0.8506381250986892,0.7498875386614942,0.6378829299218842,0.25011246133850584
4.0,0.776,0.8472436831325013,0.749694379582034,0.635173827380818,0.250305620417966
4.0,0.778,0.8438627542419389,0.7495026681031042,0.6324773858171673,0.2504973318968958
4.0,0.78,0.8404952855566253,0.7493123971891898,0.6297935372466476,0.25068760281081015
4.0,0.782,0.8371412243865461,0.7491235598421718,0.6271222141030838,0.2508764401578282
4.0,0.784,0.8338005182222047,0.7489361491011,0.6244633492358395,0.25106385089890004
4.0,0.786,0.8304731147347559,0.7487501580419672,0.6218168759072533,0.2512498419580328
4.0,0.788,0.8271589617761114,0.7485655797774855,0.6191827277900778,0.2514344202225145
4.0,0.79,0.8238580073790231,0.7483824074568628,0.6165608389649272,0.2516175925431372
4.0,0.792,0.820570199757143,0.7482006342655816,0.6139511439177293,0.2517993657344184
4.0,0.794,0.8172954873050586,0.748020253425179,0.6113535775371851,0.25197974657482103
4.0,0.796,0.8140338185983098,0.7478412581930276,0.6087680751122349,0.2521587418069724
4.0,0.798,0.8107851423933812,0.7476636418621188,0.6061945723295319,0.25233635813788124
4.0,0.8,0.8075494076276766,0.747487397760846,0.6036330052709247,0.25251260223915395
4.0,0.802,0.8043265634194718,0.7473125192527907,0.6010833104109451,0.25268748074720926
4.0,0.804,0.8011165590678502,0.7471389997365088,0.5985454246143074,0.25286100026349123
4.0,0.806,0.7979193440526174,0.7469668326453187,0.596019285133414,0.2530331673546813
4.0,0.808,0.7947348680342007,0.7467960114470913,0.5935048296058715,0.2532039885529087
4.0,0.81,0.7915630808535288,0.74662652964404,0.5910019960520149,0.25337347035596003
4.0,0.812,0.7884039325318968,0.7464583807725133,0.5885107228724414,0.25354161922748675
4.0,0.8140000000000001,0.7852573732708136,0.7462915584027882,0.5860309488455554,0.25370844159721184
4.0,0.8160000000000001,0.7821233534518343,0.7461260561388651,0.5835626131251207,0.25387394386113493
4.0,0.8180000000000001,0.779001823636377,0.7459618676182637,0.5811056552378251,0.25403813238173634
4.0,0.8200000000000001,0.7758927345655265,0.7457989865118204,0.5786600150808546,0.2542010134881796
4.0,0.8220000000000001,0.7727960371598215,0.7456374065234875,0.576225632919478,0.25436259347651247
4.0,0.8240000000000001,0.7697116825190305,0.7454771213901327,0.5738024493846426,0.25452287860986733
4.0,0.8260000000000001,0.7666396219219129,0.7453181248813406,0.5713904054705801,0.25468187511865936
4.0,0.8280000000000001,0.7635798068259684,0.7451604107992158,0.5689894425324244,0.2548395892007842
4.0,0.8300000000000001,0.760532188867174,0.745003972978186,0.5665995022838407,0.254996027021814
4.0,0.8320000000000001,0.7574967198597081,0.744848805284808,0.5642205267946645,0.255151194715192
4.0,0.834,0.7544733517956657,0.7446949016175738,0.5618524584885544,0.2553050983824262
4.0,0.836,0.7514620368447585,0.7445422559067182,0.5594952401406539,0.2554577440932818
4.0,0.838,0.7484627273540101,0.7443908621140284,0.5571488148752686,0.2556091378859716
4.0,0.84,0.7454753758474346,0.7442407142326535,0.5548131261635505,0.2557592857673465
4.0,0.842,0.7424999350257109,0.7440918062869167,0.5524881178211996,0.25590819371308327
4.0,0.844,0.7395363577658433,0.7439441323321277,0.5501737340061723,0.25605586766787225
4.0,0.846,0.7365845971208156,0.7437976864543968,0.5478699192164066,0.2562023135456032
4.0,0.848,0.7336446063192359,0.7436524627704499,0.545576618287557,0.25634753722955006
4.0,0.85,0.7307163387649712,0.7435084554274454,0.5432937763907417,0.25649154457255463
4.0,0.852,0.7277997480367762,0.7433656586027912,0.5410213390303036,0.25663434139720875
4.0,0.854,0.7248947878879126,0.7432240665039646,0.5387592520415833,0.25677593349603545
4.0,0.856,0.7220014122457616,0.7430836733683311,0.5365074615887033,0.25691632663166886
4.0,0.858,0.7191195752114288,0.7429444734629667,0.5342659141623672,0.25705552653703334
4.0,0.86,0.7162492310593424,0.7428064610844796,0.5320345565776698,0.25719353891552044
4.0,0.862,0.7133903342368438,0.7426696305588344,0.5298133359719202,0.2573303694411656
4.0,0.864,0.7105428393637733,0.7425339762411767,0.5276021998024782,0.2574660237588233
4.0,0.866,0.7077067012320479,0.7423994925156587,0.5254010958446033,0.25760050748434127
4.0,0.868,0.7048818748052346,0.742266173795267,0.5232099721893159,0.25773382620473295
4.0,0.87,0.7020683152181167,0.7421340145216504,0.5210287772412725,0.2578659854783496
4.0,0.872,0.6992659777762559,0.7420030091649493,0.5188574597166524,0.2579969908350507
4.0,0.874,0.6964748179555476,0.7418731522236266,0.5166959686410586,0.2581268477763734
4.0,0.876,0.693694791401773,0.7417444382242991,0.5145442533474305,0.25825556177570086
4.0,0.878,0.6909258539301449,0.7416168617215706,0.5124022634739703,0.2583831382784294
4.0,0.88,0.6881679615248498,0.7414904172978654,0.5102699489620822,0.25850958270213464
4.0,0.882,0.6854210703385847,0.7413650995632636,0.5081472600543235,0.2586349004367364
4.0,0.884,0.6826851366920909,0.7412409031553374,0.5060341472923704,0.2587590968446626
4.0,0.886,0.6799601170736821,0.7411178227389883,0.5039305615149948,0.2588821772610117
4.0,0.888,0.6772459681387711,0.7409958530062849,0.5018364538560559,0.2590041469937151
4.0,0.89,0.6745426467093905,0.740874988676303,0.49975177574250307,0.25912501132369703
4.0,0.892,0.6718501097737104,0.7407552244949658,0.49767647889239225,0.2592447755050342
4.0,0.894,0.6691683144855544,0.7406365552348854,0.49561051531291545,0.25936344476511464
4.0,0.896,0.6664972181639104,0.7405189756952054,0.49355383729844277,0.2594810243047946
4.0,0.898,0.6638367782924396,0.740402480701445,0.49150639742857744,0.259597519298555
4.0,0.9,0.6611869525189822,0.7402870651053429,0.48946814856622306,0.2597129348946571
4.0,0.902,0.6585476986550606,0.7401727237847039,0.48743904385566456,0.2598272762152961
4.0,0.904,0.65591897467538,0.740059451643245,0.4854190367206612,0.25994054835675495
4.0,0.906,0.6533007387173266,0.739947243610444,0.48340808086255266,0.26005275638955605
4.0,0.908,0.6506929490804635,0.7398360946413873,0.4814061302583772,0.26016390535861267
4.0,0.91,0.6480955642260242,0.7397259997166209,0.47941313915900324,0.2602740002833791
4.0,0.912,0.645508542776405,0.7396169538420003,0.47742906208727326,0.2603830461579997
4.0,0.914,0.642931843514654,0.739508952048543,0.4754538538361596,0.26049104795145706
4.0,0.916,0.6403654253839601,0.7394019893922807,0.4734874694669342,0.26059801060771925
4.0,0.918,0.6378092474871385,0.739296060954114,0.47152986430734917,0.26070393904588596
4.0,0.92,0.6352632690861165,0.7391911618396665,0.46958099394983116,0.2608088381603335
4.0,0.922,0.6327274496014161,0.7390872871791409,0.46764081424968723,0.26091271282085915
4.0,0.924,0.6302017486116369,0.7389844321271755,0.4657092813233235,0.26101556787282454
4.0,0.926,0.6276861258529365,0.7388825918627023,0.46378635154647607,0.26111740813729767
4.0,0.928,0.6251805412185103,0.7387817615888056,0.4618719815524539,0.2612182384111944
4.0,0.93,0.6226849547580705,0.7386819365325811,0.4599661282303942,0.2613180634674189
4.0,0.932,0.6201993266773239,0.7385831119449969,0.45806874872352965,0.26141688805500307
4.0,0.934,0.6177236173374485,0.7384852831007551,0.4561798004274682,0.2615147168992449
4.0,0.936,0.6152577872545699,0.7383884452981538,0.4542992409884842,0.26161155470184616
4.0,0.9380000000000001,0.612801797099237,0.7382925938589507,0.45242702830182213,0.26170740614104926
4.0,0.9400000000000001,0.6103556076958964,0.7381977241282274,0.45056312051001185,0.2618022758717726
4.0,0.9420000000000001,0.6079191800223678,0.7381038314742541,0.4487074760011965,0.26189616852574593
4.0,0.9440000000000001,0.6054924752093163,0.7380109112883562,0.44686005340746987,0.26198908871164384
4.0,0.9460000000000001,0.6030754545397281,0.737918958984781,0.44502081160322976,0.262081041015219
4.0,0.9480000000000001,0.6006680794483821,0.7378279700005655,0.44318970970353816,0.26217202999943445
4.0,0.9500000000000001,0.5982703115213237,0.7377379397954054,0.4413667070624967,0.26226206020459464
4.0,0.9520000000000001,0.5958821124953378,0.7376488638515238,0.43955176327163187,0.26235113614847616
4.0,0.9540000000000001,0.5935034442574212,0.737560737673543,0.43774483815829207,0.262439262326457
4.0,0.9560000000000001,0.5911342688442559,0.7374735567883547,0.4359458917840569,0.2625264432116453
4.0,0.9580000000000001,0.5887745484416818,0.7373873167449928,0.4341548844431565,0.2626126832550072
4.0,0.96,0.5864242453841694,0.737302013114506,0.43237177666090315,0.26269798688549395
4.0,0.962,0.5840833221542928,0.7372176414898323,0.43059652919213365,0.26278235851016774
4.0,0.964,0.581751741382204,0.7371341974856727,0.42882910301966354,0.26286580251432734
4.0,0.966,0.5794294658451048,0.7370516767383678,0.4270694593527513,0.2629483232616322
4.0,0.968,0.5771164584667221,0.7369700749057737,0.42531755962557505,0.2630299250942263
4.0,0.97,0.5748126823167816,0.7368893876671392,0.423573365495719,0.2631106123328608
4.0,0.972,0.572518100610482,0.7368096107229837,0.42183683884267126,0.2631903892770163
4.0,0.974,0.570232676707971,0.736730739794976,0.42010794176633287,0.26326926020502395
4.0,0.976,0.5679563741138199,0.7366527706258146,0.41838663658553715,0.2633472293741854
4.0,0.978,0.5656891564765003,0.7365756989791069,0.4166728858365796,0.2634243010208931
4.0,0.98,0.5634309875878609,0.7364995206392516,0.4149666522717597,0.2635004793607484
4.0,0.982,0.5611818313826044,0.73642423141132,0.41326789885793136,0.26357576858868004
4.0,0.984,0.5589416519377659,0.7363498271209389,0.4115765887750659,0.2636501728790611
4.0,0.986,0.5567104134721916,0.7362763036141742,0.4098926854148238,0.2637236963858258
4.0,0.988,0.5544880803460175,0.7362036567574154,0.4082161523791376,0.2637963432425846
4.0,0.99,0.5522746170601509,0.7361318824372602,0.40654695347880593,0.26386811756273976
4.0,0.992,0.5500699882557503,0.736060976560401,0.40488505273209585,0.26393902343959896
4.0,0.994,0.547874158713708,0.735990935053511,0.40323041436335766,0.264009064946489
4.0,0.996,0.5456870933541327,0.7359217538631315,0.4015830028016477,0.2640782461368685
4.0,0.998,0.5435087572358325,0.7358534289555604,0.39994278267936256,0.2641465710444396
4.0,1.0,0.5413391155558005,0.7357859563167407,0.3983097188308833,0.2642140436832593
4.0,1.002,0.5391781336486998,0.7357193319521501,0.39668377629122853,0.2642806680478499
4.0,1.004,0.5370257769863503,0.7356535518866915,0.3950649202947189,0.26434644811330854
4.0,1.006,0.5348820111772156,0.7355886121645835,0.3934531162736492,0.2644113878354165
4.0,1.008,0.5327468019658926,0.7355245088492526,0.3918483298569732,0.2644754911507474
4.0,1.01,0.5306201152326004,0.7354612380232254,0.3902505268689948,0.2645387619767746
4.0,1.012,0.5285019169926716,0.7353987957880218,0.3886596733280717,0.2646012042119782
4.0,1.014,0.5263921733960437,0.7353371782640489,0.3870757354453267,0.2646628217359511
4.0,1.016,0.5242908507267522,0.735276381590495,0.3854986796233687,0.264723618409505
4.0,1.018,0.5221979154024252,0.7352164019252257,0.3839284724550245,0.26478359807477425
4.0,1.02,0.5201133339737785,0.7351572354446791,0.3823650807220781,0.26484276455532085
4.0,1.022,0.5180370731241116,0.7350988783437626,0.3808084713940202,0.26490112165623736
4.0,1.024,0.5159690996688066,0.7350413268357502,0.379258611626807,0.2649586731642498
4.0,1.026,0.5139093805548257,0.7349845771521801,0.37771546876162737,0.26501542284781987
4.0,1.028,0.5118578828602132,0.734928625542754,0.3761790103236804,0.26507137445724605
4.0,1.03,0.5098145737935954,0.7348734682752353,0.3746492040209603,0.26512653172476475
4.0,1.032,0.5077794206936841,0.73481910163535,0.37312601774305143,0.26518089836465
4.0,1.034,0.5057523910287809,0.7347655219266869,0.37160941955993204,0.26523447807331313
4.0,1.036,0.5037334523962822,0.7347127254705984,0.37009937772078644,0.2652872745294016
4.0,1.038,0.5017225725221859,0.7346607086061028,0.36859586065282585,0.2653392913938972
4.0,1.04,0.4997197192605998,0.7346094676897866,0.36709883696011886,0.26539053231021337
4.0,1.042,0.4977248605932507,0.7345589990957078,0.3656082754224289,0.26544100090429223
4.0,1.044,0.49573796462899533,0.7345092992152991,0.3641241449940621,0.26549070078470094
4.0,1.046,0.49375899960333225,0.7344603644572729,0.36264641480272186,0.2655396355427271
4.0,1.048,0.4917879338779157,0.7344121912475259,0.3611750541483734,0.2655878087524741
4.0,1.05,0.48982473594007053,0.7343647760290447,0.35971003250211586,0.2656352239709553
4.0,1.052,0.48786937440230804,0.7343181152618122,0.3582513195050623,0.26568188473818777
4.0,1.054,0.4859218180018445,0.7342722054227142,0.3567988849672291,0.2657277945772858
4.0,1.056,0.4839820356001195,0.7342270430054468,0.3553526988664326,0.26577295699455317
4.0,1.058,0.48204999618231736,0.7341826245204244,0.3539127313471943,0.2658173754795756
4.0,1.06,0.4801256688568885,0.7341389464946884,0.35247895271965374,0.26586105350531164
4.0,1.062,0.47820902285507344,0.7340960054718162,0.3510513334584899,0.2659039945281838
4.0,1.064,0.4763000275304273,0.7340537980118311,0.3496298442018499,0.2659462019881689
4.0,1.066,0.4743986523583466,0.7340123206911128,0.3482144557502864,0.2659876793088872
4.0,1.068,0.47250486693559723,0.7339715701023076,0.34680513906570226,0.2660284298976924
4.0,1.07,0.4706186409798432,0.7339315428542408,0.3454018652703023,0.2660684571457592
4.0,1.072,0.46873994432917804,0.733892235571828,0.3440046056455547,0.26610776442817197
4.0,1.074,0.4668687469416572,0.7338536448959883,0.3426133316311579,0.26614635510401174
4.0,1.076,0.46500501889483153,0.7338157674835567,0.3412280148240166,0.2661842325164433
4.0,1.078,0.46314873038528254,0.7337786000071989,0.33984862697722423,0.26622139999280114
4.0,1.08,0.46129985172815974,0.7337421391553244,0.3384751399990539,0.2662578608446756
4.0,1.082,0.4594583533567185,0.7337063816320022,0.3371075259519558,0.2662936183679978
4.0,1.084,0.45762420582186014,0.7336713241568755,0.3357457570515627,0.2663286758431245
4.0,1.086,0.45579737979167323,0.7336369634650783,0.3343898056657022,0.26636303653492166
4.0,1.088,0.4539778460509763,0.7336032963071512,0.3330396443134166,0.26639670369284885
4.0,1.09,0.45216557550086256,0.7335703194489582,0.3316952456639898,0.26642968055104177
4.0,1.092,0.45036053915824553,0.7335380296716053,0.33035658253598127,0.2664619703283947
4.0,1.094,0.4485627081554066,0.7335064237713572,0.3290236278962673,0.2664935762286428
4.0,1.096,0.44677205373954404,0.7334754985595567,0.32769635485908916,0.26652450144044326
4.0,1.098,0.44498854727232334,0.7334452508625432,0.32637473668510786,0.2665547491374568
4.0,1.1,0.4432121602294295,0.7334156775215724,0.32505874678046676,0.26658432247842756
4.0,1.102,0.4414428642001201,0.7333867753927367,0.32374835869585983,0.26661322460726333
4.0,1.104,0.439680630886781,0.7333585413468852,0.32244354612560794,0.26664145865311484
4.0,1.106,0.43792543210448276,0.733330972269545,0.32114428290674096,0.266669027730455
4.0,1.108,0.43617723978053846,0.7333040650608432,0.319850543018087,0.2666959349391568
4.0,1.11,0.43443602595406355,0.7332778166354281,0.3185623005793679,0.2667221833645719
4.0,1.112,0.43270176277553757,0.7332522239223923,0.31727952985030233,0.2667477760776077
4.0,1.114,0.4309744225063663,0.7332272838651955,0.3160022052297142,0.26677271613480447
4.0,1.116,0.42925397751844613,0.7332029934215883,0.3147303012546479,0.26679700657841166
4.0,1.118,0.42754040029373036,0.7331793495635359,0.31346379259949103,0.2668206504364641
4.0,1.12,0.4258336634237961,0.7331563492771425,0.3122026540751018,0.26684365072285754
4.0,1.122,0.4241337396094132,0.7331339895625764,0.310946860627944,0.26686601043742364
4.0,1.124,0.42244060166011516,0.7331122674339954,0.3096963873392283,0.2668877325660046
4.0,1.1260000000000001,0.4207542224937706,0.7330911799194727,0.3084512094240586,0.2669088200805273
4.0,1.1280000000000001,0.4190745751361567,0.7330707240609231,0.3072113022305861,0.2669292759390769
4.0,1.1300000000000001,0.41740163272053504,0.7330508969140297,0.3059766412391686,0.2669491030859703
4.0,1.1320000000000001,0.4157353684872271,0.7330316955481715,0.30474720206153594,0.2669683044518285
4.0,1.1340000000000001,0.4140757557831931,0.7330131170463507,0.30352296043996185,0.26698688295364925
4.0,1.1360000000000001,0.41242276806161143,0.7329951585051212,0.3023038922464417,0.2670048414948788
4.0,1.1380000000000001,0.4107763788814597,0.7329778170345167,0.3010899734818759,0.2670221829654833
4.0,1.1400000000000001,0.40913656190709735,0.7329610897579802,0.2998811802752594,0.26703891024201976
4.0,1.1420000000000001,0.40750329090785026,0.7329449738122934,0.2986774888828777,0.2670550261877066
4.0,1.1440000000000001,0.4058765397575961,0.7329294663475062,0.2974788756875073,0.2670705336524938
4.0,1.1460000000000001,0.4042562824343515,0.7329145645268675,0.29628531719762313,0.26708543547313246
4.0,1.1480000000000001,0.40264249301986116,0.7329002655267559,0.2950967900466112,0.2670997344732441
4.0,1.1500000000000001,0.40103514569918786,0.7328865665366106,0.29391327099198716,0.26711343346338945
4.0,1.1520000000000001,0.3994342147603041,0.7328734647588632,0.29273473691461993,0.26712653524113683
4.0,1.154,0.39783967459368624,0.7328609574088698,0.2915611648179621,0.2671390425911302
4.0,1.156,0.3962514996919076,0.7328490417148434,0.2903925318272841,0.26715095828515656
4.0,1.158,0.3946696646492366,0.7328377149177868,0.28922881518891574,0.2671622850822132
4.0,1.16,0.39309414416123345,0.7328269742714258,0.28806999226949237,0.26717302572857415
4.0,1.162,0.39152491302434983,0.732816817042143,0.2869160405552059,0.26718318295785703
4.0,1.164,0.3899619461355296,0.7328072405089116,0.28576693765106226,0.26719275949108845
4.0,1.166,0.38840521849181103,0.7327982419632303,0.28462266128014346,0.2672017580367697
4.0,1.168,0.3868547051899306,0.732789818709058,0.2834831892828753,0.267210181290942
4.0,1.17,0.3853103814259284,0.7327819680627493,0.28234849961630043,0.2672180319372507
4.0,1.172,0.38377222249475457,0.7327746873529897,0.2812185703533558,0.2672253126470103
4.0,1.174,0.3822402037898779,0.7327679739207321,0.2800933796821566,0.2672320260792679
4.0,1.176,0.3807143008028952,0.7327618251191333,0.27897290590528423,0.26723817488086665
4.0,1.178,0.3791944891231427,0.7327562383134907,0.27785712743907987,0.2672437616865093
4.0,1.18,0.3776807444373083,0.7327512108811792,0.27674602281294286,0.2672487891188208
4.0,1.182,0.3761730425290465,0.7327467402115898,0.27563957066863454,0.2672532597884102
4.0,1.184,0.37467135927859285,0.7327428237060665,0.2745377497595863,0.26725717629393353
4.0,1.186,0.3731756706623819,0.7327394587778453,0.27344053895021314,0.2672605412221547
4.0,1.188,0.37168595275266525,0.7327366428519929,0.2723479172152324,0.2672633571480071
4.0,1.19,0.3702021817171316,0.7327343733653457,0.2712598636389863,0.26726562663465425
4.0,1.192,0.368724333818528,0.7327326477664493,0.27017635741477014,0.2672673522335507
4.0,1.194,0.36725238541428284,0.7327314635154982,0.26909737784416526,0.2672685364845018
4.0,1.196,0.36578631295612996,0.7327308180842765,0.2680229043363763,0.26726918191572346
4.0,1.198,0.3643260929897347,0.7327307089560979,0.26695291640757357,0.26726929104390207
4.0,1.2,0.36287170215432035,0.7327311336257469,0.26588739368023956,0.26726886637425307
4.0,1.202,0.3614231171822975,0.7327320895994203,0.264826315882521,0.26726791040057973
4.0,1.204,0.3599803148988934,0.7327335743946682,0.2637696628475844,0.26726642560533176
4.0,1.206,0.35854327222178384,0.7327355855403369,0.2627174145129772,0.2672644144596631
4.0,1.208,0.3571119661607255,0.7327381205765102,0.26166955091999233,0.2672618794234898
4.0,1.21,0.3556863738171906,0.7327411770544531,0.2606260522130384,0.2672588229455469
4.0,1.212,0.3542664723840023,0.7327447525365539,0.25958689863901363,0.2672552474634461
4.0,1.214,0.3528522391449718,0.7327488445962683,0.2585520705466843,0.2672511554037317
4.0,1.216,0.3514436514745369,0.7327534508180626,0.2575215483860674,0.26724654918193735
4.0,1.218,0.35004068683740164,0.7327585687973581,0.25649531270781867,0.2672414312026419
4.0,1.22,0.3486433227881777,0.7327641961404753,0.2554733441626233,0.2672358038595247
4.0,1.222,0.3472515369710269,0.7327703304645783,0.2544556235005921,0.2672296695354217
4.0,1.224,0.3458653071193053,0.7327769693976205,0.2534421315706618,0.2672230306023795
4.0,1.226,0.34448461105520856,0.7327841105782894,0.252432849319999,0.2672158894217106
4.0,1.228,0.3431094266894186,0.7327917516559526,0.2514277577934087,0.26720824834404744
4.0,1.23,0.3417397320207517,0.7327998902906034,0.2504268381327471,0.26720010970939656
4.0,1.232,0.34037550513580833,0.7328085241528078,0.24943007157633817,0.26719147584719216
4.0,1.234,0.33901672420862367,0.7328176509236504,0.24843743945839464,0.26718234907634963
4.0,1.236,0.3376633675003198,0.7328272682946817,0.24744892320844256,0.2671727317053183
4.0,1.238,0.3363154133587595,0.7328373739678654,0.24646450435075046,0.2671626260321346
4.0,1.24,0.3349728402182009,0.7328479656555261,0.24548416450376212,0.2671520343444739
4.0,1.242,0.33363562659895396,0.7328590410802968,0.24450788537953336,0.26714095891970324
4.0,1.244,0.332303751107038,0.7328705979750673,0.24353564878317288,0.26712940202493274
4.0,1.246,0.3309771924338406,0.7328826340829327,0.24256743661228683,0.26711736591706725
4.0,1.248,0.32965592935577764,0.7328951471571424,0.2416032308564272,0.26710485284285757
4.0,1.25,0.3283399407339554,0.7329081349610488,0.24064301359654452,0.2670918650389512
4.0,1.252,0.3270292055138329,0.7329215952680569,0.23968676700444363,0.2670784047319431
4.0,1.254,0.32572370272488665,0.7329355258615741,0.23873447334224382,0.26706447413842593
4.0,1.256,0.32442341148027576,0.73294992453496,0.2377861149618424,0.26705007546504
4.0,1.258,0.3231283109765089,0.7329647890914768,0.23684167430438197,0.2670352109085232
4.0,1.26,0.32183838049311275,0.7329801173442398,0.2359011338997219,0.26701988265576015
4.0,1.262,0.320553599392301,0.7329959071161684,0.2349644763659125,0.26700409288383165
4.0,1.264,0.3192739471186454,0.7330121562399369,0.23403168440867383,0.2669878437600631
4.0,1.266,0.3179994031987476,0.7330288625579263,0.23310274082087734,0.2669711374420737
4.0,1.268,0.3167299472409126,0.733046023922176,0.23217762848203155,0.266953976077824
4.0,1.27,0.31546555893482336,0.7330636381943355,0.23125633035777118,0.2669363618056645
4.0,1.272,0.3142062180512167,0.733081703245617,0.23033882949934964,0.26691829675438306
4.0,1.274,0.31295190444156024,0.7331002169567474,0.2294251090431351,0.26689978304325257
4.0,1.276,0.3117025980377311,0.7331191772179221,0.22851515221011012,0.2668808227820779
4.0,1.278,0.3104582788516953,0.7331385819287569,0.22760894230537448,0.2668614180712431
4.0,1.28,0.30921892697518905,0.7331584289982425,0.22670646271765185,0.26684157100175754
4.0,1.282,0.30798452257940073,0.7331787163446972,0.22580769691879946,0.2668212836553028
4.0,1.284,0.30675504591465425,0.7331994418957215,0.2249126284633209,0.2668005581042785
4.0,1.286,0.30553047731009386,0.7332206035881518,0.22402124098788312,0.2667793964118482
4.0,1.288,0.3043107971733703,0.733242199368015,0.22313351821083596,0.26675780063198495
4.0,1.29,0.3030959859903276,0.7332642271904833,0.22224944393173515,0.26673577280951666
4.0,1.292,0.3018860243246916,0.7332866850198291,0.22136900203086857,0.2667133149801709
4.0,1.294,0.30068089281775984,0.73330957082938,0.22049217646878627,0.26669042917062
4.0,1.296,0.29948057218809193,0.7333328826014744,0.21961895128583242,0.26666711739852555
4.0,1.298,0.2982850432312022,0.7333566183274177,0.21874931060168204,0.2666433816725823
4.0,1.3,0.2970942868192525,0.7333807760074373,0.21788323861487954,0.26661922399256266
4.0,1.302,0.2959082839007469,0.7334053536506396,0.21702071960238117,0.26659464634936036
4.0,1.304,0.2947270155002276,0.7334303492749664,0.21616173791910037,0.2665696507250336
4.0,1.306,0.2935504627179714,0.7334557609071511,0.21530627799745602,0.26654423909284886
4.0,1.308,0.29237860672968824,0.7334815865826765,0.21445432434692413,0.2665184134173235
4.0,1.31,0.2912114287862201,0.7335078243457311,0.21360586155359212,0.26649217565426886
4.0,1.312,0.29004891021324175,0.7335344722491676,0.2127608742797165,0.26646552775083243
4.0,1.314,0.2888910324109625,0.7335615283544594,0.21191934726328332,0.2664384716455406
4.0,1.316,0.2877377768538288,0.7335889907316598,0.21108126531757182,0.26641100926834016
4.0,1.318,0.2865891250902283,0.7336168574593591,0.21024661333072048,0.2663831425406409
4.0,1.32,0.28544505874219533,0.7336451266246437,0.20941537626529674,0.26635487337535635
4.0,1.322,0.2843055595051167,0.7336737963230544,0.208587539157869,0.2663262036769456
4.0,1.324,0.28317060914744,0.7337028646585456,0.2077630871185821,0.2662971353414544
4.0,1.326,0.2820401895103815,0.7337323297434443,0.20694200533073476,0.26626767025655573
4.0,1.328,0.28091428250763656,0.733762189698409,0.20612427905036088,0.266237810301591
4.0,1.33,0.2797928701250903,0.7337924426523901,0.20530989360581295,0.2662075573476099
4.0,1.332,0.27867593442052974,0.7338230867425891,0.20449883439734848,0.2661769132574109
4.0,1.334,0.27756345752335726,0.733854120114419,0.20369108689671925,0.266145879885581
4.0,1.336,0.276455421634305,0.7338855409214641,0.20288663664676332,0.2661144590785359
4.0,1.338,0.27535180902515005,0.733917347325441,0.20208546926099955,0.266082652674559
4.0,1.34,0.2742526020384315,0.733949537496159,0.20128757042322495,0.266050462503841
4.0,1.342,0.273157783087168,0.733982109611481,0.2004929258871149,0.266017890388519
4.0,1.344,0.2720673346545768,0.7340150618572849,0.19970152147582582,0.26598493814271507
4.0,1.346,0.27098123929379364,0.7340483924274248,0.19891334308160055,0.2659516075725752
4.0,1.348,0.26989947962759414,0.7340820995236923,0.19812837666537633,0.2659179004763077
4.0,1.35,0.2688220383481157,0.7341161813557789,0.19734660825639547,0.26588381864422106
4.0,1.352,0.2677488982165809,0.7341506361412375,0.19656802395181833,0.26584936385876246
4.0,1.354,0.2666800420630223,0.7341854621054449,0.1957926099163395,0.2658145378945551
4.0,1.356,0.2656154527860074,0.734220657481564,0.19502035238180565,0.26577934251843605
4.0,1.358,0.26455511335236587,0.7342562205105065,0.1942512376468368,0.26574377948949346
4.0,1.36,0.26349900679691657,0.734292149440896,0.19348525207644915,0.26570785055910395
4.0,1.362,0.2624471162221971,0.7343284425290307,0.1927223821016815,0.26567155747096927
4.0,1.364,0.26139942479819295,0.7343650980388468,0.19196261421922312,0.26563490196115325
4.0,1.366,0.2603559157620689,0.7344021142418818,0.19120593499104468,0.26559788575811816
4.0,1.368,0.259316572417901,0.7344394894172387,0.19045233104403161,0.2655605105827613
4.0,1.37,0.25828137813640933,0.7344772218515491,0.18970178906961935,0.26552277814845093
4.0,1.372,0.25725031635469237,0.7345153098389378,0.18895429582343162,0.26548469016106224
4.0,1.374,0.2562233705759621,0.7345537516809867,0.1882098381249207,0.2654462483190133
4.0,1.3760000000000001,0.2552005243692804,0.7345925456866998,0.18746840285701039,0.26540745431330015
4.0,1.3780000000000001,0.25418176136929616,0.7346316901724673,0.18672997696574078,0.2653683098275327
4.0,1.3800000000000001,0.2531670652759836,0.7346711834620305,0.185994547459916,0.26532881653796947
4.0,1.3820000000000001,0.25215641985438175,0.7347110238864472,0.18526210141075367,0.26528897611355284
4.0,1.3840000000000001,0.2511498089343348,0.7347512097840565,0.18453262595153713,0.2652487902159435
4.0,1.3860000000000001,0.2501472164102336,0.7347917395004446,0.1838061082772697,0.26520826049955537
4.0,1.3880000000000001,0.24914862624075784,0.7348326113884103,0.18308253564433108,0.2651673886115897
4.0,1.3900000000000001,0.24815402244862017,0.7348738238079305,0.18236189537013653,0.26512617619206946
4.0,1.3920000000000001,0.24716338912031008,0.7349153751261267,0.18164417483279752,0.2650846248738733
4.0,1.3940000000000001,0.24617671040583966,0.7349572637172306,0.180929361470785,0.2650427362827694
4.0,1.3960000000000001,0.24519397051849015,0.734999487962551,0.18021744278259508,0.265000512037449
4.0,1.3980000000000001,0.24421515373455957,0.73504204625044,0.17950840632641646,0.26495795374956
4.0,1.4000000000000001,0.24324024439311115,0.7350849369762599,0.17880223971980017,0.2649150630237401
4.0,1.4020000000000001,0.2422692268957229,0.7351281585423499,0.17809893063933152,0.2648718414576501
4.0,1.4040000000000001,0.24130208570623815,0.7351717093579935,0.17739846682030413,0.2648282906420065
4.0,1.4060000000000001,0.24033880535051716,0.7352155878393852,0.17670083605639605,0.26478441216061477
4.0,1.408,0.23937937041618976,0.7352597924095988,0.17600602619934813,0.2647402075904012
4.0,1.41,0.23842376555240832,0.7353043214985542,0.17531402515864394,0.2646956785014458
4.0,1.412,0.23747197546960305,0.7353491735429856,0.17462482090119275,0.26465082645701443
4.0,1.414,0.23652398493923688,0.7353943469864094,0.17393840145101344,0.2646056530135906
4.0,1.416,0.23557977879356215,0.7354398402790923,0.17325475488892123,0.26456015972090774
4.0,1.418,0.23463934192537797,0.7354856518780197,0.1725738693522162,0.26451434812198027
4.0,1.42,0.23370265928778855,0.7355317802468643,0.17189573303437347,0.2644682197531357
4.0,1.422,0.2327697158939627,0.7355782238559542,0.17122033418473614,0.26442177614404583
4.0,1.424,0.231840496816894,0.7356249811822423,0.17054766110820935,0.2643750188177577
4.0,1.426,0.23091498718916215,0.7356720507092751,0.1698777021649569,0.2643279492907249
4.0,1.428,0.2299931722026949,0.7357194309271619,0.16921044577009944,0.26428056907283815
4.0,1.43,0.22907503710853178,0.7357671203325439,0.16854588039341506,0.2642328796674561
4.0,1.432,0.2281605672165876,0.7358151174285641,0.16788399455904118,0.2641848825714359
4.0,1.434,0.22724974789541777,0.7358634207248365,0.16722477684517884,0.26413657927516354
4.0,1.436,0.2263425645719843,0.7359120287374162,0.16656821588379858,0.26408797126258376
4.0,1.438,0.22543900273142273,0.7359609399887694,0.16591430036034863,0.26403906001123056
4.0,1.44,0.2245390479168097,0.7360101530077434,0.16526301901346413,0.2639898469922566
4.0,1.442,0.22364268572893206,0.7360596663295368,0.16461436063467919,0.2639403336704632
4.0,1.444,0.22274990182605628,0.7361094784956701,0.16396831406814,0.2638905215043299
4.0,1.446,0.22186068192369923,0.7361595880539564,0.16332486821032027,0.2638404119460436
4.0,1.448,0.22097501179439963,0.7362099935584722,0.16268401200973825,0.26379000644152784
4.0,1.45,0.2200928772674904,0.7362606935695278,0.16204573446667545,0.26373930643047216
4.0,1.452,0.21921426422887214,0.7363116866536392,0.16141002463289736,0.2636883133463608
4.0,1.454,0.2183391586207872,0.7363629713834986,0.16077687161137588,0.2636370286165014
4.0,1.456,0.21746754644159505,0.7364145463379462,0.16014626455601347,0.26358545366205377
4.0,1.458,0.216599413745548,0.7364664101019416,0.15951819267136888,0.2635335898980584
4.0,1.46,0.21573474664256828,0.7365185612665355,0.15889264521238494,0.2634814387334645
4.0,1.462,0.21487353129802603,0.7365709984288416,0.15826961148411797,0.26342900157115845
4.0,1.464,0.21401575393251765,0.7366237201920084,0.15764908084146861,0.2633762798079916
4.0,1.466,0.2131614008216456,0.7366767251651917,0.15703104268891468,0.26332327483480833
4.0,1.468,0.21231045829579887,0.7367300119635264,0.15641548648024567,0.2632699880364736
4.0,1.47,0.21146291273993417,0.7367835792080993,0.15580240171829868,0.26321642079190066
4.0,1.472,0.21061875059335827,0.7368374255259217,0.1551917779546963,0.2631625744740783
4.0,1.474,0.20977795834951105,0.7368915495499015,0.1545836047895859,0.26310845045009845
4.0,1.476,0.20894052255574935,0.7369459499188171,0.15397787187138073,0.2630540500811829
4.0,1.478,0.20810642981313185,0.7370006252772895,0.15337456889650253,0.2629993747227105
4.0,1.48,0.20727566677620476,0.7370555742757557,0.1527736856091258,0.26294442572424426
4.0,1.482,0.20644822015278824,0.7371107955704423,0.15217521180092358,0.26288920442955765
4.0,1.484,0.20562407670376381,0.7371662878233386,0.15157913731081502,0.2628337121766614
4.0,1.486,0.2048032232428626,0.7372220497021701,0.15098545202471428,0.2627779502978299
4.0,1.488,0.20398564663645424,0.7372780798803726,0.1503941458752812,0.26272192011962736
4.0,1.49,0.20317133380333707,0.7373343770370657,0.14980520884167328,0.2626656229629343
4.0,1.492,0.20236027171452858,0.7373909398570268,0.14921863094929955,0.26260906014297325
4.0,1.494,0.20155244739305708,0.7374477670306653,0.14863440226957558,0.2625522329693347
4.0,1.496,0.20074784791375413,0.737504857253997,0.14805251291968033,0.26249514274600305
4.0,1.498,0.1999464604030478,0.7375622092286179,0.1474729530623143,0.2624377907713821
4.0,1.5,0.1991482720387566,0.7376198216616797,0.14689571290545933,0.2623801783383203
4.0,1.502,0.19835327004988443,0.7376776932658635,0.14632078270213963,0.2623223067341365
4.0,1.504,0.19756144171641635,0.7377358227593551,0.1457481527501848,0.2622641772406449
4.0,1.506,0.19677277436911492,0.7377942088658198,0.1451778133919936,0.2622057911341802
4.0,1.508,0.1959872553893177,0.7378528503143772,0.14460975501429985,0.2621471496856228
4.0,1.51,0.19520487220873511,0.7379117458395767,0.1440439680479392,0.26208825416042325
4.0,1.512,0.19442561230924976,0.7379708941813728,0.14348044296761797,0.26202910581862715
4.0,1.514,0.1936494632227158,0.7380302940851003,0.14291917029168277,0.26196970591489965
4.0,1.516,0.1928764125307597,0.7380899443014499,0.14236014058189192,0.2619100556985501
4.0,1.518,0.1921064478645815,0.738149843586444,0.14180334444318818,0.261850156413556
4.0,1.52,0.19133955690475687,0.7382099907014124,0.14124877252347293,0.26179000929858764
4.0,1.522,0.19057572738104014,0.7382703844129683,0.14069641551338155,0.26172961558703167
4.0,1.524,0.18981494707216792,0.7383310234929844,0.1401462641460604,0.2616689765070156
4.0,1.526,0.18905720380566357,0.7383919067185689,0.13959830919694502,0.2616080932814311
4.0,1.528,0.18830248545764258,0.7384530328720419,0.13905254148353974,0.2615469671279581
4.0,1.53,0.1875507799526184,0.7385144007409118,0.1385089518651986,0.2614855992590882
4.0,1.532,0.18680207526330941,0.7385760091178519,0.13796753124290767,0.26142399088214807
4.0,1.534,0.18605635941044654,0.7386378568006772,0.13742827055906873,0.2613621431993228
4.0,1.536,0.18531362046258143,0.7386999425923206,0.136891160797284,0.26130005740767936
4.0,1.538,0.18457384653589576,0.7387622653008106,0.13635619298214252,0.26123773469918943
4.0,1.54,0.1838370257940109,0.7388248237392476,0.13582335817900762,0.2611751762607524
4.0,1.542,0.18310314644779876,0.7388876167257816,0.1352926474938058,0.2611123832742184
4.0,1.544,0.18237219675519312,0.738950643083589,0.13476405207281678,0.26104935691641096
4.0,1.546,0.18164416502100159,0.7390139016408505,0.13423756310246487,0.26098609835914954
4.0,1.548,0.1809190395967188,0.7390773912307277,0.13371317180911166,0.2609226087692723
4.0,1.55,0.1801968088803398,0.7391411106913418,0.1331908694588498,0.2608588893086582
4.0,1.552,0.1794774613161746,0.7392050588657506,0.1326706473572983,0.2607949411342494
4.0,1.554,0.17876098539466315,0.7392692346019264,0.13215249684939875,0.2607307653980736
4.0,1.556,0.1780473696521914,0.7393336367527341,0.13163640931921305,0.2606663632472659
4.0,1.558,0.17733660267090756,0.7393982641759091,0.13112237618972195,0.26060173582409085
4.0,1.56,0.1766286730785399,0.7394631157340358,0.13061038892262553,0.2605368842659642
4.0,1.562,0.17592356954821434,0.7395281902945252,0.130100439018144,0.2604718097054748
4.0,1.564,0.1752212807982735,0.739593486729594,0.12959251801482036,0.260406513270406
4.0,1.566,0.17452179559209618,0.7396590039162427,0.12908661748932398,0.26034099608375727
4.0,1.568,0.17382510273791751,0.7397247407362344,0.12858272905625534,0.2602752592637656
4.0,1.57,0.1731311910886499,0.7397906960760731,0.12808084436795195,0.26020930392392694
4.0,1.572,0.17244004954170486,0.739856868826983,0.12758095511429557,0.260143131173017
4.0,1.574,0.171751667038815,0.7399232578848872,0.1270830530225204,0.2600767421151128
4.0,1.576,0.1710660325658576,0.7399898621503869,0.12658712985702256,0.26001013784961313
4.0,1.578,0.17038313515267797,0.74005668052874,0.12609317741917053,0.25994331947126004
4.0,1.58,0.16970296387291411,0.740123711929841,0.1256011875471169,0.25987628807015895
4.0,1.582,0.16902550784382206,0.7401909552682002,0.12511115211561133,0.2598090447317998
4.0,1.584,0.1683507562261014,0.7402584094629228,0.12462306303581407,0.25974159053707724
4.0,1.586,0.16767869822372214,0.7403260734376885,0.12413691225511132,0.2596739265623115
4.0,1.588,0.16700932308375194,0.7403939461207317,0.1236526917569313,0.2596060538792683
4.0,1.59,0.16634262009618397,0.7404620264448206,0.12317039356056132,0.2595379735551794
4.0,1.592,0.16567857859376567,0.7405303133472374,0.12269000972096619,0.2594696866527626
4.0,1.594,0.16501718795182793,0.7405988057697581,0.12221153232860749,0.2594011942302419
4.0,1.596,0.1643584375881153,0.7406675026586327,0.12173495350926411,0.2593324973413673
4.0,1.598,0.1637023169626166,0.7407364029645652,0.12126026542385376,0.2592635970354348
4.0,1.6,0.16304881557739617,0.7408055056426941,0.12078746026825535,0.2591944943573059
4.0,1.602,0.1623979229764261,0.7408748096525725,0.12031653027313281,0.25912519034742754
4.0,1.604,0.16174962874541873,0.7409443139581484,0.11984746770375948,0.2590556860418516
4.0,1.606,0.16110392251166036,0.7410140175277459,0.1193802648598441,0.25898598247225413
4.0,1.608,0.16046079394384485,0.741083919334045,0.11891491407535715,0.25891608066595495
4.0,1.61,0.1598202327519087,0.7411540183540631,0.11845140771835878,0.25884598164593686
4.0,1.612,0.15918222868686627,0.7412243135691354,0.11798973819082759,0.25877568643086457
4.0,1.614,0.15854677154064567,0.7412948039648958,0.11752989792849004,0.2587051960351042
4.0,1.616,0.15791385114592577,0.741365488531258,0.11707187940065161,0.25863451146874195
4.0,1.618,0.15728345737597316,0.7414363662623971,0.11661567511002816,0.25856363373760294
4.0,1.62,0.15665558014448033,0.7415074361567298,0.11616127759257872,0.25849256384327024
4.0,1.622,0.15603020940540432,0.7415786972168966,0.11570867941733931,0.2584213027831034
4.0,1.624,0.15540733515280594,0.741650148449743,0.11525787318625749,0.258349851550257
4.0,1.6260000000000001,0.15478694742068957,0.7417217888663005,0.11480885153402787,0.25827821113369953
4.0,1.6280000000000001,0.15416903628284387,0.7417936174817688,0.11436160712792881,0.25820638251823125
4.0,1.6300000000000001,0.15355359185268283,0.741865633315497,0.11391613266765989,0.25813436668450296
4.0,1.6320000000000001,0.15294060428308784,0.7419378353909659,0.11347242088518047,0.2580621646090341
4.0,1.6340000000000001,0.15233006376624975,0.7420102227357692,0.1130304645445489,0.2579897772642308
4.0,1.6360000000000001,0.15172196053351228,0.742082794381596,0.11259025644176301,0.25791720561840403
4.0,1.6380000000000001,0.15111628485521555,0.7421555493642124,0.1121517894046013,0.25784445063578765
4.0,1.6400000000000001,0.1505130270405405,0.7422284867234438,0.11171505629246516,0.25777151327655623
4.0,1.6420000000000001,0.14991217743735383,0.7423016055031573,0.11128004999622193,0.25769839449684273
4.0,1.6440000000000001,0.14931372643205346,0.7423749047512436,0.11084676343804892,0.25762509524875643
4.0,1.6460000000000001,0.14871766444941487,0.7424483835195996,0.1104151895712783,0.25755161648040037
4.0,1.6480000000000001,0.14812398195243778,0.742522040864111,0.10998532138024285,0.257477959135889
4.0,1.6500000000000001,0.14753266944219368,0.7425958758446344,0.10955715188012274,0.2574041241553656
4.0,1.6520000000000001,0.14694371745767373,0.7426698875249803,0.10913067411679303,0.2573301124750197
4.0,1.6540000000000001,0.14635711657563744,0.742744074972896,0.10870588116667212,0.25725592502710404
4.0,1.6560000000000001,0.14577285741046195,0.7428184372600477,0.1082827661365711,0.2571815627399523
4.0,1.6580000000000001,0.14519093061399171,0.7428929734620042,0.10786132216354384,0.2571070265379958
4.0,1.6600000000000001,0.14461132687538913,0.7429676826582193,0.10744154241473813,0.25703231734178067
4.0,1.6620000000000001,0.14403403692098546,0.7430425639320151,0.10702342008724755,0.25695743606798493
4.0,1.6640000000000001,0.14345905151413238,0.7431176163705648,0.10660694840796413,0.25688238362943516
4.0,1.666,0.14288636145505446,0.7431928390648767,0.10619212063343209,0.25680716093512335
4.0,1.668,0.14231595758070148,0.7432682311097765,0.10577893004970197,0.25673176889022353
4.0,1.67,0.14174783076460246,0.7433437916038914,0.10536736997218632,0.2566562083961086
4.0,1.672,0.1411819719167191,0.7434195196496335,0.10495743374551536,0.2565804803503665
4.0,1.674,0.1406183719833007,0.7434954143531828,0.10454911474339415,0.2565045856468172
4.0,1.676,0.1400570219467391,0.7435714748244713,0.10414240636846014,0.2564285251755287
4.0,1.678,0.1394979128254244,0.7436477001771666,0.10373730205214172,0.25635229982283336
4.0,1.68,0.1389410356736014,0.7437240895286559,0.10333379525451769,0.2562759104713441
4.0,1.682,0.1383863815812263,0.7438006420000292,0.10293187946417713,0.25619935799997084
4.0,1.684,0.1378339416738243,0.7438773567160637,0.10253154819808051,0.2561226432839363
4.0,1.686,0.13728370711234755,0.7439542328052081,0.10213279500142142,0.2560457671947919
4.0,1.688,0.1367356690930336,0.744031269399566,0.1017356134474888,0.255968730600434
4.0,1.69,0.13618981884726478,0.7441084656348804,0.10133999713753052,0.2558915343651196
4.0,1.692,0.1356461476414277,0.7441858206505182,0.10094593970061723,0.2558141793494818
4.0,1.694,0.13510464677677367,0.744263333589454,0.10055343479350724,0.25573666641054604
4.0,1.696,0.13456530758927934,0.7443410035982547,0.10016247610051203,0.2556589964017453
4.0,1.698,0.1340281214495082,0.7444188298270643,0.09977305733336256,0.2555811701729357
4.0,1.7,0.1334930797624726,0.744496811429588,0.09938517223107651,0.255503188570412
4.0,1.702,0.13296017396749601,0.7445749475630768,0.09899881455982593,0.25542505243692315
4.0,1.704,0.1324293955380762,0.7446532373883126,0.0986139781128058,0.25534676261168743
4.0,1.706,0.13190073598174876,0.7447316800695924,0.09823065671010349,0.25526831993040755
4.0,1.708,0.13137418683995133,0.7448102747747138,0.09784884419856875,0.25518972522528616
4.0,1.71,0.13084973968788804,0.7448890206749593,0.09746853445168428,0.2551109793250407
4.0,1.712,0.130327386134395,0.7449679169450816,0.09708972136943755,0.2550320830549184
4.0,1.714,0.12980711782180576,0.7450469627632884,0.0967123988781927,0.2549530372367116
4.0,1.716,0.12928892642581777,0.745126157311228,0.09633656093056367,0.254873842688772
4.0,1.718,0.1287728036553592,0.7452054997739739,0.09596220150528777,0.2547945002260261
4.0,1.72,0.12825874125245618,0.7452849893400104,0.09558931460709996,0.2547150106599896
4.0,1.722,0.1277467309921007,0.745364625201218,0.09521789426660797,0.25463537479878195
4.0,1.724,0.12723676468211909,0.7454444065528586,0.09484793454016797,0.2545555934471414
4.0,1.726,0.12672883416304087,0.745524332593561,0.09447942950976111,0.254475667406439
4.0,1.728,0.1262229313079682,0.7456044025253064,0.0941123732828704,0.25439559747469365
4.0,1.73,0.12571904802244585,0.7456846155534141,0.09374675999235875,0.25431538444658586
4.0,1.732,0.12521717624433176,0.7457649708865275,0.09338258379634726,0.2542350291134725
4.0,1.734,0.12471730794366802,0.745845467736599,0.09301983887809452,0.254154532263401
4.0,1.736,0.12421943512255229,0.7459261053188766,0.0926585194458763,0.2540738946811234
4.0,1.738,0.12372354981500992,0.7460068828518894,0.09229861973286602,0.25399311714811057
4.0,1.74,0.12322964408686654,0.7460877995574338,0.09194013399701599,0.25391220044256624
4.0,1.742,0.12273771003562105,0.7461688546605589,0.09158305652093915,0.25383114533944107
4.0,1.744,0.12224773979031917,0.7462500473895536,0.09122738161179149,0.2537499526104464
4.0,1.746,0.1217597255114275,0.7463313769759318,0.09087310360115518,0.25366862302406823
4.0,1.748,0.12127365939070818,0.746412842654419,0.09052021684492227,0.253587157345581
4.0,1.75,0.12078953365109386,0.7464944436629385,0.0901687157231791,0.2535055563370615
4.0,1.752,0.12030734054656331,0.746576179242598,0.08981859464009133,0.253423820757402
4.0,1.754,0.11982707236201744,0.7466580486376756,0.08946984802378949,0.2533419513623244
4.0,1.756,0.11934872141315596,0.7467400510956064,0.08912247032625537,0.25325994890439363
4.0,1.758,0.11887228004635433,0.7468221858669691,0.08877645602320884,0.25317781413303087
4.0,1.76,0.11839774063854133,0.7469044522054729,0.08843179961399536,0.25309554779452714
4.0,1.762,0.1179250955970771,0.7469868493679431,0.08808849562147412,0.25301315063205687
4.0,1.764,0.11745433735963172,0.7470693766143092,0.08774653859190683,0.25293062338569083
4.0,1.766,0.11698545839406406,0.7471520332075905,0.08740592309484695,0.2528479667924095
4.0,1.768,0.11651845119830141,0.7472348184138838,0.08706664372302975,0.25276518158611616
4.0,1.77,0.11605330830021941,0.7473177315023499,0.0867286950922628,0.2526822684976501
4.0,1.772,0.11559002225752245,0.7474007717452004,0.08639207184131717,0.25259922825479963
4.0,1.774,0.1151285856576246,0.747483938417685,0.08605676863181903,0.252516061582315
4.0,1.776,0.11466899111753115,0.7475672307980787,0.08572278014814225,0.25243276920192126
4.0,1.778,0.11421123128372022,0.7476506481676686,0.08539010109730093,0.2523493518323314
4.0,1.78,0.11375529883202536,0.7477341898107412,0.08505872620884324,0.25226581018925875
4.0,1.782,0.11330118646751822,0.74781785501457,0.0847286502347453,0.25218214498543
4.0,1.784,0.11284888692439182,0.7479016430694021,0.0843998679493058,0.2520983569305979
4.0,1.786,0.11239839296584443,0.7479855532684465,0.08407237414904141,0.2520144467315535
4.0,1.788,0.11194969738396361,0.7480695849078608,0.08374616365258229,0.2519304150921392
4.0,1.79,0.11150279299961106,0.748153737286739,0.08342123130056865,0.25184626271326105
4.0,1.792,0.1110576726623076,0.7482380097070989,0.08309757195554751,0.25176199029290114
4.0,1.794,0.11061432925011883,0.7483224014738701,0.08277518050187027,0.2516775985261299
4.0,1.796,0.11017275566954118,0.7484069118948813,0.0824540518455906,0.2515930881051187
4.0,1.798,0.10973294485538844,0.7484915402808481,0.08213418091436306,0.2515084597191519
4.0,1.8,0.10929488977067865,0.7485762859453607,0.08181556265734223,0.25142371405463926
4.0,1.802,0.10885858340652156,0.7486611482048722,0.08149819204508228,0.2513388517951278
4.0,1.804,0.10842401878200648,0.7487461263786858,0.08118206406943723,0.25125387362131424
4.0,1.806,0.10799118894409054,0.7488312197889432,0.08086717374346156,0.2511687802110568
4.0,1.808,0.10756008696748756,0.7489164277606126,0.0805535161013116,0.2510835722393874
4.0,1.81,0.10713070595455708,0.7490017496214767,0.08024108619814721,0.2509982503785233
4.0,1.812,0.10670303903519411,0.7490871847021207,0.07992987911003405,0.25091281529787934
4.0,1.814,0.10627707936671925,0.7491727323359205,0.07961988993384654,0.2508272676640795
4.0,1.816,0.10585282013376902,0.7492583918590312,0.07931111378717105,0.2507416081409688
4.0,1.818,0.10543025454818704,0.7493441626103751,0.07900354580820991,0.25065583738962494
4.0,1.82,0.10500937584891527,0.74943004393163,0.07869718115568562,0.25056995606836996
4.0,1.822,0.10459017730188584,0.7495160351672179,0.07839201500874582,0.2504839648327821
4.0,1.824,0.10417265219991345,0.749602135664293,0.07808804256686873,0.250397864335707
4.0,1.826,0.1037567938625878,0.7496883447727307,0.07778525904976888,0.2503116552272693
4.0,1.828,0.10334259563616698,0.7497746618451159,0.07748365969730364,0.2502253381548841
4.0,1.83,0.10293005089347082,0.7498610862367312,0.07718323976938006,0.2501389137632688
4.0,1.832,0.10251915303377493,0.7499476173055463,0.07688399454586217,0.25005238269445373
4.0,1.834,0.10210989548270505,0.7500342544122062,0.07658591932647899,0.24996574558779383
4.0,1.836,0.10170227169213192,0.7501209969200202,0.07628900943073275,0.2498790030799798
4.0,1.838,0.10129627514006645,0.7502078441949506,0.07599326019780782,0.24979215580504943
4.0,1.84,0.10089189933055544,0.7502947956056013,0.07569866698647999,0.2497052043943987
4.0,1.842,0.10048913779357753,0.7503818505232074,0.07540522517502628,0.24961814947679262
4.0,1.844,0.10008798408493978,0.7504690083216234,0.07511293016113518,0.24953099167837656
4.0,1.846,0.09968843178617455,0.7505562683773128,0.07482177736181747,0.24944373162268718
4.0,1.848,0.09929047450443676,0.7506436300693367,0.07453176221331732,0.24935636993066335
4.0,1.85,0.09889410587240162,0.7507310927793429,0.0742428801710241,0.2492689072206571
4.0,1.852,0.0984993195481628,0.7508186558915558,0.07395512670938444,0.24918134410844417
4.0,1.854,0.09810610921513088,0.7509063187927648,0.07366849732181487,0.24909368120723518
4.0,1.856,0.09771446858193239,0.7509940808723139,0.07338298752061491,0.2490059191276861
4.0,1.858,0.09732439138230897,0.7510819415220907,0.07309859283688046,0.24891805847790927
4.0,1.86,0.09693587137501737,0.7511699001365164,0.07281530882041799,0.2488300998634836
4.0,1.862,0.09654890234372934,0.7512579561125344,0.07253313103965879,0.24874204388746557
4.0,1.864,0.09616347809693232,0.7513461088496004,0.07225205508157387,0.2486538911503996
4.0,1.866,0.0957795924678303,0.7514343577496715,0.07197207655158934,0.2485656422503285
4.0,1.868,0.09539723931424521,0.751522702217196,0.07169319107350208,0.24847729778280403
4.0,1.87,0.0950164125185186,0.7516111416591028,0.07141539428939603,0.2483888583408972
4.0,1.872,0.09463710598741375,0.7516996754847912,0.07113868185955871,0.24830032451520878
4.0,1.874,0.09425931365201827,0.7517883031061205,0.0708630494623984,0.24821169689387945
4.0,1.8760000000000001,0.09388302946764689,0.7518770239373996,0.07058849279436154,0.24812297606260036
4.0,1.8780000000000001,0.09350824741374475,0.7519658373953771,0.07031500756985068,0.24803416260462285
4.0,1.8800000000000001,0.09313496149379115,0.7520547428992309,0.07004258952114287,0.2479452571007691
4.0,1.8820000000000001,0.09276316573520353,0.752143739870558,0.06977123439830839,0.24785626012944195
4.0,1.8840000000000001,0.09239285418924201,0.7522328277333646,0.06950093796912996,0.24776717226663536
4.0,1.8860000000000001,0.09202402093091401,0.7523220059140562,0.06923169601902232,0.24767799408594382
4.0,1.8880000000000001,0.09165666005887974,0.7524112738414269,0.06896350435095233,0.24758872615857308
4.0,1.8900000000000001,0.09129076569535748,0.7525006309466505,0.06869635878535935,0.24749936905334946
4.0,1.8920000000000001,0.09092633198602974,0.7525900766632697,0.06843025516007603,0.2474099233367303
4.0,1.8940000000000001,0.09056335309994953,0.7526796104271868,0.06816518933024977,0.24732038957281322
4.0,1.8960000000000001,0.09020182322944702,0.7527692316766534,0.06790115716826414,0.24723076832334656
4.0,1.8980000000000001,0.08984173659003672,0.7528589398522614,0.06763815456366117,0.24714106014773862
4.0,1.9000000000000001,0.08948308742032479,0.7529487343969321,0.0673761774230636,0.2470512656030679
4.0,1.9020000000000001,0.08912586998191697,0.7530386147559078,0.06711522167009791,0.24696138524409217
4.0,1.9040000000000001,0.08877007855932675,0.7531285803767412,0.06685528324531756,0.24687141962325876
4.0,1.9060000000000001,0.08841570745988386,0.7532186307092863,0.06659635810612655,0.2467813692907137
4.0,1.9080000000000001,0.08806275101364325,0.7533087652056887,0.0663384422267036,0.24669123479431132
4.0,1.9100000000000001,0.08771120357329434,0.7533989833203759,0.06608153159792649,0.24660101667962409
4.0,1.9120000000000001,0.0873610595140707,0.7534892845100483,0.06582562222729688,0.24651071548995174
4.0,1.9140000000000001,0.08701231323365996,0.7535796682336693,0.06557071013886559,0.2464203317663307
4.0,1.9160000000000001,0.0866649591521143,0.7536701339524562,0.06531679137315813,0.2463298660475438
4.0,1.9180000000000001,0.0863189917117611,0.7537606811298707,0.06506386198710072,0.2462393188701293
4.0,1.92,0.08597440537711404,0.7538513092316098,0.06481191805394657,0.2461486907683902
4.0,1.922,0.08563119463478443,0.7539420177255962,0.06456095566320262,0.24605798227440379
4.0,1.924,0.08528935399339316,0.7540328060819694,0.06431097092055667,0.24596719391803057
4.0,1.926,0.08494887798348276,0.7541236737730764,0.06406195994780482,0.24587632622692357
4.0,1.928,0.08460976115742991,0.7542146202734625,0.06381391888277936,0.24578537972653747
4.0,1.93,0.08427199808935817,0.7543056450598624,0.06356684387927682,0.24569435494013758
4.0,1.932,0.08393558337505137,0.7543967476111908,0.06332073110698669,0.2456032523888092
4.0,1.934,0.08360051163186694,0.7544879274085339,0.06307557675142031,0.24551207259146612
4.0,1.936,0.08326677749864991,0.7545791839351398,0.06283137701384012,0.24542081606486021
4.0,1.938,0.0829343756356471,0.75467051667641,0.06258812811118927,0.24532948332358995
4.0,1.94,0.08260330072442167,0.7547619251198906,0.06234582627602175,0.2452380748801094
4.0,1.942,0.08227354746776802,0.754853408755263,0.06210446775643262,0.24514659124473703
4.0,1.944,0.08194511058962707,0.7549449670743352,0.06186404881598877,0.24505503292566477
4.0,1.946,0.08161798483500184,0.7550365995710334,0.06162456573365996,0.24496340042896658
4.0,1.948,0.0812921649698733,0.7551283057413929,0.06138601480375024,0.2448716942586071
4.0,1.95,0.08096764578111677,0.7552200850835494,0.0611483923358297,0.24477991491645057
4.0,1.952,0.08064442207641827,0.7553119370977305,0.06091169465466646,0.24468806290226952
4.0,1.954,0.08032248868419176,0.7554038612862469,0.06067591810015933,0.24459613871375308
4.0,1.956,0.08000184045349609,0.7554958571534841,0.06044105902727031,0.2445041428465159
4.0,1.958,0.0796824722539528,0.7555879242058935,0.0602071138059579,0.2444120757941065
4.0,1.96,0.07936437897566391,0.755680061951984,0.059974078821110444,0.244319938048016
4.0,1.962,0.07904755552913025,0.7557722699023137,0.05974195047247995,0.24422773009768628
4.0,1.964,0.07873199684516996,0.7558645475694814,0.05951072517461623,0.2441354524305186
4.0,1.966,0.07841769787483738,0.7559568944681179,0.05928039935680119,0.24404310553188213
4.0,1.968,0.07810465358934233,0.7560493101148779,0.05905096946298379,0.24395068988512214
4.0,1.97,0.07779285897996961,0.7561417940284318,0.05882243195171503,0.24385820597156815
4.0,1.972,0.07748230905799887,0.7562343457294574,0.058594783296083384,0.24376565427054264
4.0,1.974,0.07717299885462474,0.7563269647406309,0.058368019983650515,0.24367303525936912
4.0,1.976,0.07686492342087742,0.7564196505866199,0.05814213851638739,0.24358034941338014
4.0,1.978,0.07655807782754344,0.7565124027940742,0.05791713541061062,0.24348759720592583
4.0,1.98,0.07625245716508677,0.7566052208916182,0.05769300719691913,0.2433947791083818
4.0,1.982,0.07594805654357036,0.7566981044098428,0.05746975042013124,0.24330189559015725
4.0,1.984,0.07564487109257777,0.7567910528812968,0.0572473616392219,0.24320894711870322
4.0,1.986,0.07534289596113534,0.7568840658404795,0.05702583742726036,0.24311593415952049
4.0,1.988,0.0750421263176346,0.7569771428238324,0.05680517437134816,0.24302285717616756
4.0,1.99,0.07474255734975487,0.7570702833697311,0.0565853690725573,0.24292971663026885
4.0,1.992,0.07444418426438625,0.7571634870184777,0.05636641814586878,0.2428365129815223
4.0,1.994,0.07414700228755304,0.7572567533122925,0.056148318220111536,0.24274324668770753
4.0,1.996,0.07385100666433733,0.7573500817953065,0.055931065937901606,0.2426499182046935
4.0,1.998,0.07355619265880287,0.7574434720135534,0.0557146579555815,0.24255652798644656
4.0,2.0,0.07326255555391925,0.7575369235149619,0.055499090943159975,0.24246307648503806
4.0,2.0020000000000002,0.07297009065148657,0.7576304358493476,0.05528436158425218,0.24236956415065236
4.0,2.004,0.07267879327206027,0.7577240085684058,0.055070466576019994,0.24227599143159417
4.0,2.0060000000000002,0.07238865875487595,0.7578176412257034,0.054857402629112456,0.2421823587742966
4.0,2.008,0.07209968245777529,0.7579113333766713,0.054645166467607066,0.24208866662332873
4.0,2.0100000000000002,0.07181185975713127,0.7580050845785969,0.054433754828950624,0.24199491542140306
4.0,2.012,0.07152518604777469,0.7580988943906166,0.05422316446390115,0.24190110560938338
4.0,2.0140000000000002,0.07123965674291997,0.7581927623737078,0.05401339213646923,0.2418072376262922
4.0,2.016,0.07095526727409229,0.7582866880906818,0.053804434623860586,0.24171331190931822
4.0,2.0180000000000002,0.07067201309105399,0.7583806711061761,0.053596288716417986,0.24161932889382387
4.0,2.02,0.07038988966173224,0.7584747109866471,0.05338895121756434,0.2415252890133529
4.0,2.0220000000000002,0.07010889247214602,0.7585688073003624,0.05318241894374516,0.24143119269963764
4.0,2.024,0.0698290170263345,0.7586629596173935,0.05297668872437229,0.2413370403826065
4.0,2.0260000000000002,0.0695502588462844,0.7587571675096086,0.052771757401766844,0.24124283249039136
4.0,2.028,0.06927261347185908,0.7588514305506654,0.052567621831103556,0.2411485694493346
4.0,2.0300000000000002,0.06899607646072649,0.7589457483160029,0.05236427888035422,0.24105425168399708
4.0,2.032,0.06872064338828872,0.7590401203828354,0.05216172543023257,0.24095987961716459
4.0,2.0340000000000003,0.0684463098476106,0.7591345463301442,0.05195995837413836,0.2408654536698558
4.0,2.036,0.0681730714493498,0.759229025738671,0.05175897461810265,0.24077097426132898
4.0,2.0380000000000003,0.06790092382168597,0.7593235581909105,0.05155877108073255,0.24067644180908954
4.0,2.04,0.06762986261025143,0.7594181432711031,0.05135934469315694,0.24058185672889687
4.0,2.0420000000000003,0.06735988347806088,0.7595127805652284,0.05116069239897181,0.24048721943477158
4.0,2.044,0.0670909821054426,0.7596074696609972,0.0509628111541865,0.24039253033900276
4.0,2.0460000000000003,0.06682315418996881,0.7597022101478452,0.050765697927169555,0.24029778985215478
4.0,2.048,0.06655639544638721,0.7597970016169255,0.050569349698595396,0.24020299838307446
4.0,2.05,0.06629070160655223,0.7598918436611021,0.050373763461390955,0.24010815633889793
4.0,2.052,0.06602606841935668,0.7599867358749421,0.05017893622068249,0.24001326412505786
4.0,2.054,0.06576249165066406,0.7600816778547099,0.04998486499374309,0.23991832214529007
4.0,2.056,0.06549996708324035,0.7601766691983592,0.04979154680993982,0.23982333080164076
4.0,2.058,0.06523849051668698,0.760271709505527,0.049598978710681724,0.23972829049447297
4.0,2.06,0.06497805776737321,0.760366798377526,0.049407157749367506,0.23963320162247403
4.0,2.062,0.06471866466836963,0.7604619354173383,0.04921608099133408,0.2395380645826617
4.0,2.064,0.06446030706938101,0.7605571202296085,0.049025745513804696,0.23944287977039147
4.0,2.066,0.0642029808366804,0.7606523524206369,0.04883614840583801,0.2393476475793631
4.0,2.068,0.06394668185304242,0.7607476315983726,0.04864728676827665,0.23925236840162745
4.0,2.07,0.06369140601767806,0.760842957372407,0.048459157713696896,0.23915704262759296
4.0,2.072,0.06343714924616836,0.7609383293539673,0.048271758366357644,0.23906167064603268
4.0,2.074,0.06318390747039969,0.7610337471559094,0.04808508586215053,0.23896625284409057
4.0,2.076,0.06293167663849812,0.7611292103927118,0.04789913734854954,0.23887078960728825
4.0,2.078,0.06268045271476509,0.7612247186804681,0.047713909984561445,0.23877528131953185
4.0,2.08,0.062430231679612355,0.761320271636882,0.04752940094067595,0.23867972836311802
4.0,2.082,0.06218100952949814,0.761415868881259,0.04734560739881667,0.238584131118741
4.0,2.084,0.06193278227686261,0.7615115100345012,0.04716252655229164,0.23848848996549876
4.0,2.086,0.06168554595006454,0.7616071947191003,0.04698015560574482,0.23839280528089968
4.0,2.088,0.06143929659331735,0.7617029225591312,0.0467984917751071,0.2382970774408688
4.0,2.09,0.06119403026662617,0.7617986931802455,0.046617532287548204,0.2382013068197545
4.0,2.092,0.06094974304572444,0.7618945062096653,0.0464372743814282,0.23810549379033474
4.0,2.094,0.060706431022011544,0.7619903612761765,0.046257715306249864,0.23800963872382352
4.0,2.096,0.0604640903024898,0.7620862580101231,0.04607885232261062,0.23791374198987691
4.0,2.098,0.06022271700970265,0.7621821960434001,0.04590068270215539,0.2378178039565999
4.0,2.1,0.05998230728167215,0.7622781750094478,0.04572320372752896,0.23772182499055217
4.0,2.102,0.05974285727183763,0.7623741945432453,0.04554641269232928,0.2376258054567547
4.0,2.104,0.05950436314899373,0.7624702542813042,0.045370306901060316,0.23752974571869578
4.0,2.106,0.059266821097229506,0.7625663538616627,0.04519488366908577,0.23743364613833728
4.0,2.108,0.05903022731586697,0.762662492923879,0.045020140322582364,0.237337507076121
4.0,2.11,0.05879457801940068,0.7627586711090254,0.04484607419849398,0.2372413288909746
4.0,2.112,0.05855986943743676,0.7628548880596823,0.04467268264448543,0.23714511194031773
4.0,2.114,0.05832609781463299,0.7629511434199316,0.04449996301889702,0.23704885658006836
4.0,2.116,0.05809325941063835,0.7630474368353514,0.044327912690698745,0.23695256316464863
4.0,2.118,0.0578613505000335,0.7631437679530091,0.044156529039445294,0.2368562320469909
4.0,2.12,0.05763036737227081,0.763240136421456,0.043985809455230604,0.23675986357854395
4.0,2.122,0.057400306331615435,0.7633365418907211,0.04381575133864339,0.2366634581092789
4.0,2.124,0.057171163697085726,0.7634329840123049,0.04364635210072211,0.23656701598769514
4.0,2.126,0.05694293580239471,0.7635294624391739,0.043477609162910824,0.23647053756082614
4.0,2.128,0.056715618995891136,0.7636259768257543,0.043309519957014674,0.23637402317424572
4.0,2.13,0.056489209640501366,0.7637225268279263,0.04314208192515616,0.2362774731720737
4.0,2.132,0.05626370411367075,0.7638191121030181,0.04297529251973092,0.23618088789698188
4.0,2.134,0.05603909880730618,0.7639157323098001,0.04280914920336455,0.23608426769019986
4.0,2.136,0.055815390127717864,0.7640123871084793,0.042643649448868774,0.2359876128915207
4.0,2.138,0.05559257449556225,0.7641090761606931,0.04247879073919858,0.23589092383930688
4.0,2.14,0.055370648345784375,0.7642057991295038,0.042314570567408887,0.23579420087049618
4.0,2.142,0.05514960812756121,0.7643025556793926,0.04215098643661203,0.23569744432060735
4.0,2.144,0.05492945030424447,0.7643993454762543,0.04198803585993491,0.23560065452374568
4.0,2.146,0.05471017135330435,0.7644961681873912,0.04182571636047676,0.2355038318126088
4.0,2.148,0.054491767766272896,0.7645930234815076,0.04166402547126675,0.2354069765184924
4.0,2.15,0.05427423604868815,0.7646899110287041,0.04150296073522222,0.2353100889712959
4.0,2.152,0.054057572720037875,0.764786830500472,0.041342519705106544,0.23521316949952797
4.0,2.154,0.053841774313704314,0.7648837815696876,0.041182699943487826,0.23511621843031238
4.0,2.156,0.053626837376908265,0.7649807639106068,0.04102349902269716,0.23501923608939324
4.0,2.158,0.053412758470654235,0.7650777771988593,0.04086491452478769,0.23492222280114072
4.0,2.16,0.05319953416967508,0.7651748211114433,0.04070694404149324,0.2348251788885567
4.0,2.162,0.05298716106237753,0.7652718953267199,0.04054958517418783,0.2347281046732801
4.0,2.164,0.052775635750787246,0.7653689995244075,0.04039283553384459,0.2346310004755925
4.0,2.166,0.052564954850494824,0.7654661333855766,0.04023669274099568,0.23453386661442344
4.0,2.168,0.05235511499060127,0.7655632965926438,0.04008115442569165,0.23443670340735623
4.0,2.17,0.05214611281366445,0.7656604888293671,0.039926218227461646,0.2343395111706329
4.0,2.172,0.05193794497564498,0.7657577097808401,0.03977188179527319,0.23424229021915988
4.0,2.174,0.05173060814585312,0.7658549591334868,0.03961814278749276,0.23414504086651322
4.0,2.176,0.051524099006895044,0.7659522365750557,0.03946499887184587,0.23404776342494427
4.0,2.178,0.051318414254620255,0.7660495417946154,0.039312447725378105,0.23395045820538463
4.0,2.18,0.05111355059806822,0.7661468744825485,0.03916048703441556,0.23385312551745152
4.0,2.182,0.05090950475941617,0.7662442343305467,0.03900911449452617,0.23375576566945333
4.0,2.184,0.05070627347392623,0.7663416210316053,0.038858327810480514,0.2336583789683947
4.0,2.186,0.050503853489893585,0.7664390342800184,0.038708124696213576,0.23356096571998164
4.0,2.188,0.0503022415685941,0.7665364737713731,0.038558502874785905,0.23346352622862687
4.0,2.19,0.05010143448423282,0.7666339392025449,0.03840946007834563,0.23336606079745514
4.0,2.192,0.04990142902389202,0.7667314302716917,0.03826099404809003,0.23326856972830834
4.0,2.194,0.04970222198748015,0.7668289466782495,0.038113102534227936,0.23317105332175048
4.0,2.196,0.04950381018768032,0.766926488122927,0.03796578329594164,0.23307351187707304
4.0,2.198,0.04930619044989955,0.7670240543077,0.037819034101349555,0.23297594569229996
4.0,2.2,0.04910935961221776,0.7671216449358073,0.037672852727468585,0.23287835506419274
4.0,2.202,0.04891331452533743,0.7672192597117444,0.0375272369601771,0.23278074028825557
4.0,2.204,0.048718052052532906,0.7673168983412596,0.03738218459417759,0.2326831016587404
4.0,2.206,0.048523569069600536,0.7674145605313482,0.03723769343296001,0.23258543946865184
4.0,2.208,0.04832986246480836,0.7675122459902477,0.037093761288764834,0.2324877540097523
4.0,2.21,0.04813692913884667,0.7676099544274332,0.03695038598254667,0.23239004557256682
4.0,2.212,0.04794476600477803,0.7677076855536117,0.03680756534393762,0.23229231444638831
4.0,2.214,0.047753369987988306,0.7678054390807179,0.03666529721121133,0.23219456091928214
4.0,2.216,0.04756273802613704,0.7679032147219087,0.0365235794312466,0.2320967852780913
4.0,2.218,0.04737286706910887,0.7680010121915587,0.036382409859491774,0.2319989878084413
4.0,2.22,0.04718375407896436,0.768098831205255,0.03624178635992871,0.23190116879474498
4.0,2.222,0.046995396029891695,0.7681966714797926,0.036101706805037465,0.23180332852020735
4.0,2.224,0.046807789908158,0.7682945327331695,0.03596216907576062,0.2317054672668305
4.0,2.226,0.04662093271206142,0.7683924146845816,0.035823171061468276,0.23160758531541836
4.0,2.228,0.04643482145188274,0.7684903170544184,0.035684710659922673,0.2315096829455816
4.0,2.23,0.04624945314983791,0.7685882395642576,0.035546785777243524,0.2314117604357424
4.0,2.232,0.04606482484003006,0.7686861819368609,0.035409394327872976,0.2313138180631391
4.0,2.234,0.04588093356840238,0.7687841438961691,0.03527253423454123,0.23121585610383089
4.0,2.236,0.045697776392690515,0.7688821251672971,0.03513620342823182,0.23111787483270285
4.0,2.238,0.045515350382375835,0.7689801254765296,0.03500039984814758,0.2310198745234704
4.0,2.24,0.045333652618638205,0.769078144551316,0.034865121441676174,0.23092185544868404
4.0,2.242,0.045152680194309604,0.7691761821202661,0.034730366164356416,0.23082381787973394
4.0,2.244,0.044972430213827304,0.7692742379131453,0.03459613197984411,0.2307257620868547
4.0,2.246,0.04479289979318785,0.76937231166087,0.03446241685987864,0.23062768833913005
4.0,2.248,0.044614086059900616,0.7694704030955027,0.034329218784249174,0.23052959690449726
4.0,2.25,0.04443598615294211,0.7695685119502482,0.034196535740761494,0.23043148804975178
4.0,2.2520000000000002,0.044258597222709965,0.7696666379594481,0.03406436572520455,0.23033336204055188
4.0,2.254,0.044081916430977586,0.7697647808585767,0.03393270674131755,0.2302352191414233
4.0,2.2560000000000002,0.04390594095084845,0.7698629403842366,0.03380155680075686,0.23013705961576336
4.0,2.258,0.04373066796671121,0.769961116274154,0.03367091392306335,0.23003888372584602
4.0,2.2600000000000002,0.04355609467419431,0.770059308267174,0.033540776135629606,0.22994069173282605
4.0,2.262,0.043382218280121405,0.7701575161032564,0.03341114147366759,0.22984248389674355
4.0,2.2640000000000002,0.043209036002466415,0.7702557395234716,0.033282007980176075,0.2297442604765284
4.0,2.266,0.043036545070309275,0.7703539782699952,0.0331533737059087,0.2296460217300048
4.0,2.2680000000000002,0.042864742723791316,0.7704522320861045,0.03302523670934163,0.22954776791389553
4.0,2.27,0.04269362621407141,0.7705505007161735,0.03289759505664187,0.22944949928382652
4.0,2.2720000000000002,0.04252319280328167,0.7706487839056688,0.03277044682163531,0.22935121609433118
4.0,2.274,0.042353439764483976,0.7707470814011453,0.03264379008577524,0.22925291859885466
4.0,2.2760000000000002,0.04218436438162599,0.7708453929502417,0.03251762293811066,0.22915460704975832
4.0,2.278,0.04201596394949807,0.7709437183016759,0.0323919434752552,0.22905628169832415
4.0,2.2800000000000002,0.04184823577368963,0.7710420572052412,0.032266749801355625,0.22895794279475878
4.0,2.282,0.04168117717054635,0.771140409411802,0.03214204002806096,0.22885959058819805
4.0,2.2840000000000003,0.04151478546712695,0.7712387746732889,0.03201781227449145,0.22876122532671106
4.0,2.286,0.0413490580011607,0.7713371527426952,0.03189406466720785,0.2286628472573048
4.0,2.2880000000000003,0.04118399212100453,0.771435543374072,0.03177079534018063,0.22856445662592795
4.0,2.29,0.04101958518560091,0.7715339463225246,0.03164800243475963,0.2284660536774754
4.0,2.2920000000000003,0.0408558345644353,0.7716323613442075,0.0315256840996435,0.22836763865579246
4.0,2.294,0.04069273763749432,0.7717307881963212,0.0314038384908496,0.22826921180367876
4.0,2.2960000000000003,0.04053029179522362,0.7718292266371073,0.03128246377168374,0.2281707733628927
4.0,2.298,0.04036849443848632,0.7719276764258445,0.03116155811271037,0.22807232357415552
4.0,2.3000000000000003,0.04020734297852117,0.7720261373228444,0.031041119691722487,0.22797386267715558
4.0,2.302,0.04004683483690147,0.7721246090894478,0.030921146693712227,0.2278753909105522
4.0,2.3040000000000003,0.039886967445493436,0.77222309148802,0.030801637310840953,0.22777690851197996
4.0,2.306,0.039727738246415484,0.7723215842819473,0.03068258974241012,0.2276784157180527
4.0,2.308,0.039569144691996995,0.7724200872356323,0.030564002194831675,0.22757991276436773
4.0,2.31,0.03941118424473767,0.7725186001144903,0.030445872881598997,0.22748139988550975
4.0,2.312,0.039253854377267056,0.7726171226849451,0.03032820002325791,0.2273828773150549
4.0,2.314,0.03909715257230385,0.7727156547144252,0.030210981847377544,0.22728434528557484
4.0,2.316,0.038941076322615904,0.7728141959713593,0.030094216588521745,0.22718580402864075
4.0,2.318,0.038785623130979816,0.7729127462251727,0.02997790248822019,0.2270872537748273
4.0,2.32,0.03863079051014128,0.7730113052462835,0.029862037794940052,0.22698869475371652
4.0,2.322,0.038476575982774985,0.773109872806098,0.029746620764057333,0.226890127193902
4.0,2.324,0.03832297708144528,0.7732084486770074,0.02963164965782882,0.22679155132299256
4.0,2.326,0.03816999134856639,0.7733070326323835,0.029517122745363628,0.22669296736761646
4.0,2.328,0.0380176163363634,0.773405624446575,0.029403038302595448,0.226594375553425
4.0,2.33,0.03786584960683279,0.7735042238949034,0.02928939461225433,0.22649577610509664
4.0,2.332,0.03771468873170372,0.7736028307536592,0.02917618996383913,0.2263971692463408
4.0,2.334,0.037564131292398904,0.7737014448000983,0.029063422653589615,0.22629855519990172
4.0,2.336,0.03741417487999616,0.7738000658124378,0.028951090984459086,0.22619993418756223
4.0,2.338,0.03726481709518962,0.7738986935698522,0.02883919326608674,0.2261013064301478
4.0,2.34,0.03711605554825163,0.7739973278524699,0.0287277278147706,0.22600267214753011
4.0,2.342,0.03696788785899416,0.774095968441369,0.02861669295344001,0.22590403155863104
4.0,2.344,0.036820311656731115,0.7741946151185738,0.02850608701162888,0.2258053848814262
4.0,2.346,0.03667332458024005,0.774293267667051,0.02839590832544845,0.22570673233294902
4.0,2.348,0.036526924277724644,0.7743919258707057,0.028286155237560624,0.2256080741292943
4.0,2.35,0.0363811084067769,0.7744905895143781,0.028176826097151136,0.2255094104856219
4.0,2.352,0.03623587463433981,0.7745892583838394,0.02806791925990305,0.2254107416161606
4.0,2.354,0.036091220636669884,0.7746879322657881,0.027959433087970133,0.22531206773421186
4.0,2.356,0.0359471440993001,0.7747866109478467,0.027851365949950614,0.22521338905215327
4.0,2.358,0.03580364271700275,0.7748852942185575,0.02774371622086079,0.22511470578144255
4.0,2.36,0.035660714193752704,0.7749839818673793,0.02763648228210904,0.22501601813262073
4.0,2.362,0.035518356242690494,0.7750826736846836,0.02752966252146962,0.22491732631531636
4.0,2.364,0.035376566586085914,0.7751813694617512,0.02742325533305691,0.2248186305382488
4.0,2.366,0.035235342955301376,0.7752800689907681,0.027317259117299424,0.22471993100923193
4.0,2.368,0.035094683090755835,0.7753787720648224,0.027211672280914347,0.22462122793517758
4.0,2.37,0.0349545847418884,0.7754774784779005,0.02710649323688171,0.2245225215220995
4.0,2.372,0.03481504566712256,0.7755761880248834,0.027001720404419147,0.22442381197511663
4.0,2.374,0.034676063633830086,0.7756749005015434,0.02689735220895634,0.22432509949845658
4.0,2.376,0.03453763641829553,0.7757736157045404,0.026793387082109932,0.2242263842954596
4.0,2.378,0.03439976180568043,0.7758723334314184,0.026689823461658258,0.22412766656858163
4.0,2.38,0.03426243758998813,0.7759710534806019,0.026586659791516462,0.2240289465193981
4.0,2.382,0.034125661574028146,0.7760697756513927,0.026483894521711376,0.22393022434860732
4.0,2.384,0.033989431569381404,0.7761684997439658,0.026381526108356954,0.22383150025603415
4.0,2.386,0.03385374539636484,0.7762672255593668,0.02627955301362932,0.22373277444063322
4.0,2.388,0.03371860088399686,0.7763659528995076,0.026177973705742406,0.2236340471004924
4.0,2.39,0.03358399586996232,0.7764646815671635,0.02607678665892323,0.22353531843283647
4.0,2.392,0.03344992820057818,0.7765634113659695,0.02597599035338774,0.2234365886340305
4.0,2.394,0.03331639573075883,0.7766621421004171,0.02587558327531634,0.22333785789958294
4.0,2.396,0.03318339632398194,0.7767608735758504,0.025775563916829877,0.22323912642414956
4.0,2.398,0.033050927852254115,0.7768596055984637,0.02567593077596541,0.22314039440153632
4.0,2.4,0.03291898819607704,0.7769583379752968,0.02557668235665243,0.2230416620247032
4.0,2.402,0.03278757524441334,0.7770570705142328,0.025477817168688813,0.22294292948576722
4.0,2.404,0.03265668689465305,0.7771558030239942,0.02537933372771724,0.22284419697600577
4.0,2.406,0.03252632105257972,0.7772545353141397,0.02528123055520137,0.22274546468586032
4.0,2.408,0.032396475632337156,0.7773532671950606,0.025183506178402454,0.2226467328049394
4.0,2.41,0.03226714855639579,0.7774519984779779,0.02508615913035571,0.22254800152202214
4.0,2.412,0.03213833775551973,0.7775507289749387,0.024989187949847166,0.2224492710250613
4.0,2.414,0.03201004116873334,0.7776494584988133,0.024892591181390204,0.22235054150118672
4.0,2.416,0.03188225674328857,0.7777481868632914,0.02479636737520263,0.2222518131367086
4.0,2.418,0.031754982434631804,0.7778469138828793,0.024700515087183388,0.2221530861171207
4.0,2.42,0.03162821620637146,0.7779456393728964,0.024605032878889852,0.2220543606271036
4.0,2.422,0.031501956030245123,0.778044363149472,0.024509919317514735,0.221955636850528
4.0,2.424,0.03137619988608735,0.7781430850295422,0.02441517297586358,0.22185691497045779
4.0,2.426,0.031250945761797065,0.7782418048308467,0.024320792432331848,0.2217581951691533
4.0,2.428,0.0311261916533057,0.7783405223719254,0.024226776270882624,0.22165947762807459
4.0,2.43,0.031001935564544777,0.7784392374721155,0.024133123081023895,0.22156076252788448
4.0,2.432,0.030878175507414285,0.778537949951548,0.024039831457786418,0.22146205004845199
4.0,2.434,0.03075490950175062,0.7786366596311449,0.023946900001701264,0.22136334036885508
4.0,2.436,0.030632135575295115,0.778735366332616,0.0238543273187778,0.22126463366738403
4.0,2.438,0.030509851763662266,0.7788340698784554,0.023762112020481452,0.22116593012154462
4.0,2.44,0.030388056110308544,0.7789327700919388,0.023670252723711902,0.22106722990806116
4.0,2.442,0.030266746666500838,0.7790314667971204,0.023578748050781004,0.22096853320287957
4.0,2.444,0.03014592149128551,0.7791301598188296,0.02348759662939117,0.2208698401811704
4.0,2.446,0.03002557865145713,0.7792288489826679,0.023396797092613504,0.22077115101733213
4.0,2.448,0.02990571622152774,0.7793275341150058,0.02330634807886634,0.22067246588499423
4.0,2.45,0.02978633228369586,0.7794262150429803,0.023216248231893596,0.22057378495701974
4.0,2.452,0.02966742492781598,0.779524891594491,0.023126496200743453,0.220475108405509
4.0,2.454,0.029548992251367832,0.779623563598198,0.02303709063974693,0.22037643640180204
4.0,2.456,0.029431032359426103,0.7797222308835179,0.022948030208496725,0.22027776911648211
4.0,2.458,0.029313543364629966,0.7798208932806215,0.022859313571825978,0.22017910671937846
4.0,2.46,0.02919652338715304,0.7799195506204308,0.022770939399787297,0.22008044937956917
4.0,2.462,0.029079970554673144,0.7800182027346156,0.02268290636763169,0.21998179726538436
4.0,2.464,0.028963883002342518,0.7801168494555908,0.02259521315578778,0.2198831505444092
4.0,2.466,0.028848258872757798,0.7802154906165133,0.02250785844984091,0.2197845093834867
4.0,2.468,0.0287330963159305,0.7803141260512794,0.022420840940512544,0.21968587394872063
4.0,2.47,0.028618393489257203,0.7804127555945214,0.022334159323639524,0.2195872444054786
4.0,2.472,0.02850414855749028,0.7805113790816051,0.022247812300153682,0.21948862091839494
4.0,2.474,0.028390359692708343,0.7806099963486265,0.02216179857606125,0.2193900036513735
4.0,2.476,0.028277025074287174,0.7807086072324092,0.022076116862422654,0.2192913927675908
4.0,2.478,0.02816414288887041,0.7808072115705015,0.021990765875332073,0.21919278842949852
4.0,2.48,0.028051711330340734,0.7809058092011734,0.021905744335897454,0.21909419079882664
4.0,2.482,0.02793972859979075,0.7810043999634136,0.0218210509702202,0.21899560003658636
4.0,2.484,0.02782819290549443,0.7811029836969271,0.02173668450937536,0.2188970163030729
4.0,2.486,0.027717102462878247,0.7812015602421319,0.021652643689391526,0.21879843975786806
4.0,2.488,0.02760645549449279,0.7813001294401565,0.021568927251231135,0.21869987055984352
4.0,2.49,0.027496250229984157,0.7813986911328368,0.02148553394077058,0.21860130886716322
4.0,2.492,0.02738648490606582,0.7814972451627136,0.021402462508780674,0.21850275483728643
4.0,2.494,0.027277157766490194,0.7815957913730296,0.021319711710906884,0.2184042086269704
4.0,2.496,0.02716826706202077,0.7816943296077266,0.021237280307650003,0.21830567039227344
4.0,2.498,0.027059811050403903,0.7817928597114427,0.021155167064346565,0.21820714028855726
4.0,2.5,0.026951787996341146,0.7818913815295101,0.021073370751149647,0.2181086184704899
4.0,2.5020000000000002,0.026844196171461273,0.7819898949079512,0.020991890143009426,0.21801010509204877
4.0,2.504,0.026737033854292845,0.7820883996934772,0.020910724019654214,0.2179116003065228
4.0,2.5060000000000002,0.026630299330236452,0.7821868957334842,0.020829871165571133,0.2178131042665158
4.0,2.508,0.02652399089153748,0.7822853828760513,0.020749330369987294,0.21771461712394868
4.0,2.5100000000000002,0.026418106837258596,0.7823838609699375,0.020669100426850686,0.2176161390300625
4.0,2.512,0.026312645473252714,0.7824823298645792,0.020589180134811456,0.21751767013542078
4.0,2.5140000000000002,0.026207605112135716,0.7825807894100872,0.020509568297203008,0.21741921058991276
4.0,2.516,0.026102984073259634,0.7826792394572446,0.020430263722023417,0.2173207605427554
4.0,2.5180000000000002,0.02599878068268556,0.7827776798575034,0.02035126522191668,0.21722232014249665
4.0,2.52,0.02589499327315708,0.7828761104629823,0.020272571614154307,0.21712388953701767
4.0,2.5220000000000002,0.02579162018407337,0.7829745311264642,0.020194181720616697,0.2170254688735358
4.0,2.524,0.025688659761462847,0.7830729417013932,0.02011609436777492,0.2169270582986068
4.0,2.5260000000000002,0.025586110357956514,0.7831713420418721,0.020038308386672248,0.2168286579581279
4.0,2.528,0.02548397033276176,0.78326973200266,0.019960822612906045,0.21673026799733996
4.0,2.5300000000000002,0.02538223805163597,0.7833681114391694,0.019883635886609494,0.2166318885608306
4.0,2.532,0.02528091188686052,0.7834664802074637,0.01980674705243364,0.21653351979253632
4.0,2.5340000000000003,0.025179990217214558,0.7835648381642546,0.01973015495952924,0.2164351618357454
4.0,2.536,0.02507947142794927,0.7836631851668998,0.01965385846152898,0.2163368148331002
4.0,2.5380000000000003,0.024979353910761833,0.7837615210734,0.01957785641652948,0.21623847892659998
4.0,2.54,0.02487963606376989,0.7838598457423969,0.01950214768707364,0.21614015425760313
4.0,2.5420000000000003,0.024780316291485704,0.7839581590331699,0.0194267311401328,0.2160418409668301
4.0,2.544,0.02468139300479085,0.7840564608056343,0.019351605647089255,0.2159435391943657
4.0,2.5460000000000003,0.024582864620910586,0.7841547509203385,0.01927677008371854,0.21584524907966152
4.0,2.548,0.024484729563388718,0.7842530292384614,0.019202223330172113,0.2157469707615386
4.0,2.5500000000000003,0.02438698626206218,0.7843512956218099,0.019127964270959752,0.21564870437819006
4.0,2.552,0.024289633153036116,0.7844495499328168,0.019053991794932407,0.2155504500671832
4.0,2.5540000000000003,0.024192668678658654,0.7845477920345377,0.018980304795264764,0.21545220796546227
4.0,2.556,0.024096091287496183,0.784646021790649,0.0189069021694382,0.21535397820935098
4.0,2.5580000000000003,0.02399989943430834,0.7847442390654453,0.018833782819223512,0.21525576093455467
4.0,2.56,0.02390409158002347,0.7848424437238368,0.01876094565066401,0.21515755627616318
4.0,2.562,0.023808666191713828,0.7849406356313473,0.018688389574058422,0.2150593643686527
4.0,2.564,0.02371362174257115,0.7850388146541112,0.018616113503944015,0.21496118534588882
4.0,2.566,0.023618956711882272,0.7851369806588714,0.01854411635907983,0.2148630193411286
4.0,2.568,0.02352466958500463,0.785235133512977,0.01847239706242978,0.21476486648702298
4.0,2.57,0.023430758853342226,0.7853332730843806,0.01840095454114608,0.2146667269156194
4.0,2.572,0.023337223014321316,0.7854313992416361,0.018329787726552502,0.21456860075836393
4.0,2.574,0.023244060571366517,0.7855295118538962,0.018258895554127935,0.2144704881461038
4.0,2.576,0.02315127003387671,0.7856276107909103,0.018188276963489753,0.21437238920908974
4.0,2.578,0.02305884991720136,0.7857256959230217,0.018117930898377547,0.21427430407697834
4.0,2.58,0.022966798742616583,0.7858237671211656,0.018047856306636613,0.21417623287883436
4.0,2.582,0.022875115037301667,0.7859218242568667,0.01797805214020181,0.21407817574313326
4.0,2.584,0.022783797334315334,0.7860198672022367,0.017908517355081213,0.2139801327977633
4.0,2.586,0.022692844172572425,0.7861178958299722,0.01783925091134008,0.21388210417002784
4.0,2.588,0.02260225409682037,0.7862159100133519,0.01777025177308464,0.2137840899866481
4.0,2.59,0.022512025657616067,0.7863139096262352,0.017701518908446207,0.21368609037376485
4.0,2.592,0.02242215741130252,0.7864118945430589,0.017633051289565105,0.21358810545694107
4.0,2.594,0.02233264791998591,0.7865098646388358,0.017564847892574897,0.21349013536116423
4.0,2.596,0.022243495751512438,0.7866078197891515,0.017496907697586453,0.2133921802108485
4.0,2.598,0.022154699479445535,0.786705759870163,0.017429229688672304,0.213294240129837
4.0,2.6,0.022066257683042916,0.7868036847585959,0.01736181285385084,0.21319631524140414
4.0,2.602,0.021978168947233995,0.7869015943317421,0.01729465618507082,0.21309840566825788
4.0,2.604,0.021890431862597072,0.7869994884674583,0.017227758678195645,0.21300051153254174
4.0,2.606,0.02180304502533697,0.7870973670441627,0.017161119332988056,0.21290263295583733
4.0,2.608,0.021716007037262383,0.7871952299408336,0.017094737153094522,0.21280477005916643
4.0,2.61,0.021629316505763694,0.7872930770370067,0.017028611146030017,0.21270692296299332
4.0,2.612,0.021542972043790496,0.7873909082127732,0.016962740323162584,0.21260909178722676
4.0,2.614,0.0214569722698296,0.7874887233487775,0.016897123699698233,0.2125112766512225
4.0,2.616,0.021371315807882756,0.7875865223262148,0.01683176029466564,0.21241347767378516
4.0,2.618,0.021286001287444782,0.7876843050268293,0.016766649130901135,0.2123156949731707
4.0,2.62,0.02120102734348148,0.7877820713329116,0.016701789235033536,0.21221792866708844
4.0,2.622,0.021116392616407985,0.7878798211272969,0.016637179637469298,0.21212017887270307
4.0,2.624,0.021032095752066823,0.7879775542933628,0.01657281937237744,0.2120224457066372
4.0,2.626,0.02094813540170639,0.7880752707150269,0.016508707477674803,0.21192472928497308
4.0,2.628,0.020864510221959263,0.7881729702767448,0.016444842995011137,0.21182702972325518
4.0,2.63,0.020781218874820814,0.7882706528635081,0.01638122496975446,0.21172934713649194
4.0,2.632,0.02069826002762768,0.788368318360842,0.01631785245097627,0.21163168163915802
4.0,2.634,0.020615632353036564,0.7884659666548036,0.016254724491437018,0.21153403334519638
4.0,2.636,0.02053333452900288,0.7885635976319794,0.016191840147571454,0.21143640236802064
4.0,2.638,0.020451365238759726,0.7886612111794831,0.016129198479474225,0.21133878882051693
4.0,2.64,0.020369723170796668,0.7887588071849542,0.016066798550885303,0.21124119281504583
4.0,2.642,0.020288407018838914,0.7888563855365551,0.01600463942917574,0.21114361446344487
4.0,2.644,0.020207415481826266,0.7889539461229697,0.01594272018533322,0.21104605387703035
4.0,2.646,0.020126747263892433,0.7890514888334007,0.015881039893947898,0.2109485111665993
4.0,2.648,0.02004640107434418,0.7891490135575683,0.015819597633198085,0.21085098644243172
4.0,2.65,0.019966375627640785,0.7892465201857073,0.015758392484836205,0.2107534798142927
4.0,2.652,0.019886669643373368,0.7893440086085657,0.01569742353417461,0.21065599139143432
4.0,2.654,0.01980728184624451,0.7894414787174024,0.015636689870071628,0.21055852128259755
4.0,2.656,0.019728210966047734,0.7895389304039855,0.015576190584917505,0.21046106959601452
4.0,2.658,0.019649455737647297,0.7896363635605894,0.015515924774620571,0.21036363643941058
4.0,2.66,0.01957101490095783,0.7897337780799941,0.01545589153859329,0.21026622192000588
4.0,2.662,0.019492887200924316,0.7898311738554821,0.015396089979738554,0.21016882614451793
4.0,2.664,0.01941507138750185,0.7899285507808367,0.015336519204435824,0.21007144921916332
4.0,2.666,0.019337566215635784,0.7900259087503405,0.015277178322527543,0.2099740912496595
4.0,2.668,0.01926037044524169,0.7901232476587728,0.015218066447305409,0.20987675234122716
4.0,2.67,0.019183482841185623,0.7902205674014081,0.015159182695496879,0.2097794325985919
4.0,2.672,0.01910690217326425,0.7903178678740137,0.01510052618725156,0.2096821321259863
4.0,2.674,0.019030627216185276,0.790415148972848,0.015042096046127822,0.20958485102715196
4.0,2.676,0.01895465674954773,0.7905124105946586,0.014983891399079291,0.2094875894053414
4.0,2.678,0.018878989557822558,0.7906096526366801,0.014925911376441604,0.20939034736331985
4.0,2.68,0.018803624430333052,0.7907068749966327,0.014868155111918985,0.20929312500336728
4.0,2.682,0.01872856016123559,0.7908040775727196,0.014810621742571096,0.20919592242728036
4.0,2.684,0.018653795549500234,0.7909012602636257,0.014753310408799748,0.20909873973637427
4.0,2.686,0.018579329398891634,0.7909984229685151,0.014696220254335852,0.20900157703148492
4.0,2.688,0.018505160517949756,0.7910955655870295,0.01463935042622623,0.20890443441297046
4.0,2.69,0.018431287719970962,0.7911926880192868,0.014582700074820697,0.20880731198071323
4.0,2.692,0.01835770982298887,0.7912897901658781,0.014526268353758942,0.20871020983412192
4.0,2.694,0.0182844256497556,0.7913868719278667,0.014470054419957737,0.20861312807213328
4.0,2.696,0.01821143402772277,0.7914839332067862,0.014414057433597922,0.20851606679321377
4.0,2.698,0.018138733789022914,0.7915809739046381,0.014358276558111725,0.2084190260953619
4.0,2.7,0.018066323770450622,0.7916779939238904,0.014302710960169844,0.20832200607610962
4.0,2.702,0.017994202813444098,0.7917749931674755,0.014247359809668868,0.20822500683252454
4.0,2.704,0.01792236976406644,0.7918719715387885,0.014192222279718463,0.20812802846121148
4.0,2.706,0.017850823472987373,0.7919689289416856,0.01413729754662891,0.20803107105831442
4.0,2.708,0.017779562795464672,0.7920658652804815,0.014082584789898381,0.2079341347195185
4.0,2.71,0.01770858659132601,0.7921627804599486,0.014028083192200577,0.2078372195400514
4.0,2.712,0.01763789372495058,0.7922596743853143,0.013973791939372125,0.2077403256146857
4.0,2.714,0.01756748306525104,0.7923565469622598,0.013919710220400288,0.20764345303774023
4.0,2.716,0.017497353485655304,0.7924533980969177,0.013865837227410494,0.20754660190308227
4.0,2.718,0.017427503864088627,0.7925502276958711,0.013812172155654116,0.20744977230412887
4.0,2.72,0.01735793308295555,0.792647035666151,0.013758714203496131,0.20735296433384898
4.0,2.722,0.01728864002912212,0.7927438219152348,0.013705462572402986,0.20725617808476515
4.0,2.724,0.01721962359389796,0.7928405863510447,0.01365241646693034,0.2071594136489553
4.0,2.726,0.01715088267301867,0.7929373288819456,0.013599575094711068,0.20706267111805443
4.0,2.728,0.01708241616662802,0.7930340494167435,0.013546937666443062,0.2069659505832565
4.0,2.73,0.017014222979260474,0.793130747864684,0.013494503395877351,0.20686925213531604
4.0,2.732,0.01694630201982356,0.7932274241354501,0.013442271499806018,0.2067725758645499
4.0,2.734,0.01687865220158049,0.7933240781391608,0.01339024119805036,0.20667592186083916
4.0,2.736,0.01681127244213271,0.7934207097863695,0.013338411713448968,0.20657929021363053
4.0,2.738,0.016744161663402667,0.7935173189880615,0.013286782271845965,0.20648268101193845
4.0,2.74,0.016677318791616425,0.7936139056556534,0.013235352102079132,0.20638609434434663
4.0,2.742,0.016610742757286648,0.7937104697009904,0.013184120435968309,0.20628953029900965
4.0,2.744,0.016544432495195337,0.7938070110363451,0.013133086508303592,0.2061929889636549
4.0,2.746,0.01647838694437691,0.7939035295744159,0.013082249556833804,0.2060964704255841
4.0,2.748,0.01641260504810112,0.794000025228325,0.013031608822254825,0.20599997477167498
4.0,2.75,0.016347085753856246,0.794096497911617,0.01298116354819813,0.20590350208838304
4.0,2.7520000000000002,0.016281828013332163,0.7941929475382568,0.01293091298121923,0.20580705246174325
4.0,2.754,0.01621683078240365,0.7942893740226284,0.012880856370786287,0.20571062597737155
4.0,2.7560000000000002,0.0161520930211136,0.7943857772795332,0.01283099296926865,0.2056142227204668
4.0,2.758,0.01608761369365648,0.7944821572241877,0.012781322031925583,0.2055178427758123
4.0,2.7600000000000002,0.01602339176836165,0.7945785137722228,0.012731842816894868,0.20542148622777723
4.0,2.762,0.015959426217676955,0.7946748468396815,0.012682554585181631,0.20532515316031852
4.0,2.7640000000000002,0.015895716018152203,0.7947711563430174,0.01263345660064705,0.20522884365698257
4.0,2.766,0.01583226015042286,0.7948674421990933,0.01258454812999725,0.20513255780090667
4.0,2.7680000000000002,0.01576905759919367,0.7949637043251794,0.01253582844277212,0.20503629567482062
4.0,2.77,0.015706107353222483,0.7950599426389514,0.01248729681133428,0.2049400573610486
4.0,2.7720000000000002,0.015643408405303996,0.7951561570584896,0.012438952510858001,0.20484384294151037
4.0,2.774,0.015580959752253737,0.7952523475022766,0.012390794819318275,0.20474765249772342
4.0,2.7760000000000002,0.015518760394891893,0.7953485138891959,0.012342823017479779,0.20465148611080408
4.0,2.778,0.01545680933802745,0.7954446561385307,0.012295036388886075,0.20455534386146934
4.0,2.7800000000000002,0.015395105590442146,0.7955407741699616,0.012247434219848648,0.2044592258300384
4.0,2.782,0.01533364816487473,0.7956368679035658,0.01220001579943619,0.2043631320964342
4.0,2.7840000000000003,0.015272436078005058,0.7957329372598149,0.012152780419463731,0.20426706274018513
4.0,2.786,0.015211468350438458,0.7958289821595735,0.012105727374482005,0.20417101784042646
4.0,2.7880000000000003,0.015150744006689965,0.795925002524098,0.012058855961766674,0.20407499747590196
4.0,2.79,0.01509026207516881,0.7960209982750346,0.012012165481307771,0.20397900172496541
4.0,2.7920000000000003,0.015030021588162768,0.7961169693344178,0.011965655235799016,0.20388303066558222
4.0,2.794,0.014970021581822791,0.7962129156246691,0.011919324530627346,0.20378708437533088
4.0,2.7960000000000003,0.01491026109614747,0.7963088370685955,0.011873172673862313,0.20369116293140455
4.0,2.798,0.014850739174967787,0.7964047335893873,0.011827198976245698,0.20359526641061265
4.0,2.8000000000000003,0.014791454865931706,0.7965006051106177,0.011781402751180994,0.2034993948893823
4.0,2.802,0.014732407220489043,0.7965964515562401,0.011735783314723103,0.20340354844375985
4.0,2.8040000000000003,0.014673595293876188,0.7966922728505875,0.011690339985567906,0.20330772714941248
4.0,2.806,0.014615018145101084,0.7967880689183704,0.011645072085042037,0.2032119310816296
4.0,2.8080000000000003,0.014556674836928076,0.7968838396846756,0.011599978937092545,0.20311616031532442
4.0,2.81,0.014498564435863014,0.7969795850749647,0.011555059868276745,0.2030204149250353
4.0,2.8120000000000003,0.014440686012138217,0.7970753050150726,0.011510314207751962,0.20292469498492738
4.0,2.814,0.014383038639697695,0.7971709994312058,0.011465741287265463,0.20282900056879416
4.0,2.816,0.014325621396182245,0.7972666682499413,0.011421340441144292,0.2027333317500587
4.0,2.818,0.014268433362914735,0.7973623113982247,0.011377111006285237,0.20263768860177533
4.0,2.82,0.014211473624885439,0.7974579288033689,0.011333052322144847,0.20254207119663115
4.0,2.822,0.014154741270737306,0.7975535203930529,0.011289163730729374,0.20244647960694706
4.0,2.824,0.014098235392751486,0.7976490860953201,0.01124544457658492,0.20235091390467985
4.0,2.826,0.014041955086832699,0.7977446258385769,0.011201894206787452,0.20225537416142314
4.0,2.828,0.013985899452494876,0.7978401395515908,0.01115851197093303,0.20215986044840917
4.0,2.83,0.013930067592846646,0.7979356271634902,0.011115297221127899,0.2020643728365098
4.0,2.832,0.01387445861457709,0.7980310886037615,0.011072249311978791,0.20196891139623852
4.0,2.834,0.013819071627941342,0.7981265238022486,0.011029367600583104,0.20187347619775142
4.0,2.836,0.013763905746746461,0.7982219326891511,0.010986651446519273,0.2017780673108489
4.0,2.838,0.013708960088337146,0.7983173151950231,0.010944100211837038,0.20168268480497686
4.0,2.84,0.013654233773581716,0.7984126712507719,0.010901713261047885,0.20158732874922813
4.0,2.842,0.013599725926857941,0.7985080007876559,0.010859489961115385,0.20149199921234406
4.0,2.844,0.013545435676039134,0.7986033037372843,0.010817429681445728,0.20139669626271572
4.0,2.846,0.013491362152480101,0.7986985800316144,0.010775531793878123,0.20130141996838558
4.0,2.848,0.013437504491003336,0.7987938296029515,0.010733795672675414,0.20120617039704847
4.0,2.85,0.013383861829885083,0.7988890523839467,0.010692220694514568,0.2011109476160533
4.0,2.852,0.013330433310841642,0.7989842483075956,0.010650806238477343,0.20101575169240438
4.0,2.854,0.013277218079015546,0.7990794173072374,0.010609551686040861,0.20092058269276258
4.0,2.856,0.013224215282961973,0.7991745593165529,0.010568456421068358,0.2008254406834471
4.0,2.858,0.013171424074635032,0.7992696742695636,0.01052751982979983,0.20073032573043637
4.0,2.86,0.013118843609374287,0.7993647621006302,0.01048674130084285,0.20063523789936977
4.0,2.862,0.013066473045891149,0.7994598227444512,0.010446120225163287,0.20054017725554885
4.0,2.864,0.01301431154625551,0.7995548561360615,0.010405655996076207,0.20044514386393852
4.0,2.866,0.01296235827588224,0.7996498622108315,0.010365348009236663,0.20035013778916855
4.0,2.868,0.012910612403517922,0.799744840904465,0.010325195662630652,0.20025515909553504
4.0,2.87,0.012859073101227476,0.7998397921529985,0.010285198356565998,0.2001602078470015
4.0,2.872,0.01280773954438099,0.7999347158927997,0.010245355493663384,0.20006528410720026
4.0,2.874,0.012756610911640433,0.8000296120605661,0.01020566647884728,0.1999703879394339
4.0,2.876,0.012705686384946615,0.8001244805933236,0.010166130719337075,0.19987551940667636
4.0,2.878,0.012654965149506,0.8002193214284256,0.010126747624638065,0.19978067857157444
4.0,2.88,0.01260444639377776,0.8003141345035512,0.010087516606532655,0.19968586549644884
4.0,2.882,0.012554129309460706,0.8004089197567041,0.010048437079071422,0.19959108024329586
4.0,2.884,0.012504013091480436,0.8005036771262115,0.010009508458564376,0.1994963228737885
4.0,2.886,0.01245409693797637,0.8005984065507226,0.009970730163572115,0.19940159344927744
4.0,2.888,0.01240438005028901,0.8006931079692071,0.009932101614897137,0.19930689203079288
4.0,2.89,0.012354861632947071,0.8007877813209546,0.009893622235575071,0.19921221867904537
4.0,2.892,0.012305540893654841,0.8008824265455726,0.009855291450866064,0.19911757345442738
4.0,2.894,0.012256417043279417,0.8009770435829857,0.009817108688246066,0.19902295641701429
4.0,2.896,0.012207489295838167,0.8010716323734339,0.009779073377398301,0.19892836762656607
4.0,2.898,0.012158756868486066,0.8011661928574719,0.009741184950204618,0.19883380714252807
4.0,2.9,0.012110218981503258,0.8012607249759676,0.009703442840737025,0.19873927502403244
4.0,2.902,0.012061874858282494,0.8013552286701003,0.009665846485249102,0.19864477132989966
4.0,2.904,0.012013723725316795,0.8014497038813606,0.009628395322167622,0.1985502961186394
4.0,2.906,0.011965764812186983,0.8015441505515482,0.009591088792084021,0.19845584944845185
4.0,2.908,0.011917997351549447,0.8016385686227708,0.009553926337746073,0.19836143137722917
4.0,2.91,0.011870420579123775,0.8017329580374436,0.009516907404049448,0.1982670419625564
4.0,2.912,0.011823033733680615,0.801827318738287,0.009480031438029446,0.19817268126171295
4.0,2.914,0.011775836057029409,0.8019216506683263,0.009443297888852618,0.19807834933167368
4.0,2.916,0.011728826794006343,0.8020159537708899,0.009406706207808565,0.19798404622911014
4.0,2.918,0.011682005192462186,0.8021102279896081,0.00937025584830163,0.19788977201039193
4.0,2.92,0.011635370503250335,0.8022044732684124,0.009333946265842757,0.19779552673158762
4.0,2.922,0.011588921980214746,0.8022986895515339,0.009297776918041258,0.19770131044846606
4.0,2.924,0.011542658880178084,0.8023928767835022,0.00926174726459673,0.19760712321649776
4.0,2.926,0.011496580462929736,0.8024870349091442,0.00922585676729088,0.1975129650908558
4.0,2.928,0.011450685991214066,0.8025811638735827,0.009190104889979515,0.1974188361264173
4.0,2.93,0.011404974730718527,0.8026752636222356,0.00915449109858443,0.19732473637776438
4.0,2.932,0.011359445950061995,0.8027693341008146,0.009119014861085463,0.19723066589918536
4.0,2.934,0.01131409892078299,0.8028633752553238,0.009083675647512448,0.1971366247446762
4.0,2.936,0.011268932917328094,0.8029573870320588,0.009048472929937322,0.19704261296794123
4.0,2.938,0.011223947217040271,0.8030513693776054,0.009013406182466151,0.19694863062239465
4.0,2.94,0.011179141100147373,0.8031453222388384,0.008978474881231305,0.1968546777611616
4.0,2.942,0.011134513849750557,0.8032392455629207,0.00894367850438353,0.1967607544370793
4.0,2.944,0.011090064751812883,0.8033331392973019,0.008909016532084197,0.19666686070269812
4.0,2.946,0.011045793095147817,0.8034270033897172,0.00887448844649744,0.19657299661028282
4.0,2.948,0.011001698171407927,0.8035208377881862,0.008840093731782453,0.19647916221181383
4.0,2.95,0.010957779275073472,0.803614642441012,0.0088058318740857,0.196385357558988
4.0,2.952,0.010914035703441193,0.8037084172967798,0.008771702361533268,0.19629158270322022
4.0,2.954,0.010870466756612993,0.8038021623043559,0.008737704684223142,0.19619783769564414
4.0,2.956,0.010827071737484813,0.8038958774128865,0.008703838334217619,0.19610412258711352
4.0,2.958,0.0107838499517354,0.8039895625717968,0.008670102805535635,0.19601043742820323
4.0,2.96,0.01074080070781528,0.8040832177307896,0.008636497594145254,0.1959167822692104
4.0,2.962,0.010697923316935613,0.8041768428398444,0.008603022197956037,0.19582315716015564
4.0,2.964,0.010655217093057247,0.8042704378492159,0.008569676116811602,0.19572956215078408
4.0,2.966,0.010612681352879674,0.8043640027094338,0.008536458852482063,0.19563599729056624
4.0,2.968,0.01057031541583016,0.8044575373713003,0.008503369908656624,0.19554246262869968
4.0,2.97,0.01052811860405279,0.8045510417858907,0.00847040879093609,0.19544895821410935
4.0,2.972,0.010486090242397696,0.8046445159045506,0.008437575006825525,0.19535548409544945
4.0,2.974,0.010444229658410171,0.8047379596788962,0.008404868065726816,0.19526204032110384
4.0,2.976,0.010402536182320003,0.8048313730608123,0.008372287478931388,0.19516862693918768
4.0,2.978,0.010361009147030663,0.8049247560024518,0.008339832759612828,0.19507524399754816
4.0,2.98,0.010319647888108718,0.8050181084562344,0.008307503422819655,0.19498189154376555
4.0,2.982,0.010278451743773127,0.8051114303748454,0.008275298985468006,0.19488856962515455
4.0,2.984,0.01023742005488472,0.8052047217112348,0.008243218966334466,0.1947952782887652
4.0,2.986,0.01019655216493558,0.8052979824186163,0.008211262886048797,0.19470201758138372
4.0,2.988,0.010155847420038616,0.8053912124504659,0.008179430267086837,0.19460878754953415
4.0,2.99,0.01011530516891702,0.8054844117605213,0.008147720633763287,0.19451558823947868
4.0,2.992,0.01007492476289393,0.8055775803027808,0.00811613351222466,0.19442241969721918
4.0,2.994,0.010034705555881969,0.8056707180315019,0.008084668430442128,0.19432928196849808
4.0,2.996,0.009994646904372986,0.8057638249012005,0.00805332491820452,0.19423617509879954
4.0,2.998,0.009954748167427682,0.8058569008666497,0.008022102507111233,0.19414309913335026
4.0,3.0,0.009915008706665434,0.8059499458828792,0.007991000730565282,0.19405005411712084
4.0,3.0020000000000002,0.009875427886254003,0.8060429599051736,0.007960019123766269,0.1939570400948264
4.0,3.004,0.009836005072899438,0.8061359428890722,0.007929157223703485,0.1938640571109278
4.0,3.0060000000000002,0.009796739635835865,0.8062288947903671,0.007898414569148932,0.19377110520963292
4.0,3.008,0.009757630946815471,0.8063218155651027,0.007867790700650483,0.19367818443489726
4.0,3.0100000000000002,0.009718678380098381,0.8064147051695749,0.007837285160524957,0.19358529483042508
4.0,3.012,0.009679881312442714,0.8065075635603295,0.007806897492851337,0.1934924364396705
4.0,3.0140000000000002,0.00964123912309454,0.8066003906941616,0.007776627243463891,0.19339960930583844
4.0,3.016,0.009602751193778025,0.8066931865281143,0.007746473959945448,0.19330681347188572
4.0,3.0180000000000002,0.00956441690868546,0.8067859510194781,0.007716437191620576,0.19321404898052186
4.0,3.02,0.009526235654467483,0.8068786841257897,0.007686516489548903,0.19312131587421033
4.0,3.0220000000000002,0.009488206820223196,0.8069713858048309,0.00765671140651836,0.19302861419516915
4.0,3.024,0.009450329797490456,0.8070640560146276,0.007627021497038542,0.1929359439853724
4.0,3.0260000000000002,0.009412603980236075,0.8071566947134493,0.007597446317334007,0.1928433052865507
4.0,3.028,0.009375028764846189,0.8072493018598076,0.0075679854253377,0.1927506981401924
4.0,3.0300000000000002,0.009337603550116532,0.8073418774124552,0.007538638380684288,0.19265812258754478
4.0,3.032,0.009300327737242889,0.8074344213303855,0.007509404744703645,0.19256557866961455
4.0,3.0340000000000003,0.00926320072981144,0.8075269335728308,0.00748028408041424,0.19247306642716921
4.0,3.036,0.00922622193378929,0.8076194140992622,0.007451275952516668,0.1923805859007378
4.0,3.0380000000000003,0.009189390757514898,0.807711862869388,0.007422379927387095,0.192288137130612
4.0,3.04,0.009152706611688677,0.8078042798431531,0.0073935955730708375,0.19219572015684694
4.0,3.0420000000000003,0.009116168909363493,0.8078966649807378,0.0073649224592758555,0.19210333501926224
4.0,3.044,0.009079777065935343,0.8079890182425571,0.007336360157366383,0.1920109817574429
4.0,3.0460000000000003,0.009043530499133944,0.8080813395892595,0.007307908240356482,0.19191866041074046
4.0,3.048,0.009007428629013468,0.8081736289817265,0.007279566282903712,0.1918263710182735
4.0,3.0500000000000003,0.008971470877943205,0.8082658863810711,0.007251333861302731,0.1917341136189289
4.0,3.052,0.00893565667059839,0.8083581117486371,0.007223210553479028,0.19164188825136286
4.0,3.0540000000000003,0.008899985433950923,0.8084503050459985,0.007195195938982567,0.19154969495400154
4.0,3.056,0.008864456597260274,0.8085424662349578,0.007167289598981564,0.19145753376504215
4.0,3.0580000000000003,0.008829069592064281,0.8086345952775461,0.007139491116256189,0.1913654047224539
4.0,3.06,0.008793823852170125,0.8087266921360212,0.007111800075192389,0.19127330786397878
4.0,3.0620000000000003,0.008758718813645195,0.8088187567728673,0.00708421606177563,0.1911812432271327
4.0,3.064,0.008723753914808145,0.8089107891507938,0.007056738663584783,0.19108921084920616
4.0,3.0660000000000003,0.00868892859621983,0.8090027892327348,0.007029367469785914,0.19099721076726517
4.0,3.068,0.008654242300674428,0.8090947569818476,0.007002102071126202,0.19090524301815237
4.0,3.0700000000000003,0.008619694473190453,0.8091866923615122,0.00697494205992779,0.1908133076384878
4.0,3.072,0.008585284561001941,0.8092785953353303,0.006947887030081749,0.1907214046646697
4.0,3.074,0.008551012013549561,0.8093704658671244,0.006920936577041985,0.19062953413287564
4.0,3.076,0.00851687628247181,0.8094623039209369,0.006894090297819215,0.19053769607906312
4.0,3.078,0.00848287682159628,0.8095541094610292,0.006867347790974982,0.19044589053897076
4.0,3.08,0.008449013086930857,0.8096458824518811,0.006840708656615625,0.19035411754811893
4.0,3.082,0.008415284536655077,0.8097376228581892,0.006814172496386359,0.19026237714181082
4.0,3.084,0.008381690631111402,0.8098293306448668,0.006787738913465298,0.19017066935513316
4.0,3.086,0.008348230832796642,0.8099210057770428,0.006761407512557577,0.19007899422295715
4.0,3.088,0.008314904606353295,0.8100126482200607,0.006735177899889414,0.1899873517799393
4.0,3.09,0.008281711418561042,0.8101042579394775,0.006709049683202291,0.1898957420605225
4.0,3.092,0.008248650738328155,0.8101958349010634,0.006683022471747053,0.1898041650989366
4.0,3.094,0.00821572203668306,0.8102873790708006,0.006657095876278136,0.18971262092919938
4.0,3.096,0.008182924786765813,0.8103788904148825,0.006631269509047719,0.18962110958511746
4.0,3.098,0.008150258463819731,0.8104703688997129,0.006605542983799985,0.1895296311002871
4.0,3.1,0.008117722545182936,0.8105618144919049,0.006579915915765325,0.1894381855080951
4.0,3.102,0.008085316510280048,0.8106532271582805,0.006554387921654647,0.18934677284171952
4.0,3.104,0.008053039840613806,0.8107446068658694,0.006528958619653623,0.18925539313413065
4.0,3.106,0.008020892019756818,0.8108359535819082,0.006503627629417036,0.1891640464180918
4.0,3.108,0.00798887253334325,0.8109272672738399,0.006478394572063081,0.1890727327261601
4.0,3.11,0.007956980869060654,0.8110185479093125,0.006453259070167751,0.1889814520906875
4.0,3.112,0.007925216516641704,0.8111097954561786,0.00642822074775918,0.18889020454382144
4.0,3.114,0.0078935789678561,0.8112010098824944,0.006403279230312086,0.18879899011750556
4.0,3.116,0.00786206771650237,0.8112921911565192,0.006378434144742139,0.18870780884348082
4.0,3.118,0.007830682258399835,0.8113833392467138,0.006353685119400456,0.1886166607532862
4.0,3.12,0.0077994220913804825,0.8114744541217406,0.006329031784068021,0.18852554587825943
4.0,3.122,0.0077682867152809865,0.8115655357504622,0.006304473769950212,0.1884344642495378
4.0,3.124,0.007737275631934652,0.8116565841019407,0.006280010709671264,0.18834341589805925
4.0,3.126,0.007706388345163497,0.8117475991454373,0.006255642237268848,0.18825240085456274
4.0,3.128,0.007675624360770262,0.8118385808504106,0.006231367988188569,0.1881614191495894
4.0,3.13,0.007644983186530551,0.8119295291865168,0.006207187599278587,0.18807047081348316
4.0,3.132,0.007614464332184912,0.8120204441236083,0.006183100708784166,0.1879795558763917
4.0,3.134,0.007584067309431036,0.8121113256317329,0.006159106956342329,0.18788867436826706
4.0,3.136,0.007553791631915898,0.8122021736811335,0.006135205982976449,0.18779782631886655
4.0,3.138,0.007523636815228025,0.8122929882422466,0.006111397431090952,0.1877070117577534
4.0,3.14,0.007493602376889693,0.8123837692857022,0.006087680944465946,0.18761623071429778
4.0,3.142,0.007463687836349262,0.8124745167823225,0.006064056168251964,0.18752548321767748
4.0,3.144,0.007433892714973431,0.8125652307031215,0.00604052274896464,0.18743476929687852
4.0,3.146,0.007404216536039636,0.8126559110193038,0.006017080334479484,0.1873440889806962
4.0,3.148,0.007374658824728368,0.8127465577022642,0.005993728574026607,0.18725344229773577
4.0,3.15,0.0073452191081156285,0.812837170723587,0.005970467118185536,0.18716282927641303
4.0,3.152,0.00731589691516531,0.8129277500550447,0.005947295618879978,0.1870722499449553
4.0,3.154,0.0072866917767217135,0.8130182956685977,0.005924213729372674,0.18698170433140227
4.0,3.156,0.007257603225501987,0.8131088075363936,0.0059012211042602045,0.18689119246360641
4.0,3.158,0.007228630796088705,0.8131992856307659,0.00587831739946789,0.18680071436923407
4.0,3.16,0.0071997740249223645,0.8132897299242339,0.005855502272244624,0.18671027007576613
4.0,3.162,0.007171032450294024,0.8133801403895015,0.005832775381157824,0.18661985961049854
4.0,3.164,0.007142405612337864,0.8134705169994565,0.0058101363860883016,0.1865294830005435
4.0,3.166,0.007113893053023879,0.8135608597271701,0.00578758494822525,0.18643914027282993
4.0,3.168,0.007085494316150499,0.8136511685458959,0.005765120730061158,0.18634883145410408
4.0,3.17,0.007057208947337342,0.8137414434290694,0.0057427433953868325,0.1862585565709306
4.0,3.172,0.00702903649401789,0.813831684350307,0.005720452609286356,0.18616831564969305
4.0,3.174,0.0070009765054323,0.8139218912834053,0.005698248038132144,0.1860781087165947
4.0,3.176,0.006973028532620146,0.8140120642023407,0.005676129349579944,0.18598793579765927
4.0,3.178,0.0069451921284132785,0.8141022030812682,0.0056540962125639325,0.18589779691873176
4.0,3.18,0.006917466847428623,0.8141923078945209,0.005632148297291746,0.1858076921054791
4.0,3.182,0.006889852246061105,0.8142823786166093,0.005610285275239625,0.18571762138339065
4.0,3.184,0.006862347882476502,0.8143724152222208,0.005588506819147482,0.1856275847777792
4.0,3.186,0.006834953316604421,0.8144624176862183,0.005566812603014073,0.1855375823137817
4.0,3.188,0.0068076681101312125,0.8145523859836401,0.005545202302092117,0.1854476140163599
4.0,3.19,0.006780491826493002,0.8146423200896992,0.0055236755928835014,0.18535767991030083
4.0,3.192,0.00675342403086866,0.814732219979782,0.005502232153134431,0.18526778002021804
4.0,3.194,0.0067264642901728915,0.8148220856294482,0.005480871661830681,0.18517791437055175
4.0,3.196,0.006699612173049257,0.81491191701443,0.005459593799192781,0.18508808298557
4.0,3.198,0.0066728672498633235,0.815001714110631,0.005438398246671301,0.18499828588936895
4.0,3.2,0.006646229092695736,0.8150914768941261,0.005417284686942075,0.1849085231058739
4.0,3.202,0.006619697275335424,0.81518120534116,0.005396252803901523,0.18481879465884
4.0,3.204,0.006593271373272731,0.8152708994281475,0.005375302282661916,0.18472910057185254
4.0,3.206,0.006566950963692673,0.8153605591316718,0.005354432809546728,0.18463944086832818
4.0,3.208,0.006540735625468123,0.8154501844284848,0.0053336440720859425,0.18454981557151517
4.0,3.21,0.006514624939153123,0.8155397752955056,0.005312935759011434,0.1844602247044944
4.0,3.212,0.006488618486976122,0.8156293317098201,0.005292307560252318,0.1843706682901799
4.0,3.214,0.006462715852833342,0.8157188536486806,0.005271759166930369,0.18428114635131942
4.0,3.216,0.006436916622282073,0.8158083410895046,0.005251290271355395,0.18419165891049538
4.0,3.218,0.006411220382534087,0.8158977940098746,0.0052309005670207066,0.1841022059901254
4.0,3.22,0.00638562672244899,0.8159872123875371,0.005210589748598516,0.18401278761246287
4.0,3.222,0.006360135232527683,0.8160765962004023,0.005190357511935446,0.1839234037995977
4.0,3.224,0.0063347455049057744,0.8161659454265429,0.005170203554047964,0.18383405457345714
4.0,3.226,0.006309457133347091,0.8162552600441937,0.005150127573117923,0.1837447399558063
4.0,3.228,0.006284269713237138,0.8163445400317512,0.005130129268488036,0.18365545996824884
4.0,3.23,0.006259182841576666,0.8164337853677726,0.005110208340657449,0.18356621463222744
4.0,3.232,0.006234196116975184,0.8165229960309751,0.005090364491277249,0.1834770039690249
4.0,3.234,0.006209309139644574,0.8166121720002357,0.005070597423146071,0.18338782799976427
4.0,3.236,0.006184521511392659,0.8167013132545901,0.005050906840205647,0.18329868674540994
4.0,3.238,0.006159832835616869,0.8167904197732319,0.005031292447536439,0.18320958022676814
4.0,3.24,0.006135242717297852,0.8168794915355125,0.005011753951353226,0.18312050846448746
4.0,3.242,0.006110750762993203,0.8169685285209405,0.0049922910590007715,0.18303147147905952
4.0,3.244,0.0060863565808311195,0.8170575307091801,0.0049729034789494425,0.18294246929081992
4.0,3.246,0.006062059780504177,0.8171464980800516,0.004953590920790914,0.18285350191994842
4.0,3.248,0.00603785997326304,0.8172354306135301,0.004934353095233818,0.1827645693864699
4.0,3.25,0.0060137567719102895,0.817324328289745,0.004915189714099482,0.182675671710255
4.0,3.2520000000000002,0.0059897497907941775,0.8174131910889795,0.004896100490317616,0.18258680891102053
4.0,3.254,0.0059658386458025054,0.8175020189916699,0.004877085137922078,0.18249798100833015
4.0,3.2560000000000002,0.0059420229543564315,0.8175908119784048,0.004858143372046595,0.18240918802159523
4.0,3.258,0.0059183023354043955,0.8176795700299248,0.004839274908920566,0.18232042997007525
4.0,3.2600000000000002,0.005894676409415979,0.8177682931271216,0.004820479465864815,0.18223170687287837
4.0,3.262,0.005871144798375871,0.8178569812510376,0.004801756761287421,0.18214301874896244
4.0,3.2640000000000002,0.005847707125777783,0.8179456343828649,0.004783106514679509,0.18205436561713506
4.0,3.266,0.0058243630166184635,0.8180342525039453,0.004764528446611109,0.18196574749605465
4.0,3.2680000000000002,0.005801112097391658,0.8181228355957691,0.004746022278726983,0.18187716440423085
4.0,3.27,0.005777953996082173,0.8182113836399749,0.004727587733742517,0.18178861636002508
4.0,3.2720000000000002,0.005754888342159883,0.8182998966183487,0.004709224535439573,0.18170010338165132
4.0,3.274,0.005731914766573844,0.8183883745128232,0.0046909324086624165,0.1816116254871768
4.0,3.2760000000000002,0.005709032901746346,0.8184768173054778,0.004672711079313606,0.18152318269452217
4.0,3.278,0.005686242381567074,0.8185652249785376,0.004654560274349948,0.18143477502146244
4.0,3.2800000000000002,0.005663542841387209,0.8186535975143724,0.004636479721778409,0.1813464024856276
4.0,3.282,0.005640933918013632,0.818741934895497,0.0046184691506521176,0.18125806510450304
4.0,3.2840000000000003,0.005618415249703079,0.8188302371045697,0.004600528291066303,0.1811697628954303
4.0,3.286,0.005595986476156387,0.8189185041243925,0.004582656874154318,0.1810814958756075
4.0,3.2880000000000003,0.005573647238512688,0.8190067359379097,0.004564854632083621,0.18099326406209026
4.0,3.29,0.005551397179343716,0.8190949325282083,0.004547121298051827,0.1809050674717917
4.0,3.2920000000000003,0.005529235942648037,0.8191830938785164,0.004529456606282714,0.1808169061214836
4.0,3.294,0.005507163173845403,0.8192712199722033,0.004511860292022315,0.1807287800277967
4.0,3.2960000000000003,0.005485178519771032,0.8193593107927787,0.0044943320915349465,0.18064068920722132
4.0,3.298,0.005463281628669999,0.819447366323892,0.0044768717420993346,0.18055263367610797
4.0,3.3000000000000003,0.005441472150191571,0.8195353865493321,0.004459478982004675,0.1804646134506679
4.0,3.302,0.005419749735383635,0.8196233714530262,0.004442153550546782,0.18037662854697378
4.0,3.3040000000000003,0.005398114036687081,0.81971132101904,0.00442489518802419,0.18028867898096002
4.0,3.306,0.00537656470793028,0.8197992352315764,0.004407703635734327,0.18020076476842362
4.0,3.3080000000000003,0.0053551014043235,0.8198871140749755,0.004390578635969643,0.1801128859250245
4.0,3.31,0.005333723782453437,0.8199749575337136,0.004373519932013816,0.18002504246628637
4.0,3.3120000000000003,0.005312431500277675,0.8200627655924031,0.004356527268137909,0.1799372344075969
4.0,3.314,0.005291224217119253,0.8201505382357914,0.004339600389596609,0.17984946176420857
4.0,3.3160000000000003,0.00527010159366118,0.8202382754487608,0.004322739042624413,0.17976172455123918
4.0,3.318,0.005249063291941039,0.8203259772163278,0.004305942974431888,0.17967402278367217
4.0,3.3200000000000003,0.005228108975345545,0.8204136435236423,0.004289211933201895,0.17958635647635768
4.0,3.322,0.005207238308605195,0.8205012743559874,0.004272545668085878,0.1794987256440126
4.0,3.3240000000000003,0.005186450957788864,0.8205888696987788,0.0042559439292001126,0.17941113030122124
4.0,3.326,0.005165746590298508,0.8206764295375639,0.004239406467622025,0.17932357046243608
4.0,3.3280000000000003,0.005145124874863794,0.8207639538580218,0.004222933035386467,0.1792360461419782
4.0,3.33,0.005124585481536845,0.8208514426459622,0.004206523385482073,0.17914855735403779
4.0,3.332,0.005104128081686926,0.8209388958873254,0.004190177271847557,0.17906110411267462
4.0,3.334,0.005083752347995197,0.8210263135681812,0.004173894449368083,0.17897368643181877
4.0,3.336,0.005063457954449495,0.821113695674729,0.004157674673871628,0.17888630432527097
4.0,3.338,0.005043244576339079,0.8212010421932967,0.004141517702125342,0.1787989578067033
4.0,3.34,0.005023111890249478,0.8212883531103403,0.004125423291831962,0.17871164688965968
4.0,3.342,0.005003059574057276,0.8213756284124437,0.004109391201626188,0.17862437158755629
4.0,3.344,0.0049830873069249965,0.8214628680863177,0.004093421191071133,0.17853713191368226
4.0,3.346,0.004963194769295929,0.8215500721187999,0.004077513020654721,0.17844992788120007
4.0,3.348,0.004943381642889056,0.8216372404968538,0.004061666451786168,0.17836275950314617
4.0,3.35,0.004923647610693924,0.8217243732075685,0.004045881246792407,0.17827562679243147
4.0,3.352,0.004903992356965605,0.8218114702381583,0.0040301571689145945,0.17818852976184174
4.0,3.354,0.004884415567219612,0.8218985315759617,0.004014493982304568,0.1781014684240383
4.0,3.356,0.004864916928226899,0.8219855572084415,0.0039988914520213675,0.17801444279155854
4.0,3.358,0.004845496128008819,0.8220725471231838,0.003983349344027735,0.17792745287681622
4.0,3.36,0.0048261528558321614,0.8221595013078977,0.003967867425186657,0.17784049869210228
4.0,3.362,0.004806886802204152,0.8222464197504149,0.003952445463257885,0.1777535802495851
4.0,3.364,0.004787697658867528,0.8223333024386889,0.003937083226894514,0.17766669756131115
4.0,3.366,0.00476858511879558,0.8224201493607946,0.003921780485639523,0.17757985063920545
4.0,3.368,0.004749548876187266,0.8225069605049279,0.003906537009922384,0.1774930394950721
4.0,3.37,0.004730588626462291,0.8225937358594052,0.0038913525710556284,0.1774062641405948
4.0,3.372,0.004711704066256263,0.8226804754126628,0.003876226941231479,0.17731952458733724
4.0,3.374,0.004692894893415807,0.8227671791532564,0.0038611598935184453,0.17723282084674363
4.0,3.376,0.004674160806993765,0.8228538470698606,0.0038461512018579842,0.17714615293013936
4.0,3.378,0.004655501507244347,0.8229404791512687,0.003831200641061116,0.17705952084873133
4.0,3.38,0.0046369166956183655,0.8230270753863915,0.003816307986805114,0.17697292461360847
4.0,3.382,0.0046184060747584315,0.8231136357642578,0.003801473015630147,0.17688636423574222
4.0,3.384,0.004599969348494223,0.8232001602740129,0.0037866955049359907,0.17679983972598712
4.0,3.386,0.004581606221837719,0.8232866489049189,0.003771975232978702,0.17671335109508113
4.0,3.388,0.00456331640097851,0.8233731016463536,0.0037573119788673515,0.17662689835364642
4.0,3.39,0.004545099593279063,0.8234595184878106,0.0037427055225607215,0.17654048151218937
4.0,3.392,0.004526955507270076,0.8235458994188986,0.003728155644864071,0.17645410058110145
4.0,3.394,0.004508883852645775,0.8236322444293404,0.003713662127425851,0.17636775557065965
4.0,3.396,0.00449088434025931,0.8237185535089732,0.003699224752734498,0.17628144649102684
4.0,3.398,0.004472956682118091,0.8238048266477478,0.0036848433041151794,0.1761951733522522
4.0,3.4,0.004455100591379213,0.8238910638357281,0.0036705175657266013,0.17610893616427192
4.0,3.402,0.0044373157823448355,0.8239772650630905,0.0036562473225577857,0.17602273493690945
4.0,3.404,0.004419601970457642,0.824063430320124,0.0036420323604249034,0.17593656967987603
4.0,3.406,0.004401958872296257,0.8241495595972287,0.0036278724659680735,0.1758504404027713
4.0,3.408,0.004384386205570741,0.8242356528849164,0.0036137674266482206,0.1757643471150836
4.0,3.41,0.004366883689118043,0.8243217101738096,0.0035997170307439,0.17567828982619038
4.0,3.412,0.004349451042897536,0.8244077314546411,0.0035857210673481805,0.17559226854535892
4.0,3.414,0.0043320879879865,0.8244937167182534,0.00357177932636549,0.17550628328174656
4.0,3.416,0.004314794246575693,0.8245796659555987,0.0035578915985085245,0.17542033404440127
4.0,3.418,0.004297569541964877,0.8246655791577379,0.0035440576752951195,0.17533442084226214
4.0,3.42,0.0042804135985584175,0.8247514563158402,0.0035302773490451813,0.17524854368415976
4.0,3.422,0.004263326141860846,0.8248372974211834,0.0035165504128775813,0.1751627025788166
4.0,3.424,0.0042463068984725,0.8249231024651524,0.0035028766607071143,0.17507689753484756
4.0,3.426,0.004229355596085113,0.8250088714392394,0.003489255887241411,0.1749911285607606
4.0,3.428,0.004212471963477495,0.8250946043350432,0.003475687887977926,0.17490539566495678
4.0,3.43,0.004195655730511153,0.825180301144269,0.003462172459200871,0.174819698855731
4.0,3.432,0.004178906628126011,0.8252659618587276,0.0034487093979782245,0.17473403814127242
4.0,3.434,0.0041622243883360655,0.8253515864703352,0.0034352985021586925,0.17464841352966476
4.0,3.436,0.0041456087442251315,0.8254371749711129,0.0034219395703687355,0.1745628250288871
4.0,3.438,0.004129059429942541,0.8255227273531863,0.003408632402009559,0.17447727264681367
4.0,3.44,0.004112576180698919,0.8256082436087849,0.0033953767972541597,0.17439175639121507
4.0,3.442,0.0040961587327619205,0.8256937237302419,0.0033821725570443387,0.17430627626975814
4.0,3.444,0.004079806823452034,0.8257791677099935,0.003369019483087773,0.1742208322900065
4.0,3.446,0.004063520191138355,0.8258645755405788,0.0033559173778550493,0.1741354244594212
4.0,3.448,0.004047298575234427,0.8259499472146391,0.0033428660445767593,0.1740500527853609
4.0,3.45,0.004031141716194042,0.8260352827249176,0.0033298652872405547,0.17396471727508245
4.0,3.452,0.0040150493555071165,0.8261205820642586,0.0033169149105882656,0.17387941793574135
4.0,3.454,0.00399902123569553,0.826205845225608,0.003304014720112981,0.17379415477439197
4.0,3.456,0.003983057100309031,0.8262910722020117,0.003291164522056185,0.1737089277979883
4.0,3.458,0.003967156693921105,0.826376262986616,0.003278364123404861,0.17362373701338396
4.0,3.46,0.003951319762124918,0.826461417572667,0.003265613331888653,0.173538582427333
4.0,3.462,0.0039355460515292165,0.8265465359535098,0.003252911955976987,0.1734534640464902
4.0,3.464,0.003919835309754301,0.8266316181225887,0.0032402598048762565,0.17336838187741133
4.0,3.466,0.003904187285427962,0.8267166640734462,0.0032276566885269683,0.17328333592655376
4.0,3.468,0.0038886017281814823,0.8268016737997232,0.003215102417600946,0.17319832620027675
4.0,3.47,0.003873078388645607,0.8268866472951579,0.0032025968034984985,0.17311335270484207
4.0,3.472,0.0038576170184465787,0.8269715845535859,0.003190139658345647,0.17302841544641412
4.0,3.474,0.0038422173702021387,0.8270564855689395,0.003177730794991314,0.17294351443106049
4.0,3.476,0.003826879197517592,0.8271413503352476,0.00316537002700457,0.1728586496647524
4.0,3.478,0.003811602254981843,0.8272261788466349,0.003153057168671847,0.17277382115336515
4.0,3.48,0.003796386298163491,0.8273109710973217,0.003140792034994204,0.17268902890267834
4.0,3.482,0.0037812310836068956,0.8273957270816236,0.003128574441684563,0.17260427291837643
4.0,3.484,0.003766136368828308,0.8274804467939509,0.0031164042051649962,0.17251955320604906
4.0,3.486,0.0037511019123119627,0.8275651302288084,0.0031042811425639814,0.1724348697711916
4.0,3.488,0.003736127473506241,0.8276497773807947,0.003092205071713711,0.1723502226192053
4.0,3.49,0.003721212812819796,0.8277343882446022,0.0030801758111473694,0.17226561175539779
4.0,3.492,0.0037063576916177457,0.8278189628150163,0.00306819318009646,0.17218103718498368
4.0,3.494,0.003691561872217827,0.8279035010869153,0.003056256998488107,0.17209649891308465
4.0,3.496,0.00367682511788662,0.8279880030552699,0.0030443670869424,0.17201199694473013
4.0,3.498,0.0036621471928357354,0.8280724687151426,0.0030325232667697166,0.17192753128485738
4.0,3.5,0.003647527862218065,0.8281568980616879,0.0030207253599680924,0.1718431019383121
4.0,3.5020000000000002,0.0036329668921240006,0.8282412910901513,0.0030089731892205566,0.17175870890984868
4.0,3.504,0.003618464049577717,0.8283256477958691,0.0029972665778925265,0.17167435220413085
4.0,3.5060000000000002,0.0036040191025334175,0.8284099681742683,0.0029856053500291633,0.17159003182573174
4.0,3.508,0.0035896318198716474,0.8284942522208655,0.002973989330352785,0.17150574777913452
4.0,3.5100000000000002,0.0035753019713955707,0.8285784999312674,0.002962418344260245,0.17142150006873258
4.0,3.512,0.003561029327827313,0.8286627113011701,0.0029508922178203643,0.17133728869882991
4.0,3.5140000000000002,0.0035468136608042657,0.8287468863263582,0.002939410777771327,0.17125311367364182
4.0,3.516,0.00353265474287546,0.8288310250027051,0.002927973851518135,0.1711689749972949
4.0,3.5180000000000002,0.0035185523474979006,0.8289151273261725,0.0029165812671300253,0.17108487267382755
4.0,3.52,0.0035045062490329667,0.8289991932928096,0.0029052328533379396,0.17100080670719042
4.0,3.5220000000000002,0.0034905162227427773,0.8290832228987531,0.002893928439531964,0.17091677710124686
4.0,3.524,0.003476582044786619,0.829167216140227,0.002882667855758819,0.17083278385977296
4.0,3.5260000000000002,0.0034627034922173412,0.8292511730135418,0.002871450932719318,0.1707488269864582
4.0,3.528,0.0034488803429778133,0.8293350935150942,0.002860277501765875,0.17066490648490584
4.0,3.5300000000000002,0.003435112375897346,0.8294189776413669,0.002849147394899983,0.17058102235863315
4.0,3.532,0.0034213993706881784,0.8295028253889283,0.0028380604447697452,0.17049717461107172
4.0,3.5340000000000003,0.003407741107941929,0.8295866367544319,0.0028270164846673665,0.1704133632455681
4.0,3.536,0.003394137369126108,0.8296704117346161,0.0028160153485267047,0.1703295882653839
4.0,3.5380000000000003,0.0033805879365805982,0.8297541503263037,0.0028050568709207867,0.17024584967369627
4.0,3.54,0.003367092593514196,0.8298378525264019,0.0027941408870593735,0.17016214747359815
4.0,3.5420000000000003,0.0033536511240011184,0.8299215183319011,0.002783267232786495,0.1700784816680989
4.0,3.544,0.0033402633129775722,0.8300051477398757,0.0027724357445780366,0.16999485226012434
4.0,3.5460000000000003,0.0033269289462382902,0.8300887407474828,0.0027616462595392924,0.16991125925251716
4.0,3.548,0.003313647810433125,0.8301722973519624,0.0027508986154025673,0.1698277026480376
4.0,3.5500000000000003,0.0033004196930636154,0.8302558175506366,0.0027401926505247532,0.1697441824493634
4.0,3.552,0.0032872443824796065,0.8303393013409096,0.0027295282038849464,0.1696606986590904
4.0,3.5540000000000003,0.0032741216678758424,0.8304227487202673,0.002718905115082043,0.16957725127973267
4.0,3.556,0.0032610513392886146,0.8305061596862768,0.0027083232243323772,0.16949384031372317
4.0,3.5580000000000003,0.003248033187592382,0.8305895342365862,0.002697782372467331,0.1694104657634138
4.0,3.56,0.0032350670044964456,0.8306728723689241,0.0026872824009309933,0.16932712763107594
4.0,3.5620000000000003,0.003222152582541593,0.8307561740810994,0.0026768231517777874,0.16924382591890064
4.0,3.564,0.0032092897150968027,0.8308394393710008,0.0026664044676701464,0.1691605606289992
4.0,3.5660000000000003,0.0031964781963559163,0.8309226682365967,0.002656026191876162,0.16907733176340334
4.0,3.568,0.003183717821334366,0.8310058606759346,0.002645688168267276,0.16899413932406537
4.0,3.5700000000000003,0.0031710083858658734,0.8310890166871411,0.0026353902413159473,0.16891098331285892
4.0,3.572,0.003158349686599206,0.8311721362684209,0.0026251322560933597,0.1688278637315791
4.0,3.5740000000000003,0.003145741520994899,0.8312552194180572,0.002614914058267108,0.16874478058194275
4.0,3.576,0.0031331836873220408,0.8313382661344112,0.0026047354940989267,0.1686617338655888
4.0,3.5780000000000003,0.0031206759846550175,0.8314212764159211,0.002594596410442386,0.16857872358407888
4.0,3.58,0.0031082182128703262,0.8315042502611029,0.0025844966547406457,0.16849574973889714
4.0,3.5820000000000003,0.0030958101726433467,0.8315871876685489,0.0025744360750241655,0.1684128123314511
4.0,3.584,0.003083451665445176,0.8316700886369284,0.002564414519908474,0.16832991136307163
4.0,3.586,0.003071142493539433,0.8317529531649865,0.002554431838591904,0.16824704683501346
4.0,3.588,0.003058882459979102,0.8318357812515444,0.0025444878808533623,0.16816421874845555
4.0,3.59,0.003046671368603389,0.8319185728954989,0.0025345824970501077,0.16808142710450114
4.0,3.592,0.0030345090240345668,0.8320013280958217,0.0025247155381155155,0.16799867190417828
4.0,3.594,0.003022395231674868,0.8320840468515597,0.0025148868555568814,0.16791595314844032
4.0,3.596,0.0030103297977033512,0.8321667291618341,0.0025050963014532036,0.1678332708381659
4.0,3.598,0.0029983125290728206,0.8322493750258406,0.0024953437284530025,0.16775062497415938
4.0,3.6,0.002986343233506717,0.8323319844428486,0.002485628989772119,0.16766801555715138
4.0,3.602,0.0029744217194960605,0.8324145574122013,0.002475951939191552,0.16758544258779873
4.0,3.604,0.0029625477962963677,0.8324970939333148,0.0024663124310552722,0.16750290606668516
4.0,3.606,0.0029507212739246194,0.8325795940056787,0.0024567103202680785,0.1674204059943213
4.0,3.608,0.0029389419631562,0.8326620576288549,0.0024471454622934275,0.16733794237114508
4.0,3.61,0.002927209675521891,0.8327444848024776,0.002437617713151305,0.16725551519752235
4.0,3.612,0.002915524223304835,0.8328268755262533,0.0024281269294160724,0.16717312447374666
4.0,3.614,0.0029038854195375524,0.83290922979996,0.0024186729682143565,0.16709077020004004
4.0,3.616,0.002892293077998929,0.8329915476234468,0.002409255687222911,0.16700845237655315
4.0,3.618,0.0028807470132112593,0.8330738289966346,0.0023998749446665227,0.16692617100336538
4.0,3.62,0.002869247040437254,0.8331560739195144,0.0023905305993158887,0.1668439260804856
4.0,3.622,0.0028577929756771086,0.833238282392148,0.00238122251048554,0.16676171760785197
4.0,3.624,0.002846384635665538,0.8333204544146674,0.0023719505380317336,0.1666795455853326
4.0,3.626,0.0028350218378688633,0.8334025899872742,0.002362714542350393,0.16659741001272577
4.0,3.628,0.002823704400482073,0.8334846891102398,0.0023535143843750168,0.16651531088976024
4.0,3.63,0.0028124321424259314,0.8335667517839046,0.0023443499255746316,0.1664332482160954
4.0,3.632,0.002801204883344065,0.8336487780086782,0.002335221027951722,0.1663512219913218
4.0,3.634,0.002790022443600094,0.8337307677850387,0.002326127554040196,0.16626923221496126
4.0,3.636,0.002778884644274738,0.8338127211135327,0.0023170693669033304,0.16618727888646734
4.0,3.638,0.002767791307162976,0.8338946379947745,0.0023080463301317533,0.16610536200522552
4.0,3.64,0.0027567422547711724,0.8339765184294464,0.0022990583078414044,0.16602348157055358
4.0,3.642,0.002745737310314258,0.8340583624182983,0.002290105164671533,0.16594163758170166
4.0,3.644,0.002734776297712882,0.834140169962147,0.002281186765782675,0.16585983003785298
4.0,3.646,0.0027238590415906137,0.8342219410618762,0.0022723029768546635,0.1657780589381238
4.0,3.648,0.002712985367271118,0.8343036757184361,0.002263453664084625,0.1656963242815639
4.0,3.65,0.0027021551007753775,0.8343853739328435,0.002254638694185004,0.1656146260671565
4.0,3.652,0.0026913680688188933,0.834467035706181,0.002245857934381571,0.16553296429381903
4.0,3.654,0.002680624098808928,0.8345486610395967,0.0022371112524114663,0.16545133896040332
4.0,3.656,0.0026699230188417284,0.8346302499343045,0.0022283985165212246,0.16536975006569554
4.0,3.658,0.002659264657699791,0.834711802391583,0.0022197195954648287,0.16528819760841695
4.0,3.66,0.0026486488448491056,0.8347933184127762,0.0022110743585017512,0.16520668158722385
4.0,3.662,0.002638075410436444,0.834874797999292,0.0022024626753950256,0.16512520200070802
4.0,3.664,0.0026275441852866266,0.834956241152603,0.0021938844164093004,0.16504375884739697
4.0,3.666,0.00261705500089983,0.8350376478742458,0.0021853394523089265,0.16496235212575416
4.0,3.668,0.002606607689448877,0.8351190181658206,0.0021768276543560243,0.16488098183417943
4.0,3.67,0.0025962020837765644,0.8352003520289908,0.002168348894308586,0.1647996479710092
4.0,3.672,0.0025858380173929755,0.8352816494654833,0.00215990304441856,0.16471835053451667
4.0,3.674,0.002575515324472832,0.8353629104770879,0.0021514899774299663,0.16463708952291212
4.0,3.676,0.002565233839852822,0.8354441350656566,0.002143109566576994,0.16455586493434338
4.0,3.678,0.0025549933990289767,0.8355253232331041,0.0021347616855821334,0.16447467676689587
4.0,3.68,0.0025447938381540206,0.835606474981407,0.0021264462086542863,0.16439352501859295
4.0,3.682,0.002534634994034766,0.8356875903126038,0.0021181630104869145,0.16431240968739624
4.0,3.684,0.002524516704129486,0.8357686692287941,0.002109911966256162,0.16423133077120589
4.0,3.686,0.002514438806545331,0.8358497117321393,0.0021016929516190193,0.1641502882678607
4.0,3.688,0.0025044011400357194,0.8359307178248613,0.00209350584271146,0.16406928217513872
4.0,3.69,0.002494403543997778,0.8360116875092428,0.002085350516146618,0.16398831249075718
4.0,3.692,0.0024844458584697524,0.836092620787627,0.0020772268490129413,0.16390737921237297
4.0,3.694,0.002474527924128466,0.8361735176624173,0.0020691347188723785,0.16382648233758268
4.0,3.696,0.0024646495822867533,0.8362543781360768,0.0020610740037585503,0.16374562186392316
4.0,3.698,0.0024548106748909387,0.8363352022111283,0.0020530445821749497,0.16366479778887166
4.0,3.7,0.002445011044518289,0.8364159898901541,0.0020450463330931243,0.1635840101098459
4.0,3.702,0.002435250534374515,0.8364967411757953,0.0020370791359508957,0.1635032588242047
4.0,3.704,0.0024255289882912402,0.8365774560707522,0.002029142870650551,0.16342254392924782
4.0,3.706,0.002415846250723525,0.8366581345777833,0.002021237417557076,0.16334186542221674
4.0,3.708,0.0024062021667473573,0.8367387766997055,0.0020133626574963645,0.16326122330029447
4.0,3.71,0.0023965965820571923,0.836819382439394,0.0020055184717534622,0.16318061756060598
4.0,3.712,0.002387029342963465,0.8368999517997816,0.0019977047420707884,0.1631000482002184
4.0,3.714,0.002377500296390151,0.8369804847838586,0.001989921350646396,0.16301951521614144
4.0,3.716,0.002368009289872297,0.8370609813946726,0.0019821681801322068,0.16293901860532745
4.0,3.718,0.0023585561715536007,0.8371414416353281,0.0019744451136322816,0.1628585583646719
4.0,3.72,0.002349140790183963,0.8372218655089868,0.0019667520347010727,0.1627781344910132
4.0,3.722,0.0023397629951170855,0.8373022530188665,0.0019590888273417068,0.16269774698113348
4.0,3.724,0.0023304226363080427,0.8373826041682414,0.0019514553760042472,0.1626173958317586
4.0,3.726,0.0023211195643108983,0.8374629189604417,0.0019438515655839936,0.16253708103955833
4.0,3.728,0.002311853630276298,0.8375431973988533,0.0019362772814197572,0.1624568026011467
4.0,3.73,0.0023026246859491045,0.8376234394869178,0.0019287324092921727,0.16237656051308225
4.0,3.732,0.0022934325836660063,0.8377036452281318,0.0019212168354219858,0.1622963547718682
4.0,3.734,0.0022842771763531755,0.8377838146260472,0.0019137304464683794,0.16221618537395277
4.0,3.736,0.0022751583175238954,0.8378639476842705,0.001906273129527274,0.16213605231572947
4.0,3.738,0.0022660758612762346,0.8379440444064629,0.0018988447721296666,0.16205595559353714
4.0,3.74,0.002257029662290695,0.8380241047963395,0.0018914452622399442,0.1619758952036605
4.0,3.742,0.0022480195758279044,0.8381041288576697,0.001884074488254234,0.16189587114233028
4.0,3.744,0.0022390454577262825,0.8381841165942768,0.0018767323389987324,0.16181588340572317
4.0,3.746,0.0022301071643997528,0.8382640680100376,0.0018694187037280666,0.1617359319899624
4.0,3.748,0.0022212045528354272,0.838343983108882,0.0018621334721236353,0.16165601689111797
4.0,3.75,0.0022123374805913345,0.8384238618947931,0.0018548765342919836,0.16157613810520688
4.0,3.7520000000000002,0.0022035058057941256,0.838503704371807,0.001847647780763158,0.161496295628193
4.0,3.754,0.00219470938713682,0.8385835105440121,0.001840447102489092,0.16141648945598785
4.0,3.7560000000000002,0.002185948083876527,0.8386632804155495,0.0018332743908419727,0.1613367195844505
4.0,3.758,0.002177221755832211,0.8387430139906121,0.0018261295376126414,0.16125698600938787
4.0,3.7600000000000002,0.0021685302633824345,0.8388227112734449,0.0018190124350089712,0.16117728872655512
4.0,3.762,0.0021598734674631356,0.8389023722683444,0.0018119229756542793,0.1610976277316556
4.0,3.7640000000000002,0.0021512512295653917,0.8389819969796587,0.0018048610525857186,0.1610180030203413
4.0,3.766,0.0021426634117332165,0.839061585411787,0.0017978265592527012,0.160938414588213
4.0,3.7680000000000002,0.002134109876561337,0.8391411375691795,0.0017908193895153014,0.16085886243082048
4.0,3.77,0.0021255904871930117,0.8392206534563371,0.0017838394376426933,0.16077934654366288
4.0,3.7720000000000002,0.002117105107317826,0.8393001330778112,0.0017768865983115649,0.16069986692218885
4.0,3.774,0.002108653601169524,0.8393795764382033,0.0017699607666045673,0.16062042356179673
4.0,3.7760000000000002,0.0021002358335238235,0.8394589835421652,0.001763061838008741,0.1605410164578348
4.0,3.778,0.0020918516696962664,0.8395383543943985,0.0017561897084139783,0.1604616456056015
4.0,3.7800000000000002,0.0020835009755400488,0.8396176889996543,0.0017493442741114609,0.16038231100034572
4.0,3.782,0.00207518361744389,0.839696987362733,0.0017425254317921326,0.16030301263726698
4.0,3.7840000000000003,0.0020668994623298785,0.8397762494884844,0.0017357330785451504,0.1602237505115156
4.0,3.786,0.00205864837765136,0.8398554753818069,0.0017289671118563687,0.16014452461819306
4.0,3.7880000000000003,0.0020504302313908004,0.8399346650476479,0.001722227429606803,0.1600653349523521
4.0,3.79,0.002042244892057687,0.840013818491003,0.001715513930071124,0.15998618150899702
4.0,3.7920000000000003,0.002034092228686413,0.8400929357169161,0.0017088265119161335,0.15990706428308388
4.0,3.794,0.0020259721108341934,0.8401720167304795,0.0017021650741992707,0.15982798326952052
4.0,3.7960000000000003,0.0020178844085789664,0.8402510615368327,0.0016955295163671004,0.1597489384631673
4.0,3.798,0.0020098289925173265,0.8403300701411633,0.0016889197382538286,0.15966992985883666
4.0,3.8000000000000003,0.0020018057337624416,0.8404090425487061,0.0016823356400798035,0.15959095745129392
4.0,3.802,0.001993814503942004,0.840487978764743,0.0016757771224500436,0.15951202123525698
4.0,3.8040000000000003,0.001985855175196162,0.840566878794603,0.0016692440863527475,0.159433121205397
4.0,3.806,0.0019779276201754904,0.8406457426436618,0.0016627364331578357,0.15935425735633824
4.0,3.8080000000000003,0.0019700317120389353,0.8407245703173414,0.0016562540646154703,0.15927542968265862
4.0,3.81,0.001962167324451802,0.8408033618211104,0.0016497968828546087,0.15919663817888963
4.0,3.8120000000000003,0.001954334331583718,0.8408821171604833,0.0016433647903815348,0.15911788283951667
4.0,3.814,0.0019465326081066331,0.8409608363410207,0.0016369576900784224,0.1590391636589793
4.0,3.8160000000000003,0.0019387620291928026,0.8410395193683285,0.00163057548520188,0.15896048063167145
4.0,3.818,0.001931022470512801,0.8411181662480586,0.0016242180793815228,0.15888183375194143
4.0,3.8200000000000003,0.0019233138082335212,0.8411967769859076,0.0016178853766185299,0.15880322301409244
4.0,3.822,0.0019156359190162053,0.8412753515876175,0.001611577281284227,0.15872464841238254
4.0,3.8240000000000003,0.0019079886800144592,0.841353890058975,0.001605293698118654,0.15864610994102502
4.0,3.826,0.0019003719688722987,0.8414323924058116,0.0015990345322291607,0.15856760759418842
4.0,3.8280000000000003,0.0018927856637221798,0.841510858634003,0.0015927996890889827,0.158489141365997
4.0,3.83,0.0018852296431830615,0.8415892887494693,0.0015865890745358484,0.15841071125053074
4.0,3.8320000000000003,0.0018777037863584507,0.8416676827581744,0.0015804025947705673,0.15833231724182562
4.0,3.834,0.001870207972834481,0.8417460406661262,0.0015742401563556465,0.15825395933387376
4.0,3.8360000000000003,0.0018627420826779727,0.8418243624793763,0.00156810166621389,0.1581756375206237
4.0,3.838,0.0018553059964345276,0.8419026482040195,0.001561987031627026,0.1580973517959805
4.0,3.84,0.0018478995951266052,0.8419808978461939,0.0015558961602343173,0.1580191021538061
4.0,3.842,0.0018405227602516251,0.8420591114120806,0.0015498289600311933,0.15794088858791944
4.0,3.844,0.0018331753737800753,0.8421372889079035,0.0015437853393678853,0.15786271109209649
4.0,3.846,0.001825857318153612,0.8422154303399292,0.0015377652069480533,0.15778456966007082
4.0,3.848,0.0018185684762831924,0.8422935357144666,0.0015317684718274402,0.15770646428553337
4.0,3.85,0.0018113087315471878,0.842371605037867,0.0015257950434125077,0.157628394962133
4.0,3.852,0.001804077967789531,0.8424496383165234,0.001519844831459099,0.15755036168347658
4.0,3.854,0.0017968760693178442,0.8425276355568709,0.0015139177460710873,0.15747236444312906
4.0,3.856,0.0017897029209016015,0.8426055967653863,0.0015080136976990488,0.15739440323461373
4.0,3.858,0.0017825584077702718,0.8426835219485874,0.0015021325971389188,0.15731647805141258
4.0,3.86,0.001775442415611496,0.8427614111130338,0.001496274355530678,0.15723858888696618
4.0,3.862,0.0017683548305692447,0.8428392642653258,0.001490438884357017,0.15716073573467415
4.0,3.864,0.0017612955392420089,0.8429170814121048,0.0014846260954420334,0.15708291858789525
4.0,3.866,0.0017542644286809737,0.8429948625600524,0.0014788359009499062,0.1570051374399476
4.0,3.868,0.0017472613863882235,0.8430726077158913,0.0014730682133836032,0.15692739228410868
4.0,3.87,0.0017402863003149285,0.8431503168863841,0.0014673229455835649,0.1568496831136159
4.0,3.872,0.0017333390588595665,0.8432279900783336,0.0014616000107264225,0.1567720099216664
4.0,3.874,0.0017264195508661226,0.8433056272985826,0.0014558993223236928,0.1566943727014174
4.0,3.876,0.0017195276656223242,0.8433832285540135,0.001450220794220502,0.1566167714459865
4.0,3.878,0.0017126632928578577,0.8434607938515483,0.0014445643405942953,0.15653920614845174
4.0,3.88,0.0017058263227426153,0.8435383231981484,0.0014389298759535693,0.15646167680185163
4.0,3.882,0.001699016645884926,0.8436158166008142,0.0014333173151365882,0.1563841833991858
4.0,3.884,0.0016922341533298184,0.8436932740665853,0.0014277265733101305,0.15630672593341466
4.0,3.886,0.0016854787365572633,0.8437706956025401,0.0014221575659682127,0.15622930439745986
4.0,3.888,0.0016787502874804517,0.8438480812157956,0.0014166102089308444,0.15615191878420442
4.0,3.89,0.0016720486984440517,0.8439254309135069,0.0014110844183427647,0.1560745690864931
4.0,3.892,0.0016653738622224986,0.844002744702868,0.0014055801106722047,0.15599725529713204
4.0,3.894,0.0016587256720182676,0.8440800225911104,0.0014000972027096341,0.15591997740888963
4.0,3.896,0.0016521040214601765,0.8441572645855037,0.0013946356115665328,0.15584273541449634
4.0,3.898,0.0016455088046016721,0.8442344706933553,0.0013891952546741485,0.15576552930664467
4.0,3.9,0.001638939915919147,0.8443116409220102,0.0013837760497822764,0.15568835907798984
4.0,3.902,0.0016323972503102394,0.8443887752788505,0.001378377914958026,0.15561122472114952
4.0,3.904,0.0016258807030921627,0.8444658737712957,0.0013730007685846118,0.15553412622870433
4.0,3.906,0.0016193901700000193,0.8445429364068022,0.001367644529360127,0.15545706359319778
4.0,3.908,0.0016129255471851445,0.8446199631928634,0.0013623091162963457,0.15538003680713663
4.0,3.91,0.0016064867312134323,0.8446969541370091,0.0013569944487175063,0.15530304586299093
4.0,3.912,0.0016000736190636927,0.8447739092468058,0.00135170044625912,0.15522609075319416
4.0,3.914,0.0015936861081259916,0.8448508285298563,0.001346427028866766,0.15514917147014373
4.0,3.916,0.0015873240962000206,0.8449277119937993,0.001341174116794909,0.15507228800620065
4.0,3.918,0.0015809874814934502,0.8450045596463099,0.0013359416306057015,0.15499544035369006
4.0,3.92,0.001574676162620313,0.8450813714950987,0.0013307294911678131,0.15491862850490135
4.0,3.922,0.0015683900385993694,0.8451581475479117,0.0013255376196552409,0.15484185245208826
4.0,3.924,0.0015621290088525038,0.8452348878125309,0.0013203659375461462,0.15476511218746913
4.0,3.926,0.001555892973203104,0.8453115922967731,0.0013152143666216763,0.1546884077032269
4.0,3.928,0.001549681831874469,0.8453882610084906,0.0013100828289648095,0.15461173899150937
4.0,3.93,0.0015434954854882026,0.8454648939555705,0.001304971246959185,0.15453510604442955
4.0,3.932,0.0015373338350626333,0.8455414911459345,0.001299879543287957,0.15445850885406553
4.0,3.934,0.0015311967820112202,0.8456180525875391,0.0012948076409326347,0.15438194741246092
4.0,3.936,0.001525084228140986,0.8456945782883754,0.0012897554631719436,0.15430542171162465
4.0,3.938,0.0015189960756509361,0.8457710682564683,0.0012847229335806753,0.1542289317435317
4.0,3.94,0.001512932227130503,0.8458475224998774,0.0012797099760285579,0.15415247750012262
4.0,3.942,0.0015068925855579788,0.8459239410266958,0.0012747165146791127,0.15407605897330423
4.0,3.944,0.0015008770542989716,0.8460003238450506,0.0012697424739885356,0.15399967615494936
4.0,3.946,0.0014948855371048509,0.8460766709631026,0.0012647877787045618,0.15392332903689743
4.0,3.948,0.0014889179381112159,0.8461529823890458,0.001259852353865354,0.1538470176109542
4.0,3.95,0.0014829741618363529,0.8462292581311077,0.0012549361247983781,0.15377074186889228
4.0,3.952,0.0014770541131797175,0.846305498197549,0.0012500390171192998,0.15369450180245103
4.0,3.954,0.0014711576974204023,0.8463817025966631,0.0012451609567308666,0.15361829740333688
4.0,3.956,0.0014652848202156316,0.8464578713367765,0.001240301869821815,0.15354212866322348
4.0,3.958,0.0014594353875992427,0.8465340044262483,0.0012354616828657607,0.15346599557375173
4.0,3.96,0.0014536093059801913,0.84661010187347,0.0012306403226201136,0.15338989812653003
4.0,3.962,0.0014478064821410446,0.8466861636868656,0.0012258377161249775,0.15331383631313444
4.0,3.964,0.0014420268232365,0.846762189874891,0.001221053790702071,0.15323781012510895
4.0,3.966,0.001436270236791889,0.8468381804460346,0.0012162884739536385,0.15316181955396535
4.0,3.968,0.0014305366307017086,0.8469141354088163,0.0012115416937613786,0.15308586459118367
4.0,3.97,0.0014248259132281361,0.8469900547717879,0.0012068133782853617,0.1530099452282121
4.0,3.972,0.001419137992999573,0.8470659385435326,0.0012021034559629685,0.15293406145646737
4.0,3.974,0.0014134727790091714,0.8471417867326652,0.001197411855507815,0.15285821326733484
4.0,3.976,0.0014078301806133894,0.8472175993478316,0.0011927385059087,0.15278240065216842
4.0,3.978,0.0014022101075305297,0.847293376397709,0.001188083336428537,0.15270662360229104
4.0,3.98,0.0013966124698393057,0.8473691178910053,0.0011834462766033107,0.15263088210899467
4.0,3.982,0.001391037177977392,0.8474448238364595,0.0011788272562410168,0.15255517616354053
4.0,3.984,0.001385484142740003,0.8475204942428409,0.001174226205420626,0.15247950575715907
4.0,3.986,0.0013799532752784534,0.8475961291189497,0.0011696430544910336,0.15240387088105034
4.0,3.988,0.0013744444870987485,0.847671728473616,0.0011650777340700288,0.15232827152638395
4.0,3.99,0.0013689576900601575,0.8477472923157006,0.0011605301750432545,0.15225270768429944
4.0,3.992,0.0013634927963738133,0.8478228206540939,0.0011560003085631845,0.15217717934590613
4.0,3.994,0.0013580497186012975,0.8478983134977164,0.0011514880660480884,0.15210168650228362
4.0,3.996,0.0013526283696532523,0.8479737708555184,0.0011469933791810204,0.1520262291444816
4.0,3.998,0.0013472286627879764,0.8480491927364798,0.0011425161799087907,0.15195080726352017
4.0,4.0,0.0013418505116100474,0.84812457914961,0.0011380564004409605,0.15187542085038996
4.0,4.002,0.00133649383006893,0.8481999301039476,0.0011336139732488237,0.15180006989605244
4.0,4.0040000000000004,0.0013311585324576034,0.8482752456085603,0.0011291888310644043,0.15172475439143973
4.0,4.006,0.0013258445334111966,0.848350525672545,0.0011247809068794588,0.15164947432745501
4.0,4.008,0.001320551747905609,0.8484257703050275,0.0011203901339444668,0.15157422969497247
4.0,4.01,0.0013152800912561598,0.8485009795151623,0.0011160164457676438,0.15149902048483765
4.0,4.0120000000000005,0.0013100294791162277,0.8485761533121324,0.0011116597761139451,0.15142384668786757
4.0,4.014,0.0013047998274759109,0.8486512917051493,0.0011073200590040876,0.1513487082948507
4.0,4.016,0.0012995910526606696,0.8487263947034529,0.0011029972287135553,0.1512736052965471
4.0,4.018,0.0012944030713299955,0.8488014623163112,0.0010986912197716247,0.15119853768368885
4.0,4.0200000000000005,0.0012892358004760742,0.8488764945530202,0.0010944019669603868,0.15112350544697983
4.0,4.022,0.0012840891574224665,0.8489514914229038,0.001090129405313783,0.15104850857709617
4.0,4.024,0.0012789630598227717,0.8490264529353138,0.0010858734701166234,0.15097354706468624
4.0,4.026,0.0012738574256593183,0.8491013790996293,0.0010816340969036307,0.15089862090037065
4.0,4.0280000000000005,0.001268772173241849,0.8491762699252574,0.0010774112214584758,0.1508237300747426
4.0,4.03,0.001263707221206221,0.849251125421632,0.0010732047798128264,0.15074887457836805
4.0,4.032,0.0012586624885130915,0.8493259455982143,0.001069014708245383,0.15067405440178572
4.0,4.034,0.0012536378944466295,0.8494007304644928,0.0010648409432809358,0.15059926953550717
4.0,4.0360000000000005,0.0012486333586132208,0.8494754800299827,0.0010606834216894154,0.15052451997001726
4.0,4.038,0.0012436488009401898,0.8495501943042263,0.0010565420804849563,0.1504498056957737
4.0,4.04,0.001238684141674505,0.849624873296792,0.0010524168569249468,0.15037512670320796
4.0,4.042,0.001233739301381512,0.8496995170172753,0.0010483076885091014,0.1503004829827247
4.0,4.0440000000000005,0.0012288142009436588,0.8497741254752978,0.0010442145129785246,0.15022587452470215
4.0,4.046,0.0012239087615592377,0.8498486986805074,0.0010401372683147894,0.1501513013194926
4.0,4.048,0.0012190229047411116,0.849923236642578,0.0010360758927390025,0.15007676335742204
4.0,4.05,0.001214156552315467,0.8499977393712097,0.001032030324710889,0.1500022606287903
4.0,4.0520000000000005,0.0012093096264205595,0.8500722068761283,0.0010280005029278713,0.14992779312387172
4.0,4.054,0.0012044820495054754,0.8501466391670854,0.001023986366324163,0.14985336083291456
4.0,4.056,0.0011996737443288792,0.8502210362538583,0.0010199878540698459,0.14977896374614175
4.0,4.058,0.0011948846339577851,0.8502953981462493,0.0010160049055699704,0.14970460185375067
4.0,4.0600000000000005,0.0011901146417663232,0.8503697248540867,0.0010120374604636482,0.14963027514591332
4.0,4.062,0.0011853636914345208,0.8504440163872234,0.0010080854586231593,0.14955598361277656
4.0,4.064,0.0011806317069470692,0.8505182727555378,0.0010041488401530436,0.14948172724446218
4.0,4.066,0.0011759186125921155,0.850592493968933,0.001000227545389215,0.149407506031067
4.0,4.0680000000000005,0.0011712243329600473,0.8506666800373369,0.0009963215148980679,0.14933331996266308
4.0,4.07,0.0011665487929422948,0.8507408309707024,0.0009924306894755978,0.1492591690292976
4.0,4.072,0.0011618919177301158,0.8508149467790066,0.0009885550101465064,0.1491850532209934
4.0,4.074,0.0011572536328134076,0.8508890274722513,0.00098469441816333,0.14911097252774874
4.0,4.0760000000000005,0.0011526338639795102,0.8509630730604623,0.0009808488550055589,0.14903692693953774
4.0,4.078,0.0011480325373120284,0.8510370835536899,0.0009770182623787713,0.1489629164463101
4.0,4.08,0.0011434495791896348,0.8511110589620083,0.0009732025822137528,0.14888894103799166
4.0,4.082,0.0011388849162849018,0.8511849992955157,0.0009694017566656376,0.14881500070448428
4.0,4.0840000000000005,0.0011343384755631235,0.8512589045643341,0.0009656157281130412,0.14874109543566594
4.0,4.086,0.0011298101842811556,0.851332774778609,0.0009618444391572078,0.14866722522139098
4.0,4.088,0.0011252999699862386,0.8514066099485099,0.0009580878326211434,0.14859339005149008
4.0,4.09,0.001120807760514848,0.8514804100842294,0.0009543458515487695,0.14851958991577063
4.0,4.0920000000000005,0.0011163334839915343,0.8515541751959833,0.0009506184392040695,0.1484458248040167
4.0,4.094,0.0011118770688277814,0.851627905294011,0.0009469055390702483,0.148372094705989
4.0,4.096,0.0011074384437208499,0.8517016003885748,0.0009432070948488804,0.1482983996114252
4.0,4.098,0.0011030175376526433,0.8517752604899598,0.0009395230504590743,0.14822473951004023
4.0,4.1,0.0010986142798885701,0.8518488856084742,0.0009358533500366348,0.14815111439152584
4.0,4.102,0.0010942285999764104,0.8519224757544487,0.0009321979379332278,0.14807752424555132
4.0,4.104,0.0010898604277451956,0.8519960309382367,0.0009285567587155556,0.14800396906176327
4.0,4.106,0.0010855096933040753,0.8520695511702141,0.0009249297571645202,0.1479304488297859
4.0,4.108,0.0010811763270412054,0.8521430364607792,0.0009213168782744052,0.14785696353922084
4.0,4.11,0.0010768602596226313,0.8522164868203522,0.0009177180672520512,0.14778351317964777
4.0,4.112,0.001072561421991186,0.8522899022593761,0.0009141332695160454,0.14771009774062394
4.0,4.114,0.0010682797453653741,0.8523632827883152,0.0009105624306958957,0.1476367172116848
4.0,4.116,0.001064015161238278,0.8524366284176562,0.0009070054966312265,0.14756337158234378
4.0,4.118,0.0010597676013764587,0.8525099391579073,0.0009034624133709662,0.1474900608420927
4.0,4.12,0.0010555369978188717,0.8525832150195984,0.0008999331271725485,0.14741678498040156
4.0,4.122,0.001051323282875768,0.8526564560132812,0.0008964175845011007,0.14734354398671878
4.0,4.124,0.0010471263891276186,0.8527296621495285,0.0008929157320286499,0.1472703378504715
4.0,4.126,0.0010429462494240319,0.8528028334389346,0.0008894275166333242,0.1471971665610654
4.0,4.128,0.0010387827968826875,0.8528759698921149,0.0008859528853985658,0.1471240301078851
4.0,4.13,0.001034635964888254,0.852949071519706,0.0008824917856123314,0.147050928480294
4.0,4.132,0.0010305056870913308,0.8530221383323655,0.0008790441647663106,0.1469778616676345
4.0,4.134,0.0010263918974073834,0.8530951703407718,0.0008756099705551397,0.14690482965922824
4.0,4.136,0.0010222945300156928,0.853168167555624,0.0008721891508756264,0.14683183244437603
4.0,4.138,0.0010182135193582914,0.8532411299876419,0.0008687816538259622,0.1467588700123581
4.0,4.14,0.0010141488001389216,0.853314057647566,0.0008653874277049536,0.14668594235243404
4.0,4.142,0.0010101003073219874,0.8533869505461569,0.0008620064210112467,0.14661304945384313
4.0,4.144,0.001006067976131521,0.8534598086941958,0.0008586385824425646,0.1465401913058042
4.0,4.146,0.0010020517420501354,0.853532632102484,0.0008552838608949314,0.14646736789751602
4.0,4.148,0.000998051540818,0.8536054207818429,0.0008519422054619156,0.14639457921815713
4.0,4.15,0.0009940673084318074,0.8536781747431138,0.0008486135654338653,0.1463218252568862
4.0,4.152,0.0009900989811437583,0.8537508939971581,0.000845297890297159,0.1462491060028419
4.0,4.154,0.0009861464954605296,0.8538235785548567,0.0008419951297334401,0.1461764214451433
4.0,4.156,0.0009822097881422662,0.8538962284271103,0.0008387052336188722,0.14610377157288967
4.0,4.158,0.000978288796201565,0.8539688436248393,0.0008354281520233865,0.14603115637516073
4.0,4.16,0.0009743834569024752,0.8540414241589832,0.0008321638352099431,0.1459585758410168
4.0,4.162,0.0009704937077594824,0.8541139700405013,0.0008289122336337776,0.14588602995949873
4.0,4.164,0.0009666194865365178,0.8541864812803717,0.0008256732979416677,0.14581351871962833
4.0,4.166,0.0009627607312459572,0.8542589578895919,0.000822446978971193,0.14574104211040806
4.0,4.168,0.0009589173801476372,0.8543313998791785,0.0008192332277500053,0.1456686001208215
4.0,4.17,0.0009550893717478565,0.8544038072601666,0.0008160319954950892,0.14559619273983337
4.0,4.172,0.000951276644798399,0.8544761800436107,0.0008128432336120386,0.1455238199563893
4.0,4.174,0.0009474791382955505,0.8545485182405835,0.0008096668936943275,0.14545148175941647
4.0,4.176,0.0009436967914791293,0.8546208218621767,0.0008065029275225927,0.1453791781378233
4.0,4.178,0.000939929543831504,0.8546930909195003,0.000803351287063904,0.1453069090804997
4.0,4.18,0.0009361773350766318,0.8547653254236827,0.0008002119244710532,0.14523467457631734
4.0,4.182,0.000932440105179091,0.8548375253858708,0.0007970847920818352,0.14516247461412923
4.0,4.184,0.0009287177943431267,0.8549096908172295,0.0007939698424183417,0.14509030918277055
4.0,4.186,0.0009250103430116846,0.8549818217289419,0.0007908670281862435,0.14501817827105812
4.0,4.188,0.0009213176918654643,0.8550539181322091,0.0007877763022740886,0.1449460818677909
4.0,4.19,0.0009176397818219669,0.8551259800382501,0.0007846976177525955,0.14487401996174987
4.0,4.192,0.0009139765540345567,0.8551980074583017,0.0007816309278739576,0.14480199254169834
4.0,4.194,0.0009103279498915091,0.8552700004036183,0.000778576186071136,0.14472999959638166
4.0,4.196,0.0009066939110150803,0.8553419588854723,0.0007755333459571689,0.14465804111452774
4.0,4.198,0.0009030743792605688,0.8554138829151531,0.0007725023613244748,0.14458611708484692
4.0,4.2,0.0008994692967153928,0.8554857725039677,0.0007694831861441684,0.14451422749603227
4.0,4.202,0.0008958786056981528,0.8555576276632406,0.0007664757745653633,0.14444237233675938
4.0,4.204,0.0008923022487577161,0.8556294484043133,0.000763480080914493,0.14437055159568668
4.0,4.206,0.0008887401686722937,0.8557012347385444,0.000760496059694624,0.14429876526145557
4.0,4.208,0.0008851923084485315,0.8557729866773097,0.0007575236655847822,0.14422701332269028
4.0,4.21,0.0008816586113205886,0.8558447042320019,0.0007545628534392666,0.14415529576799813
4.0,4.212,0.0008781390207492356,0.8559163874140302,0.0007516135782869798,0.1440836125859698
4.0,4.214,0.0008746334804209465,0.855988036234821,0.0007486757953307527,0.144011963765179
4.0,4.216,0.0008711419342470046,0.856059650705817,0.0007457494599466805,0.14394034929418298
4.0,4.218,0.0008676643263625951,0.8561312308384778,0.0007428345276834472,0.14386876916152225
4.0,4.22,0.0008642006011259176,0.8562027766442789,0.0007399309542616655,0.1437972233557211
4.0,4.222,0.0008607507031172928,0.8562742881347126,0.0007370386955732133,0.14372571186528738
4.0,4.224,0.0008573145771382821,0.8563457653212875,0.0007341577076805781,0.14365423467871252
4.0,4.226,0.000853892168210795,0.8564172082155279,0.000731287946816193,0.14358279178447209
4.0,4.228,0.0008504834215762156,0.8564886168289747,0.0007284293693817867,0.1435113831710253
4.0,4.23,0.0008470882826945237,0.8565599911731845,0.0007255819319477292,0.1434400088268155
4.0,4.232,0.0008437066972434275,0.8566313312597298,0.0007227455912523871,0.1433686687402702
4.0,4.234,0.0008403386111174864,0.8567026371001989,0.0007199203042014691,0.1432973628998011
4.0,4.236,0.0008369839704272503,0.856773908706196,0.0007171060278673864,0.14322609129380404
4.0,4.238,0.0008336427214983953,0.8568451460893406,0.000714302719488608,0.1431548539106594
4.0,4.24,0.0008303148108708701,0.856916349261268,0.0007115103364690262,0.14308365073873197
4.0,4.242,0.0008270001852980323,0.856987518233629,0.000708728836377312,0.14301248176637105
4.0,4.244,0.0008236987917458018,0.8570586530180893,0.0007059581769462846,0.14294134698191074
4.0,4.246,0.0008204105773918102,0.8571297536263301,0.0007031983160722775,0.14287024637366985
4.0,4.248,0.0008171354896245603,0.8572008200700482,0.0007004492118145134,0.14279917992995184
4.0,4.25,0.0008138734760425767,0.8572718523609546,0.0006977108223944688,0.1427281476390454
4.0,4.252,0.0008106244844535723,0.8573428505107761,0.000694983106195254,0.14265714948922392
4.0,4.2540000000000004,0.0008073884628736112,0.8574138145312539,0.0006922660217609886,0.14258618546874613
4.0,4.256,0.0008041653595262818,0.8574847444341442,0.0006895595277961855,0.14251525556585576
4.0,4.258,0.0008009551228418603,0.857555640231218,0.0006868635831651254,0.142444359768782
4.0,4.26,0.0007977577014564913,0.8576265019342608,0.000684178146891247,0.14237349806573918
4.0,4.2620000000000005,0.0007945730442113631,0.8576973295550727,0.0006815031781565308,0.14230267044492728
4.0,4.264,0.0007914011001518945,0.8577681231054682,0.0006788386363008932,0.14223187689453176
4.0,4.266,0.0007882418185269116,0.8578388825972764,0.000676184480821571,0.14216111740272364
4.0,4.268,0.000785095148787841,0.8579096080423403,0.0006735406713725195,0.1420903919576597
4.0,4.2700000000000005,0.0007819610405878983,0.8579802994525175,0.0006709071677638073,0.14201970054748247
4.0,4.272,0.0007788394437812882,0.8580509568396796,0.0006682839299610182,0.14194904316032042
4.0,4.274,0.0007757303084223939,0.858121580215712,0.0006656709180846463,0.14187841978428795
4.0,4.276,0.0007726335847649833,0.8581921695925145,0.000663068092409503,0.14180783040748546
4.0,4.2780000000000005,0.0007695492232614104,0.8582627249820005,0.00066047541336412,0.1417372750179995
4.0,4.28,0.0007664771745618281,0.8583332463960972,0.000657892841530162,0.1416667536039028
4.0,4.282,0.0007634173895133903,0.8584037338467455,0.0006553203376418295,0.1415962661532545
4.0,4.284,0.0007603698191594709,0.8584741873459,0.0006527578625852758,0.14152581265410002
4.0,4.2860000000000005,0.000757334414738878,0.8585446069055287,0.0006502053773980187,0.1414553930944713
4.0,4.288,0.0007543111276850788,0.8586149925376132,0.0006476628432683625,0.1413850074623868
4.0,4.29,0.0007512999096254145,0.8586853442541483,0.0006451302215348095,0.14131465574585167
4.0,4.292,0.0007483007123803319,0.8587556620671424,0.0006426074736854862,0.14124433793285762
4.0,4.2940000000000005,0.0007453134879626098,0.8588259459886168,0.000640094561357564,0.14117405401138317
4.0,4.296,0.0007423381885765966,0.8588961960306062,0.0006375914463366896,0.14110380396939382
4.0,4.298,0.0007393747666174371,0.858966412205158,0.000635098090556406,0.14103358779484199
4.0,4.3,0.0007364231746703168,0.8590365945243329,0.0006326144560975869,0.1409634054756671
4.0,4.3020000000000005,0.0007334833655097002,0.8591067430002043,0.000630140505187867,0.1408932569997957
4.0,4.304,0.0007305552920985808,0.8591768576448584,0.0006276762002010803,0.1408231423551416
4.0,4.306,0.0007276389075877202,0.8592469384703944,0.0006252215036566908,0.14075306152960565
4.0,4.308,0.0007247341653149039,0.8593169854889237,0.0006227763782192345,0.14068301451107634
4.0,4.3100000000000005,0.0007218410188041924,0.8593869987125706,0.0006203407866977592,0.14061300128742937
4.0,4.312,0.0007189594217651824,0.859456978153472,0.0006179146920452712,0.140543021846528
4.0,4.314,0.0007160893280922584,0.8595269238237768,0.0006154980573581741,0.14047307617622318
4.0,4.316,0.0007132306918638604,0.8595968357356467,0.0006130908458757204,0.1404031642643533
4.0,4.3180000000000005,0.0007103834673417466,0.8596667139012553,0.000610693020979459,0.14033328609874474
4.0,4.32,0.0007075476089702664,0.8597365583327885,0.0006083045461926904,0.1402634416672115
4.0,4.322,0.000704723071375624,0.8598063690424443,0.0006059253851799147,0.14019363095755566
4.0,4.324,0.0007019098093651577,0.8598761460424329,0.0006035555017462905,0.1401238539575671
4.0,4.3260000000000005,0.0006991077779266142,0.8599458893449762,0.0006011948598370924,0.14005411065502382
4.0,4.328,0.000696316932227433,0.8600155989623081,0.0005988434235371727,0.13998440103769194
4.0,4.33,0.0006935372276140223,0.8600852749066742,0.000596501157070419,0.1399147250933258
4.0,4.332,0.0006907686196110488,0.8601549171903321,0.0005941680247992217,0.1398450828096679
4.0,4.3340000000000005,0.0006880110639207243,0.8602245258255508,0.0005918439912239378,0.13977547417444924
4.0,4.336,0.0006852645164221013,0.8602941008246108,0.0005895290209823633,0.13970589917538923
4.0,4.338,0.00068252893317036,0.8603636421998044,0.0005872230788491978,0.13963635780019557
4.0,4.34,0.00067980427039611,0.8604331499634352,0.0005849261297355198,0.13956685003656477
4.0,4.3420000000000005,0.0006770904845046878,0.8605026241278181,0.0005826381386882596,0.13949737587218192
4.0,4.344,0.0006743875320754634,0.8605720647052792,0.0005803590708896792,0.13942793529472075
4.0,4.346,0.0006716953698611392,0.8606414717081562,0.0005780888916568451,0.1393585282918438
4.0,4.348,0.0006690139547870622,0.8607108451487975,0.0005758275664411117,0.13928915485120252
4.0,4.3500000000000005,0.000666343243950533,0.8607801850395627,0.0005735750608276022,0.13921981496043734
4.0,4.352,0.0006636831946201234,0.8608494913928224,0.0005713313405346968,0.1391505086071776
4.0,4.354,0.0006610337642349864,0.8609187642209583,0.0005690963714135127,0.13908123577904175
4.0,4.356,0.0006583949104041792,0.8609880035363626,0.0005668701194473966,0.13901199646363738
4.0,4.358,0.0006557665909059842,0.8610572093514386,0.0005646525507514132,0.1389427906485614
4.0,4.36,0.0006531487636872323,0.8611263816786001,0.0005624436315718374,0.13887361832139988
4.0,4.362,0.0006505413868626343,0.8611955205302717,0.0005602433282856512,0.1388044794697283
4.0,4.364,0.0006479444187141044,0.8612646259188884,0.0005580516074000347,0.13873537408111158
4.0,4.366,0.0006453578176900967,0.8613336978568957,0.0005558684355518673,0.13866630214310427
4.0,4.368,0.0006427815424049386,0.8614027363567497,0.0005536937795072262,0.1385972636432503
4.0,4.37,0.0006402155516381727,0.8614717414309166,0.0005515276061608916,0.13852825856908335
4.0,4.372,0.0006376598043338911,0.8615407130918732,0.0005493698825358448,0.1384592869081268
4.0,4.374,0.0006351142596000822,0.8616096513521062,0.0005472205757827779,0.1383903486478938
4.0,4.376,0.0006325788767079748,0.8616785562241127,0.0005450796531795988,0.1383214437758873
4.0,4.378,0.000630053615091391,0.8617474277203997,0.000542947082130945,0.1382525722796003
4.0,4.38,0.0006275384343460897,0.8618162658534843,0.0005408228301676889,0.13818373414651575
4.0,4.382,0.0006250332942291255,0.8618850706358934,0.000538706864946455,0.13811492936410663
4.0,4.384,0.0006225381546582019,0.861953842080164,0.0005365991542491325,0.138046157919836
4.0,4.386,0.0006200529757110347,0.8620225801988428,0.0005344996659823965,0.1379774198011572
4.0,4.388,0.0006175777176247067,0.8620912850044863,0.0005324083681772212,0.13790871499551371
4.0,4.39,0.0006151123407950358,0.8621599565096605,0.0005303252289884035,0.13784004349033951
4.0,4.392,0.0006126568057759389,0.8622285947269411,0.0005282502166940843,0.13777140527305887
4.0,4.394,0.0006102110732788054,0.8622971996689135,0.000526183299695276,0.1377028003310865
4.0,4.396,0.0006077751041718623,0.8623657713481723,0.0005241244465153837,0.13763422865182773
4.0,4.398,0.0006053488594795518,0.8624343097773217,0.0005220736257997362,0.13756569022267828
4.0,4.4,0.000602932300381906,0.8625028149689752,0.0005200308063151136,0.13749718503102482
4.0,4.402,0.0006005253882139299,0.8625712869357555,0.0005179959569492837,0.13742871306424453
4.0,4.404,0.0005981280844649765,0.8626397256902946,0.0005159690467105287,0.13736027430970543
4.0,4.406,0.0005957403507781346,0.8627081312452336,0.0005139500447271844,0.1372918687547664
4.0,4.408,0.0005933621489496132,0.8627765036132228,0.0005119389202471756,0.13722349638677722
4.0,4.41,0.0005909934409281346,0.8628448428069213,0.0005099356426375577,0.1371551571930787
4.0,4.412,0.0005886341888143186,0.8629131488389974,0.0005079401813840525,0.1370868511610026
4.0,4.414,0.0005862843548600812,0.8629814217221281,0.0005059525060905935,0.1370185782778719
4.0,4.416,0.0005839439014680278,0.8630496614689993,0.0005039725864788681,0.1369503385310007
4.0,4.418,0.0005816127911908566,0.8631178680923056,0.0005020003923878674,0.13688213190769438
4.0,4.42,0.000579290986730752,0.8631860416047504,0.0005000358937734278,0.13681395839524957
4.0,4.422,0.0005769784509387934,0.8632541820190458,0.0004980790607077842,0.1367458179809542
4.0,4.424,0.0005746751468143576,0.8633222893479123,0.0004961298633791188,0.13667771065208767
4.0,4.426,0.0005723810375045318,0.863390363604079,0.0004941882720911177,0.13660963639592105
4.0,4.428,0.0005700960863035167,0.8634584048002834,0.0004922542572625193,0.13654159519971665
4.0,4.43,0.0005678202566520446,0.8635264129492715,0.0004903277894266748,0.13647358705072854
4.0,4.432,0.0005655535121367913,0.8635943880637975,0.0004884088392311037,0.1364056119362025
4.0,4.434,0.0005632958164897984,0.863662330156624,0.00048649737743705737,0.13633766984337603
4.0,4.436,0.0005610471335878864,0.8637302392405217,0.00048459337491907404,0.13626976075947828
4.0,4.438,0.0005588074274520808,0.8637981153282696,0.0004826968026645461,0.13620188467173044
4.0,4.44,0.0005565766622470346,0.8638659584326545,0.0004808076317732823,0.13613404156734554
4.0,4.442,0.000554354802280459,0.8639337685664714,0.00047892583345707815,0.13606623143352858
4.0,4.444,0.0005521418120025462,0.8640015457425235,0.0004770513790392777,0.13599845425747648
4.0,4.446,0.0005499376560054044,0.8640692899736215,0.00047518423995434754,0.13593071002637847
4.0,4.448,0.0005477422990224898,0.8641370012725842,0.00047332438774744544,0.1358629987274158
4.0,4.45,0.0005455557059280456,0.864204679652238,0.0004714717940739972,0.13579532034776198
4.0,4.452,0.0005433778417365348,0.8642723251254173,0.00046962643069926597,0.1357276748745827
4.0,4.454,0.0005412086716020839,0.8643399377049639,0.0004677882694979314,0.13566006229503613
4.0,4.456,0.0005390481608179234,0.8644075174037272,0.0004659572824536663,0.13559248259627277
4.0,4.458,0.0005368962748158367,0.8644750642345645,0.00046413344165871886,0.13552493576543545
4.0,4.46,0.0005347529791656008,0.8645425782103404,0.000462316719313489,0.13545742178965958
4.0,4.462,0.0005326182395744397,0.8646100593439268,0.0004605070877261141,0.13538994065607324
4.0,4.464,0.0005304920218864733,0.8646775076482031,0.00045870451931205174,0.13532249235179694
4.0,4.466,0.0005283742920821753,0.864744923136056,0.00045690898659366864,0.135255076863944
4.0,4.468,0.0005262650162778225,0.8648123058203796,0.0004551204621998232,0.1351876941796204
4.0,4.47,0.0005241641607249571,0.864879655714075,0.000453338918865458,0.135120344285925
4.0,4.472,0.0005220716918098447,0.8649469728300506,0.0004515643294311883,0.13505302716994938
4.0,4.474,0.0005199875760529396,0.8650142571812218,0.0004497966668428976,0.13498574281877818
4.0,4.476,0.0005179117801083444,0.8650815087805112,0.0004480359041513269,0.13491849121948885
4.0,4.478,0.0005158442707632797,0.8651487276408482,0.0004462820145116726,0.13485127235915184
4.0,4.48,0.0005137850149375512,0.8652159137751692,0.0004445349711831823,0.13478408622483085
4.0,4.482,0.0005117339796830232,0.8652830671964175,0.00044279474752875547,0.13471693280358255
4.0,4.484,0.0005096911321830871,0.865350187917543,0.0004410613170145397,0.13464981208245697
4.0,4.486,0.0005076564397521394,0.865417275951503,0.0004393346532095348,0.13458272404849703
4.0,4.488,0.0005056298698350568,0.8654843313112607,0.00043761472978519393,0.13451566868873932
4.0,4.49,0.0005036113900066793,0.8655513540097864,0.00043590152051503194,0.13444864599021356
4.0,4.492,0.0005016009679712856,0.8656183440600571,0.000434194999274226,0.1343816559399429
4.0,4.494,0.0004995985715620803,0.8656853014750561,0.0004324951400392269,0.13431469852494393
4.0,4.496,0.0004976041687406772,0.8657522262677732,0.0004308019168873659,0.13424777373222685
4.0,4.498,0.0004956177275965902,0.8658191184512046,0.00042911530399646904,0.13418088154879537
4.0,4.5,0.0004936392163467182,0.8658859780383532,0.0004274352756444644,0.1341140219616468
4.0,4.502,0.0004916686033348386,0.865952805042228,0.00042576180620899803,0.13404719495777195
4.0,4.5040000000000004,0.0004897058570311005,0.8660195994758443,0.00042409487016704874,0.13398040052415572
4.0,4.506,0.0004877509460315227,0.8660863613522236,0.0004224344420945463,0.1339136386477764
4.0,4.508,0.0004858038390574869,0.8661530906843936,0.000420780496665986,0.1338469093156064
4.0,4.51,0.00048386450495523976,0.8662197874853882,0.0004191330086540503,0.1337802125146118
4.0,4.5120000000000005,0.00048193291269539346,0.8662864517682473,0.0004174919529292289,0.13371354823175274
4.0,4.514,0.0004800090313724325,0.8663530835460167,0.00041585730445944355,0.1336469164539833
4.0,4.516,0.0004780928302042136,0.8664196828317484,0.0004142290383096677,0.13358031716825158
4.0,4.518,0.0004761842785314773,0.8664862496385002,0.0004126071296415547,0.13351375036149982
4.0,4.5200000000000005,0.00047428334581735526,0.8665527839793358,0.0004109915537130633,0.13344721602066423
4.0,4.522,0.0004723900016468852,0.8666192858673246,0.00040938228587808793,0.13338071413267538
4.0,4.524,0.0004705042157265192,0.8666857553155419,0.000407779301586085,0.13331424468445807
4.0,4.526,0.00046862595788364216,0.8667521923370687,0.00040618257638170565,0.13324780766293132
4.0,4.5280000000000005,0.00046675519806608785,0.8668185969449915,0.0004045920859044279,0.13318140305500847
4.0,4.53,0.0004648919063416609,0.8668849691524028,0.00040300780588819243,0.13311503084759724
4.0,4.532,0.00046303605289765306,0.8669513089724001,0.00040142971216103383,0.13304869102759986
4.0,4.534,0.0004611876080403697,0.867017616418087,0.0003998577806447203,0.13298238358191306
4.0,4.5360000000000005,0.00045934654219465285,0.8670838915025719,0.0003982919873543899,0.13291610849742808
4.0,4.538,0.0004575128259034113,0.8671501342389693,0.0003967323083981933,0.13284986576103075
4.0,4.54,0.00045568642982714454,0.8672163446403985,0.0003951787199769298,0.13278365535960146
4.0,4.542,0.0004538673247434763,0.8672825227199846,0.00039363119838369264,0.13271747728001537
4.0,4.5440000000000005,0.00045205548154668565,0.8673486684908577,0.00039208972000351127,0.13265133150914232
4.0,4.546,0.0004502508712472444,0.8674147819661531,0.00039055426131299895,0.13258521803384693
4.0,4.548,0.00044845346497134845,0.8674808631590113,0.0003890247988799948,0.1325191368409887
4.0,4.55,0.0004466632339604591,0.867546912082578,0.00038750130936321436,0.13245308791742205
4.0,4.5520000000000005,0.0004448801495708411,0.8676129287500037,0.0003859837695118972,0.13238707124999627
4.0,4.554,0.00044310418327310784,0.8676789131744445,0.0003844721561654601,0.13232108682555555
4.0,4.556,0.00044133530665175987,0.8677448653690608,0.0003829664462531445,0.1322551346309392
4.0,4.558,0.00043957349140473343,0.8678107853470185,0.0003814666167936726,0.1321892146529815
4.0,4.5600000000000005,0.0004378187093429463,0.867876673121488,0.0003799726448948999,0.13212332687851203
4.0,4.562,0.0004360709323898495,0.8679425287056447,0.0003784845077534742,0.1320574712943553
4.0,4.564,0.00043433013258097384,0.8680083521126688,0.0003770021826544881,0.1319916478873312
4.0,4.566,0.0004325962820634852,0.8680741433557452,0.0003755256469711402,0.13192585664425482
4.0,4.5680000000000005,0.0004308693530957375,0.8681399024480634,0.0003740548781643937,0.13186009755193662
4.0,4.57,0.000429149318046832,0.8682056294028178,0.0003725898537826398,0.13179437059718224
4.0,4.572,0.00042743614939617046,0.8682713242332072,0.0003711305514613559,0.1317286757667928
4.0,4.574,0.00042572981973301786,0.868336986952435,0.00036967694892277205,0.131663013047565
4.0,4.5760000000000005,0.0004240303017560625,0.8684026175737092,0.0003682290239755345,0.13159738242629082
4.0,4.578,0.000422337568272982,0.8684682161102422,0.0003667867545143743,0.13153178388975784
4.0,4.58,0.00042065159220000374,0.8685337825752507,0.00036535011851977105,0.1314662174247493
4.0,4.582,0.00041897234656147455,0.8685993169819561,0.0003639190940576242,0.13140068301804386
4.0,4.5840000000000005,0.00041729980448942765,0.868664819343584,0.0003624936592789216,0.13133518065641603
4.0,4.586,0.0004156339392231558,0.868730289673364,0.00036107379241941346,0.13126971032663604
4.0,4.588,0.0004139747241087783,0.8687957279845302,0.0003596594717992811,0.1312042720154698
4.0,4.59,0.00041232213259881806,0.8688611342903211,0.00035825067582281325,0.13113886570967892
4.0,4.5920000000000005,0.0004106761382517749,0.8689265086039789,0.00035684738297807973,0.1310734913960211
4.0,4.594,0.00040903671473170556,0.8689918509387503,0.00035544957183661043,0.1310081490612497
4.0,4.596,0.00040740383580779806,0.8690571613078859,0.00035405722105306904,0.1309428386921141
4.0,4.598,0.0004057774753539547,0.8691224397246403,0.00035267030936493425,0.13087756027535968
4.0,4.6000000000000005,0.00040415760734837297,0.8691876862022722,0.0003512888155921787,0.13081231379772784
4.0,4.602,0.00040254420587313154,0.8692529007540439,0.00034991271863695265,0.13074709924595607
4.0,4.604,0.0004009372451137717,0.8693180833932223,0.00034854199748326256,0.13068191660677775
4.0,4.606,0.00039933669935888696,0.8693832341330773,0.00034717663119665753,0.13061676586692272
4.0,4.6080000000000005,0.0003977425429997105,0.8694483529868833,0.0003458165989239129,0.13055164701311672
4.0,4.61,0.0003961547505297079,0.8695134399679181,0.00034446187989271875,0.13048656003208192
4.0,4.612,0.00039457329654416504,0.8695784950894633,0.00034311245341136354,0.13042150491053672
4.0,4.614,0.00039299815573978455,0.8696435183648042,0.0003417682988684255,0.13035648163519575
4.0,4.616,0.00039142930291427976,0.8697085098072299,0.000340429395732461,0.1302914901927701
4.0,4.618,0.00038986671296597147,0.8697734694300328,0.00033909572355169575,0.13022653056996725
4.0,4.62,0.00038831036089338847,0.8698383972465089,0.0003377672619537185,0.1301616027534911
4.0,4.622,0.0003867602217948637,0.8699032932699581,0.0003364439906451714,0.13009670673004192
4.0,4.624,0.00038521627086813854,0.8699681575136833,0.00033512588941144643,0.13003184248631672
4.0,4.626,0.00038367848340996455,0.8700329899909911,0.0003338129381163803,0.1299670100090089
4.0,4.628,0.00038214683481571095,0.8700977907151914,0.0003325051167019533,0.12990220928480856
4.0,4.63,0.00038062130057896687,0.8701625596995975,0.0003312024051879837,0.12983744030040245
4.0,4.632,0.000379101856291152,0.8702272969575261,0.0003299047836718297,0.1297727030424739
4.0,4.634,0.0003775884776411246,0.8702920025022969,0.0003286122323280881,0.12970799749770312
4.0,4.636,0.00037608114041479536,0.870356676347233,0.00032732473140829833,0.12964332365276698
4.0,4.638,0.00037457982049473584,0.8704213185056608,0.0003260422612406417,0.12957868149433915
4.0,4.64,0.0003730844938597952,0.8704859289909098,0.00032476480222964725,0.12951407100909018
4.0,4.642,0.0003715951365847149,0.8705505078163125,0.00032349233485589555,0.1294494921836875
4.0,4.644,0.0003701117248397479,0.8706150549952044,0.0003222248396757271,0.12938494500479558
4.0,4.646,0.0003686342348902741,0.8706795705409244,0.0003209622973209461,0.12932042945907563
4.0,4.648,0.00036716264309642277,0.8707440544668139,0.0003197046884985309,0.1292559455331861
4.0,4.65,0.0003656969259126931,0.8708085067862177,0.0003184519939903423,0.12919149321378232
4.0,4.652,0.0003642370598875802,0.8708729275124834,0.0003172041946528367,0.12912707248751665
4.0,4.654,0.00036278302166319596,0.8709373166589612,0.0003159612714167737,0.12906268334103876
4.0,4.656,0.00036133478797489767,0.8710016742390045,0.0003147232052869316,0.12899832576099546
4.0,4.658,0.0003598923356509148,0.8710660002659694,0.00031348997734182007,0.12893399973403064
4.0,4.66,0.0003584556416119807,0.8711302947532146,0.0003122615687333974,0.12886970524678543
4.0,4.662,0.00035702468287095943,0.8711945577141017,0.0003110379606867829,0.1288054422858983
4.0,4.664,0.0003555994365324807,0.871258789161995,0.00030981913449997677,0.12874121083800505
4.0,4.666,0.0003541798797925719,0.8713229891102613,0.00030860507154357677,0.1286770108897387
4.0,4.668,0.0003527659899382963,0.8713871575722701,0.00030739575326050006,0.12861284242772986
4.0,4.67,0.0003513577443473854,0.8714512945613936,0.0003061911611657002,0.12854870543860641
4.0,4.672,0.00034995512048787965,0.8715154000910063,0.00030499127684589073,0.12848459990899375
4.0,4.674,0.00034855809591776684,0.8715794741744852,0.000303796081959267,0.12842052582551478
4.0,4.676,0.0003471666482846252,0.8716435168252101,0.0003026055582352315,0.12835648317478987
4.0,4.678,0.00034578075532526236,0.8717075280565629,0.00030141968747411565,0.12829247194343707
4.0,4.68,0.0003444003948653614,0.871771507881928,0.00030023845154690754,0.12822849211807197
4.0,4.682,0.0003430255448191249,0.8718354563146922,0.00029906183239497764,0.12816454368530783
4.0,4.684,0.00034165618318892396,0.8718993733682444,0.0002978898120298089,0.1281006266317556
4.0,4.686,0.00034029228806494274,0.871963259055976,0.00029672237253272247,0.12803674094402395
4.0,4.688,0.0003389338376248301,0.8720271133912808,0.0002955594960546097,0.1279728866087192
4.0,4.69,0.00033758081013334943,0.8720909363875544,0.00029440116481566195,0.12790906361244558
4.0,4.692,0.0003362331839420333,0.8721547280581948,0.000293247361105105,0.12784527194180517
4.0,4.694,0.00033489093748883316,0.8722184884166022,0.0002920980672809289,0.1277815115833978
4.0,4.696,0.0003335540492977772,0.8722822174761787,0.00029095326576962375,0.12771778252382127
4.0,4.698,0.0003322224979786252,0.8723459152503287,0.0002898129390659143,0.12765408474967133
4.0,4.7,0.0003308962622265289,0.8724095817524584,0.0002886770697324979,0.12759041824754158
4.0,4.702,0.0003295753208216874,0.8724732169959762,0.00028754564039977856,0.12752678300402376
4.0,4.704,0.00032825965262900993,0.8725368209942924,0.00028641863376560703,0.12746317900570758
4.0,4.706,0.00032694923659777684,0.8726003937608192,0.00028529603259501934,0.12739960623918078
4.0,4.708,0.0003256440517613048,0.8726639353089707,0.0002841778197199784,0.12733606469102932
4.0,4.71,0.000324344077236608,0.8727274456521628,0.0002830639780391127,0.12727255434783724
4.0,4.712,0.00032304929222406635,0.8727909248038134,0.0002819544905174602,0.12720907519618663
4.0,4.714,0.0003217596760070914,0.872854372777342,0.00028084934018621053,0.127145627222658
4.0,4.716,0.0003204752079517974,0.87291778958617,0.00027974851014245114,0.12708221041383005
4.0,4.718,0.00031919586750666745,0.8729811752437203,0.0002786519835489094,0.12701882475627968
4.0,4.72,0.00031792163420222706,0.8730445297634178,0.00027755974363370065,0.12695547023658216
4.0,4.722,0.0003166524876507157,0.873107853158689,0.00027647177369007466,0.126892146841311
4.0,4.724,0.0003153884075457626,0.8731711454429617,0.00027538805707616514,0.1268288545570383
4.0,4.726,0.0003141293736620585,0.8732344066296657,0.0002743085772147362,0.12676559337033433
4.0,4.728,0.0003128753658550344,0.8732976367322322,0.0002732333175929341,0.12670236326776785
4.0,4.73,0.00031162636406053813,0.8733608357640937,0.00027216226176203734,0.12663916423590627
4.0,4.732,0.0003103823482945154,0.8734240037386847,0.00027109539333721057,0.12657599626131533
4.0,4.734,0.0003091432986526869,0.8734871406694406,0.00027003269599725437,0.12651285933055945
4.0,4.736,0.00030790919531023184,0.8735502465697985,0.0002689741534843613,0.12644975343020148
4.0,4.738,0.00030668001852147,0.873613321453197,0.00026791974960386935,0.12638667854680297
4.0,4.74,0.00030545574861954753,0.8736763653330759,0.00026686946822402003,0.1263236346669241
4.0,4.742,0.00030423636601611937,0.8737393782228764,0.0002658232932757116,0.1262606217771236
4.0,4.744,0.0003030218512010378,0.8738023601360408,0.00026478120875225903,0.12619763986395915
4.0,4.746,0.00030181218474203947,0.8738653110860131,0.00026374319870915155,0.12613468891398694
4.0,4.748,0.00030060734728443617,0.873928231086238,0.0002627092472638137,0.12607176891376204
4.0,4.75,0.00029940731955080234,0.8739911201501618,0.0002616793385953632,0.12600887984983822
4.0,4.752,0.00029821208234066874,0.8740539782912319,0.00026065345694437395,0.12594602170876812
4.0,4.7540000000000004,0.0002970216165302139,0.8741168055228966,0.00025963158661263734,0.1258831944771034
4.0,4.756,0.0002958359030719605,0.8741796018586057,0.0002586137119629275,0.12582039814139434
4.0,4.758,0.0002946549229944675,0.8742423673118097,0.0002575998174187623,0.1257576326881903
4.0,4.76,0.00029347865740202833,0.8743051018959604,0.00025658988746417007,0.12569489810403955
4.0,4.7620000000000005,0.000292307087474368,0.8743678056245107,0.000255583906643455,0.12563219437548934
4.0,4.764,0.0002911401944663436,0.874430478510914,0.0002545818595609654,0.12556952148908596
4.0,4.766,0.0002899779597076417,0.8744931205686253,0.0002535837308808587,0.12550687943137473
4.0,4.768,0.0002888203646024813,0.8745557318110999,0.0002525895053268717,0.1254442681889001
4.0,4.7700000000000005,0.00028766739062931554,0.8746183122517945,0.00025159916768208965,0.12538168774820546
4.0,4.772,0.0002865190193405373,0.8746808619041664,0.0002506127027887177,0.12531913809583362
4.0,4.774,0.00028537523236218086,0.8747433807816738,0.00024963009554784983,0.1252566192183262
4.0,4.776,0.0002842360113936303,0.8748058688977757,0.0002486513309192428,0.12519413110222433
4.0,4.7780000000000005,0.00028310133820732517,0.8748683262659318,0.0002476763939210881,0.1251316737340682
4.0,4.78,0.00028197119464847133,0.8749307528996028,0.00024670526962978747,0.12506924710039724
4.0,4.782,0.00028084556263474733,0.8749931488122498,0.0002457379431797255,0.12500685118775023
4.0,4.784,0.0002797244241560168,0.8750555140173347,0.00024477439976304625,0.12494448598266528
4.0,4.7860000000000005,0.0002786077612740398,0.8751178485283203,0.00024381462462942958,0.12488215147167969
4.0,4.788,0.00027749555612218725,0.8751801523586696,0.0002428586030858696,0.12481984764133036
4.0,4.79,0.0002763877909051526,0.8752424255218466,0.0002419063204964507,0.12475757447815339
4.0,4.792,0.0002752844478986687,0.8753046680313156,0.0002409577622821282,0.12469533196868443
4.0,4.7940000000000005,0.0002741855094492234,0.8753668799005414,0.0002400129139205071,0.1246331200994586
4.0,4.796,0.0002730909579737791,0.8754290611429897,0.0002390717609456251,0.12457093885701032
4.0,4.798,0.00027200077595948834,0.8754912117721262,0.00023813428894773107,0.12450878822787381
4.0,4.8,0.0002709149459634156,0.8755533318014175,0.0002372004835730695,0.12444666819858252
4.0,4.8020000000000005,0.0002698334506122573,0.8756154212443302,0.00023627033052366284,0.12438457875566977
4.0,4.804,0.00026875627260206574,0.8756774801143318,0.00023534381555709736,0.12432251988566823
4.0,4.806,0.00026768339469796925,0.8757395084248897,0.00023442092448630532,0.12426049157511032
4.0,4.808,0.00026661479973389855,0.8758015061894718,0.00023350164317935274,0.12419849381052817
4.0,4.8100000000000005,0.0002655504706123109,0.8758634734215465,0.00023258595755922494,0.12413652657845353
4.0,4.812,0.0002644903903039186,0.8759254101345822,0.00023167385360361566,0.12407458986541775
4.0,4.814,0.0002634345418474136,0.875987316342048,0.00023076531734471278,0.12401268365795204
4.0,4.816,0.00026238290834919813,0.8760491920574126,0.00022986033486898917,0.1239508079425874
4.0,4.8180000000000005,0.00026133547298311325,0.8761110372941454,0.00022895889231699145,0.12388896270585459
4.0,4.82,0.0002602922189901718,0.8761728520657159,0.00022806097588313272,0.12382714793428407
4.0,4.822,0.000259253129678287,0.8762346363855937,0.000227166571815481,0.12376536361440627
4.0,4.824,0.00025821818842200787,0.8762963902672485,0.00022627566641555372,0.12370360973275152
4.0,4.8260000000000005,0.00025718737866225165,0.8763581137241501,0.00022538824603810957,0.12364188627584993
4.0,4.828,0.00025616068390604113,0.8764198067697683,0.00022450429709094426,0.12358019323023173
4.0,4.83,0.0002551380877262379,0.8764814694175732,0.0002236238060346827,0.12351853058242679
4.0,4.832,0.00025411957376128124,0.8765431016810347,0.00022274675938257593,0.12345689831896534
4.0,4.8340000000000005,0.0002531051257149255,0.8766047035736227,0.0002218731437002968,0.12339529642637725
4.0,4.836,0.00025209472735598123,0.8766662751088073,0.00022100294560573842,0.12333372489119265
4.0,4.838,0.00025108836251805275,0.8767278163000582,0.00022013615176880977,0.12327218369994175
4.0,4.84,0.00025008601509928104,0.8767893271608453,0.00021927274891123564,0.12321067283915466
4.0,4.8420000000000005,0.0002490876690620857,0.8768508077046383,0.00021841272380635548,0.1231491922953617
4.0,4.844,0.0002480933084329096,0.8769122579449067,0.00021755606327892492,0.12308774205509332
4.0,4.846,0.00024710291730196114,0.8769736778951198,0.0002167027542049145,0.12302632210488018
4.0,4.848,0.00024611647982296104,0.877035067568747,0.00021585278351131282,0.12296493243125295
4.0,4.8500000000000005,0.0002451339802128881,0.8770964269792573,0.0002150061381759281,0.12290357302074273
4.0,4.852,0.0002441554027517286,0.8771577561401191,0.00021416280522719333,0.12284224385988085
4.0,4.854,0.00024318073178222175,0.8772190550648014,0.00021332277174396748,0.12278094493519864
4.0,4.856,0.00024220995170961128,0.877280323766772,0.000212486024855342,0.12271967623322799
4.0,4.8580000000000005,0.00024124304700139486,0.877341562259499,0.0002116525517404455,0.122658437740501
4.0,4.86,0.00024028000218707745,0.8774027705564499,0.0002108223396282516,0.12259722944355012
4.0,4.862,0.000239320801857921,0.8774639486710919,0.00020999537579738335,0.1225360513289081
4.0,4.864,0.00023836543066669977,0.8775250966168918,0.00020917164757592276,0.12247490338310818
4.0,4.866,0.00023741387332745434,0.8775862144073161,0.00020835114234121874,0.1224137855926839
4.0,4.868,0.00023646611461524656,0.8776473020558307,0.00020753384751969598,0.12235269794416925
4.0,4.87,0.00023552213936591768,0.8777083595759012,0.0002067197505866664,0.12229164042409879
4.0,4.872,0.0002345819324758431,0.8777693869809925,0.00020590883906613738,0.1222306130190075
4.0,4.874,0.00023364547890169257,0.8778303842845692,0.000205101100530625,0.12216961571543083
4.0,4.876,0.0002327127636601885,0.8778913515000952,0.00020429652260096513,0.12210864849990477
4.0,4.878,0.00023178377182786792,0.8779522886410341,0.0002034950929461279,0.12204771135896586
4.0,4.88,0.00023085848854084132,0.8780131957208488,0.00020269679928302904,0.1219868042791512
4.0,4.882,0.00022993689899455637,0.8780740727530013,0.0002019016293763456,0.12192592724699869
4.0,4.884,0.00022901898844356023,0.8781349197509535,0.0002011095710383303,0.12186508024904652
4.0,4.886,0.00022810474220126534,0.8781957367281662,0.00020032061212862863,0.1218042632718338
4.0,4.888,0.0002271941456397119,0.8782565236980998,0.0001995347405540932,0.12174347630190019
4.0,4.89,0.00022628718418933553,0.878317280674214,0.0001987519442686022,0.121682719325786
4.0,4.892,0.00022538384333873325,0.8783780076699675,0.0001979722112728766,0.12162199233003246
4.0,4.894,0.00022448410863443297,0.8784387046988187,0.0001971955296143002,0.12156129530118132
4.0,4.896,0.00022358796568065984,0.8784993717742248,0.00019642188738673658,0.12150062822577523
4.0,4.898,0.00022269540013910747,0.8785600089096425,0.00019565127273035065,0.12143999109035752
4.0,4.9,0.00022180639772870775,0.8786206161185276,0.0001948836738314284,0.1213793838814724
4.0,4.902,0.000220920944225404,0.878681193414335,0.00019411907892219972,0.12131880658566496
4.0,4.904,0.00022003902546192082,0.8787417408105189,0.0001933574762806584,0.12125825918948108
4.0,4.906,0.00021916062732753918,0.8788022583205325,0.00019259885423038604,0.12119774167946751
4.0,4.908,0.00021828573576786986,0.8788627459578281,0.000191843201140375,0.1211372540421719
4.0,4.91,0.00021741433678462994,0.8789232037358572,0.00019109050542485357,0.1210767962641428
4.0,4.912,0.00021654641643541677,0.8789836316680701,0.0001903407555431089,0.12101636833192986
4.0,4.914,0.00021568196083348622,0.8790440297679165,0.00018959393999931366,0.12095597023208349
4.0,4.916,0.00021482095614752984,0.8791043980488449,0.0001888500473423515,0.12089560195115512
4.0,4.918,0.00021396338860145506,0.8791647365243027,0.00018810906616564523,0.12083526347569729
4.0,4.92,0.00021310924447416247,0.8792250452077365,0.00018737098510698206,0.12077495479226352
4.0,4.922,0.00021225851009932777,0.8792853241125915,0.0001866357928483432,0.12071467588740847
4.0,4.924,0.00021141117186518249,0.8793455732523123,0.00018590347811573202,0.12065442674768767
4.0,4.926,0.00021056721621429752,0.879405792640342,0.0001851740296790046,0.12059420735965798
4.0,4.928,0.00020972662964336406,0.8794659822901228,0.00018444743635169798,0.12053401770987715
4.0,4.93,0.0002088893987029791,0.8795261422150957,0.00018372368699086223,0.12047385778490427
4.0,4.932,0.0002080555099974293,0.8795862724287005,0.00018300277049689107,0.12041372757129953
4.0,4.934,0.00020722495018447837,0.8796463729443759,0.00018228467581335537,0.12035362705562413
4.0,4.936,0.0002063977059751512,0.8797064437755593,0.00018156939192683378,0.12029355622444071
4.0,4.938,0.00020557376413352278,0.879766484935687,0.00018085690786674735,0.12023351506431301
4.0,4.94,0.0002047531114765057,0.8798264964381939,0.00018014721270519294,0.12017350356180612
4.0,4.942,0.00020393573487364068,0.8798864782965138,0.00017944029555677922,0.12011352170348621
4.0,4.944,0.00020312162124688424,0.8799464305240791,0.00017873614557845972,0.12005356947592094
4.0,4.946,0.00020231075757040106,0.880006353134321,0.00017803475196937035,0.11999364686567904
4.0,4.948,0.00020150313087035458,0.8800662461406692,0.00017733610397066495,0.1199337538593308
4.0,4.95,0.00020069872822470113,0.8801261095565522,0.000176640190865354,0.11987389044344776
4.0,4.952,0.00019989753676298087,0.8801859433953972,0.00017594700197814042,0.11981405660460276
4.0,4.954,0.00019909954366611327,0.8802457476706299,0.00017525652667525909,0.11975425232937009
4.0,4.956,0.00019830473616619146,0.8803055223956745,0.0001745687543643156,0.1196944776043255
4.0,4.958,0.00019751310154627913,0.880365267583954,0.0001738836744941267,0.11963473241604605
4.0,4.96,0.00019672462714020517,0.8804249832488896,0.0001732012765545592,0.11957501675111037
4.0,4.962,0.00019593930033236226,0.8804846694039016,0.00017252155007637177,0.11951533059609842
4.0,4.964,0.00019515710855750435,0.8805443260624083,0.00017184448463105592,0.11945567393759171
4.0,4.966,0.00019437803930054707,0.8806039532378267,0.00017117006983067938,0.1193960467621733
4.0,4.968,0.00019360208009636533,0.8806635509435722,0.00017049829532772697,0.11933644905642782
4.0,4.97,0.00019282921852959532,0.8807231191930588,0.00016982915081494517,0.11927688080694121
4.0,4.972,0.00019205944223443512,0.8807826579996988,0.00016916262602518538,0.11921734200030121
4.0,4.974,0.00019129273889444828,0.880842167376903,0.0001684987107312498,0.11915783262309698
4.0,4.976,0.00019052909624236466,0.8809016473380806,0.00016783739474573474,0.11909835266191937
4.0,4.978,0.00018976850205988554,0.8809610978966391,0.00016717866792087738,0.11903890210336088
4.0,4.98,0.00018901094417748745,0.8810205190659844,0.0001665225201484018,0.11897948093401556
4.0,4.982,0.00018825641047422878,0.8810799108595208,0.00016586894135936685,0.11892008914047925
4.0,4.984,0.00018750488887755382,0.8811392732906508,0.000165217921524012,0.11886072670934922
4.0,4.986,0.000186756367363101,0.8811986063727753,0.00016456945065160665,0.11880139362722475
4.0,4.988,0.00018601083395450982,0.8812579101192934,0.00016392351879029825,0.11874208988070656
4.0,4.99,0.00018526827672323047,0.8813171845436027,0.00016328011602696258,0.11868281545639725
4.0,4.992,0.0001845286837883311,0.8813764296590988,0.00016263923248705208,0.11862357034090121
4.0,4.994,0.00018379204331630893,0.8814356454791755,0.00016200085833444736,0.11856435452082448
4.0,4.996,0.0001830583435209004,0.881494832017225,0.00016136498377130755,0.118505167982775
4.0,4.998,0.00018232757266289375,0.8815539892866376,0.00016073159903792327,0.11844601071336236
4.0,5.0,0.00018159971904993942,0.8816131173008018,0.0001601006944125669,0.11838688269919817
4.0,5.002,0.00018087477103636396,0.8816722160731043,0.00015947226021134636,0.11832778392689569
4.0,5.0040000000000004,0.00018015271702298346,0.8817312856169298,0.00015884628678805818,0.11826871438307018
4.0,5.006,0.0001794335454569189,0.8817903259456612,0.00015822276453404213,0.1182096740543388
4.0,5.008,0.00017871724483140957,0.8818493370726795,0.0001576016838780343,0.11815066292732046
4.0,5.01,0.00017800380368563018,0.881908319011364,0.00015698303528602296,0.11809168098863598
4.0,5.0120000000000005,0.00017729321060450687,0.8819672717750917,0.00015636680926110367,0.11803272822490829
4.0,5.014,0.00017658545421853577,0.8820261953772378,0.0001557529963433365,0.11797380462276219
4.0,5.016,0.00017588052320359935,0.8820850898311756,0.00015514158710960109,0.11791491016882438
4.0,5.018,0.0001751784062807863,0.8821439551502763,0.00015453257217345483,0.11785604484972367
4.0,5.0200000000000005,0.0001744790922162106,0.8822027913479092,0.00015392594218499025,0.11779720865209076
4.0,5.022,0.00017378256982083286,0.8822615984374417,0.0001533216878306943,0.11773840156255833
4.0,5.024,0.0001730888279502796,0.8823203764322387,0.0001527197998333057,0.1176796235677613
4.0,5.026,0.00017239785550466616,0.8823791253456637,0.00015212026895167544,0.11762087465433635
4.0,5.0280000000000005,0.00017170964142841828,0.8824378451910775,0.000151523085980626,0.11756215480892251
4.0,5.03,0.0001710241747100967,0.8824965359818393,0.00015092824175081323,0.1175034640181607
4.0,5.032,0.000170341444382219,0.8825551977313059,0.00015033572712858554,0.11744480226869414
4.0,5.034,0.0001696614395210854,0.882613830452832,0.0001497455330158467,0.11738616954716796
4.0,5.0360000000000005,0.00016898414924660323,0.8826724341597705,0.00014915765034991723,0.11732756584022952
4.0,5.038,0.00016830956272211433,0.8827310088654717,0.00014857207010339837,0.11726899113452827
4.0,5.04,0.0001676376691542196,0.882789554583284,0.00014798878328403347,0.11721044541671599
4.0,5.042,0.0001669684577926076,0.8828480713265535,0.00014740778093457266,0.11715192867344648
4.0,5.0440000000000005,0.00016630191792988197,0.8829065591086241,0.0001468290541326369,0.11709344089137586
4.0,5.046,0.0001656380389013913,0.8829650179428377,0.0001462525939905834,0.11703498205716234
4.0,5.048,0.00016497681008505665,0.8830234478425335,0.0001456783916553696,0.1169765521574665
4.0,5.05,0.0001643182209012029,0.8830818488210489,0.00014510643830841977,0.1169181511789511
4.0,5.0520000000000005,0.00016366226081238871,0.8831402208917187,0.00014453672516549106,0.11685977910828127
4.0,5.054,0.00016300891932323927,0.8831985640678758,0.00014396924347654112,0.11680143593212422
4.0,5.056,0.00016235818598027654,0.8832568783628504,0.00014340398452559417,0.11674312163714962
4.0,5.058,0.00016171005037175312,0.8833151637899707,0.00014284093963060952,0.11668483621002934
4.0,5.0600000000000005,0.0001610645021274852,0.8833734203625623,0.00014228010014334978,0.11662657963743772
4.0,5.062,0.00016042153091868765,0.8834316480939487,0.00014172145744925058,0.1165683519060513
4.0,5.064,0.00015978112645780712,0.8834898469974508,0.00014116500296728834,0.11651015300254919
4.0,5.066,0.00015914327849835856,0.8835480170863874,0.00014061072814985142,0.11645198291361258
4.0,5.0680000000000005,0.0001585079768347608,0.8836061583740746,0.0001400586244826098,0.11639384162592536
4.0,5.07,0.00015787521130217414,0.8836642708738264,0.00013950868348438697,0.11633572912617363
4.0,5.072,0.00015724497177633634,0.8837223545989541,0.00013896089670703004,0.1162776454010459
4.0,5.074,0.0001566172481734015,0.8837804095627667,0.00013841525573528226,0.11621959043723329
4.0,5.0760000000000005,0.00015599203044977834,0.8838384357785707,0.00013787175218665524,0.11616156422142931
4.0,5.078,0.00015536930860197048,0.8838964332596702,0.0001373303777113027,0.11610356674032984
4.0,5.08,0.0001547490726664148,0.8839544020193667,0.00013679112399189223,0.1160455979806333
4.0,5.082,0.0001541313127193231,0.8840123420709594,0.00013625398274348026,0.11598765792904064
4.0,5.0840000000000005,0.0001535160188765228,0.8840702534277447,0.00013571894571338594,0.1159297465722553
4.0,5.086,0.00015290318129329976,0.8841281361030168,0.0001351860046810668,0.11587186389698323
4.0,5.088,0.00015229279016423938,0.884185990110067,0.00013465515145799268,0.11581400988993296
4.0,5.09,0.00015168483572307052,0.8842438154621844,0.00013412637788752253,0.11575618453781555
4.0,5.0920000000000005,0.00015107930824250892,0.8843016121726553,0.00013359967584478018,0.11569838782734465
4.0,5.094,0.0001504761980341025,0.8843593802547635,0.00013307503723653194,0.11564061974523654
4.0,5.096,0.0001498754954480748,0.8844171197217899,0.00013255245400106255,0.11558288027821007
4.0,5.098,0.00014927719087317158,0.8844748305870134,0.0001320319181080537,0.11552516941298663
4.0,5.1000000000000005,0.00014868127473650667,0.8845325128637097,0.00013151342155846184,0.11546748713629029
4.0,5.102,0.00014808773750340967,0.8845901665651521,0.00013099695638439768,0.1154098334348479
4.0,5.104,0.0001474965696772719,0.8846477917046113,0.00013048251464900393,0.11535220829538873
4.0,5.106,0.00014690776179939561,0.884705388295355,0.00012997008844633582,0.11529461170464494
4.0,5.1080000000000005,0.00014632130444884185,0.8847629563506487,0.00012945966990124064,0.11523704364935128
4.0,5.11,0.0001457371882422811,0.8848204958837549,0.00012895125116923928,0.11517950411624511
4.0,5.112,0.00014515540383384123,0.8848780069079333,0.0001284448244364056,0.11512199309206672
4.0,5.114,0.0001445759419149594,0.8849354894364411,0.00012794038191924907,0.11506451056355893
4.0,5.1160000000000005,0.0001439987932142322,0.8849929434825325,0.00012743791586459588,0.11500705651746745
4.0,5.118,0.00014342394849726868,0.8850503690594593,0.00012693741854947254,0.11494963094054067
4.0,5.12,0.00014285139856654085,0.8851077661804703,0.000126438882280987,0.11489223381952973
4.0,5.122,0.00014228113426123756,0.8851651348588114,0.000125942299396213,0.11483486514118857
4.0,5.124,0.00014171314645711777,0.885222475107726,0.00012544766226207346,0.114777524892274
4.0,5.126,0.00014114742606636426,0.8852797869404544,0.0001249549632752245,0.1147202130595456
4.0,5.128,0.00014058396403743924,0.8853370703702342,0.0001244641948619408,0.11466292962976576
4.0,5.13,0.0001400227513549379,0.8853943254103004,0.00012397534947799948,0.11460567458969961
4.0,5.132,0.00013946377903944544,0.8854515520738846,0.00012348841960856626,0.1145484479261154
4.0,5.134,0.00013890703814739257,0.8855087503742161,0.00012300339776808114,0.11449124962578394
4.0,5.136,0.00013835251977091365,0.8855659203245209,0.00012252027650014563,0.11443407967547914
4.0,5.138,0.00013780021503770259,0.8856230619380223,0.00012203904837740807,0.11437693806197768
4.0,5.14,0.00013725011511087187,0.8856801752279407,0.00012155970600145204,0.11431982477205926
4.0,5.142,0.0001367022111888107,0.8857372602074937,0.00012108224200268339,0.11426273979250634
4.0,5.144,0.00013615649450504508,0.8857943168898956,0.00012060664904021924,0.11420568311010437
4.0,5.146,0.00013561295632809624,0.8858513452883582,0.00012013291980177542,0.11414865471164182
4.0,5.148,0.00013507158796134173,0.8859083454160899,0.0001196610470035561,0.11409165458391013
4.0,5.15,0.00013453238074287587,0.8859653172862965,0.00011919102339014287,0.11403468271370354
4.0,5.152,0.00013399532604537219,0.8860222609121806,0.00011872284173438546,0.11397773908781939
4.0,5.154,0.00013346041527594377,0.886079176306942,0.00011825649483729068,0.113920823693058
4.0,5.156,0.00013292763987600694,0.8861360634837773,0.00011779197552791397,0.11386393651622273
4.0,5.158,0.00013239699132114367,0.8861929224558801,0.0001173292766632501,0.1138070775441199
4.0,5.16,0.00013186846112096627,0.8862497532364411,0.00011686839112812558,0.11375024676355894
4.0,5.162,0.00013134204081897998,0.8863065558386478,0.00011640931183508925,0.11369344416135219
4.0,5.164,0.00013081772199244877,0.8863633302756849,0.0001159520317243056,0.11363666972431508
4.0,5.166,0.00013029549625226,0.8864200765607337,0.00011549654376344709,0.11357992343926626
4.0,5.168,0.0001297753552427911,0.8864767947069727,0.00011504284094758818,0.11352320529302729
4.0,5.17,0.00012925729064177464,0.8865334847275771,0.00011459091629909771,0.11346651527242291
4.0,5.172,0.00012874129416016593,0.886590146635719,0.00011414076286753375,0.113409853364281
4.0,5.174,0.00012822735754201004,0.8866467804445676,0.00011369237372953764,0.11335321955543243
4.0,5.176,0.00012771547256431058,0.8867033861672888,0.00011324574198872967,0.11329661383271117
4.0,5.178,0.00012720563103689675,0.8867599638170455,0.00011280086077560301,0.11324003618295453
4.0,5.18,0.00012669782480229322,0.8868165134069971,0.00011235772324742023,0.11318348659300292
4.0,5.182,0.0001261920457355892,0.8868730349503002,0.0001119163225881091,0.11312696504969977
4.0,5.184,0.00012568828574430928,0.8869295284601081,0.00011147665200815955,0.11307047153989191
4.0,5.186,0.0001251865367682826,0.8869859939495709,0.00011103870474451965,0.1130140060504291
4.0,5.188,0.00012468679077951486,0.8870424314318356,0.00011060247406049344,0.11295756856816441
4.0,5.19,0.00012418903978205937,0.8870988409200458,0.00011016795324563833,0.11290115907995424
4.0,5.192,0.00012369327581188998,0.8871552224273419,0.0001097351356156638,0.1128447775726581
4.0,5.194,0.00012319949093677235,0.8872115759668613,0.00010930401451232885,0.11278842403313871
4.0,5.196,0.000122707677256138,0.887267901551738,0.00010887458330334149,0.11273209844826204
4.0,5.198,0.00012221782690095728,0.8873241991951026,0.00010844683538225759,0.11267580080489736
4.0,5.2,0.0001217299320336145,0.8873804689100828,0.00010802076416838135,0.11261953108991718
4.0,5.202,0.00012124398484778117,0.8874367107098026,0.00010759636310666407,0.11256328929019743
4.0,5.204,0.00012075997756829194,0.8874929246073829,0.00010717362566760537,0.11250707539261706
4.0,5.206,0.00012027790245101981,0.8875491106159415,0.00010675254534715361,0.11245088938405845
4.0,5.208,0.00011979775178275304,0.8876052687485926,0.0001063331156666077,0.11239473125140742
4.0,5.21,0.00011931951788107048,0.8876613990184471,0.00010591533017251764,0.1123386009815529
4.0,5.212,0.0001188431930942195,0.8877175014386126,0.00010549918243658712,0.11228249856138739
4.0,5.214,0.00011836876980099313,0.8877735760221935,0.0001050846660555755,0.11222642397780647
4.0,5.216,0.00011789624041060901,0.8878296227822907,0.00010467177465120126,0.11217037721770928
4.0,5.218,0.00011742559736258656,0.8878856417320018,0.00010426050187004382,0.1121143582679982
4.0,5.22,0.000116956833126627,0.887941632884421,0.00010385084138344792,0.11205836711557904
4.0,5.222,0.00011648994020249233,0.887997596252639,0.00010344278688742684,0.11200240374736103
4.0,5.224,0.00011602491111988624,0.8880535318497433,0.00010303633210256754,0.11194646815025666
4.0,5.226,0.00011556173843833327,0.888109439688818,0.00010263147077393389,0.11189056031118205
4.0,5.228,0.00011510041474706062,0.8881653197829433,0.0001022281966709725,0.11183468021705667
4.0,5.23,0.0001146409326648792,0.8882211721451968,0.00010182650358741759,0.1117788278548032
4.0,5.232,0.0001141832848400663,0.8882769967886519,0.0001014263853411973,0.1117230032113481
4.0,5.234,0.00011372746395024674,0.888332793726379,0.00010102783577433874,0.11166720627362103
4.0,5.236,0.00011327346270227658,0.8883885629714448,0.00010063084875287503,0.11161143702855525
4.0,5.238,0.00011282127383212596,0.8884443045369126,0.00010023541816675172,0.11155569546308741
4.0,5.24,0.00011237089010476371,0.8885000184358424,9.984153792973458e-05,0.11149998156415764
4.0,5.242,0.00011192230431404037,0.8885557046812904,9.944920197931598e-05,0.11144429531870959
4.0,5.244,0.00011147550928257375,0.8886113632863095,9.905840427662352e-05,0.11138863671369048
4.0,5.246,0.00011103049786163359,0.888666994263949,9.866913880632775e-05,0.11133300573605098
4.0,5.248,0.00011058726293102807,0.8887225976272548,9.828139957655148e-05,0.1112774023727452
4.0,5.25,0.00011014579739898863,0.888778173389269,9.789518061877761e-05,0.11122182661073099
4.0,5.252,0.00010970609420205737,0.8888337215630305,9.751047598775905e-05,0.11116627843696947
4.0,5.2540000000000004,0.00010926814630497352,0.8888892421615745,9.712727976142795e-05,0.1111107578384255
4.0,5.256,0.00010883194670056182,0.8889447351979325,9.674558604080643e-05,0.11105526480206751
4.0,5.258,0.00010839748840961908,0.8890002006851326,9.63653889499157e-05,0.11099979931486736
4.0,5.26,0.00010796476448080337,0.8890556386361993,9.598668263568748e-05,0.1109443613638007
4.0,5.2620000000000005,0.0001075337679905224,0.8891110490641535,9.560946126787466e-05,0.1108889509358465
4.0,5.264,0.00010710449204282353,0.8891664319820124,9.523371903896323e-05,0.1108335680179876
4.0,5.266,0.00010667692976928224,0.8892217874027897,9.485945016408302e-05,0.11077821259721032
4.0,5.268,0.00010625107432889304,0.8892771153394955,9.448664888092033e-05,0.1107228846605045
4.0,5.2700000000000005,0.00010582691890795961,0.8893324158051362,9.411530944962997e-05,0.11066758419486378
4.0,5.272,0.00010540445671998653,0.8893876888127146,9.374542615274862e-05,0.11061231118728543
4.0,5.274,0.0001049836810055696,0.8894429343752298,9.33769932951069e-05,0.11055706562477019
4.0,5.276,0.00010456458503228841,0.8894981525056773,9.301000520374334e-05,0.11050184749432268
4.0,5.2780000000000005,0.00010414716209459827,0.8895533432170489,9.26444562278178e-05,0.11044665678295107
4.0,5.28,0.00010373140551372363,0.8896085065223328,9.228034073852616e-05,0.11039149347766719
4.0,5.282,0.00010331730863755016,0.8896636424345133,9.191765312901368e-05,0.11033635756548665
4.0,5.284,0.00010290486484051897,0.8897187509665714,9.155638781429038e-05,0.11028124903342862
4.0,5.2860000000000005,0.00010249406752352037,0.889773832131484,9.119653923114579e-05,0.11022616786851602
4.0,5.288,0.00010208491011378886,0.8898288859422245,9.083810183806488e-05,0.11017111405777547
4.0,5.29,0.00010167738606479699,0.8898839124117626,9.048107011514277e-05,0.11011608758823743
4.0,5.292,0.00010127148885615127,0.889938911553064,9.012543856400152e-05,0.11006108844693596
4.0,5.2940000000000005,0.00010086721199348754,0.889993883379091,8.9771201707706e-05,0.11000611662090898
4.0,5.296,0.0001004645490083677,0.890048827902802,8.941835409068129e-05,0.10995117209719796
4.0,5.298,0.00010006349345817525,0.8901037451371517,8.906689027862867e-05,0.10989625486284826
4.0,5.3,9.966403892601282e-05,0.890158635095091,8.871680485844359e-05,0.10984136490490903
4.0,5.3020000000000005,9.92661790205992e-05,0.8902134977895668,8.836809243813293e-05,0.10978650221043318
4.0,5.304,9.886990737616775e-05,0.8902683332335227,8.802074764673364e-05,0.10973166676647728
4.0,5.306,9.847521765236356e-05,0.8903231414398982,8.767476513423005e-05,0.10967685856010179
4.0,5.308,9.808210353414262e-05,0.8903779224216289,8.733013957147301e-05,0.10962207757837106
4.0,5.3100000000000005,9.769055873167045e-05,0.890432676191647,8.698686565009858e-05,0.10956732380835299
4.0,5.312,9.730057698022223e-05,0.8904874027628804,8.66449380824478e-05,0.10951259723711959
4.0,5.314,9.691215204008146e-05,0.8905421021482535,8.630435160148529e-05,0.10945789785174653
4.0,5.316,9.652527769644078e-05,0.8905967743606867,8.59651009607197e-05,0.10940322563931326
4.0,5.3180000000000005,9.613994775930227e-05,0.8906514194130968,8.562718093412354e-05,0.10934858058690322
4.0,5.32,9.575615606337908e-05,0.8907060373183964,8.529058631605432e-05,0.10929396268160363
4.0,5.322,9.53738964679957e-05,0.8907606280894944,8.495531192117426e-05,0.10923937191050559
4.0,5.324,9.499316285699044e-05,0.890815191739296,8.462135258437211e-05,0.10918480826070398
4.0,5.3260000000000005,9.461394913861725e-05,0.8908697282807023,8.428870316068414e-05,0.10913027171929768
4.0,5.328,9.423624924544889e-05,0.8909242377266107,8.395735852521644e-05,0.10907576227338933
4.0,5.33,9.386005713427882e-05,0.8909787200899144,8.362731357306598e-05,0.10902127991008559
4.0,5.332,9.348536678602525e-05,0.891033175383503,8.329856321924354e-05,0.10896682461649698
4.0,5.3340000000000005,9.311217220563445e-05,0.8910876036202622,8.297110239859598e-05,0.10891239637973782
4.0,5.336,9.27404674219855e-05,0.8911420048130736,8.264492606572969e-05,0.1088579951869264
4.0,5.338,9.237024648779376e-05,0.891196378974815,8.232002919493291e-05,0.10880362102518504
4.0,5.34,9.20015034795164e-05,0.8912507261183602,8.199640678009983e-05,0.1087492738816398
4.0,5.3420000000000005,9.163423249725724e-05,0.8913050462565791,8.1674053834654e-05,0.10869495374342086
4.0,5.344,9.126842766467306e-05,0.8913593394023378,8.135296539147304e-05,0.1086406605976622
4.0,5.346,9.090408312887859e-05,0.8914136055684981,8.103313650281214e-05,0.10858639443150186
4.0,5.348,9.054119306035346e-05,0.8914678447679182,8.071456224022928e-05,0.10853215523208182
4.0,5.3500000000000005,9.017975165284868e-05,0.891522057013452,8.03972376945099e-05,0.108477942986548
4.0,5.352,8.981975312329435e-05,0.8915762423179497,8.00811579755927e-05,0.10842375768205026
4.0,5.354,8.946119171170614e-05,0.8916304006942575,7.976631821249433e-05,0.10836959930574253
4.0,5.356,8.910406168109383e-05,0.8916845321552174,7.945271355323578e-05,0.10831546784478263
4.0,5.3580000000000005,8.874835731736915e-05,0.8917386367136675,7.91403391647682e-05,0.10826136328633251
4.0,5.36,8.839407292925498e-05,0.8917927143824419,7.882919023289983e-05,0.1082072856175581
4.0,5.362,8.804120284819345e-05,0.8918467651743708,7.851926196222193e-05,0.10815323482562922
4.0,5.364,8.768974142825568e-05,0.8919007891022802,7.821054957603615e-05,0.10809921089771979
4.0,5.3660000000000005,8.733968304605135e-05,0.8919547861789923,7.790304831628168e-05,0.10804521382100774
4.0,5.368,8.699102210063914e-05,0.8920087564173249,7.759675344346314e-05,0.10799124358267509
4.0,5.37,8.664375301343634e-05,0.8920626998300921,7.72916602365777e-05,0.10793730016990788
4.0,5.372,8.629787022813017e-05,0.8921166164301039,7.698776399304369e-05,0.10788338356989613
4.0,5.3740000000000006,8.595336821058853e-05,0.892170506230166,7.668506002862864e-05,0.10782949376983397
4.0,5.376,8.561024144877207e-05,0.8922243692430804,7.638354367737847e-05,0.10777563075691965
4.0,5.378,8.526848445264515e-05,0.8922782054816445,7.608321029154572e-05,0.10772179451835551
4.0,5.38,8.492809175408852e-05,0.8923320149586522,7.578405524151911e-05,0.10766798504134778
4.0,5.382,8.458905790681178e-05,0.8923857976868931,7.548607391575302e-05,0.10761420231310692
4.0,5.384,8.425137748626595e-05,0.8924395536791525,7.518926172069698e-05,0.10756044632084749
4.0,5.386,8.391504508955741e-05,0.892493282948212,7.489361408072632e-05,0.10750671705178805
4.0,5.388,8.35800553353605e-05,0.8925469855068486,7.459912643807162e-05,0.10745301449315137
4.0,5.39,8.3246402863832e-05,0.8926006613678357,7.430579425274973e-05,0.10739933863216433
4.0,5.392,8.291408233652509e-05,0.8926543105439422,7.401361300249445e-05,0.10734568945605782
4.0,5.394,8.258308843630455e-05,0.892707933047933,7.37225781826881e-05,0.10729206695206694
4.0,5.396,8.225341586726077e-05,0.892761528892569,7.343268530629202e-05,0.10723847110743101
4.0,5.398,8.19250593546256e-05,0.8928150980906067,7.314392990377883e-05,0.10718490190939334
4.0,5.4,8.159801364468769e-05,0.8928686406547985,7.2856307523064e-05,0.10713135934520146
4.0,5.402,8.1272273504709e-05,0.8929221565978931,7.256981372943857e-05,0.10707784340210691
4.0,5.404,8.094783372284019e-05,0.8929756459326343,7.228444410550071e-05,0.10702435406736566
4.0,5.406,8.062468910803785e-05,0.8930291086717623,7.200019425108898e-05,0.10697089132823767
4.0,5.408,8.030283448998108e-05,0.8930825448280129,7.171705978321503e-05,0.10691745517198714
4.0,5.41,7.998226471898943e-05,0.8931359544141176,7.143503633599724e-05,0.10686404558588236
4.0,5.412,7.966297466593956e-05,0.8931893374428042,7.115411956059344e-05,0.10681066255719585
4.0,5.414,7.934495922218382e-05,0.8932426939267957,7.087430512513523e-05,0.10675730607320433
4.0,5.416,7.902821329946819e-05,0.8932960238788112,7.059558871466153e-05,0.10670397612118876
4.0,5.418,7.871273182985144e-05,0.8933493273115657,7.031796603105345e-05,0.10665067268843431
4.0,5.42,7.839850976562316e-05,0.8934026042377697,7.004143279296796e-05,0.10659739576223026
4.0,5.422,7.808554207922364e-05,0.8934558546701299,6.976598473577314e-05,0.10654414532987011
4.0,5.424,7.777382376316307e-05,0.8935090786213483,6.949161761148297e-05,0.10649092137865168
4.0,5.426,7.746334982994203e-05,0.893562276104123,6.921832718869293e-05,0.10643772389587702
4.0,5.428,7.715411531197083e-05,0.8936154471311476,6.894610925251494e-05,0.1063845528688524
4.0,5.43,7.684611526149055e-05,0.8936685917151117,6.867495960451342e-05,0.1063314082848883
4.0,5.432,7.653934475049373e-05,0.8937217098687006,6.840487406264121e-05,0.10627829013129941
4.0,5.434,7.623379887064588e-05,0.8937748016045952,6.813584846117614e-05,0.10622519839540479
4.0,5.436,7.592947273320628e-05,0.8938278669354723,6.786787865065688e-05,0.10617213306452766
4.0,5.438,7.562636146895026e-05,0.8938809058740045,6.760096049782016e-05,0.10611909412599552
4.0,5.44,7.532446022809095e-05,0.8939339184328599,6.733508988553745e-05,0.10606608156714015
4.0,5.442,7.502376418020236e-05,0.8939869046247023,6.707026271275272e-05,0.10601309537529768
4.0,5.444,7.472426851414115e-05,0.8940398644621915,6.680647489441916e-05,0.10596013553780848
4.0,5.446,7.442596843797029e-05,0.8940927979579829,6.654372236143738e-05,0.10590720204201709
4.0,5.448,7.412885917888206e-05,0.8941457051247275,6.628200106059313e-05,0.10585429487527254
4.0,5.45,7.383293598312223e-05,0.894198585975072,6.602130695449592e-05,0.10580141402492804
4.0,5.452,7.353819411591324e-05,0.8942514405216588,6.57616360215168e-05,0.10574855947834116
4.0,5.454,7.324462886137892e-05,0.8943042687771262,6.550298425572747e-05,0.10569573122287379
4.0,5.456,7.295223552246881e-05,0.894357070754108,6.524534766683899e-05,0.10564292924589203
4.0,5.458,7.266100942088351e-05,0.8944098464652336,6.49887222801413e-05,0.10559015353476642
4.0,5.46,7.237094589699903e-05,0.8944625959231282,6.473310413644201e-05,0.10553740407687184
4.0,5.462,7.208204030979284e-05,0.8945153191404125,6.447848929200642e-05,0.10548468085958751
4.0,5.464,7.179428803676921e-05,0.8945680161297032,6.422487381849712e-05,0.10543198387029684
4.0,5.466,7.150768447388591e-05,0.8946206869036123,6.397225380291459e-05,0.1053793130963877
4.0,5.468,7.122222503547969e-05,0.8946733314747476,6.372062534753678e-05,0.10532666852525241
4.0,5.47,7.093790515419345e-05,0.8947259498557125,6.346998456986018e-05,0.10527405014428748
4.0,5.472,7.065472028090289e-05,0.8947785420591062,6.322032760254025e-05,0.10522145794089377
4.0,5.474,7.037266588464425e-05,0.8948311080975233,6.2971650593333e-05,0.10516889190247669
4.0,5.476,7.009173745254107e-05,0.8948836479835541,6.272394970503545e-05,0.10511635201644587
4.0,5.478,6.98119304897324e-05,0.8949361617297846,6.247722111542764e-05,0.10506383827021537
4.0,5.48,6.953324051930076e-05,0.8949886493487964,6.2231461017214e-05,0.1050113506512036
4.0,5.482,6.925566308220095e-05,0.8950411108531665,6.198666561796577e-05,0.10495888914683349
4.0,5.484,6.897919373718789e-05,0.8950935462554678,6.174283114006246e-05,0.10490645374453222
4.0,5.486,6.870382806074619e-05,0.8951459555682686,6.149995382063467e-05,0.10485404443173141
4.0,5.488,6.842956164701903e-05,0.8951983388041329,6.125802991150645e-05,0.10480166119586709
4.0,5.49,6.815639010773816e-05,0.8952506959756203,6.1017055679138473e-05,0.10474930402437965
4.0,5.492,6.788430907215303e-05,0.895303027095286,6.0777027404570594e-05,0.10469697290471403
4.0,5.494,6.761331418696124e-05,0.8953553321756805,6.053794138336534e-05,0.10464466782431947
4.0,5.496,6.734340111623876e-05,0.8954076112293503,6.029979392555131e-05,0.10459238877064969
4.0,5.498,6.70745655413709e-05,0.8954598642688372,6.0062581355567204e-05,0.10454013573116283
4.0,5.5,6.680680316098264e-05,0.8955120913066785,5.982630001220518e-05,0.10448790869332147
4.0,5.502,6.654010969087015e-05,0.8955642923554074,5.959094624855531e-05,0.10443570764459265
4.0,5.5040000000000004,6.627448086393214e-05,0.8956164674275523,5.9356516431949815e-05,0.1043835325724477
4.0,5.506,6.600991243010192e-05,0.8956686165356373,5.9123006943907956e-05,0.10433138346436266
4.0,5.508,6.574640015627879e-05,0.8957207396921821,5.8890414180080234e-05,0.10427926030781787
4.0,5.51,6.548393982626076e-05,0.8957728369097019,5.865873455019381e-05,0.10422716309029811
4.0,5.5120000000000005,6.522252724067681e-05,0.8958249082007074,5.842796447799744e-05,0.10417509179929263
4.0,5.514,6.496215821692026e-05,0.8958769535777047,5.8198100401207375e-05,0.1041230464222953
4.0,5.516,6.470282858908102e-05,0.8959289730531957,5.796913877145231e-05,0.10407102694680426
4.0,5.518,6.444453420787955e-05,0.8959809666396777,5.774107605421969e-05,0.10401903336032225
4.0,5.5200000000000005,6.41872709406001e-05,0.8960329343496435,5.751390872880151e-05,0.10396706565035652
4.0,5.522,6.393103467102515e-05,0.8960848761955813,5.728763328824098e-05,0.1039151238044187
4.0,5.524,6.36758212993688e-05,0.8961367921899751,5.706224623927844e-05,0.1038632078100249
4.0,5.526,6.342162674221165e-05,0.8961886823453041,5.6837744102298365e-05,0.10381131765469587
4.0,5.5280000000000005,6.316844693243526e-05,0.8962405466740432,5.661412341127607e-05,0.10375945332595682
4.0,5.53,6.29162778191575e-05,0.8962923851886626,5.639138071372522e-05,0.10370761481133739
4.0,5.532,6.266511536766705e-05,0.8963441979016282,5.6169512570644515e-05,0.10365580209837177
4.0,5.534,6.241495555935934e-05,0.8963959848254014,5.594851555646558e-05,0.10360401517459861
4.0,5.5360000000000005,6.2165794391672e-05,0.8964477459724388,5.5728386259000444e-05,0.10355225402756119
4.0,5.538,6.191762787802125e-05,0.8964994813551928,5.550912127938987e-05,0.10350051864480725
4.0,5.54,6.167045204773744e-05,0.8965511909861109,5.5290717232050845e-05,0.10344880901388909
4.0,5.542,6.142426294600204e-05,0.8966028748776365,5.5073170744625306e-05,0.10339712512236354
4.0,5.5440000000000005,6.117905663378404e-05,0.896654533042208,5.4856478457928426e-05,0.10334546695779201
4.0,5.546,6.093482918777746e-05,0.8967061654922597,5.464063702589775e-05,0.10329383450774032
4.0,5.548,6.069157670033781e-05,0.8967577722402211,5.442564311554145e-05,0.10324222775977887
4.0,5.55,6.0449295279420134e-05,0.8968093532985173,5.4211493406887884e-05,0.1031906467014827
4.0,5.5520000000000005,6.02079810485164e-05,0.8968609086795686,5.399818459293466e-05,0.10313909132043142
4.0,5.554,5.9967630146593994e-05,0.8969124383957909,5.378571337959856e-05,0.10308756160420907
4.0,5.556,5.972823872803323e-05,0.8969639424595958,5.35740764856646e-05,0.10303605754040424
4.0,5.558,5.948980296256633e-05,0.8970154208833897,5.336327064273636e-05,0.1029845791166103
4.0,5.5600000000000005,5.925231903521584e-05,0.897066873679575,5.315329259518585e-05,0.10293312632042495
4.0,5.562,5.901578314623407e-05,0.8971183008605493,5.2944139100104156e-05,0.10288169913945067
4.0,5.564,5.878019151104164e-05,0.8971697024387056,5.273580692725136e-05,0.10283029756129436
4.0,5.566,5.854554036016737e-05,0.8972210784264324,5.252829285900759e-05,0.1027789215735676
4.0,5.5680000000000005,5.831182593918772e-05,0.8972724288361135,5.232159369032365e-05,0.10272757116388653
4.0,5.57,5.8079044508667196e-05,0.8973237536801282,5.2115706228672485e-05,0.10267624631987182
4.0,5.572,5.7847192344097826e-05,0.8973750529708512,5.19106272939998e-05,0.10262494702914882
4.0,5.574,5.761626573584004e-05,0.8974263267206526,5.170635371867593e-05,0.10257367327934741
4.0,5.5760000000000005,5.738626098906307e-05,0.8974775749418978,5.1502882347447164e-05,0.10252242505810216
4.0,5.578,5.715717442368627e-05,0.8975287976469478,5.1300210037388015e-05,0.10247120235305218
4.0,5.58,5.69290023743196e-05,0.8975799948481589,5.109833365785261e-05,0.10242000515184113
4.0,5.582,5.670174119020541e-05,0.8976311665578826,5.089725009042722e-05,0.10236883344211745
4.0,5.5840000000000005,5.6475387235159795e-05,0.8976823127884659,5.069695622888245e-05,0.10231768721153411
4.0,5.586,5.624993688751485e-05,0.8977334335522512,5.0497448979126136e-05,0.10226656644774879
4.0,5.588,5.602538654006011e-05,0.8977845288615764,5.029872525915557e-05,0.10221547113842355
4.0,5.59,5.5801732599985216e-05,0.8978355987287747,5.010078199901071e-05,0.10216440127122528
4.0,5.5920000000000005,5.5578971488822265e-05,0.8978866431661745,4.990361614072714e-05,0.1021133568338255
4.0,5.594,5.5357099642388916e-05,0.8979376621860996,4.9707224638289676e-05,0.1020623378139004
4.0,5.596,5.51361135107308e-05,0.8979886558008694,4.9511604457585304e-05,0.1020113441991306
4.0,5.598,5.491600955806509e-05,0.8980396240227984,4.931675257635717e-05,0.10196037597720164
4.0,5.6000000000000005,5.469678426272375e-05,0.8980905668641965,4.912266598415824e-05,0.10190943313580347
4.0,5.602,5.4478434117097585e-05,0.8981414843373692,4.8929341682305596e-05,0.10185851566263082
4.0,5.604,5.4260955627579495e-05,0.8981923764546169,4.8736776683834145e-05,0.10180762354538309
4.0,5.606,5.404434531450902e-05,0.8982432432282358,4.854496801345129e-05,0.10175675677176421
4.0,5.6080000000000005,5.382859971211642e-05,0.8982940846705171,4.835391270749128e-05,0.10170591532948292
4.0,5.61,5.361371536846766e-05,0.8983449007937474,4.816360781387029e-05,0.1016550992062526
4.0,5.612,5.339968884540855e-05,0.8983956916102087,4.7974050392040765e-05,0.10160430838979129
4.0,5.614,5.3186516718510165e-05,0.8984464571321784,4.7785237512946835e-05,0.10155354286782159
4.0,5.6160000000000005,5.2974195577013824e-05,0.8984971973719291,4.759716625897937e-05,0.10150280262807088
4.0,5.618,5.276272202377693e-05,0.8985479123417288,4.7409833723931716e-05,0.10145208765827118
4.0,5.62,5.255209267521802e-05,0.8985986020538407,4.722323701295479e-05,0.10140139794615932
4.0,5.622,5.2342304161263025e-05,0.8986492665205233,4.7037373242513153e-05,0.10135073347947665
4.0,5.6240000000000006,5.213335312529115e-05,0.8986999057540307,4.685223954034076e-05,0.10130009424596931
4.0,5.626,5.192523622408156e-05,0.898750519766612,4.666783304539741e-05,0.10124948023338798
4.0,5.628,5.1717950127759286e-05,0.8988011085705118,4.648415090782449e-05,0.10119889142948824
4.0,5.63,5.1511491519742376e-05,0.8988516721779698,4.6301190288901745e-05,0.1011483278220302
4.0,5.632,5.13058570966887e-05,0.8989022106012211,4.611894836100382e-05,0.10109778939877889
4.0,5.634,5.110104356844299e-05,0.8989527238524962,4.5937422307556916e-05,0.10104727614750375
4.0,5.636,5.089704765798464e-05,0.8990032119440208,4.575660932299609e-05,0.10099678805597923
4.0,5.638,5.069386610137461e-05,0.8990536748880158,4.557650661272185e-05,0.1009463251119842
4.0,5.64,5.0491495647703674e-05,0.8991041126966974,4.5397111393057775e-05,0.10089588730330257
4.0,5.642,5.0289933059040166e-05,0.8991545253822774,4.521842089120776e-05,0.10084547461772264
4.0,5.644,5.0089175110378544e-05,0.8992049129569624,4.504043234521398e-05,0.10079508704303763
4.0,5.646,4.988921858958726e-05,0.8992552754329546,4.4863143003914165e-05,0.10074472456704542
4.0,5.648,4.969006029735771e-05,0.8993056128224514,4.468655012689984e-05,0.10069438717754864
4.0,5.65,4.9491697047152885e-05,0.8993559251376454,4.451065098447426e-05,0.1006440748623546
4.0,5.652,4.9294125665156726e-05,0.8994062123907246,4.433544285761102e-05,0.1005937876092754
4.0,5.654,4.909734299022282e-05,0.8994564745938721,4.416092303791198e-05,0.10054352540612788
4.0,5.656,4.890134587382417e-05,0.8995067117592664,4.398708882756615e-05,0.10049328824073356
4.0,5.658,4.8706131180002635e-05,0.8995569238990812,4.3813937539308295e-05,0.10044307610091885
4.0,5.66,4.851169578531914e-05,0.8996071110254853,4.3641466496378166e-05,0.1003928889745147
4.0,5.662,4.8318036578803124e-05,0.8996572731506431,4.346967303247905e-05,0.10034272684935686
4.0,5.664,4.8125150461903154e-05,0.8997074102867141,4.329855449173735e-05,0.10029258971328592
4.0,5.666,4.793303434843716e-05,0.8997575224458527,4.3128108228661775e-05,0.10024247755414728
4.0,5.668,4.77416851645434e-05,0.8998076096402091,4.2958331608103225e-05,0.10019239035979088
4.0,5.67,4.755109984863075e-05,0.8998576718819284,4.278922200521399e-05,0.10014232811807156
4.0,5.672,4.736127535133011e-05,0.8999077091831512,4.262077680540792e-05,0.10009229081684878
4.0,5.674,4.717220863544539e-05,0.899957721556013,4.245299340432031e-05,0.10004227844398705
4.0,5.676,4.698389667590525e-05,0.9000077090126446,4.2285869207768295e-05,0.0999922909873554
4.0,5.678,4.6796336459714253e-05,0.9000576715651724,4.2119401631710794e-05,0.09994232843482764
4.0,5.68,4.6609524985904935e-05,0.9001076092257175,4.1953588102209234e-05,0.09989239077428247
4.0,5.682,4.6423459265489645e-05,0.9001575220063966,4.178842605538805e-05,0.09984247799360335
4.0,5.684,4.6238136321413054e-05,0.9002074099193216,4.1623912937395756e-05,0.09979259008067842
4.0,5.686,4.605355318850402e-05,0.9002572729765993,4.14600462043654e-05,0.0997427270234007
4.0,5.688,4.5869706913428474e-05,0.900307111190332,4.129682332237599e-05,0.09969288880966798
4.0,5.69,4.568659455464202e-05,0.9003569245726173,4.1134241767413574e-05,0.09964307542738271
4.0,5.692,4.550421318234317e-05,0.9004067131355478,4.0972299025332876e-05,0.09959328686445224
4.0,5.694,4.532255987842599e-05,0.9004564768912112,4.081099259181843e-05,0.09954352310878878
4.0,5.696,4.514163173643375e-05,0.9005062158516909,4.065031997234655e-05,0.09949378414830912
4.0,5.698,4.496142586151223e-05,0.9005559300290649,4.0490278682146994e-05,0.09944406997093513
4.0,5.7,4.478193937036376e-05,0.9006056194354068,4.033086624616529e-05,0.09939438056459315
4.0,5.702,4.4603169391200556e-05,0.9006552840827854,4.0172080199024336e-05,0.09934471591721461
4.0,5.704,4.442511306369915e-05,0.9007049239832644,4.0013918084987074e-05,0.0992950760167356
4.0,5.706,4.424776753895442e-05,0.9007545391489029,3.985637745791868e-05,0.09924546085109709
4.0,5.708,4.4071129979434346e-05,0.9008041295917553,3.9699455881249465e-05,0.09919587040824474
4.0,5.71,4.389519755893413e-05,0.9008536953238709,3.954315092793717e-05,0.09914630467612906
4.0,5.712,4.3719967462531283e-05,0.9009032363572945,3.9387460180430045e-05,0.09909676364270548
4.0,5.714,4.354543688654045e-05,0.9009527527040659,3.923238123062979e-05,0.09904724729593406
4.0,5.716,4.337160303846885e-05,0.9010022443762201,3.9077911679854926e-05,0.09899775562377988
4.0,5.718,4.319846313697114e-05,0.9010517113857873,3.892404913880369e-05,0.09894828861421268
4.0,5.72,4.3026014411805175e-05,0.9011011537447928,3.8770791227517726e-05,0.09889884625520717
4.0,5.722,4.285425410378761e-05,0.9011505714652573,3.8618135575345555e-05,0.09884942853474266
4.0,5.724,4.268317946475002e-05,0.9011999645591965,3.846607982090654e-05,0.09880003544080351
4.0,5.726,4.251278775749443e-05,0.9012493330386212,3.831462161205432e-05,0.0987506669613788
4.0,5.728,4.23430762557499e-05,0.9012986769155376,3.81637586058411e-05,0.09870132308446244
4.0,5.73,4.217404224412871e-05,0.9013479962019467,3.801348846848166e-05,0.09865200379805328
4.0,5.732,4.200568301808321e-05,0.9013972909098451,3.786380887531789e-05,0.0986027090901549
4.0,5.734,4.1837995883862124e-05,0.9014465610512243,3.771471751078279e-05,0.09855343894877566
4.0,5.736,4.167097815846772e-05,0.9014958066380712,3.75662120683653e-05,0.09850419336192884
4.0,5.738,4.150462716961277e-05,0.9015450276823674,3.7418290250574883e-05,0.09845497231763256
4.0,5.74,4.133894025567803e-05,0.9015942241960901,3.7270949768906555e-05,0.09840577580390986
4.0,5.742,4.117391476566928e-05,0.9016433961912115,3.7124188343805516e-05,0.09835660380878852
4.0,5.744,4.1009548059175164e-05,0.9016925436796989,3.697800370463251e-05,0.09830745632030113
4.0,5.746,4.084583750632479e-05,0.9017416666735147,3.6832393589628875e-05,0.09825833332648526
4.0,5.748,4.068278048774596e-05,0.9017907651846168,3.6687355745882225e-05,0.09820923481538324
4.0,5.75,4.052037439452284e-05,0.9018398392249578,3.654288792929158e-05,0.0981601607750422
4.0,5.752,4.035861662815447e-05,0.9018888888064858,3.6398987904533196e-05,0.09811111119351423
4.0,5.7540000000000004,4.019750460051306e-05,0.9019379139411436,3.6255653445026276e-05,0.09806208605885636
4.0,5.756,4.0037035733802876e-05,0.9019869146408698,3.611288233289911e-05,0.09801308535913023
4.0,5.758,3.987720746051856e-05,0.9020358909175974,3.597067235895472e-05,0.0979641090824026
4.0,5.76,3.9718017223404325e-05,0.9020848427832551,3.5829021322637305e-05,0.09791515721674493
4.0,5.7620000000000005,3.955946247541291e-05,0.9021337702497665,3.568792703199841e-05,0.09786622975023351
4.0,5.764,3.9401540679665113e-05,0.9021826733290503,3.55473873036636e-05,0.09781732667094967
4.0,5.766,3.9244249309408756e-05,0.9022315520330206,3.540739996279866e-05,0.09776844796697937
4.0,5.768,3.9087585847978555e-05,0.9022804063735863,3.526796284307653e-05,0.09771959362641369
4.0,5.7700000000000005,3.8931547788755725e-05,0.9023292363626515,3.5129073786644026e-05,0.0976707636373485
4.0,5.772,3.8776132635128123e-05,0.9023780420121155,3.499073064408901e-05,0.09762195798788453
4.0,5.774,3.862133790044991e-05,0.9024268233338727,3.4852931274407116e-05,0.0975731766661273
4.0,5.776,3.8467161108002023e-05,0.9024755803398127,3.47156735449692e-05,0.09752441966018732
4.0,5.7780000000000005,3.831359979095243e-05,0.90252431304182,3.457895533148856e-05,0.09747568695817999
4.0,5.78,3.816065149231692e-05,0.9025730214517745,3.444277451798865e-05,0.09742697854822546
4.0,5.782,3.800831376491938e-05,0.9026217055815512,3.430712899677028e-05,0.09737829441844881
4.0,5.784,3.7856584171352924e-05,0.9026703654430199,3.4172016668379585e-05,0.09732963455698007
4.0,5.7860000000000005,3.770546028394075e-05,0.9027190010480458,3.403743544157576e-05,0.09728099895195419
4.0,5.788,3.755493968469757e-05,0.902767612408489,3.390338323329924e-05,0.09723238759151098
4.0,5.79,3.7405019965290514e-05,0.902816199536205,3.3769857968639454e-05,0.09718380046379504
4.0,5.792,3.7255698727000875e-05,0.9028647624430441,3.363685758080327e-05,0.09713523755695586
4.0,5.7940000000000005,3.71069735806856e-05,0.902913301140852,3.350438001108322e-05,0.097086698859148
4.0,5.796,3.695884214673929e-05,0.9029618156414693,3.337242320882616e-05,0.09703818435853073
4.0,5.798,3.681130205505578e-05,0.9030103059567317,3.324098513140159e-05,0.09698969404326829
4.0,5.8,3.666435094499047e-05,0.9030587720984702,3.311006374417048e-05,0.09694122790152981
4.0,5.8020000000000005,3.651798646532238e-05,0.9031072140785107,3.297965702045406e-05,0.09689278592148931
4.0,5.804,3.6372206274216854e-05,0.9031556319086742,3.284976294150297e-05,0.0968443680913258
4.0,5.806,3.622700803918766e-05,0.903204025600777,3.2720379496466e-05,0.09679597439922305
4.0,5.808,3.608238943705993e-05,0.9032523951666301,3.2591504682359495e-05,0.09674760483336986
4.0,5.8100000000000005,3.593834815393289e-05,0.9033007406180402,3.246313650403656e-05,0.09669925938195978
4.0,5.812,3.579488188514306e-05,0.9033490619668086,3.2335272974156694e-05,0.09665093803319136
4.0,5.814,3.565198833522702e-05,0.9033973592247319,3.2207912113155036e-05,0.09660264077526814
4.0,5.816,3.5509665217884915e-05,0.9034456324036015,3.208105194921221e-05,0.09655436759639846
4.0,5.8180000000000005,3.5367910255943776e-05,0.9034938815152044,3.195469051822405e-05,0.09650611848479562
4.0,5.82,3.522672118132131e-05,0.9035421065713223,3.182882586377168e-05,0.09645789342867772
4.0,5.822,3.5086095734989254e-05,0.903590307583732,3.170345603709121e-05,0.09640969241626796
4.0,5.824,3.494603166693746e-05,0.9036384845642057,3.157857909704411e-05,0.0963615154357943
4.0,5.8260000000000005,3.4806526736137785e-05,0.9036866375245103,3.145419311008732e-05,0.09631336247548972
4.0,5.828,3.466757871050849e-05,0.9037347664764079,3.133029615024388e-05,0.09626523352359206
4.0,5.83,3.452918536687814e-05,0.9037828714316559,3.120688629907304e-05,0.09621712856834408
4.0,5.832,3.439134449095029e-05,0.9038309524020066,3.10839616456411e-05,0.09616904759799338
4.0,5.8340000000000005,3.425405387726791e-05,0.9038790093992073,3.0961520286491994e-05,0.09612099060079271
4.0,5.836,3.411731132917838e-05,0.9039270424350004,3.083956032561834e-05,0.09607295756499956
4.0,5.838,3.398111465879795e-05,0.9039750515211237,3.071807987443209e-05,0.09602494847887633
4.0,5.84,3.3845461686977e-05,0.9040230366693095,3.059707705173572e-05,0.0959769633306905
4.0,5.8420000000000005,3.3710350243265015e-05,0.9040709978912856,3.0476549983693344e-05,0.09592900210871436
4.0,5.844,3.3575778165876134e-05,0.904118935198775,3.0356496803802207e-05,0.09588106480122505
4.0,5.846,3.3441743301654196e-05,0.9041668486034952,3.023691565286372e-05,0.09583315139650483
4.0,5.848,3.33082435060385e-05,0.9042147381171592,3.0117804678955172e-05,0.09578526188284076
4.0,5.8500000000000005,3.317527664302943e-05,0.9042626037514752,2.9999162037401287e-05,0.09573739624852484
4.0,5.852,3.3042840585154434e-05,0.9043104455181459,2.9880985890746078e-05,0.09568955448185412
4.0,5.854,3.291093321343372e-05,0.9043582634288696,2.9763274408724428e-05,0.0956417365711304
4.0,5.856,3.2779552417346525e-05,0.9044060574953395,2.9646025768234196e-05,0.09559394250466047
4.0,5.8580000000000005,3.2648696094797244e-05,0.9044538277292438,2.9529238153308182e-05,0.09554617227075624
4.0,5.86,3.251836215208204e-05,0.9045015741422657,2.9412909755086483e-05,0.09549842585773427
4.0,5.862,3.2388548503855e-05,0.9045492967460838,2.9297038771788464e-05,0.09545070325391625
4.0,5.864,3.2259253073094975e-05,0.9045969955523713,2.9181623408685314e-05,0.09540300444762873
4.0,5.8660000000000005,3.2130473791072265e-05,0.9046446705727967,2.906666187807245e-05,0.09535532942720326
4.0,5.868,3.2002208597315713e-05,0.9046923218190237,2.8952152399242274e-05,0.0953076781809763
4.0,5.87,3.1874455439579435e-05,0.9047399493027107,2.883809319845661e-05,0.09526005069728927
4.0,5.872,3.174721227381018e-05,0.9047875530355115,2.872448250891967e-05,0.0952124469644885
4.0,5.8740000000000006,3.162047706411452e-05,0.9048351330290748,2.8611318570750872e-05,0.09516486697092519
4.0,5.876,3.149424778272652e-05,0.9048826892950443,2.849859963095806e-05,0.09511731070495566
4.0,5.878,3.1368522409974914e-05,0.9049302218450589,2.83863239434103e-05,0.09506977815494111
4.0,5.88,3.124329893425106e-05,0.9049777306907524,2.827448976881133e-05,0.09502226930924762
4.0,5.882000000000001,3.1118575351976635e-05,0.9050252158437538,2.8163095374672774e-05,0.09497478415624616
4.0,5.884,3.0994349667571755e-05,0.9050726773156871,2.8052139035287744e-05,0.09492732268431292
4.0,5.886,3.087061989342277e-05,0.9051201151181713,2.7941619031704124e-05,0.09487988488182875
4.0,5.888,3.0747384049850646e-05,0.9051675292628204,2.783153365169836e-05,0.0948324707371796
4.0,5.89,3.062464016507927e-05,0.9052149197612437,2.772188118974919e-05,0.09478508023875631
4.0,5.892,3.0502386275203806e-05,0.9052622866250453,2.7612659947011396e-05,0.09473771337495474
4.0,5.894,3.0380620424159517e-05,0.9053096298658243,2.7503868231289954e-05,0.0946903701341757
4.0,5.896,3.0259340663690134e-05,0.9053569494951751,2.7395504357013806e-05,0.09464305050482491
4.0,5.898,3.0138545053316905e-05,0.905404245524687,2.728756664521018e-05,0.09459575447531299
4.0,5.9,3.0018231660307432e-05,0.9054515179659444,2.7180053423478736e-05,0.09454848203405564
4.0,5.902,2.9898398559644964e-05,0.9054987668305265,2.7072963025966105e-05,0.09450123316947345
4.0,5.904,2.9779043833997285e-05,0.9055459921300081,2.696629379334007e-05,0.09445400786999192
4.0,5.906,2.9660165573686235e-05,0.9055931938759584,2.6860044072764264e-05,0.09440680612404162
4.0,5.908,2.9541761876657063e-05,0.9056403720799421,2.675421221787275e-05,0.09435962792005792
4.0,5.91,2.9423830848448197e-05,0.9056875267535186,2.664879658874493e-05,0.0943124732464814
4.0,5.912,2.930637060216061e-05,0.9057346579082427,2.654379555188012e-05,0.0942653420917573
4.0,5.914,2.9189379258427863e-05,0.9057817655556639,2.6439207480172666e-05,0.09421823444433608
4.0,5.916,2.9072854945385905e-05,0.905828849707327,2.633503075288689e-05,0.09417115029267298
4.0,5.918,2.8956795798643347e-05,0.9058759103747717,2.6231263755632406e-05,0.09412408962522834
4.0,5.92,2.8841199961251313e-05,0.9059229475695326,2.612790488033908e-05,0.09407705243046738
4.0,5.922,2.8726065583673938e-05,0.9059699613031397,2.602495252523253e-05,0.09403003869686033
4.0,5.924,2.8611390823758675e-05,0.9060169515871177,2.5922405094809466e-05,0.0939830484128823
4.0,5.926,2.8497173846707017e-05,0.9060639184329866,2.5820260999813386e-05,0.09393608156701339
4.0,5.928,2.838341282504485e-05,0.9061108618522612,2.5718518657209913e-05,0.0938891381477388
4.0,5.93,2.8270105938593393e-05,0.9061577818564515,2.5617176490162686e-05,0.09384221814354854
4.0,5.932,2.815725137444e-05,0.9062046784570624,2.551623292800908e-05,0.09379532154293757
4.0,5.934,2.804484732690934e-05,0.906251551665594,2.5415686406236276e-05,0.09374844833440599
4.0,5.936,2.7932891997534195e-05,0.9062984014935412,2.531553536645697e-05,0.09370159850645876
4.0,5.938,2.7821383595026914e-05,0.9063452279523943,2.5215778256385672e-05,0.09365477204760575
4.0,5.94,2.771032033525063e-05,0.9063920310536381,2.5116413529814746e-05,0.09360796894636192
4.0,5.942,2.7599700441190913e-05,0.9064388108087529,2.5017439646590903e-05,0.09356118919124712
4.0,5.944,2.7489522142927047e-05,0.9064855672292138,2.491885507259126e-05,0.0935144327707862
4.0,5.946,2.7379783677603913e-05,0.9065323003264911,2.482065827969999e-05,0.09346769967350887
4.0,5.948,2.7270483289403673e-05,0.90657901011205,2.4722847745784783e-05,0.09342098988795
4.0,5.95,2.716161922951788e-05,0.9066256965973506,2.462542195467364e-05,0.0933743034026494
4.0,5.952,2.7053189756119214e-05,0.9066723597938483,2.4528379396131373e-05,0.0933276402061517
4.0,5.954,2.6945193134333776e-05,0.9067189997129933,2.4431718565836536e-05,0.0932810002870067
4.0,5.956,2.6837627636213273e-05,0.906765616366231,2.4335437965358322e-05,0.09323438363376901
4.0,5.958,2.673049154070753e-05,0.9068122097650018,2.4239536102133683e-05,0.09318779023499824
4.0,5.96,2.6623783133636694e-05,0.9068587799207409,2.4144011489444173e-05,0.09314122007925907
4.0,5.962,2.6517500707663967e-05,0.9069053268448789,2.4048862646393297e-05,0.0930946731551211
4.0,5.964,2.6411642562268224e-05,0.9069518505488411,2.39540880978837e-05,0.09304814945115891
4.0,5.966,2.6306207003716972e-05,0.9069983510440479,2.385968637459468e-05,0.09300164895595209
4.0,5.968,2.620119234503898e-05,0.9070448283419149,2.3765656012959375e-05,0.09295517165808509
4.0,5.97,2.6096596905997465e-05,0.9070912824538526,2.3671995555142483e-05,0.09290871754614738
4.0,5.972,2.599241901306313e-05,0.9071377133912665,2.3578703549017768e-05,0.09286228660873352
4.0,5.974,2.5888656999387555e-05,0.9071841211655571,2.3485778548145948e-05,0.09281587883444287
4.0,5.976,2.578530920477626e-05,0.90723050578812,2.339321911175223e-05,0.09276949421187997
4.0,5.978,2.568237397566233e-05,0.9072768672703458,2.3301023804704375e-05,0.09272313272965416
4.0,5.98,2.5579849665079858e-05,0.9073232056236202,2.3209191197490546e-05,0.09267679437637977
4.0,5.982,2.5477734632637773e-05,0.9073695208593238,2.3117719866197534e-05,0.09263047914067624
4.0,5.984,2.5376027244493336e-05,0.9074158129888321,2.3026608392488673e-05,0.09258418701116788
4.0,5.986,2.5274725873326167e-05,0.907462082023516,2.2935855363582193e-05,0.09253791797648403
4.0,5.988,2.517382889831212e-05,0.907508327974741,2.284545937222945e-05,0.09249167202525899
4.0,5.99,2.5073334705097536e-05,0.9075545508538679,2.2755419016693492e-05,0.09244544914613206
4.0,5.992,2.4973241685773126e-05,0.9076007506722525,2.266573290072728e-05,0.09239924932774746
4.0,5.994,2.4873548238848457e-05,0.9076469274412455,2.2576399633552408e-05,0.09235307255875447
4.0,5.996,2.4774252769226198e-05,0.9076930811721927,2.2487417829837654e-05,0.09230691882780728
4.0,5.998,2.467535368817681e-05,0.9077392118764349,2.23987861096779e-05,0.09226078812356509
4.0,6.0,2.457684941331284e-05,0.907785319565308,2.2310503098572647e-05,0.09221468043469205
