frequency_THz_declared,omega_J_legacy,phdos_returned_in_legacy_states_per_THz
0.000000000000000000e+00,0.000000000000000000e+00,1.546209999999999982e-13
5.000000000000000104e-03,3.313035074999999614e-24,7.140134626233728364e-09
1.000000000000000021e-02,6.626070149999999228e-24,2.848188537207654285e-08
1.499999999999999944e-02,9.939105224999999576e-24,6.402530705606052605e-08
2.000000000000000042e-02,1.325214029999999846e-23,1.137706430167597335e-07
2.500000000000000139e-02,1.656517537499999880e-23,1.777178083938266142e-07
2.999999999999999889e-02,1.987821044999999915e-23,2.558668289192012749e-07
3.500000000000000333e-02,2.319124552499999950e-23,3.482176101933753353e-07
4.000000000000000083e-02,2.650428059999999691e-23,4.547703213304548050e-07
4.499999999999999833e-02,2.981731567499999432e-23,5.755247544744706351e-07
5.000000000000000278e-02,3.313035074999999761e-23,7.104796646307271415e-07
5.500000000000000028e-02,3.644338582499999502e-23,8.596373787361229344e-07
5.999999999999999778e-02,3.975642089999999831e-23,1.022996375640823485e-06
6.500000000000000222e-02,4.306945597499999572e-23,1.200558086983042712e-06
7.000000000000000666e-02,4.638249104999999900e-23,1.392321636294493366e-06
7.499999999999999722e-02,4.969552612499999641e-23,1.598286536476759781e-06
8.000000000000000167e-02,5.300856119999999382e-23,1.818453038970065479e-06
8.500000000000000611e-02,5.632159627500000299e-23,2.052820688952602199e-06
8.999999999999999667e-02,5.963463134999998864e-23,2.301391403833764544e-06
9.500000000000000111e-02,6.294766642499999781e-23,2.564164032086866108e-06
1.000000000000000056e-01,6.626070149999999522e-23,2.841138595284872560e-06
1.049999999999999961e-01,6.957373657499999263e-23,3.132397849298352529e-06
1.100000000000000006e-01,7.288677164999999004e-23,3.437854749999999697e-06
1.150000000000000050e-01,7.619980672499999920e-23,3.757511087248322645e-06
1.199999999999999956e-01,7.951284179999999661e-23,4.091371848329049286e-06
1.250000000000000000e-01,8.282587687499999402e-23,4.439431093959730929e-06
1.300000000000000044e-01,8.613891194999999143e-23,4.801696224014336857e-06
1.350000000000000089e-01,8.945194702500000060e-23,5.178159467968274980e-06
1.400000000000000133e-01,9.276498209999999801e-23,5.568828493810180096e-06
1.449999999999999900e-01,9.607801717499998366e-23,5.973694810860279374e-06
1.499999999999999944e-01,9.939105224999999283e-23,6.392768915178573197e-06
1.549999999999999989e-01,1.027040873249999902e-22,6.826038320927393124e-06
1.600000000000000033e-01,1.060171223999999876e-22,7.273516469483568814e-06
1.650000000000000078e-01,1.093301574750000086e-22,7.735189348993291793e-06
1.700000000000000122e-01,1.126431925500000060e-22,8.211004038897895015e-06
1.750000000000000167e-01,1.159562276250000034e-22,8.701073165853658828e-06
1.799999999999999933e-01,1.192692626999999773e-22,9.205352399857446164e-06
1.849999999999999978e-01,1.225822977749999982e-22,9.723824652439025683e-06
1.900000000000000022e-01,1.258953328499999956e-22,1.025650326972010577e-05
1.950000000000000067e-01,1.292083679249999930e-22,1.080338234146341255e-05
2.000000000000000111e-01,1.325214029999999904e-22,1.136446404549950561e-05
2.050000000000000155e-01,1.358344380750000114e-22,1.193982527760829980e-05
2.099999999999999922e-01,1.391474731499999853e-22,1.252938990744168932e-05
2.149999999999999967e-01,1.424605082249999827e-22,1.313316239780353925e-05
2.200000000000000011e-01,1.457735432999999801e-22,1.375113427693008090e-05
2.250000000000000056e-01,1.490865783750000010e-22,1.438331263575351054e-05
2.300000000000000100e-01,1.523996134499999984e-22,1.502968346489064796e-05
2.350000000000000144e-01,1.557126485249999958e-22,1.569025949969493980e-05
2.399999999999999911e-01,1.590256835999999932e-22,1.636503699137820196e-05
2.449999999999999956e-01,1.623387186749999906e-22,1.705402246491763131e-05
2.500000000000000000e-01,1.656517537499999880e-22,1.775719604164464834e-05
2.550000000000000044e-01,1.689647888249999855e-22,1.847458756558876985e-05
2.600000000000000089e-01,1.722778238999999829e-22,1.920616776163572815e-05
2.650000000000000133e-01,1.755908589750000038e-22,1.995196127516779211e-05
2.700000000000000178e-01,1.789038940500000012e-22,2.071194469667471023e-05
2.750000000000000222e-01,1.822169291249999986e-22,2.148613810250152856e-05
2.800000000000000266e-01,1.855299641999999960e-22,2.227453462666024436e-05
2.850000000000000311e-01,1.888429992750000169e-22,2.307712804759000364e-05
2.899999999999999800e-01,1.921560343499999673e-22,2.389392869366869932e-05
2.949999999999999845e-01,1.954690694249999647e-22,2.472493062233068476e-05
2.999999999999999889e-01,1.987821044999999857e-22,2.557013188034188347e-05
3.049999999999999933e-01,2.020951395749999831e-22,2.642961570469798096e-05
3.099999999999999978e-01,2.054081746499999805e-22,2.730328719402055145e-05
3.150000000000000022e-01,2.087212097249999779e-22,2.819117960951800174e-05
3.200000000000000067e-01,2.120342447999999753e-22,2.909325834523566041e-05
3.250000000000000111e-01,2.153472798749999727e-22,3.000954611958510802e-05
3.300000000000000155e-01,2.186603149500000171e-22,3.094003648915188141e-05
3.350000000000000200e-01,2.219733500250000145e-22,3.188472926174497395e-05
3.400000000000000244e-01,2.252863851000000120e-22,3.284361591715978019e-05
3.450000000000000289e-01,2.285994201750000094e-22,3.381671849298352965e-05
3.500000000000000333e-01,2.319124552500000068e-22,3.480400965800822647e-05
3.549999999999999822e-01,2.352254903249999572e-22,3.580550987187307538e-05
3.599999999999999867e-01,2.385385253999999546e-22,3.682120915616155936e-05
3.649999999999999911e-01,2.418515604749999990e-22,3.785111985356926282e-05
3.699999999999999956e-01,2.451645955499999964e-22,3.889522111527226385e-05
3.750000000000000000e-01,2.484776306249999938e-22,3.995352295302013665e-05
3.800000000000000044e-01,2.517906656999999912e-22,4.102603724619374238e-05
3.850000000000000089e-01,2.551037007749999886e-22,4.211274768761440369e-05
3.900000000000000133e-01,2.584167358499999861e-22,4.321365469798658715e-05
3.950000000000000178e-01,2.617297709249999835e-22,4.432876850518607646e-05
4.000000000000000222e-01,2.650428059999999809e-22,4.545809286558345243e-05
4.050000000000000266e-01,2.683558410749999783e-22,4.660166887195121713e-05
4.100000000000000311e-01,2.716688761500000227e-22,4.775945619457137116e-05
4.150000000000000355e-01,2.749819112250000201e-22,4.893144462804879856e-05
4.199999999999999845e-01,2.782949462999999705e-22,5.011762828867122652e-05
4.249999999999999889e-01,2.816079813749999679e-22,5.131801490243901616e-05
4.299999999999999933e-01,2.849210164499999653e-22,5.253261302915081645e-05
4.349999999999999978e-01,2.882340515249999627e-22,5.376140214024390451e-05
4.400000000000000022e-01,2.915470865999999601e-22,5.500439374815150576e-05
4.450000000000000067e-01,2.948601216750000046e-22,5.626158841463415141e-05
4.500000000000000111e-01,2.981731567500000020e-22,5.753298537639539231e-05
4.550000000000000155e-01,3.014861918249999994e-22,5.881858317073172142e-05
4.600000000000000200e-01,3.047992268999999968e-22,6.011839100320435169e-05
4.650000000000000244e-01,3.081122619749999942e-22,6.143238992682927317e-05
4.700000000000000289e-01,3.114252970499999916e-22,6.276059235552990426e-05
4.750000000000000333e-01,3.147383321249999890e-22,6.410299868292683304e-05
4.799999999999999822e-01,3.180513671999999864e-22,6.545960745032473947e-05
4.849999999999999867e-01,3.213644022749999839e-22,6.683040943902438750e-05
4.899999999999999911e-01,3.246774373499999813e-22,6.821542181707316991e-05
4.949999999999999956e-01,3.279904724249999787e-22,6.961463171341463895e-05
5.000000000000000000e-01,3.313035074999999761e-22,7.102805401027261162e-05
5.050000000000000044e-01,3.346165425749999735e-22,7.245576114704085902e-05
5.100000000000000089e-01,3.379295776499999709e-22,7.389766995972518954e-05
5.150000000000000133e-01,3.412426127249999683e-22,7.535377201342282965e-05
5.200000000000000178e-01,3.445556477999999657e-22,7.682409246658771277e-05
5.250000000000000222e-01,3.478686828750000102e-22,7.830859547895058280e-05
5.300000000000000266e-01,3.511817179500000076e-22,7.980732332850940967e-05
5.350000000000000311e-01,3.544947530250000050e-22,8.132023206223307796e-05
5.400000000000000355e-01,3.578077881000000024e-22,8.284735746851794975e-05
5.450000000000000400e-01,3.611208231749999998e-22,8.438867176327030086e-05
5.500000000000000444e-01,3.644338582499999972e-22,8.594420525817322647e-05
5.550000000000000488e-01,3.677468933249999946e-22,8.907366050640639743e-05
5.600000000000000533e-01,3.710599283999999920e-22,9.372172999763245780e-05
5.650000000000000577e-01,3.743729634749999894e-22,9.832413143990240817e-05
5.700000000000000622e-01,3.776859985500000339e-22,1.028809441055637510e-04
5.750000000000000666e-01,3.809990336250000313e-22,1.073921697376449915e-04
5.799999999999999600e-01,3.843120686999999346e-22,1.118578084169209941e-04
5.849999999999999645e-01,3.876251037749999321e-22,1.162776953020133508e-04
5.899999999999999689e-01,3.909381388499999295e-22,1.206521295912141122e-04
5.949999999999999734e-01,3.942511739249999739e-22,1.249808125076265952e-04
5.999999999999999778e-01,3.975642089999999713e-22,1.292640003944773392e-04
6.049999999999999822e-01,4.008772440749999687e-22,1.335012448780488361e-04
6.099999999999999867e-01,4.041902791499999661e-22,1.376928751479289739e-04
6.149999999999999911e-01,4.075033142249999635e-22,1.418389231707316788e-04
6.199999999999999956e-01,4.108163492999999609e-22,1.459393251323574925e-04
6.250000000000000000e-01,4.141293843749999584e-22,1.499941214634146580e-04
6.300000000000000044e-01,4.174424194499999558e-22,1.540032901380671048e-04
6.350000000000000089e-01,4.207554545249999532e-22,1.579669045121950951e-04
6.400000000000000133e-01,4.240684895999999506e-22,1.618848522954498704e-04
6.450000000000000178e-01,4.273815246749999480e-22,1.657572328048780149e-04
6.500000000000000222e-01,4.306945597499999454e-22,1.695840042464322205e-04
6.550000000000000266e-01,4.340075948249999428e-22,1.733651810975609699e-04
6.600000000000000311e-01,4.373206299000000343e-22,1.771006173570020489e-04
6.650000000000000355e-01,4.406336649750000317e-22,1.807905841463415769e-04
6.700000000000000400e-01,4.439467000500000291e-22,1.844349197417967238e-04
6.750000000000000444e-01,4.472597351250000265e-22,1.880336376829269099e-04
6.800000000000000488e-01,4.505727702000000239e-22,1.915867268292683397e-04
6.850000000000000533e-01,4.538858052750000213e-22,1.950941607317073349e-04
6.900000000000000577e-01,4.571988403500000187e-22,1.985560048780487987e-04
6.950000000000000622e-01,4.605118754250000161e-22,2.019722790243903409e-04
7.000000000000000666e-01,4.638249105000000135e-22,2.053429719367589538e-04
7.049999999999999600e-01,4.671379455749999169e-22,2.086677896888345870e-04
7.099999999999999645e-01,4.704509806499999143e-22,2.119469385321100404e-04
7.149999999999999689e-01,4.737640157249999117e-22,2.151806111653446340e-04
7.199999999999999734e-01,4.770770507999999091e-22,2.183685341230858011e-04
7.249999999999999778e-01,4.803900858749999066e-22,2.215109490543013589e-04
7.299999999999999822e-01,4.837031209499999980e-22,2.246077301439851890e-04
7.349999999999999867e-01,4.870161560249999954e-22,2.276589033557047418e-04
7.399999999999999911e-01,4.903291910999999928e-22,2.306644167734420647e-04
7.449999999999999956e-01,4.936422261749999902e-22,2.336243287980476109e-04
7.500000000000000000e-01,4.969552612499999876e-22,2.365386584389593116e-04
7.550000000000000044e-01,5.002682963249999851e-22,2.394074059182428593e-04
7.600000000000000089e-01,5.035813313999999825e-22,2.422304912585879438e-04
7.650000000000000133e-01,5.068943664749999799e-22,2.450079994508846774e-04
7.700000000000000178e-01,5.102074015499999773e-22,2.477398367681499084e-04
7.750000000000000222e-01,5.135204366249999747e-22,2.511309876754119048e-04
7.800000000000000266e-01,5.168334716999999721e-22,2.546998666870042773e-04
7.850000000000000311e-01,5.201465067749999695e-22,2.583205920073215625e-04
7.900000000000000355e-01,5.234595418499999669e-22,2.619930883465528080e-04
7.950000000000000400e-01,5.267725769249999643e-22,2.657174510067113107e-04
8.000000000000000444e-01,5.300856119999999617e-22,2.694935116979269669e-04
8.050000000000000488e-01,5.333986470749999591e-22,2.733217007321537607e-04
8.100000000000000533e-01,5.367116821499999566e-22,2.772016685475443961e-04
8.150000000000000577e-01,5.400247172249999540e-22,2.811333929225137869e-04
8.200000000000000622e-01,5.433377523000000454e-22,2.851169036598493953e-04
8.250000000000000666e-01,5.466507873750000428e-22,2.891521945088468943e-04
8.300000000000000711e-01,5.499638224500000402e-22,2.932392812979610960e-04
8.349999999999999645e-01,5.532768575249999436e-22,2.973781648566198896e-04
8.399999999999999689e-01,5.565898925999999410e-22,3.015688416759157008e-04
8.449999999999999734e-01,5.599029276749999384e-22,3.058109323780487383e-04
8.499999999999999778e-01,5.632159627499999358e-22,3.101051539913613560e-04
8.549999999999999822e-01,5.665289978249999332e-22,3.144510742073170916e-04
8.599999999999999867e-01,5.698420328999999307e-22,3.188488949549041240e-04
8.649999999999999911e-01,5.731550679749999281e-22,3.232984613414633702e-04
8.699999999999999956e-01,5.764681030499999255e-22,3.277997963732526450e-04
8.750000000000000000e-01,5.797811381249999229e-22,3.323529731707316136e-04
8.800000000000000044e-01,5.830941731999999203e-22,3.369578840853658754e-04
8.850000000000000089e-01,5.864072082749999177e-22,3.416145796951219416e-04
8.900000000000000133e-01,5.897202433500000092e-22,3.463231159146342255e-04
8.950000000000000178e-01,5.930332784250000066e-22,3.510833415243903377e-04
9.000000000000000222e-01,5.963463135000000040e-22,3.558954484182777771e-04
9.050000000000000266e-01,5.996593485750000014e-22,3.607596377059183921e-04
9.100000000000000311e-01,6.029723836499999988e-22,3.656756213713554496e-04
9.150000000000000355e-01,6.062854187249999962e-22,3.706434153142159965e-04
9.200000000000000400e-01,6.095984537999999936e-22,3.756629425113465525e-04
9.250000000000000444e-01,6.129114888749999910e-22,3.807343076266016322e-04
9.300000000000000488e-01,6.162245239499999884e-22,3.858574374766161603e-04
9.350000000000000533e-01,6.195375590249999858e-22,3.910323687004272101e-04
9.400000000000000577e-01,6.228505940999999833e-22,3.962590745756718524e-04
9.450000000000000622e-01,6.261636291749999807e-22,4.015375138499085203e-04
9.500000000000000666e-01,6.294766642499999781e-22,4.068678467005077131e-04
9.550000000000000711e-01,6.327896993249999755e-22,4.122499430750457394e-04
9.599999999999999645e-01,6.361027343999999729e-22,4.176838086713858958e-04
9.649999999999999689e-01,6.394157694749999703e-22,4.231694563758389618e-04
9.699999999999999734e-01,6.427288045499999677e-22,4.287069327310463144e-04
9.749999999999999778e-01,6.460418396249999651e-22,4.342960537522880249e-04
9.799999999999999822e-01,6.493548746999999625e-22,4.399371089688834495e-04
9.849999999999999867e-01,6.526679097749999599e-22,4.457583946308724511e-04
9.899999999999999911e-01,6.559809448499999574e-22,4.518495427089689546e-04
9.949999999999999956e-01,6.592939799249999548e-22,4.580636678462477406e-04
1.000000000000000000e+00,6.626070149999999522e-22,4.644010229249012091e-04
1.005000000000000115e+00,6.659200500750000436e-22,4.708644750000001993e-04
1.010000000000000009e+00,6.692330851499999470e-22,4.774459651851850920e-04
1.015000000000000124e+00,6.725461202250000384e-22,4.853687920731710142e-04
1.020000000000000018e+00,6.758591552999999418e-22,4.943851571428569585e-04
1.024999999999999911e+00,6.791721903749998452e-22,5.035031719512193023e-04
1.030000000000000027e+00,6.824852254499999366e-22,5.126870004926105699e-04
1.034999999999999920e+00,6.857982605249999340e-22,5.219540853658537465e-04
1.040000000000000036e+00,6.891112955999999315e-22,5.313052644067797108e-04
1.044999999999999929e+00,6.924243306749999289e-22,5.407395060975610365e-04
1.050000000000000044e+00,6.957373657500000203e-22,5.502771295202955881e-04
1.054999999999999938e+00,6.990504008249999237e-22,5.598788128048779638e-04
1.060000000000000053e+00,7.023634359000000151e-22,5.695648105263159287e-04
1.064999999999999947e+00,7.056764709749999185e-22,5.793337006097559923e-04
1.070000000000000062e+00,7.089895060500000100e-22,5.891866457317074778e-04
1.074999999999999956e+00,7.123025411249999133e-22,5.991430682926830384e-04
1.080000000000000071e+00,7.156155762000000048e-22,6.091400317073174210e-04
1.084999999999999964e+00,7.189286112749999081e-22,6.191610658536584808e-04
1.090000000000000080e+00,7.222416463499999996e-22,6.292053121951219448e-04
1.094999999999999973e+00,7.255546814249999030e-22,6.392725902439022308e-04
1.100000000000000089e+00,7.288677164999999944e-22,6.493832214285716721e-04
1.104999999999999982e+00,7.321807515749998978e-22,6.594968158536582614e-04
1.110000000000000098e+00,7.354937866499999892e-22,6.696336820689655338e-04
1.114999999999999991e+00,7.388068217249999866e-22,6.797468323170733967e-04
1.120000000000000107e+00,7.421198567999999841e-22,6.897536258426967661e-04
1.125000000000000000e+00,7.454328918749999815e-22,6.996578951219514005e-04
1.130000000000000115e+00,7.487459269499999789e-22,7.094330615023476845e-04
1.135000000000000009e+00,7.520589620249999763e-22,7.190939939024390505e-04
1.140000000000000124e+00,7.553719971000000677e-22,7.286418048780491166e-04
1.145000000000000018e+00,7.586850321749999711e-22,7.380838576687114971e-04
1.150000000000000133e+00,7.619980672500000626e-22,7.474143106761569570e-04
1.155000000000000027e+00,7.653111023249999659e-22,7.566201774390245768e-04
1.159999999999999920e+00,7.686241373999998693e-22,7.657130343949042480e-04
1.165000000000000036e+00,7.719371724749999607e-22,7.746914719512196278e-04
1.169999999999999929e+00,7.752502075499998641e-22,7.835690153374231907e-04
1.175000000000000044e+00,7.785632426249999556e-22,7.923253829268292166e-04
1.179999999999999938e+00,7.818762776999998589e-22,8.009628268292680363e-04
1.185000000000000053e+00,7.851893127749999504e-22,8.097221756097560362e-04
1.189999999999999947e+00,7.885023478499999478e-22,8.195992902439022199e-04
1.195000000000000062e+00,7.918153829249999452e-22,8.295089515337420588e-04
1.199999999999999956e+00,7.951284179999999426e-22,8.393856409836067964e-04
1.205000000000000071e+00,7.984414530750000341e-22,8.492465274390247542e-04
1.209999999999999964e+00,8.017544881499999374e-22,8.590927819354840208e-04
1.215000000000000080e+00,8.050675232250000289e-22,8.689238128048782685e-04
1.219999999999999973e+00,8.083805582999999322e-22,8.787600157894737011e-04
1.225000000000000089e+00,8.116935933750000237e-22,8.885613109756099063e-04
1.229999999999999982e+00,8.150066284499999271e-22,8.983482165919280801e-04
1.235000000000000098e+00,8.183196635250000185e-22,9.081196914634149381e-04
1.239999999999999991e+00,8.216326985999999219e-22,9.178769546874998228e-04
1.245000000000000107e+00,8.249457336750000133e-22,9.276381676829270574e-04
1.250000000000000000e+00,8.282587687499999167e-22,9.373656938144329974e-04
1.255000000000000115e+00,8.315718038250000082e-22,9.470776432926830647e-04
1.260000000000000009e+00,8.348848388999999115e-22,9.567755333333333211e-04
1.265000000000000124e+00,8.381978739750000030e-22,9.664577457317073900e-04
1.270000000000000018e+00,8.415109090499999063e-22,9.761448170731705943e-04
1.275000000000000133e+00,8.448239441249999978e-22,9.857977682926830076e-04
1.280000000000000027e+00,8.481369791999999012e-22,9.954357512195121868e-04
1.284999999999999920e+00,8.514500142749998045e-22,1.004948317073170536e-03
1.290000000000000036e+00,8.547630493499998960e-22,1.014120146341463118e-03
1.294999999999999929e+00,8.580760844249997994e-22,1.023353756097560713e-03
1.300000000000000044e+00,8.613891194999998908e-22,1.032615590909090504e-03
1.304999999999999938e+00,8.647021545749999823e-22,1.041924091463414595e-03
1.310000000000000053e+00,8.680151896499998856e-22,1.051279187878787847e-03
1.314999999999999947e+00,8.713282247249999771e-22,1.060680493902438955e-03
1.320000000000000062e+00,8.746412598000000685e-22,1.070148640000000194e-03
1.324999999999999956e+00,8.779542948749999719e-22,1.079643792682927032e-03
1.330000000000000071e+00,8.812673299500000633e-22,1.089186081545064771e-03
1.334999999999999964e+00,8.845803650249999667e-22,1.098775085365853894e-03
1.340000000000000080e+00,8.878934001000000582e-22,1.108411338345864899e-03
1.344999999999999973e+00,8.912064351749999615e-22,1.118112640243902481e-03
1.350000000000000089e+00,8.945194702500000530e-22,1.127842189368770875e-03
1.354999999999999982e+00,8.978325053249999564e-22,1.137617823170731721e-03
1.360000000000000098e+00,9.011455404000000478e-22,1.147440213414634494e-03
1.364999999999999991e+00,9.044585754749999512e-22,1.157310164634146529e-03
1.370000000000000107e+00,9.077716105500000426e-22,1.167246146341463942e-03
1.375000000000000000e+00,9.110846456249999460e-22,1.177160829268292718e-03
1.380000000000000115e+00,9.143976807000000374e-22,1.186648609756097610e-03
1.385000000000000009e+00,9.177107157749999408e-22,1.196232560975609696e-03
1.390000000000000124e+00,9.210237508500000323e-22,1.205947609756097792e-03
1.395000000000000018e+00,9.243367859249999356e-22,1.215813493902438746e-03
1.400000000000000133e+00,9.276498210000000271e-22,1.225790126760563457e-03
1.405000000000000027e+00,9.309628560749999305e-22,1.235897402439024286e-03
1.409999999999999920e+00,9.342758911499998338e-22,1.246130325714285645e-03
1.415000000000000036e+00,9.375889262249999253e-22,1.256451121951219748e-03
1.419999999999999929e+00,9.409019612999998286e-22,1.266926266666666429e-03
1.425000000000000044e+00,9.442149963749999201e-22,1.277512829268292885e-03
1.429999999999999938e+00,9.475280314499998235e-22,1.288232835390946138e-03
1.435000000000000053e+00,9.508410665249999149e-22,1.299084512195121865e-03
1.439999999999999947e+00,9.541541015999998183e-22,1.310070652173912732e-03
1.445000000000000062e+00,9.574671366749999097e-22,1.321210896341463471e-03
1.449999999999999956e+00,9.607801717499998131e-22,1.332477450160771387e-03
1.455000000000000071e+00,9.640932068249999046e-22,1.343969975609755722e-03
1.459999999999999964e+00,9.674062418999999960e-22,1.355704817073170735e-03
1.465000000000000080e+00,9.707192769749998994e-22,1.367681268292682707e-03
1.469999999999999973e+00,9.740323120499999908e-22,1.379923975609756524e-03
1.475000000000000089e+00,9.773453471250000823e-22,1.392384121951219939e-03
1.479999999999999982e+00,9.806583821999999856e-22,1.405085878048780530e-03
1.485000000000000098e+00,9.839714172750000771e-22,1.418030243902439506e-03
1.489999999999999991e+00,9.872844523499999805e-22,1.431215219512195535e-03
1.495000000000000107e+00,9.905974874250000719e-22,1.444717463414635318e-03
1.500000000000000000e+00,9.939105224999999753e-22,1.458421618421052975e-03
1.505000000000000115e+00,9.972235575750000667e-22,1.472266682926830174e-03
1.510000000000000009e+00,1.000536592649999970e-21,1.486237837837837798e-03
1.515000000000000124e+00,1.003849627725000062e-21,1.500336730061350033e-03
1.520000000000000018e+00,1.007162662799999965e-21,1.514579090909091508e-03
1.525000000000000133e+00,1.010475697875000056e-21,1.528920573170732249e-03
1.530000000000000027e+00,1.013788732949999960e-21,1.543386150197628747e-03
1.535000000000000142e+00,1.017101768025000051e-21,1.557975036585366535e-03
1.540000000000000036e+00,1.020414803099999955e-21,1.572699384615385216e-03
1.544999999999999929e+00,1.023727838174999858e-21,1.587552908536585044e-03
1.550000000000000044e+00,1.027040873249999949e-21,1.602528859813083994e-03
1.554999999999999938e+00,1.030353908324999853e-21,1.617683390243902048e-03
1.560000000000000053e+00,1.033666943399999944e-21,1.633021908536585283e-03
1.564999999999999947e+00,1.036979978474999848e-21,1.648563668711655735e-03
1.570000000000000062e+00,1.040293013549999939e-21,1.664278780487804532e-03
1.574999999999999956e+00,1.043606048624999842e-21,1.680165926829268238e-03
1.580000000000000071e+00,1.046919083699999934e-21,1.696236829268292761e-03
1.584999999999999964e+00,1.050232118774999837e-21,1.712490487804877977e-03
1.590000000000000080e+00,1.053545153849999929e-21,1.728957779141104432e-03
1.594999999999999973e+00,1.056858188924999832e-21,1.745580439024390024e-03
1.600000000000000089e+00,1.060171223999999923e-21,1.762383876543210156e-03
1.604999999999999982e+00,1.063484259074999827e-21,1.779370878048779471e-03
1.610000000000000098e+00,1.066797294149999918e-21,1.796091446153845949e-03
1.614999999999999991e+00,1.070110329225000010e-21,1.812790048780487783e-03
1.620000000000000107e+00,1.073423364299999913e-21,1.829566356521738699e-03
1.625000000000000000e+00,1.076736399375000005e-21,1.846451902439024805e-03
1.630000000000000115e+00,1.080049434449999908e-21,1.863448463878326997e-03
1.635000000000000009e+00,1.083362469524999999e-21,1.880554451219512702e-03
1.640000000000000124e+00,1.086675504600000091e-21,1.897805771812081498e-03
1.645000000000000018e+00,1.089988539674999994e-21,1.915132164634146539e-03
1.650000000000000133e+00,1.093301574750000086e-21,1.932606268292683116e-03
1.655000000000000027e+00,1.096614609824999989e-21,1.950237304878049520e-03
1.660000000000000142e+00,1.099927644900000080e-21,1.967863750000000723e-03
1.665000000000000036e+00,1.103240679974999984e-21,1.985521341463415343e-03
1.669999999999999929e+00,1.106553715049999887e-21,2.003140585365853054e-03
1.675000000000000044e+00,1.109866750124999979e-21,2.020755975609756123e-03
1.679999999999999938e+00,1.113179785199999882e-21,2.038366975609756399e-03
1.685000000000000053e+00,1.116492820274999973e-21,2.055974878048780295e-03
1.689999999999999947e+00,1.119805855349999877e-21,2.073612981707316852e-03
1.695000000000000062e+00,1.123118890424999968e-21,2.091212634146341186e-03
1.699999999999999956e+00,1.126431925499999872e-21,2.108809197674418618e-03
1.705000000000000071e+00,1.129744960574999963e-21,2.126400646341463502e-03
1.709999999999999964e+00,1.133057995649999866e-21,2.143989234146341429e-03
1.715000000000000080e+00,1.136371030724999958e-21,2.161609121951220056e-03
1.719999999999999973e+00,1.139684065799999861e-21,2.179189666666666095e-03
1.725000000000000089e+00,1.142997100874999953e-21,2.196766146341463423e-03
1.729999999999999982e+00,1.146310135949999856e-21,2.214339509157508320e-03
1.735000000000000098e+00,1.149623171024999948e-21,2.231907780487805016e-03
1.739999999999999991e+00,1.152936206099999851e-21,2.249509136363636325e-03
1.745000000000000107e+00,1.156249241174999942e-21,2.267069689024390090e-03
1.750000000000000000e+00,1.159562276249999846e-21,2.284785853658536335e-03
1.755000000000000115e+00,1.162875311324999937e-21,2.302790981707317306e-03
1.760000000000000009e+00,1.166188346399999841e-21,2.320960518292682594e-03
1.765000000000000124e+00,1.169501381474999932e-21,2.339385024390243980e-03
1.770000000000000018e+00,1.172814416549999835e-21,2.359450878048779867e-03
1.775000000000000133e+00,1.176127451624999927e-21,2.380495097560974757e-03
1.780000000000000027e+00,1.179440486700000018e-21,2.401849365853659605e-03
1.785000000000000142e+00,1.182753521774999922e-21,2.423514243902438921e-03
1.790000000000000036e+00,1.186066556850000013e-21,2.445533347560976695e-03
1.794999999999999929e+00,1.189379591924999917e-21,2.467820451219512618e-03
1.800000000000000044e+00,1.192692627000000008e-21,2.490417626373626556e-03
1.804999999999999938e+00,1.196005662074999911e-21,2.513326920731707211e-03
1.810000000000000053e+00,1.199318697150000003e-21,2.536551293023256437e-03
1.814999999999999947e+00,1.202631732224999906e-21,2.560123573170731449e-03
1.820000000000000062e+00,1.205944767299999998e-21,2.583965448000000945e-03
1.824999999999999956e+00,1.209257802374999901e-21,2.608116914634145932e-03
1.830000000000000071e+00,1.212570837449999992e-21,2.632580310954064397e-03
1.834999999999999964e+00,1.215883872524999896e-21,2.657374656441717931e-03
1.840000000000000080e+00,1.219196907599999987e-21,2.682589402515724291e-03
1.844999999999999973e+00,1.222509942674999891e-21,2.707916219512195195e-03
1.850000000000000089e+00,1.225822977749999982e-21,2.733270731707317883e-03
1.854999999999999982e+00,1.229136012824999885e-21,2.758650579268291832e-03
1.860000000000000098e+00,1.232449047899999977e-21,2.784087576687116657e-03
1.864999999999999991e+00,1.235762082974999880e-21,2.809539487804877875e-03
1.870000000000000107e+00,1.239075118049999972e-21,2.834997926829268839e-03
1.875000000000000000e+00,1.242388153124999875e-21,2.860482243902439173e-03
1.880000000000000115e+00,1.245701188199999967e-21,2.885992634146341759e-03
1.885000000000000009e+00,1.249014223274999870e-21,2.911572687116564459e-03
1.890000000000000124e+00,1.252327258349999961e-21,2.937289987804877871e-03
1.895000000000000018e+00,1.255640293424999865e-21,2.963713341463414166e-03
1.900000000000000133e+00,1.258953328499999956e-21,2.990271302083334116e-03
1.905000000000000027e+00,1.262266363574999860e-21,3.016953719512193918e-03
1.910000000000000142e+00,1.265579398649999951e-21,3.043815193832599339e-03
1.915000000000000036e+00,1.268892433724999854e-21,3.070746475609754771e-03
1.919999999999999929e+00,1.272205468799999946e-21,3.097744569230770090e-03
1.925000000000000044e+00,1.275518503874999849e-21,3.124002146341463542e-03
1.929999999999999938e+00,1.278831538949999941e-21,3.150395146757679204e-03
1.935000000000000053e+00,1.282144574025000032e-21,3.176998189024391513e-03
1.939999999999999947e+00,1.285457609099999935e-21,3.203707219512194962e-03
1.945000000000000062e+00,1.288770644175000027e-21,3.230574225609756951e-03
1.949999999999999956e+00,1.292083679249999930e-21,3.257600207317073917e-03
1.955000000000000071e+00,1.295396714325000022e-21,3.284885426829269386e-03
1.959999999999999964e+00,1.298709749399999925e-21,3.312901365853658606e-03
1.965000000000000080e+00,1.302022784475000017e-21,3.341588634146342579e-03
1.969999999999999973e+00,1.305335819549999920e-21,3.370996926829268082e-03
1.975000000000000089e+00,1.308648854625000011e-21,3.401124853658537249e-03
1.979999999999999982e+00,1.311961889699999915e-21,3.431974024390244127e-03
1.985000000000000098e+00,1.315274924775000006e-21,3.463607012195122573e-03
1.989999999999999991e+00,1.318587959849999910e-21,3.494240036585365399e-03
1.995000000000000107e+00,1.321900994925000001e-21,3.524744335365854672e-03
2.000000000000000000e+00,1.325214029999999904e-21,3.555575057368942551e-03
2.004999999999999893e+00,1.328527065074999808e-21,3.586732640243900892e-03
2.010000000000000231e+00,1.331840100150000087e-21,3.618280404721755869e-03
2.015000000000000124e+00,1.335153135224999991e-21,3.650092634146341521e-03
2.020000000000000018e+00,1.338466170299999894e-21,3.682229794226498341e-03
2.024999999999999911e+00,1.341779205374999797e-21,3.714694804878048914e-03
2.030000000000000249e+00,1.345092240450000077e-21,3.747478854881268039e-03
2.035000000000000142e+00,1.348405275524999980e-21,3.780639939024392233e-03
2.040000000000000036e+00,1.351718310599999884e-21,3.814040579268291632e-03
2.044999999999999929e+00,1.355031345674999787e-21,3.847747878048779838e-03
2.049999999999999822e+00,1.358344380749999690e-21,3.881761835365851645e-03
2.055000000000000160e+00,1.361657415824999970e-21,3.916082896341463275e-03
2.060000000000000053e+00,1.364970450899999873e-21,3.950780268292682432e-03
2.064999999999999947e+00,1.368283485974999777e-21,3.985714804878047468e-03
2.069999999999999840e+00,1.371596521049999868e-21,4.022169780487806247e-03
2.075000000000000178e+00,1.374909556124999960e-21,4.060501414634144941e-03
2.080000000000000071e+00,1.378222591199999863e-21,4.099134609756097981e-03
2.084999999999999964e+00,1.381535626274999954e-21,4.138109524390243960e-03
2.089999999999999858e+00,1.384848661349999858e-21,4.177083274390243871e-03
2.095000000000000195e+00,1.388161696424999949e-21,4.216254999999998615e-03
2.100000000000000089e+00,1.391474731500000041e-21,4.256677715362865676e-03
2.104999999999999982e+00,1.394787766574999944e-21,4.297783713414636726e-03
2.109999999999999876e+00,1.398100801649999847e-21,4.339647786407764725e-03
2.115000000000000213e+00,1.401413836725000127e-21,4.382100963414638749e-03
2.120000000000000107e+00,1.404726871800000030e-21,4.425107298358316524e-03
2.125000000000000000e+00,1.408039906874999934e-21,4.468578975609757004e-03
2.129999999999999893e+00,1.411352941949999837e-21,4.512511943805872297e-03
2.135000000000000231e+00,1.414665977025000117e-21,4.556999987804881240e-03
2.140000000000000124e+00,1.417979012100000020e-21,4.601862298780488164e-03
2.145000000000000018e+00,1.421292047174999923e-21,4.647187603658536892e-03
2.149999999999999911e+00,1.424605082249999827e-21,4.692977542682928195e-03
2.155000000000000249e+00,1.427918117325000106e-21,4.739230115853659657e-03
2.160000000000000142e+00,1.431231152400000010e-21,4.785979585365856583e-03
2.165000000000000036e+00,1.434544187474999913e-21,4.831527731707316656e-03
2.169999999999999929e+00,1.437857222549999816e-21,4.876359951219511393e-03
2.175000000000000266e+00,1.441170257625000096e-21,4.919788951219515073e-03
2.180000000000000160e+00,1.444483292699999999e-21,4.961355853658536846e-03
2.185000000000000053e+00,1.447796327774999903e-21,5.002296932926831100e-03
2.189999999999999947e+00,1.451109362849999806e-21,5.042450201219510209e-03
2.194999999999999840e+00,1.454422397924999709e-21,5.081898225609755328e-03
2.200000000000000178e+00,1.457735432999999989e-21,5.121956152115212345e-03
2.205000000000000071e+00,1.461048468074999892e-21,5.162640766871165986e-03
2.209999999999999964e+00,1.464361503149999796e-21,5.203661331259717623e-03
2.214999999999999858e+00,1.467674538224999887e-21,5.244869182926829160e-03
2.220000000000000195e+00,1.470987573299999978e-21,5.286341256374913443e-03
2.225000000000000089e+00,1.474300608374999882e-21,5.328073560975609725e-03
2.229999999999999982e+00,1.477613643449999973e-21,5.372738400990100666e-03
2.234999999999999876e+00,1.480926678524999877e-21,5.418400378048780081e-03
2.240000000000000213e+00,1.484239713599999968e-21,5.464319847560977599e-03
2.245000000000000107e+00,1.487552748674999871e-21,5.510560823170730649e-03
2.250000000000000000e+00,1.490865783749999963e-21,5.557123945121951805e-03
2.254999999999999893e+00,1.494178818824999866e-21,5.604060736196316700e-03
2.260000000000000231e+00,1.497491853899999958e-21,5.651308341463416422e-03
2.265000000000000124e+00,1.500804888975000049e-21,5.698836536585369546e-03
2.270000000000000018e+00,1.504117924049999953e-21,5.746686170731709134e-03
2.274999999999999911e+00,1.507430959124999856e-21,5.794857609756098524e-03
2.280000000000000249e+00,1.510743994200000135e-21,5.843428944785279862e-03
2.285000000000000142e+00,1.514057029275000039e-21,5.892262804878051902e-03
2.290000000000000036e+00,1.517370064349999942e-21,5.941399408536584756e-03
2.294999999999999929e+00,1.520683099424999846e-21,5.992008018292681662e-03
2.300000000000000266e+00,1.523996134500000125e-21,6.045368344530578295e-03
2.305000000000000160e+00,1.527309169575000028e-21,6.101618231707321358e-03
2.310000000000000053e+00,1.530622204649999932e-21,6.160349470059878034e-03
2.314999999999999947e+00,1.533935239724999835e-21,6.215873121951218452e-03
2.319999999999999840e+00,1.537248274799999739e-21,6.271642125916053641e-03
2.325000000000000178e+00,1.540561309875000018e-21,6.327902329268293886e-03
2.330000000000000071e+00,1.543874344949999921e-21,6.384763176829269873e-03
2.334999999999999964e+00,1.547187380024999825e-21,6.440673067073168258e-03
2.339999999999999858e+00,1.550500415099999728e-21,6.496048341463413027e-03
2.345000000000000195e+00,1.553813450175000008e-21,6.551891804878050285e-03
2.350000000000000089e+00,1.557126485249999911e-21,6.608204591463415906e-03
2.354999999999999982e+00,1.560439520324999814e-21,6.665099682926828653e-03
2.359999999999999876e+00,1.563752555399999718e-21,6.722349902439021807e-03
2.365000000000000213e+00,1.567065590474999997e-21,6.780068853658539896e-03
2.370000000000000107e+00,1.570378625549999901e-21,6.838233195121949833e-03
2.375000000000000000e+00,1.573691660624999804e-21,6.896480682926827907e-03
2.379999999999999893e+00,1.577004695699999896e-21,6.954768115853656590e-03
2.385000000000000231e+00,1.580317730774999987e-21,7.012862914634150450e-03
2.390000000000000124e+00,1.583630765849999890e-21,7.070913164634142975e-03
2.395000000000000018e+00,1.586943800924999982e-21,7.129246426829270386e-03
2.399999999999999911e+00,1.590256835999999885e-21,7.189562640792734882e-03
2.405000000000000249e+00,1.593569871074999977e-21,7.252929536585367258e-03
2.410000000000000142e+00,1.596882906150000068e-21,7.318716844155848805e-03
2.415000000000000036e+00,1.600195941224999971e-21,7.387148707317072599e-03
2.419999999999999929e+00,1.603508976299999875e-21,7.458326838813669930e-03
2.425000000000000266e+00,1.606822011375000154e-21,7.531767804878052204e-03
2.430000000000000160e+00,1.610135046450000058e-21,7.606544432926833944e-03
2.435000000000000053e+00,1.613448081524999961e-21,7.682198274390246093e-03
2.439999999999999947e+00,1.616761116599999864e-21,7.758598993902438012e-03
2.444999999999999840e+00,1.620074151674999768e-21,7.834558103658535028e-03
2.450000000000000178e+00,1.623387186750000047e-21,7.907088402439026165e-03
2.455000000000000071e+00,1.626700221824999951e-21,7.977623829268296052e-03
2.459999999999999964e+00,1.630013256899999854e-21,8.048460585365849879e-03
2.464999999999999858e+00,1.633326291974999758e-21,8.119320097560974239e-03
2.470000000000000195e+00,1.636639327050000037e-21,8.190645121951225030e-03
2.475000000000000089e+00,1.639952362124999940e-21,8.262397609756099229e-03
2.479999999999999982e+00,1.643265397199999844e-21,8.334723073170732105e-03
2.484999999999999876e+00,1.646578432274999747e-21,8.407332378048776311e-03
2.490000000000000213e+00,1.649891467350000027e-21,8.480369146341466477e-03
2.495000000000000107e+00,1.653204502424999930e-21,8.553804658536584560e-03
2.500000000000000000e+00,1.656517537499999833e-21,8.627340954004759574e-03
2.504999999999999893e+00,1.659830572574999737e-21,8.701039280487798608e-03
2.510000000000000231e+00,1.663143607650000016e-21,8.774607105849586280e-03
2.515000000000000124e+00,1.666456642724999920e-21,8.848180170731707178e-03
2.520000000000000018e+00,1.669769677799999823e-21,8.921731550281072898e-03
2.524999999999999911e+00,1.673082712874999726e-21,8.995302680981592455e-03
2.530000000000000249e+00,1.676395747950000006e-21,9.068924000000002511e-03
2.535000000000000142e+00,1.679708783024999909e-21,9.142415841463418999e-03
2.540000000000000036e+00,1.683021818099999813e-21,9.215900365853653756e-03
2.544999999999999929e+00,1.686334853174999904e-21,9.289358847560977295e-03
2.550000000000000266e+00,1.689647888249999996e-21,9.362754773006135706e-03
2.555000000000000160e+00,1.692960923324999899e-21,9.436239975609756955e-03
2.560000000000000053e+00,1.696273958399999802e-21,9.509946512195119675e-03
2.564999999999999947e+00,1.699586993474999894e-21,9.583952951219510893e-03
2.569999999999999840e+00,1.702900028549999609e-21,9.660070365853657900e-03
2.575000000000000178e+00,1.706213063625000077e-21,9.743277361963193633e-03
2.580000000000000071e+00,1.709526098699999792e-21,9.831894536585363692e-03
2.584999999999999964e+00,1.712839133774999883e-21,9.915174804878050183e-03
2.589999999999999858e+00,1.716152168849999599e-21,1.000132756097560534e-02
2.595000000000000195e+00,1.719465203925000066e-21,1.009051512195121778e-02
2.600000000000000089e+00,1.722778238999999782e-21,1.018112502649507270e-02
2.604999999999999982e+00,1.726091274074999873e-21,1.027313524390243739e-02
2.609999999999999876e+00,1.729404309149999965e-21,1.036682892328398553e-02
2.615000000000000213e+00,1.732717344225000056e-21,1.046174329268293249e-02
2.620000000000000107e+00,1.736030379299999771e-21,1.055780743902438867e-02
2.625000000000000000e+00,1.739343414374999863e-21,1.065455945121951582e-02
2.629999999999999893e+00,1.742656449449999954e-21,1.075140524390243504e-02
2.635000000000000231e+00,1.745969484525000046e-21,1.084852981707317907e-02
2.640000000000000124e+00,1.749282519600000137e-21,1.094593317073171666e-02
2.645000000000000018e+00,1.752595554674999852e-21,1.104497975609755947e-02
2.649999999999999911e+00,1.755908589749999944e-21,1.114618000000000379e-02
2.655000000000000249e+00,1.759221624825000035e-21,1.125252219512195943e-02
2.660000000000000142e+00,1.762534659900000127e-21,1.136818195121952653e-02
2.665000000000000036e+00,1.765847694974999842e-21,1.148510804878048047e-02
2.669999999999999929e+00,1.769160730049999933e-21,1.160198292682926985e-02
2.675000000000000266e+00,1.772473765125000025e-21,1.171726237804878584e-02
2.680000000000000160e+00,1.775786800200000116e-21,1.183225810975610699e-02
2.685000000000000053e+00,1.779099835274999832e-21,1.194448365853658690e-02
2.689999999999999947e+00,1.782412870349999923e-21,1.205047628048780926e-02
2.694999999999999840e+00,1.785725905424999638e-21,1.215510878048780240e-02
2.700000000000000178e+00,1.789038940500000106e-21,1.225906531728665483e-02
2.705000000000000071e+00,1.792351975574999821e-21,1.236295987804877580e-02
2.709999999999999964e+00,1.795665010649999913e-21,1.246692828125000284e-02
2.714999999999999858e+00,1.798978045724999628e-21,1.257073182926828590e-02
2.720000000000000195e+00,1.802291080800000096e-21,1.267434841463414667e-02
2.725000000000000089e+00,1.805604115874999811e-21,1.277802152439024529e-02
2.729999999999999982e+00,1.808917150949999902e-21,1.288159317073170849e-02
2.734999999999999876e+00,1.812230186024999618e-21,1.298534689024389080e-02
2.740000000000000213e+00,1.815543221100000085e-21,1.308959323170732179e-02
2.745000000000000107e+00,1.818856256174999801e-21,1.319476603658536334e-02
2.750000000000000000e+00,1.822169291249999892e-21,1.330108634146341846e-02
2.754999999999999893e+00,1.825482326324999983e-21,1.340812999999999727e-02
2.760000000000000231e+00,1.828795361400000075e-21,1.351560902439024985e-02
2.765000000000000124e+00,1.832108396474999790e-21,1.362154048780487951e-02
2.770000000000000018e+00,1.835421431549999882e-21,1.372803731707316829e-02
2.774999999999999911e+00,1.838734466624999973e-21,1.383551024390244216e-02
2.780000000000000249e+00,1.842047501700000065e-21,1.394429243902439892e-02
2.785000000000000142e+00,1.845360536774999780e-21,1.405491652439024367e-02
2.790000000000000036e+00,1.848673571849999871e-21,1.416623609756096844e-02
2.794999999999999929e+00,1.851986606924999963e-21,1.427950420731708379e-02
2.800000000000000266e+00,1.855299642000000054e-21,1.440396990851513549e-02
2.805000000000000160e+00,1.858612677075000146e-21,1.453189158536586333e-02
2.810000000000000053e+00,1.861925712149999861e-21,1.465555751576292851e-02
2.814999999999999947e+00,1.865238747224999952e-21,1.478072597560976288e-02
2.819999999999999840e+00,1.868551782299999668e-21,1.490704475609755907e-02
2.825000000000000178e+00,1.871864817375000135e-21,1.503474481707317567e-02
2.830000000000000071e+00,1.875177852449999851e-21,1.516330914634146827e-02
2.834999999999999964e+00,1.878490887524999942e-21,1.529301274390243957e-02
2.839999999999999858e+00,1.881803922599999657e-21,1.542341859756096722e-02
2.845000000000000195e+00,1.885116957675000125e-21,1.555352914634147536e-02
2.850000000000000089e+00,1.888429992749999840e-21,1.568437439024390756e-02
2.854999999999999982e+00,1.891743027824999932e-21,1.581608634146342007e-02
2.859999999999999876e+00,1.895056062899999647e-21,1.594872536585364292e-02
2.865000000000000213e+00,1.898369097975000115e-21,1.608230951219513302e-02
2.870000000000000107e+00,1.901682133049999830e-21,1.622901682926828834e-02
2.875000000000000000e+00,1.904995168124999921e-21,1.637859896341463742e-02
2.879999999999999893e+00,1.908308203199999637e-21,1.652743749999998138e-02
2.885000000000000231e+00,1.911621238275000104e-21,1.667612310975611495e-02
2.890000000000000124e+00,1.914934273349999819e-21,1.682350445121950575e-02
2.895000000000000018e+00,1.918247308424999911e-21,1.696511768292682798e-02
2.899999999999999911e+00,1.921560343499999626e-21,1.710299730795376144e-02
2.905000000000000249e+00,1.924873378575000094e-21,1.724257000000001261e-02
2.910000000000000142e+00,1.928186413649999809e-21,1.738278112469437628e-02
2.915000000000000036e+00,1.931499448724999901e-21,1.752363499999999227e-02
2.919999999999999929e+00,1.934812483799999992e-21,1.766518564417178874e-02
2.925000000000000266e+00,1.938125518875000083e-21,1.780753762195122492e-02
2.930000000000000160e+00,1.941438553949999799e-21,1.795036963414633688e-02
2.935000000000000053e+00,1.944751589024999890e-21,1.809393768292683058e-02
2.939999999999999947e+00,1.948064624099999982e-21,1.823823914634147350e-02
2.944999999999999840e+00,1.951377659174999697e-21,1.838312662576686851e-02
2.950000000000000178e+00,1.954690694250000165e-21,1.852760756097561468e-02
2.955000000000000071e+00,1.958003729324999880e-21,1.867227121951220772e-02
2.959999999999999964e+00,1.961316764399999971e-21,1.881762146341463618e-02
2.964999999999999858e+00,1.964629799474999687e-21,1.896314512195121024e-02
2.970000000000000195e+00,1.967942834550000154e-21,1.910841171779142575e-02
2.975000000000000089e+00,1.971255869624999869e-21,1.925216560975610142e-02
2.979999999999999982e+00,1.974568904699999961e-21,1.939655835365854467e-02
2.984999999999999876e+00,1.977881939774999676e-21,1.954323719512193747e-02
2.990000000000000213e+00,1.981194974850000144e-21,1.970008987804880429e-02
2.995000000000000107e+00,1.984508009924999859e-21,1.985702699386502831e-02
3.000000000000000000e+00,1.987821044999999951e-21,2.001111867192637006e-02
3.004999999999999893e+00,1.991134080074999666e-21,2.016616341463413689e-02
3.010000000000000231e+00,1.994447115150000133e-21,2.032222146341465530e-02
3.015000000000000124e+00,1.997760150224999849e-21,2.047931109756096976e-02
3.020000000000000018e+00,2.001073185299999940e-21,2.063774250000000032e-02
3.024999999999999911e+00,2.004386220374999655e-21,2.079659018292681627e-02
3.030000000000000249e+00,2.007699255450000123e-21,2.095616932926830725e-02
3.035000000000000142e+00,2.011012290524999838e-21,2.111660792682926863e-02
3.040000000000000036e+00,2.014325325599999930e-21,2.127825048780487838e-02
3.044999999999999929e+00,2.017638360674999645e-21,2.144162243902439022e-02
3.050000000000000266e+00,2.020951395750000113e-21,2.160918365853659040e-02
3.055000000000000160e+00,2.024264430824999828e-21,2.178699317073170064e-02
3.060000000000000053e+00,2.027577465899999919e-21,2.196762609756097717e-02
3.064999999999999947e+00,2.030890500974999635e-21,2.214965292682925802e-02
3.070000000000000284e+00,2.034203536050000102e-21,2.233348024390245309e-02
3.075000000000000178e+00,2.037516571124999818e-21,2.251687591463413796e-02
3.080000000000000071e+00,2.040829606199999909e-21,2.269708560975611245e-02
3.084999999999999964e+00,2.044142641275000001e-21,2.287641402439024793e-02
3.089999999999999858e+00,2.047455676349999716e-21,2.305668170731706157e-02
3.095000000000000195e+00,2.050768711424999807e-21,2.323826134146341621e-02
3.100000000000000089e+00,2.054081746499999899e-21,2.342042099936347127e-02
3.104999999999999982e+00,2.057394781574999990e-21,2.360352317073170086e-02
3.109999999999999876e+00,2.060707816649999706e-21,2.378733597560973856e-02
3.115000000000000213e+00,2.064020851725000173e-21,2.397130975609759046e-02
3.120000000000000107e+00,2.067333886799999888e-21,2.415580371951219635e-02
3.125000000000000000e+00,2.070646921874999980e-21,2.434044951219513017e-02
3.129999999999999893e+00,2.073959956949999695e-21,2.452546621951218891e-02
3.135000000000000231e+00,2.077272992025000163e-21,2.470906060975611857e-02
3.140000000000000124e+00,2.080586027099999878e-21,2.489135231707316834e-02
3.145000000000000018e+00,2.083899062174999969e-21,2.507382658536585346e-02
3.149999999999999911e+00,2.087212097249999685e-21,2.525649365853658082e-02
3.155000000000000249e+00,2.090525132325000152e-21,2.544634268292684381e-02
3.160000000000000142e+00,2.093838167399999868e-21,2.564387560975609978e-02
3.165000000000000036e+00,2.097151202474999959e-21,2.583831585365854722e-02
3.169999999999999929e+00,2.100464237549999674e-21,2.603513506097560742e-02
3.175000000000000266e+00,2.103777272625000142e-21,2.623357469512195908e-02
3.180000000000000160e+00,2.107090307699999857e-21,2.643403060975609356e-02
3.185000000000000053e+00,2.110403342774999949e-21,2.663650134146343385e-02
3.189999999999999947e+00,2.113716377849999664e-21,2.684097451219510932e-02
3.195000000000000284e+00,2.117029412925000132e-21,2.704731207317075461e-02
3.200000000000000178e+00,2.120342447999999847e-21,2.725636824182604140e-02
3.205000000000000071e+00,2.123655483074999938e-21,2.746937268292684586e-02
3.209999999999999964e+00,2.126968518149999654e-21,2.768527256097558578e-02
3.214999999999999858e+00,2.130281553224999745e-21,2.791829214723924937e-02
3.220000000000000195e+00,2.133594588299999837e-21,2.815930664634146152e-02
3.225000000000000089e+00,2.136907623374999928e-21,2.840529512195123091e-02
3.229999999999999982e+00,2.140220658450000019e-21,2.865657871951219487e-02
3.234999999999999876e+00,2.143533693524999735e-21,2.891214658536584575e-02
3.240000000000000213e+00,2.146846728599999826e-21,2.916814374233130461e-02
3.245000000000000107e+00,2.150159763674999918e-21,2.942327439024389896e-02
3.250000000000000000e+00,2.153472798750000009e-21,2.967874512195122980e-02
3.254999999999999893e+00,2.156785833824999724e-21,2.993594097560974693e-02
3.260000000000000231e+00,2.160098868899999816e-21,3.019343317073170871e-02
3.265000000000000124e+00,2.163411903974999907e-21,3.045254865030673497e-02
3.270000000000000018e+00,2.166724939049999999e-21,3.071294262195122665e-02
3.274999999999999911e+00,2.170037974124999714e-21,3.097446969512195405e-02
3.280000000000000249e+00,2.173351009200000182e-21,3.123714530487806812e-02
3.285000000000000142e+00,2.176664044274999897e-21,3.150082487804878317e-02
3.290000000000000036e+00,2.179977079349999988e-21,3.176590705521474545e-02
3.294999999999999929e+00,2.183290114424999704e-21,3.203114670731706942e-02
3.300000000000000266e+00,2.186603149500000171e-21,3.229680536585367162e-02
3.305000000000000160e+00,2.189916184574999887e-21,3.252614487804879329e-02
3.310000000000000053e+00,2.193229219649999978e-21,3.260739390243902469e-02
3.314999999999999947e+00,2.196542254724999693e-21,3.261396896341463292e-02
3.320000000000000284e+00,2.199855289800000161e-21,3.267277628048781413e-02
3.325000000000000178e+00,2.203168324874999876e-21,3.278532658536585653e-02
3.330000000000000071e+00,2.206481359949999968e-21,3.292713585365854984e-02
3.334999999999999964e+00,2.209794395024999683e-21,3.309860817073168732e-02
3.339999999999999858e+00,2.213107430099999774e-21,3.330058073170732297e-02
3.345000000000000195e+00,2.216420465174999866e-21,3.353393756097561296e-02
3.350000000000000089e+00,2.219733500249999957e-21,3.380359878048781741e-02
3.354999999999999982e+00,2.223046535324999673e-21,3.408012560975608868e-02
3.359999999999999876e+00,2.226359570399999764e-21,3.436194951219512239e-02
3.365000000000000213e+00,2.229672605474999856e-21,3.471374012195123371e-02
3.370000000000000107e+00,2.232985640549999947e-21,3.511648817073170087e-02
3.375000000000000000e+00,2.236298675624999662e-21,3.549971615853656642e-02
3.379999999999999893e+00,2.239611710699999754e-21,3.578403908536584993e-02
3.385000000000000231e+00,2.242924745774999845e-21,3.596516128048780209e-02
3.390000000000000124e+00,2.246237780849999937e-21,3.608533950920245204e-02
3.395000000000000018e+00,2.249550815925000028e-21,3.600786573170729199e-02
3.399999999999999911e+00,2.252863850999999743e-21,3.604083036585366273e-02
3.405000000000000249e+00,2.256176886074999835e-21,3.617301219512194382e-02
3.410000000000000142e+00,2.259489921149999926e-21,3.631828621951219832e-02
3.415000000000000036e+00,2.262802956225000018e-21,3.647702115853659888e-02
3.419999999999999929e+00,2.266115991299999733e-21,3.664828865853658746e-02
3.425000000000000266e+00,2.269429026375000201e-21,3.683403152439024969e-02
3.430000000000000160e+00,2.272742061449999916e-21,3.703325969512195892e-02
3.435000000000000053e+00,2.276055096525000007e-21,3.724611597560976983e-02
3.439999999999999947e+00,2.279368131599999723e-21,3.747336414634145491e-02
3.445000000000000284e+00,2.282681166675000190e-21,3.771619536585368859e-02
3.450000000000000178e+00,2.285994201749999906e-21,3.797298317073171531e-02
3.455000000000000071e+00,2.289307236824999997e-21,3.822998268292684965e-02
3.459999999999999964e+00,2.292620271899999712e-21,3.846057414634144328e-02
3.464999999999999858e+00,2.295933306974999804e-21,3.870479573170731297e-02
3.470000000000000195e+00,2.299246342049999895e-21,3.901054030487804969e-02
3.475000000000000089e+00,2.302559377124999987e-21,3.937008256097562081e-02
3.479999999999999982e+00,2.305872412199999702e-21,3.978356920731705715e-02
3.484999999999999876e+00,2.309185447274999793e-21,4.025131432926829650e-02
3.490000000000000213e+00,2.312498482349999885e-21,4.077568682926832611e-02
3.495000000000000107e+00,2.315811517424999976e-21,4.132199841463414514e-02
3.500000000000000000e+00,2.319124552499999692e-21,4.180598817073172269e-02
3.504999999999999893e+00,2.322437587574999783e-21,4.227718597560974068e-02
3.510000000000000231e+00,2.325750622649999874e-21,4.275486743902439518e-02
3.515000000000000124e+00,2.329063657724999966e-21,4.323837500000002332e-02
3.520000000000000018e+00,2.332376692799999681e-21,4.368802298780487953e-02
3.524999999999999911e+00,2.335689727874999773e-21,4.409092292682924991e-02
3.530000000000000249e+00,2.339002762949999864e-21,4.444690201219510944e-02
3.535000000000000142e+00,2.342315798024999956e-21,4.470338487804877137e-02
3.540000000000000036e+00,2.345628833099999671e-21,4.500696439024388235e-02
3.544999999999999929e+00,2.348941868174999762e-21,4.541816390243902379e-02
3.550000000000000266e+00,2.352254903249999854e-21,4.582716146341463126e-02
3.555000000000000160e+00,2.355567938324999945e-21,4.623394024390246881e-02
3.560000000000000053e+00,2.358880973400000037e-21,4.663814609756100626e-02
3.564999999999999947e+00,2.362194008474999752e-21,4.703872121951217788e-02
3.570000000000000284e+00,2.365507043549999843e-21,4.742857884146341185e-02
3.575000000000000178e+00,2.368820078624999935e-21,4.781725603658538298e-02
3.580000000000000071e+00,2.372133113700000026e-21,4.820538073170735349e-02
3.584999999999999964e+00,2.375446148774999742e-21,4.859501176829264524e-02
3.589999999999999858e+00,2.378759183849999833e-21,4.898607487804880478e-02
3.595000000000000195e+00,2.382072218924999924e-21,4.938008378048780456e-02
3.600000000000000089e+00,2.385385254000000016e-21,4.978534268292684334e-02
3.604999999999999982e+00,2.388698289074999731e-21,5.017715414634144749e-02
3.609999999999999876e+00,2.392011324149999823e-21,5.056584969325153556e-02
3.615000000000000213e+00,2.395324359224999914e-21,5.095824585365852505e-02
3.620000000000000107e+00,2.398637394300000006e-21,5.135743823170731831e-02
3.625000000000000000e+00,2.401950429374999721e-21,5.176470530487804755e-02
3.629999999999999893e+00,2.405263464449999812e-21,5.218060225609754549e-02
3.635000000000000231e+00,2.408576499524999904e-21,5.260254319018405761e-02
3.640000000000000124e+00,2.411889534599999995e-21,5.303414195121952668e-02
3.645000000000000018e+00,2.415202569674999710e-21,5.345822073170731353e-02
3.649999999999999911e+00,2.418515604749999802e-21,5.387583146341462514e-02
3.655000000000000249e+00,2.421828639824999893e-21,5.429741000000000428e-02
3.660000000000000142e+00,2.425141674899999985e-21,5.470870245398775505e-02
3.665000000000000036e+00,2.428454709974999700e-21,5.510468329268291415e-02
3.669999999999999929e+00,2.431767745049999792e-21,5.548884414634146223e-02
3.675000000000000266e+00,2.435080780124999883e-21,5.587262591463416223e-02
3.680000000000000160e+00,2.438393815199999974e-21,5.626545658536588612e-02
3.685000000000000053e+00,2.441706850274999690e-21,5.666879533742327779e-02
3.689999999999999947e+00,2.445019885349999781e-21,5.708172317073169355e-02
3.695000000000000284e+00,2.448332920424999873e-21,5.748741878048784643e-02
3.700000000000000178e+00,2.451645955499999964e-21,5.790910695121952861e-02
3.705000000000000071e+00,2.454958990575000056e-21,5.835466268292686942e-02
3.709999999999999964e+00,2.458272025649999771e-21,5.882671054878049061e-02
3.714999999999999858e+00,2.461585060724999862e-21,5.932319908536588804e-02
3.720000000000000195e+00,2.464898095799999954e-21,5.986618506097560882e-02
3.725000000000000089e+00,2.468211130875000045e-21,6.046556810975611818e-02
3.729999999999999982e+00,2.471524165949999760e-21,6.108006682926827441e-02
3.734999999999999876e+00,2.474837201024999852e-21,6.171325536585367533e-02
3.740000000000000213e+00,2.478150236099999943e-21,6.235757487804878541e-02
3.745000000000000107e+00,2.481463271175000035e-21,6.301589439024393724e-02
3.750000000000000000e+00,2.484776306249999750e-21,6.368671902439027033e-02
3.754999999999999893e+00,2.488089341324999842e-21,6.437184878048778092e-02
3.760000000000000231e+00,2.491402376399999933e-21,6.507614957317076065e-02
3.765000000000000124e+00,2.494715411475000024e-21,6.579198469512199943e-02
3.770000000000000018e+00,2.498028446549999740e-21,6.652875859756096633e-02
3.774999999999999911e+00,2.501341481624999831e-21,6.728369426829269861e-02
3.780000000000000249e+00,2.504654516699999923e-21,6.804089499999999013e-02
3.785000000000000142e+00,2.507967551775000014e-21,6.880091792682935248e-02
3.790000000000000036e+00,2.511280586849999729e-21,6.955573939024387031e-02
3.794999999999999929e+00,2.514593621924999821e-21,7.030397365853659208e-02
3.800000000000000266e+00,2.517906656999999912e-21,7.106230804878051199e-02
3.805000000000000160e+00,2.521219692075000004e-21,7.184043109756103884e-02
3.810000000000000053e+00,2.524532727149999719e-21,7.262213347560969590e-02
3.814999999999999947e+00,2.527845762224999810e-21,7.340166249999996451e-02
3.820000000000000284e+00,2.531158797299999902e-21,7.418466432926829057e-02
3.825000000000000178e+00,2.534471832374999993e-21,7.506947640243906428e-02
3.830000000000000071e+00,2.537784867449999709e-21,7.594316298780484642e-02
3.834999999999999964e+00,2.541097902524999800e-21,7.690717780487803246e-02
3.839999999999999858e+00,2.544410937599999892e-21,7.796170707317080784e-02
3.845000000000000195e+00,2.547723972674999983e-21,7.898354414634145559e-02
3.850000000000000089e+00,2.551037007749999698e-21,7.997856707317071989e-02
3.854999999999999982e+00,2.554350042824999790e-21,8.096988634146344566e-02
3.859999999999999876e+00,2.557663077899999881e-21,8.195995560975612160e-02
3.865000000000000213e+00,2.560976112974999973e-21,8.294682451219519137e-02
3.870000000000000107e+00,2.564289148050000064e-21,8.391390664634157392e-02
3.875000000000000000e+00,2.567602183124999779e-21,8.478875853658540684e-02
3.879999999999999893e+00,2.570915218199999871e-21,8.566606384146338571e-02
3.885000000000000231e+00,2.574228253274999962e-21,8.655577719512198842e-02
3.890000000000000124e+00,2.577541288350000054e-21,8.745574268292688469e-02
3.895000000000000018e+00,2.580854323424999769e-21,8.836602414634146807e-02
3.899999999999999911e+00,2.584167358499999861e-21,8.898885939024391012e-02
3.905000000000000249e+00,2.587480393574999952e-21,8.936539613496935486e-02
3.910000000000000142e+00,2.590793428650000043e-21,8.974630652439029299e-02
3.915000000000000036e+00,2.594106463724999759e-21,9.004277091463414040e-02
3.919999999999999929e+00,2.597419498799999850e-21,9.043714493902438312e-02
3.925000000000000266e+00,2.600732533874999942e-21,9.099296475609759682e-02
3.930000000000000160e+00,2.604045568950000033e-21,9.164555754601233506e-02
3.935000000000000053e+00,2.607358604024999748e-21,9.238177268292675770e-02
3.939999999999999947e+00,2.610671639099999840e-21,9.319539439024392136e-02
3.945000000000000284e+00,2.613984674174999931e-21,9.486114268292696050e-02
3.950000000000000178e+00,2.617297709250000023e-21,9.792905292682935192e-02
3.955000000000000071e+00,2.620610744324999738e-21,9.940859012269934181e-02
3.959999999999999964e+00,2.623923779399999829e-21,1.015085463414634737e-01
3.965000000000000302e+00,2.627236814474999921e-21,1.037074670731708836e-01
3.970000000000000195e+00,2.630549849550000012e-21,1.055384237804878056e-01
3.975000000000000089e+00,2.633862884624999728e-21,1.078521079268291438e-01
3.979999999999999982e+00,2.637175919699999819e-21,1.112717331288342743e-01
3.984999999999999876e+00,2.640488954774999911e-21,1.168710073170733249e-01
3.990000000000000213e+00,2.643801989850000002e-21,1.244463731707325244e-01
3.995000000000000107e+00,2.647115024924999717e-21,1.416985134146341307e-01
4.000000000000000000e+00,2.650428059999999809e-21,1.417874963414635370e-01
4.004999999999999893e+00,2.653741095074999900e-21,1.442457420731709516e-01
4.009999999999999787e+00,2.657054130149999615e-21,1.453761756097560476e-01
4.014999999999999680e+00,2.660367165224999707e-21,1.467919884146340337e-01
4.020000000000000462e+00,2.663680200300000174e-21,1.491604371951220087e-01
4.025000000000000355e+00,2.666993235374999890e-21,1.496761573170731496e-01
4.030000000000000249e+00,2.670306270449999981e-21,1.492051146341463186e-01
4.035000000000000142e+00,2.673619305525000073e-21,1.490605121951219803e-01
4.040000000000000036e+00,2.676932340599999788e-21,1.500479463414631787e-01
4.044999999999999929e+00,2.680245375674999879e-21,1.527835243902439244e-01
4.049999999999999822e+00,2.683558410749999595e-21,1.479630390243902305e-01
4.054999999999999716e+00,2.686871445824999686e-21,1.470951432926830282e-01
4.060000000000000497e+00,2.690184480900000154e-21,1.464963286585365121e-01
4.065000000000000391e+00,2.693497515975000245e-21,1.462166323170731586e-01
4.070000000000000284e+00,2.696810551049999961e-21,1.467757695121951200e-01
4.075000000000000178e+00,2.700123586125000052e-21,1.472208353658535085e-01
4.080000000000000071e+00,2.703436621199999767e-21,1.464850269938650362e-01
4.084999999999999964e+00,2.706749656274999859e-21,1.472489109756098258e-01
4.089999999999999858e+00,2.710062691349999574e-21,1.482432499999999376e-01
4.094999999999999751e+00,2.713375726424999665e-21,1.502858865853655967e-01
4.099999999999999645e+00,2.716688761499999381e-21,1.529785085365850672e-01
4.105000000000000426e+00,2.720001796575000225e-21,1.540539170731707042e-01
4.110000000000000320e+00,2.723314831649999940e-21,1.539627786585365254e-01
4.115000000000000213e+00,2.726627866725000031e-21,1.556354329268294645e-01
4.120000000000000107e+00,2.729940901799999747e-21,1.582923847560975539e-01
4.125000000000000000e+00,2.733253936874999838e-21,1.600919993902437943e-01
4.129999999999999893e+00,2.736566971949999553e-21,1.611202243902437325e-01
4.134999999999999787e+00,2.739880007024999645e-21,1.632285439024387941e-01
4.139999999999999680e+00,2.743193042099999736e-21,1.625398780487802286e-01
4.145000000000000462e+00,2.746506077175000204e-21,1.624638219512196113e-01
4.150000000000000355e+00,2.749819112249999919e-21,1.628818658536585195e-01
4.155000000000000249e+00,2.753132147325000011e-21,1.633285432926829817e-01
4.160000000000000142e+00,2.756445182399999726e-21,1.638849329268292077e-01
4.165000000000000036e+00,2.759758217474999817e-21,1.643961457317073549e-01
4.169999999999999929e+00,2.763071252549999909e-21,1.650251060975609918e-01
4.174999999999999822e+00,2.766384287624999624e-21,1.656664024390243628e-01
4.179999999999999716e+00,2.769697322699999715e-21,1.663676134146341301e-01
4.185000000000000497e+00,2.773010357775000183e-21,1.677331670731707913e-01
4.190000000000000391e+00,2.776323392849999898e-21,1.689157012195121599e-01
4.195000000000000284e+00,2.779636427924999990e-21,1.699459902439025560e-01
4.200000000000000178e+00,2.782949463000000081e-21,1.712634390243903404e-01
4.205000000000000071e+00,2.786262498074999797e-21,1.740667390243902102e-01
4.209999999999999964e+00,2.789575533149999888e-21,1.754039481707316828e-01
4.214999999999999858e+00,2.792888568224999603e-21,1.755241640243900836e-01
4.219999999999999751e+00,2.796201603299999695e-21,1.764063256097561094e-01
4.224999999999999645e+00,2.799514638374999410e-21,1.767422414634146344e-01
4.230000000000000426e+00,2.802827673450000254e-21,1.771065780487806884e-01
4.235000000000000320e+00,2.806140708524999969e-21,1.782333536585366252e-01
4.240000000000000213e+00,2.809453743600000061e-21,1.799611829268294161e-01
4.245000000000000107e+00,2.812766778674999776e-21,1.819912414634148601e-01
4.250000000000000000e+00,2.816079813749999867e-21,1.837982853658537419e-01
4.254999999999999893e+00,2.819392848824999583e-21,1.857758335365853331e-01
4.259999999999999787e+00,2.822705883899999674e-21,1.877618128048781088e-01
4.264999999999999680e+00,2.826018918974999765e-21,1.900120823170730611e-01
4.270000000000000462e+00,2.829331954050000233e-21,1.929563237804879094e-01
4.275000000000000355e+00,2.832644989124999948e-21,1.967235451219514486e-01
4.280000000000000249e+00,2.835958024200000040e-21,2.004234890243901945e-01
4.285000000000000142e+00,2.839271059274999755e-21,2.042270621951220444e-01
4.290000000000000036e+00,2.842584094349999847e-21,2.054867768292682473e-01
4.294999999999999929e+00,2.845897129424999562e-21,1.924150280487821607e-01
4.299999999999999822e+00,2.849210164499999653e-21,1.899331423312883571e-01
4.304999999999999716e+00,2.852523199574999745e-21,1.905590963414633132e-01
4.310000000000000497e+00,2.855836234650000212e-21,1.912256835365854224e-01
4.315000000000000391e+00,2.859149269724999928e-21,1.911023902439023814e-01
4.320000000000000284e+00,2.862462304800000019e-21,1.906641756097560980e-01
4.325000000000000178e+00,2.865775339874999734e-21,1.910577564417177965e-01
4.330000000000000071e+00,2.869088374949999826e-21,1.918257463414634045e-01
4.334999999999999964e+00,2.872401410024999917e-21,1.932645000000002833e-01
4.339999999999999858e+00,2.875714445099999633e-21,1.957956195121949849e-01
4.344999999999999751e+00,2.879027480174999724e-21,1.997183268292680169e-01
4.350000000000000533e+00,2.882340515250000192e-21,2.053153552147246041e-01
4.355000000000000426e+00,2.885653550324999907e-21,2.123787786585364656e-01
4.360000000000000320e+00,2.888966585399999998e-21,2.206252292682935323e-01
4.365000000000000213e+00,2.892279620475000090e-21,2.323485530487818251e-01
4.370000000000000107e+00,2.895592655549999805e-21,2.341279597560975700e-01
4.375000000000000000e+00,2.898905690624999897e-21,2.358067042944785030e-01
4.379999999999999893e+00,2.902218725699999612e-21,2.358484731707315984e-01
4.384999999999999787e+00,2.905531760774999703e-21,2.371948731707315405e-01
4.389999999999999680e+00,2.908844795849999419e-21,2.412661963414632627e-01
4.395000000000000462e+00,2.912157830925000262e-21,2.440149841463416236e-01
4.400000000000000355e+00,2.915470865999999978e-21,2.436132670731706307e-01
4.405000000000000249e+00,2.918783901075000069e-21,2.423975634146342539e-01
4.410000000000000142e+00,2.922096936149999784e-21,2.439570390243900877e-01
4.415000000000000036e+00,2.925409971224999876e-21,2.462778036585368258e-01
4.419999999999999929e+00,2.928723006299999591e-21,2.499049158536585102e-01
4.424999999999999822e+00,2.932036041374999683e-21,2.567905902439028276e-01
4.429999999999999716e+00,2.935349076449999774e-21,2.630598097560974402e-01
4.435000000000000497e+00,2.938662111525000242e-21,2.695504829268301483e-01
4.440000000000000391e+00,2.941975146599999957e-21,2.774572634146345029e-01
4.445000000000000284e+00,2.945288181675000048e-21,2.835943121951224333e-01
4.450000000000000178e+00,2.948601216749999764e-21,2.867483030487804618e-01
4.455000000000000071e+00,2.951914251824999855e-21,2.903630548780490872e-01
4.459999999999999964e+00,2.955227286899999947e-21,2.913562231707317318e-01
4.464999999999999858e+00,2.958540321974999662e-21,2.928651798780484983e-01
4.469999999999999751e+00,2.961853357049999753e-21,2.978875493902440885e-01
4.475000000000000533e+00,2.965166392125000221e-21,3.052031597560981302e-01
4.480000000000000426e+00,2.968479427199999936e-21,3.140173365853662912e-01
4.485000000000000320e+00,2.971792462275000028e-21,3.202078536585369339e-01
4.490000000000000213e+00,2.975105497349999743e-21,3.304643414634141352e-01
4.495000000000000107e+00,2.978418532424999834e-21,3.411941292682937332e-01
4.500000000000000000e+00,2.981731567499999926e-21,3.496127225609751421e-01
4.504999999999999893e+00,2.985044602574999641e-21,3.639892890243899282e-01
4.509999999999999787e+00,2.988357637649999733e-21,3.882126298780497198e-01
4.514999999999999680e+00,2.991670672724999448e-21,4.188471371951159594e-01
4.520000000000000462e+00,2.994983707799999915e-21,4.572042591463422734e-01
4.525000000000000355e+00,2.998296742875000007e-21,4.823949292682938594e-01
4.530000000000000249e+00,3.001609777950000098e-21,5.052306804878071711e-01
4.535000000000000142e+00,3.004922813024999814e-21,5.642679536585384348e-01
4.540000000000000036e+00,3.008235848099999905e-21,5.565114804877987487e-01
4.544999999999999929e+00,3.011548883174999620e-21,5.223098292682942789e-01
4.549999999999999822e+00,3.014861918249999712e-21,5.013622390243922533e-01
4.554999999999999716e+00,3.018174953324999427e-21,4.117655536585446141e-01
4.560000000000000497e+00,3.021487988400000271e-21,3.675572896341255391e-01
4.565000000000000391e+00,3.024801023474999986e-21,3.228608457317048153e-01
4.570000000000000284e+00,3.028114058550000078e-21,2.865618762195111247e-01
4.575000000000000178e+00,3.031427093624999793e-21,2.650548548780481961e-01
4.580000000000000071e+00,3.034740128699999884e-21,2.658394573170731467e-01
4.584999999999999964e+00,3.038053163774999600e-21,2.700768170731707163e-01
4.589999999999999858e+00,3.041366198849999691e-21,2.764870182926826292e-01
4.594999999999999751e+00,3.044679233924999783e-21,2.850534756097561351e-01
4.600000000000000533e+00,3.047992269000000250e-21,2.774410073170709423e-01
4.605000000000000426e+00,3.051305304074999965e-21,2.712015920731707941e-01
4.610000000000000320e+00,3.054618339150000057e-21,2.691445701219511988e-01
4.615000000000000213e+00,3.057931374224999772e-21,2.696631585365854566e-01
4.620000000000000107e+00,3.061244409299999864e-21,2.709804730061349809e-01
4.625000000000000000e+00,3.064557444374999955e-21,2.724214024390245181e-01
4.629999999999999893e+00,3.067870479449999670e-21,2.760593097560975484e-01
4.634999999999999787e+00,3.071183514524999762e-21,2.807449634146335637e-01
4.639999999999999680e+00,3.074496549599999477e-21,2.830227634146340043e-01
4.645000000000000462e+00,3.077809584674999945e-21,2.854681981595093010e-01
4.650000000000000355e+00,3.081122619750000036e-21,2.918672859756105131e-01
4.655000000000000249e+00,3.084435654825000128e-21,2.973530890243911706e-01
4.660000000000000142e+00,3.087748689899999843e-21,2.945605957317071755e-01
4.665000000000000036e+00,3.091061724974999934e-21,2.950981030487810353e-01
4.669999999999999929e+00,3.094374760049999650e-21,3.003386349693247803e-01
4.674999999999999822e+00,3.097687795124999741e-21,3.066613743902442679e-01
4.679999999999999716e+00,3.101000830199999456e-21,3.124227926829262203e-01
4.685000000000000497e+00,3.104313865274999924e-21,3.148677000000000281e-01
4.690000000000000391e+00,3.107626900350000015e-21,3.128079597560976532e-01
4.695000000000000284e+00,3.110939935425000107e-21,3.104001484662576305e-01
4.700000000000000178e+00,3.114252970499999822e-21,3.146301634146341231e-01
4.705000000000000071e+00,3.117566005574999914e-21,3.180596500000006932e-01
4.709999999999999964e+00,3.120879040649999629e-21,3.230939152439034068e-01
4.714999999999999858e+00,3.124192075724999720e-21,3.081325225609761187e-01
4.719999999999999751e+00,3.127505110799999436e-21,3.035760926829262907e-01
4.725000000000000533e+00,3.130818145875000279e-21,3.074864243902427074e-01
4.730000000000000426e+00,3.134131180949999995e-21,2.851168219512180690e-01
4.735000000000000320e+00,3.137444216025000086e-21,2.280604951219435128e-01
4.740000000000000213e+00,3.140757251099999802e-21,1.791146000000020388e-01
4.745000000000000107e+00,3.144070286174999893e-21,1.471820239263788299e-01
4.750000000000000000e+00,3.147383321249999608e-21,1.225116128048788500e-01
4.754999999999999893e+00,3.150696356324999700e-21,1.100329731707305053e-01
4.759999999999999787e+00,3.154009391399999791e-21,9.997414018292630211e-02
4.764999999999999680e+00,3.157322426474999506e-21,8.869531963414599429e-02
4.770000000000000462e+00,3.160635461549999974e-21,6.359068877300422251e-02
4.775000000000000355e+00,3.163948496625000066e-21,3.846748207316869062e-02
4.780000000000000249e+00,3.167261531699999781e-21,1.753513634146385350e-02
4.785000000000000142e+00,3.170574566774999872e-21,1.910276780487813256e-02
4.790000000000000036e+00,3.173887601849999964e-21,2.173061719512211012e-02
4.794999999999999929e+00,3.177200636924999679e-21,2.401366159509205414e-02
4.799999999999999822e+00,3.180513671999999770e-21,2.668330451219489904e-02
4.804999999999999716e+00,3.183826707074999486e-21,2.973651859756069882e-02
4.810000000000000497e+00,3.187139742149999953e-21,3.443513731707233128e-02
4.815000000000000391e+00,3.190452777225000045e-21,3.056758548780488458e-02
4.820000000000000284e+00,3.193765812300000136e-21,3.068169585365855545e-02
4.825000000000000178e+00,3.197078847374999852e-21,3.082650268292683876e-02
4.830000000000000071e+00,3.200391882449999943e-21,3.100219756097560841e-02
4.834999999999999964e+00,3.203704917524999658e-21,3.458996560975603068e-02
4.839999999999999858e+00,3.207017952599999750e-21,3.766634439024347386e-02
4.844999999999999751e+00,3.210330987674999465e-21,3.163058048780507253e-02
4.850000000000000533e+00,3.213644022750000309e-21,2.740754384146197598e-02
4.855000000000000426e+00,3.216957057825000024e-21,2.345437213414557076e-02
4.860000000000000320e+00,3.220270092900000116e-21,2.020944512195122986e-02
4.865000000000000213e+00,3.223583127974999831e-21,2.030783158536586183e-02
4.870000000000000107e+00,3.226896163049999922e-21,2.041524573170732867e-02
4.875000000000000000e+00,3.230209198124999638e-21,2.052196597560975236e-02
4.879999999999999893e+00,3.233522233199999729e-21,2.061749085365853495e-02
4.884999999999999787e+00,3.236835268274999444e-21,2.069797817073169149e-02
4.889999999999999680e+00,3.240148303349999536e-21,2.076241097560975121e-02
4.895000000000000462e+00,3.243461338425000003e-21,2.080393774390243769e-02
4.900000000000000355e+00,3.246774373500000095e-21,2.084025317073171651e-02
4.905000000000000249e+00,3.250087408574999810e-21,2.088395286585366037e-02
4.910000000000000142e+00,3.253400443649999902e-21,2.093201896341463294e-02
4.915000000000000036e+00,3.256713478724999617e-21,2.098441000000000542e-02
4.919999999999999929e+00,3.260026513799999708e-21,2.104120292682926455e-02
4.924999999999999822e+00,3.263339548874999800e-21,2.110216317073171019e-02
4.929999999999999716e+00,3.266652583949999515e-21,2.116740268292682803e-02
4.935000000000000497e+00,3.269965619024999983e-21,2.121781219512195241e-02
4.940000000000000391e+00,3.273278654100000074e-21,2.127840170731708225e-02
4.945000000000000284e+00,3.276591689174999789e-21,2.137108012195122059e-02
4.950000000000000178e+00,3.279904724249999881e-21,2.148985524390244900e-02
4.955000000000000071e+00,3.283217759324999972e-21,2.162784841463416194e-02
4.959999999999999964e+00,3.286530794399999688e-21,2.177369664634145816e-02
4.964999999999999858e+00,3.289843829474999779e-21,2.711419420731601276e-02
4.969999999999999751e+00,3.293156864549999494e-21,2.642547585365935189e-02
4.975000000000000533e+00,3.296469899624999962e-21,2.209574670731707588e-02
4.980000000000000426e+00,3.299782934700000053e-21,2.201051426829267119e-02
4.985000000000000320e+00,3.303095969775000145e-21,2.192181939024388793e-02
4.990000000000000213e+00,3.306409004849999860e-21,2.182901121951219894e-02
4.995000000000000107e+00,3.309722039924999952e-21,2.170616280487804375e-02
5.000000000000000000e+00,3.313035074999999667e-21,2.156884152439024829e-02
5.004999999999999893e+00,3.316348110074999758e-21,2.153189573170731855e-02
5.009999999999999787e+00,3.319661145149999474e-21,2.154176524390243389e-02
5.014999999999999680e+00,3.322974180224999565e-21,2.159893147239263372e-02
5.020000000000000462e+00,3.326287215300000033e-21,2.168125634146342642e-02
5.025000000000000355e+00,3.329600250375000124e-21,2.176852195121951883e-02
5.030000000000000249e+00,3.332913285449999839e-21,2.186037975609756573e-02
5.035000000000000142e+00,3.336226320524999931e-21,2.195670512195123034e-02
5.040000000000000036e+00,3.339539355599999646e-21,2.205639779141104276e-02
5.044999999999999929e+00,3.342852390674999738e-21,2.215899567073171053e-02
5.049999999999999822e+00,3.346165425749999453e-21,2.226433542682925565e-02
5.054999999999999716e+00,3.349478460824999544e-21,2.237257762195120347e-02
5.060000000000000497e+00,3.352791495900000012e-21,2.248383579268294075e-02
5.065000000000000391e+00,3.356104530975000103e-21,2.259827423312883721e-02
5.070000000000000284e+00,3.359417566049999819e-21,2.271575256097561543e-02
5.075000000000000178e+00,3.362730601124999910e-21,2.284352841463415523e-02
5.080000000000000071e+00,3.366043636199999625e-21,2.299937487804875821e-02
5.084999999999999964e+00,3.369356671274999717e-21,2.315961304878048910e-02
5.089999999999999858e+00,3.372669706349999808e-21,2.331907337423312632e-02
5.094999999999999751e+00,3.375982741424999524e-21,2.348469981707317425e-02
5.100000000000000533e+00,3.379295776499999991e-21,2.365748975609757374e-02
5.105000000000000426e+00,3.382608811575000083e-21,2.383862018292684862e-02
5.110000000000000320e+00,3.385921846649999798e-21,2.402790219512193973e-02
5.115000000000000213e+00,3.389234881724999889e-21,2.422327707317074863e-02
5.120000000000000107e+00,3.392547916799999605e-21,2.442303097560972330e-02
5.125000000000000000e+00,3.395860951875000072e-21,2.462760731707320724e-02
5.129999999999999893e+00,3.399173986949999788e-21,2.483344121951220132e-02
5.134999999999999787e+00,3.402487022024999503e-21,2.581073170731552555e-02
5.139999999999999680e+00,3.405800057099999218e-21,2.860052804878039992e-02
5.145000000000000462e+00,3.409113092174999686e-21,2.804747512195132284e-02
5.150000000000000355e+00,3.412426127250000153e-21,2.706324176829259798e-02
5.155000000000000249e+00,3.415739162324999869e-21,2.690725024390243358e-02
5.160000000000000142e+00,3.419052197399999584e-21,2.694125341463413092e-02
5.165000000000000036e+00,3.422365232475000052e-21,2.723907707317076501e-02
5.169999999999999929e+00,3.425678267549999767e-21,2.759447121951219897e-02
5.174999999999999822e+00,3.428991302624999482e-21,2.795451170731705348e-02
5.179999999999999716e+00,3.432304337699999197e-21,2.831918853658531993e-02
5.185000000000000497e+00,3.435617372775000417e-21,2.788736073170716354e-02
5.190000000000000391e+00,3.438930407850000133e-21,2.776189182926829674e-02
5.195000000000000284e+00,3.442243442924999848e-21,2.781900091463414618e-02
5.200000000000000178e+00,3.445556477999999563e-21,2.788185420731707082e-02
5.205000000000000071e+00,3.448869513075000031e-21,2.794896060975610164e-02
5.209999999999999964e+00,3.452182548149999746e-21,2.805122365853658997e-02
5.214999999999999858e+00,3.455495583224999461e-21,2.819094878048778591e-02
5.219999999999999751e+00,3.458808618299999929e-21,2.833285292682927170e-02
5.225000000000000533e+00,3.462121653375000397e-21,2.848117658536588118e-02
5.230000000000000426e+00,3.465434688450000112e-21,2.863695219512196743e-02
5.235000000000000320e+00,3.468747723524999827e-21,2.880040804878049310e-02
5.240000000000000213e+00,3.472060758599999543e-21,2.897003457317074912e-02
5.245000000000000107e+00,3.475373793675000010e-21,2.914365676829268337e-02
5.250000000000000000e+00,3.478686828749999725e-21,2.932160554878047651e-02
5.254999999999999893e+00,3.481999863824999441e-21,2.950388091463414242e-02
5.259999999999999787e+00,3.485312898899999908e-21,2.968848719512195630e-02
5.264999999999999680e+00,3.488625933974999624e-21,2.989133073170733429e-02
5.270000000000000462e+00,3.491938969050000091e-21,3.009380512195123508e-02
5.275000000000000355e+00,3.495252004124999806e-21,3.029778317073169788e-02
5.280000000000000249e+00,3.498565039200000274e-21,3.050654097560977565e-02
5.285000000000000142e+00,3.501878074274999989e-21,3.072828048780488347e-02
5.290000000000000036e+00,3.505191109349999705e-21,3.096740396341460255e-02
5.294999999999999929e+00,3.508504144424999420e-21,3.122481817073171143e-02
5.299999999999999822e+00,3.511817179499999888e-21,3.150165256097559041e-02
5.304999999999999716e+00,3.515130214574999603e-21,3.178745615853655060e-02
5.310000000000000497e+00,3.518443249650000070e-21,3.207576754601234453e-02
5.315000000000000391e+00,3.521756284724999786e-21,3.237954292682922175e-02
5.320000000000000284e+00,3.525069319800000253e-21,3.270311585365861390e-02
5.325000000000000178e+00,3.528382354874999969e-21,3.302377878048783771e-02
5.330000000000000071e+00,3.531695389949999684e-21,3.332937585365849248e-02
5.334999999999999964e+00,3.535008425024999399e-21,3.363069147239263618e-02
5.339999999999999858e+00,3.538321460099999867e-21,3.392917439024389914e-02
5.344999999999999751e+00,3.541634495174999582e-21,3.441796975609758003e-02
5.350000000000000533e+00,3.544947530250000050e-21,3.530903713414641765e-02
5.355000000000000426e+00,3.548260565324999765e-21,3.575354414634145106e-02
5.360000000000000320e+00,3.551573600400000233e-21,3.617050828220863545e-02
5.365000000000000213e+00,3.554886635474999948e-21,3.652870987804879982e-02
5.370000000000000107e+00,3.558199670549999663e-21,3.680135426829268808e-02
5.375000000000000000e+00,3.561512705624999379e-21,3.707033292682925668e-02
5.379999999999999893e+00,3.564825740699999846e-21,3.735915390243905315e-02
5.384999999999999787e+00,3.568138775774999561e-21,3.763962662576684354e-02
5.389999999999999680e+00,3.571451810849999277e-21,3.791647140243898512e-02
5.395000000000000462e+00,3.574764845924999744e-21,3.821248341463415188e-02
5.400000000000000355e+00,3.578077881000000212e-21,3.851925286585370506e-02
5.405000000000000249e+00,3.581390916074999927e-21,3.881241408536588444e-02
5.410000000000000142e+00,3.584703951149999643e-21,3.911821439024387725e-02
5.415000000000000036e+00,3.588016986225000110e-21,3.943616560975612279e-02
5.419999999999999929e+00,3.591330021299999825e-21,3.977042756097561721e-02
5.424999999999999822e+00,3.594643056374999541e-21,4.013439878048778026e-02
5.429999999999999716e+00,3.597956091449999256e-21,4.052881219512189520e-02
5.435000000000000497e+00,3.601269126524999724e-21,4.095401693251537328e-02
5.440000000000000391e+00,3.604582161600000191e-21,4.140543432926833273e-02
5.445000000000000284e+00,3.607895196674999907e-21,4.185469731707317648e-02
5.450000000000000178e+00,3.611208231749999622e-21,4.229421817073168027e-02
5.455000000000000071e+00,3.614521266825000089e-21,4.272400268292687181e-02
5.459999999999999964e+00,3.617834301899999805e-21,4.314548558282213508e-02
5.464999999999999858e+00,3.621147336974999520e-21,4.346206280487803497e-02
5.469999999999999751e+00,3.624460372049999235e-21,4.371254719512190218e-02
5.475000000000000533e+00,3.627773407125000455e-21,4.404603890243909137e-02
5.480000000000000426e+00,3.631086442200000170e-21,4.442961268292686811e-02
5.485000000000000320e+00,3.634399477274999886e-21,4.481726809815948787e-02
5.490000000000000213e+00,3.637712512349999601e-21,4.523415274390248098e-02
5.495000000000000107e+00,3.641025547425000069e-21,4.573137012195122725e-02
5.500000000000000000e+00,3.644338582499999784e-21,4.621228475609753805e-02
5.504999999999999893e+00,3.647651617574999499e-21,4.675019640243908287e-02
5.509999999999999787e+00,3.650964652649999967e-21,4.748269097560969126e-02
5.514999999999999680e+00,3.654277687724999682e-21,4.849937975609766583e-02
5.520000000000000462e+00,3.657590722800000150e-21,4.980782707317102376e-02
5.525000000000000355e+00,3.660903757874999865e-21,5.136337243902430044e-02
5.530000000000000249e+00,3.664216792949999580e-21,5.296158829268284018e-02
5.535000000000000142e+00,3.667529828025000048e-21,5.437482219512204673e-02
5.540000000000000036e+00,3.670842863099999763e-21,5.543151426829264622e-02
5.544999999999999929e+00,3.674155898174999479e-21,5.599739225609756677e-02
5.549999999999999822e+00,3.677468933249999946e-21,5.612572475609755446e-02
5.554999999999999716e+00,3.680781968324999661e-21,5.598877841463417021e-02
5.560000000000000497e+00,3.684095003400000129e-21,5.580994097560973422e-02
5.565000000000000391e+00,3.687408038474999844e-21,5.579685902439023709e-02
5.570000000000000284e+00,3.690721073549999560e-21,5.597332219512195922e-02
5.575000000000000178e+00,3.694034108625000027e-21,5.629112426829274707e-02
5.580000000000000071e+00,3.697347143699999743e-21,5.666836987804873410e-02
5.584999999999999964e+00,3.700660178774999458e-21,5.705826012195119173e-02
5.589999999999999858e+00,3.703973213849999925e-21,5.759956310975614113e-02
5.594999999999999751e+00,3.707286248924999641e-21,5.798353725609756149e-02
5.600000000000000533e+00,3.710599284000000108e-21,5.820341725609758793e-02
5.605000000000000426e+00,3.713912319074999824e-21,5.833532920731707844e-02
5.610000000000000320e+00,3.717225354150000291e-21,5.840461414634147419e-02
5.615000000000000213e+00,3.720538389225000007e-21,5.844749219512195004e-02
5.620000000000000107e+00,3.723851424299999722e-21,5.847500560975609635e-02
5.625000000000000000e+00,3.727164459374999437e-21,5.853459487804877487e-02
5.629999999999999893e+00,3.730477494449999905e-21,5.866363365853660000e-02
5.634999999999999787e+00,3.733790529524999620e-21,5.885602689024388434e-02
5.639999999999999680e+00,3.737103564599999335e-21,5.917878847560969352e-02
5.645000000000000462e+00,3.740416599674999803e-21,5.956955164634147176e-02
5.650000000000000355e+00,3.743729634750000271e-21,5.991215621951225673e-02
5.655000000000000249e+00,3.747042669824999986e-21,6.026471914634149579e-02
5.660000000000000142e+00,3.750355704899999701e-21,6.062788658536585884e-02
5.665000000000000036e+00,3.753668739974999416e-21,6.096498353658532515e-02
5.669999999999999929e+00,3.756981775049999884e-21,6.128518963414635035e-02
5.674999999999999822e+00,3.760294810124999599e-21,6.160726073170730288e-02
5.679999999999999716e+00,3.763607845199999315e-21,6.193832926829263841e-02
5.685000000000000497e+00,3.766920880274999782e-21,6.227639152439029546e-02
5.690000000000000391e+00,3.770233915350000250e-21,6.261734920731709675e-02
5.695000000000000284e+00,3.773546950424999965e-21,6.296276006097561995e-02
5.700000000000000178e+00,3.776859985499999680e-21,6.335181219512192596e-02
5.705000000000000071e+00,3.780173020575000148e-21,6.378238693251538083e-02
5.709999999999999964e+00,3.783486055649999863e-21,6.424037195121949650e-02
5.714999999999999858e+00,3.786799090724999579e-21,6.466586878048782849e-02
5.719999999999999751e+00,3.790112125799999294e-21,6.505820951219504211e-02
5.725000000000000533e+00,3.793425160874999761e-21,6.543878975609752902e-02
5.730000000000000426e+00,3.796738195950000229e-21,6.581764840490805790e-02
5.735000000000000320e+00,3.800051231024999944e-21,6.620886103658533972e-02
5.740000000000000213e+00,3.803364266099999660e-21,6.663569457317077005e-02
5.745000000000000107e+00,3.806677301175000127e-21,6.732097853658550179e-02
5.750000000000000000e+00,3.809990336249999843e-21,6.835784219512190674e-02
5.754999999999999893e+00,3.813303371324999558e-21,6.926956748466261971e-02
5.759999999999999787e+00,3.816616406399999273e-21,7.011517780487787344e-02
5.764999999999999680e+00,3.819929441474999741e-21,7.098156914634154435e-02
5.770000000000000462e+00,3.823242476550000208e-21,7.182209695121972992e-02
5.775000000000000355e+00,3.826555511624999924e-21,7.263188207317068656e-02
5.780000000000000249e+00,3.829868546699999639e-21,7.374580067484659551e-02
5.785000000000000142e+00,3.833181581775000107e-21,7.608386896341508276e-02
5.790000000000000036e+00,3.836494616849999822e-21,7.953941426829216899e-02
5.794999999999999929e+00,3.839807651924999537e-21,8.175921140243903873e-02
5.799999999999999822e+00,3.843120686999999252e-21,8.066840750000010829e-02
5.804999999999999716e+00,3.846433722074999720e-21,7.930892170731707047e-02
5.810000000000000497e+00,3.849746757150000188e-21,7.934370585365857487e-02
5.815000000000000391e+00,3.853059792224999903e-21,7.959622975609757789e-02
5.820000000000000284e+00,3.856372827299999618e-21,7.973527756097562036e-02
5.825000000000000178e+00,3.859685862375000086e-21,7.955476804878036656e-02
5.830000000000000071e+00,3.862998897449999801e-21,7.852286951219511479e-02
5.834999999999999964e+00,3.866311932524999516e-21,7.751856914634150386e-02
5.839999999999999858e+00,3.869624967599999984e-21,7.727214530487803990e-02
5.844999999999999751e+00,3.872938002674999699e-21,7.722392640243902484e-02
5.850000000000000533e+00,3.876251037750000167e-21,7.717631902439023306e-02
5.855000000000000426e+00,3.879564072824999882e-21,7.707908048780486021e-02
5.860000000000000320e+00,3.882877107899999597e-21,7.697343280487804751e-02
5.865000000000000213e+00,3.886190142975000065e-21,7.685759853658535867e-02
5.870000000000000107e+00,3.889503178049999780e-21,7.674386878048780614e-02
5.875000000000000000e+00,3.892816213124999496e-21,7.663708195121952949e-02
5.879999999999999893e+00,3.896129248199999963e-21,7.649516719512192142e-02
5.884999999999999787e+00,3.899442283274999679e-21,7.602281640243907512e-02
5.889999999999999680e+00,3.902755318349999394e-21,7.538046902439032859e-02
5.895000000000000462e+00,3.906068353424999861e-21,7.495392396341463148e-02
5.900000000000000355e+00,3.909381388500000329e-21,7.477532304878045655e-02
5.905000000000000249e+00,3.912694423575000044e-21,7.461611097560975903e-02
5.910000000000000142e+00,3.916007458649999760e-21,7.446418365853656185e-02
5.915000000000000036e+00,3.919320493724999475e-21,7.431951463414636361e-02
5.919999999999999929e+00,3.922633528799999943e-21,7.418214268292683267e-02
5.924999999999999822e+00,3.925946563874999658e-21,7.404770707317072376e-02
5.929999999999999716e+00,3.929259598949999373e-21,7.392969591463416368e-02
5.935000000000000497e+00,3.932572634024999841e-21,7.383686170731706966e-02
5.940000000000000391e+00,3.935885669100000308e-21,7.376147225609755442e-02
5.945000000000000284e+00,3.939198704175000024e-21,7.367375073170731592e-02
5.950000000000000178e+00,3.942511739249999739e-21,7.357947207317072635e-02
5.955000000000000071e+00,3.945824774324999454e-21,7.347670243902440501e-02
5.959999999999999964e+00,3.949137809399999922e-21,7.336737731707315691e-02
5.964999999999999858e+00,3.952450844474999637e-21,7.323052817073169574e-02
5.969999999999999751e+00,3.955763879549999352e-21,7.304403365853662233e-02
5.975000000000000533e+00,3.959076914624999820e-21,7.281834329268292716e-02
5.980000000000000426e+00,3.962389949700000288e-21,7.260035079268288560e-02
5.985000000000000320e+00,3.965702984775000003e-21,7.244040786585367875e-02
5.990000000000000213e+00,3.969016019849999718e-21,7.234434829268292233e-02
5.995000000000000107e+00,3.972329054924999434e-21,7.228061152439024806e-02
6.000000000000000000e+00,3.975642089999999901e-21,7.222289631901840368e-02
6.004999999999999893e+00,3.978955125074999616e-21,7.216912170731706877e-02
6.009999999999999787e+00,3.982268160149999332e-21,7.212157926829268484e-02
6.015000000000000568e+00,3.985581195224999799e-21,7.208203829268292062e-02
6.020000000000000462e+00,3.988894230300000267e-21,7.205721756097560604e-02
6.025000000000000355e+00,3.992207265374999982e-21,7.204511411042945068e-02
6.030000000000000249e+00,3.995520300449999698e-21,7.204369445121951154e-02
6.035000000000000142e+00,3.998833335525000165e-21,7.205045396341464015e-02
6.040000000000000036e+00,4.002146370599999880e-21,7.205811353658536644e-02
6.044999999999999929e+00,4.005459405674999596e-21,7.205508115853657969e-02
6.049999999999999822e+00,4.008772440749999311e-21,7.204367361963190386e-02
6.054999999999999716e+00,4.012085475824999779e-21,7.199537109756097564e-02
6.060000000000000497e+00,4.015398510900000246e-21,7.193829439024389261e-02
6.065000000000000391e+00,4.018711545974999961e-21,7.187962585365853529e-02
6.070000000000000284e+00,4.022024581049999677e-21,7.182264585365853715e-02
6.075000000000000178e+00,4.025337616125000144e-21,7.174230803680980983e-02
6.080000000000000071e+00,4.028650651199999860e-21,7.164225280487804270e-02
6.084999999999999964e+00,4.031963686274999575e-21,7.153443408536586112e-02
6.089999999999999858e+00,4.035276721349999290e-21,7.144258743902440201e-02
6.094999999999999751e+00,4.038589756424999758e-21,7.136133884146342310e-02
6.100000000000000533e+00,4.041902791500000225e-21,7.129079104294476499e-02
6.105000000000000426e+00,4.045215826574999941e-21,7.122042609756096265e-02
6.110000000000000320e+00,4.048528861649999656e-21,7.117334975609755643e-02
6.115000000000000213e+00,4.051841896725000124e-21,7.113150170731707966e-02
6.120000000000000107e+00,4.055154931799999839e-21,7.109068000000000331e-02
6.125000000000000000e+00,4.058467966874999554e-21,7.105144895705521602e-02
6.129999999999999893e+00,4.061781001949999270e-21,7.101643396341464354e-02
6.134999999999999787e+00,4.065094037024999737e-21,7.098922500000000302e-02
6.140000000000000568e+00,4.068407072100000205e-21,7.097022286585365214e-02
6.145000000000000462e+00,4.071720107174999920e-21,7.095550280487804284e-02
6.150000000000000355e+00,4.075033142249999635e-21,7.094783165644172329e-02
6.155000000000000249e+00,4.078346177325000103e-21,7.094638878048779851e-02
6.160000000000000142e+00,4.081659212399999818e-21,7.094931329268291953e-02
6.165000000000000036e+00,4.084972247474999534e-21,7.096313621951219619e-02
6.169999999999999929e+00,4.088285282550000001e-21,7.097760853658537095e-02
6.174999999999999822e+00,4.091598317624999716e-21,7.099001374233128436e-02
6.179999999999999716e+00,4.094911352699999432e-21,7.099627707317072989e-02
6.185000000000000497e+00,4.098224387774999899e-21,7.099375981707316263e-02
6.190000000000000391e+00,4.101537422849999615e-21,7.098767390243902742e-02
6.195000000000000284e+00,4.104850457925000082e-21,7.097901481707316607e-02
6.200000000000000178e+00,4.108163492999999798e-21,7.097016731707317394e-02
6.205000000000000071e+00,4.111476528074999513e-21,7.097670560975609388e-02
6.209999999999999964e+00,4.114789563149999980e-21,7.102394073170731348e-02
6.214999999999999858e+00,4.118102598224999696e-21,7.107824658536585072e-02
6.219999999999999751e+00,4.121415633299999411e-21,7.113005609756097025e-02
6.225000000000000533e+00,4.124728668374999879e-21,7.117435890243903329e-02
6.230000000000000426e+00,4.128041703450000346e-21,7.124109768292684330e-02
6.235000000000000320e+00,4.131354738525000062e-21,7.129843847560975167e-02
6.240000000000000213e+00,4.134667773599999777e-21,7.133479036585366195e-02
6.245000000000000107e+00,4.137980808674999492e-21,7.134470926829268589e-02
6.250000000000000000e+00,4.141293843749999960e-21,7.135016548780488688e-02
6.254999999999999893e+00,4.144606878824999675e-21,7.135214439024389899e-02
6.259999999999999787e+00,4.147919913899999390e-21,7.135027036585366023e-02
6.265000000000000568e+00,4.151232948974999858e-21,7.134289951219512094e-02
6.270000000000000462e+00,4.154545984050000325e-21,7.132834402439024168e-02
6.275000000000000355e+00,4.157859019125000041e-21,7.130795597560975196e-02
6.280000000000000249e+00,4.161172054199999756e-21,7.128423262195121568e-02
6.285000000000000142e+00,4.164485089274999471e-21,7.126484134146340854e-02
6.290000000000000036e+00,4.167798124349999939e-21,7.124741768292683353e-02
6.294999999999999929e+00,4.171111159424999654e-21,7.122619079268292797e-02
6.299999999999999822e+00,4.174424194499999370e-21,7.121686853658536209e-02
6.304999999999999716e+00,4.177737229574999837e-21,7.122928902439024101e-02
6.310000000000000497e+00,4.181050264650000305e-21,7.125449024390244357e-02
6.315000000000000391e+00,4.184363299725000020e-21,7.128210780487805043e-02
6.320000000000000284e+00,4.187676334799999735e-21,7.130880512195121590e-02
6.325000000000000178e+00,4.190989369874999451e-21,7.133283121951218553e-02
6.330000000000000071e+00,4.194302404949999918e-21,7.135758786585366664e-02
6.334999999999999964e+00,4.197615440024999634e-21,7.138323902439024093e-02
6.339999999999999858e+00,4.200928475099999349e-21,7.141227621951218296e-02
6.344999999999999751e+00,4.204241510174999816e-21,7.146265567073170621e-02
6.350000000000000533e+00,4.207554545250000284e-21,7.160367219512196735e-02
6.355000000000000426e+00,4.210867580324999999e-21,7.176286987804882112e-02
6.360000000000000320e+00,4.214180615399999715e-21,7.192532097560974669e-02
6.365000000000000213e+00,4.217493650475000182e-21,7.203963914634148313e-02
6.370000000000000107e+00,4.220806685549999898e-21,7.216148280487806599e-02
6.375000000000000000e+00,4.224119720624999613e-21,7.228641621951217844e-02
6.379999999999999893e+00,4.227432755699999328e-21,7.237011743902438399e-02
6.384999999999999787e+00,4.230745790774999796e-21,7.239831420731707157e-02
6.390000000000000568e+00,4.234058825850000263e-21,7.238361506097561182e-02
6.395000000000000462e+00,4.237371860924999979e-21,7.235757469512195394e-02
6.400000000000000355e+00,4.240684895999999694e-21,7.233366585365853807e-02
6.405000000000000249e+00,4.243997931075000162e-21,7.231639024390244808e-02
6.410000000000000142e+00,4.247310966149999877e-21,7.231347390243901552e-02
6.415000000000000036e+00,4.250624001224999592e-21,7.231804195121951939e-02
6.419999999999999929e+00,4.253937036299999307e-21,7.232121018404907842e-02
6.424999999999999822e+00,4.257250071374999775e-21,7.231043658536585872e-02
6.429999999999999716e+00,4.260563106449999490e-21,7.229076878048780463e-02
6.435000000000000497e+00,4.263876141524999958e-21,7.227210475609756324e-02
6.440000000000000391e+00,4.267189176599999673e-21,7.225592524390243854e-02
6.445000000000000284e+00,4.270502211675000141e-21,7.224306662576686355e-02
6.450000000000000178e+00,4.273815246749999856e-21,7.223467499999999819e-02
6.455000000000000071e+00,4.277128281824999571e-21,7.229707487804877541e-02
6.459999999999999964e+00,4.280441316900000039e-21,7.251322597560977412e-02
6.464999999999999858e+00,4.283754351974999754e-21,7.274866695121953719e-02
6.469999999999999751e+00,4.287067387049999470e-21,7.299019779141102671e-02
6.475000000000000533e+00,4.290380422124999937e-21,7.321879762195122876e-02
6.480000000000000426e+00,4.293693457199999652e-21,7.348283219512194431e-02
6.485000000000000320e+00,4.297006492275000120e-21,7.375051341463419174e-02
6.490000000000000213e+00,4.300319527349999835e-21,7.388416286585366977e-02
6.495000000000000107e+00,4.303632562424999551e-21,7.384787521472394034e-02
6.500000000000000000e+00,4.306945597500000018e-21,7.370331804878048343e-02
6.504999999999999893e+00,4.310258632574999734e-21,7.354020731707316960e-02
6.509999999999999787e+00,4.313571667649999449e-21,7.336116341463415347e-02
6.515000000000000568e+00,4.316884702724999916e-21,7.314294073170729549e-02
6.520000000000000462e+00,4.320197737799999632e-21,7.287992067073173486e-02
6.525000000000000355e+00,4.323510772875000099e-21,7.285454189024397065e-02
6.530000000000000249e+00,4.326823807949999815e-21,7.338888774390245340e-02
6.535000000000000142e+00,4.330136843024999530e-21,7.417642695121949570e-02
6.540000000000000036e+00,4.333449878099999998e-21,7.445076298780488322e-02
6.544999999999999929e+00,4.336762913174999713e-21,7.429778707317076514e-02
6.549999999999999822e+00,4.340075948249999428e-21,7.405537463414633981e-02
6.554999999999999716e+00,4.343388983324999143e-21,7.320346853658568631e-02
6.560000000000000497e+00,4.346702018400000363e-21,7.105967902438979633e-02
6.565000000000000391e+00,4.350015053475000079e-21,6.773924304878017888e-02
6.570000000000000284e+00,4.353328088549999794e-21,6.448210591463438002e-02
6.575000000000000178e+00,4.356641123624999509e-21,6.209919323170761535e-02
6.580000000000000071e+00,4.359954158699999977e-21,6.055467579268263012e-02
6.584999999999999964e+00,4.363267193774999692e-21,5.927970695121959760e-02
6.589999999999999858e+00,4.366580228849999407e-21,5.794025731707336258e-02
6.594999999999999751e+00,4.369893263924999875e-21,5.660507195121931151e-02
6.600000000000000533e+00,4.373206299000000343e-21,5.529085170731697085e-02
6.605000000000000426e+00,4.376519334075000058e-21,5.400376268292654547e-02
6.610000000000000320e+00,4.379832369149999773e-21,5.285028634146327758e-02
6.615000000000000213e+00,4.383145404224999489e-21,5.185670634146354041e-02
6.620000000000000107e+00,4.386458439299999956e-21,5.102814719512183822e-02
6.625000000000000000e+00,4.389771474374999671e-21,5.032705542682926192e-02
6.629999999999999893e+00,4.393084509449999387e-21,4.965766725609765952e-02
6.634999999999999787e+00,4.396397544524999854e-21,4.899760768292672763e-02
6.640000000000000568e+00,4.399710579600000322e-21,4.834568560975604362e-02
6.645000000000000462e+00,4.403023614675000037e-21,4.769948073170721808e-02
6.650000000000000355e+00,4.406336649749999752e-21,4.706148768292678364e-02
6.655000000000000249e+00,4.409649684825000220e-21,4.642454817073170259e-02
6.660000000000000142e+00,4.412962719899999935e-21,4.577345121951208878e-02
6.665000000000000036e+00,4.416275754974999651e-21,4.510023926829262453e-02
6.669999999999999929e+00,4.419588790049999366e-21,4.441041067073175919e-02
6.674999999999999822e+00,4.422901825124999834e-21,4.373757060975604766e-02
6.679999999999999716e+00,4.426214860199999549e-21,4.308845646341463026e-02
6.685000000000000497e+00,4.429527895275000016e-21,4.249856719512186409e-02
6.690000000000000391e+00,4.432840930349999732e-21,4.197499493902434597e-02
6.695000000000000284e+00,4.436153965425000199e-21,4.151477414634139468e-02
6.700000000000000178e+00,4.439467000499999915e-21,4.109739609756094675e-02
6.705000000000000071e+00,4.442780035574999630e-21,4.068967097560974994e-02
6.709999999999999964e+00,4.446093070649999345e-21,4.027921243902449905e-02
6.714999999999999858e+00,4.449406105724999813e-21,3.986778668711653262e-02
6.719999999999999751e+00,4.452719140799999528e-21,3.945617573170735054e-02
6.725000000000000533e+00,4.456032175874999996e-21,3.904946170731704580e-02
6.730000000000000426e+00,4.459345210949999711e-21,3.864813018292682922e-02
6.735000000000000320e+00,4.462658246025000179e-21,3.824993384146335024e-02
6.740000000000000213e+00,4.465971281099999894e-21,3.785242662576684958e-02
6.745000000000000107e+00,4.469284316174999609e-21,3.745680902439027515e-02
6.750000000000000000e+00,4.472597351249999325e-21,3.705974536585372042e-02
6.754999999999999893e+00,4.475910386324999792e-21,3.665983609756097439e-02
6.759999999999999787e+00,4.479223421399999507e-21,3.626132365853660527e-02
6.765000000000000568e+00,4.482536456474999975e-21,3.586001177914109606e-02
6.770000000000000462e+00,4.485849491549999690e-21,3.545254664634149566e-02
6.775000000000000355e+00,4.489162526625000158e-21,3.503753914634133437e-02
6.780000000000000249e+00,4.492475561699999873e-21,3.461958939024389892e-02
6.785000000000000142e+00,4.495788596774999589e-21,3.421150939024392851e-02
6.790000000000000036e+00,4.499101631850000056e-21,3.382692573170727884e-02
6.794999999999999929e+00,4.502414666924999771e-21,3.346950585365856407e-02
6.799999999999999822e+00,4.505727701999999487e-21,3.314090121951217272e-02
6.804999999999999716e+00,4.509040737074999202e-21,3.283382121951219229e-02
6.810000000000000497e+00,4.512353772149999670e-21,3.253678121951221469e-02
6.815000000000000391e+00,4.515666807225000137e-21,3.224089177914107179e-02
6.820000000000000284e+00,4.518979842299999853e-21,3.194574445121948353e-02
6.825000000000000178e+00,4.522292877374999568e-21,3.165218109756101628e-02
6.830000000000000071e+00,4.525605912450000035e-21,3.135954731707309845e-02
6.834999999999999964e+00,4.528918947524999751e-21,3.106764030487806777e-02
6.839999999999999858e+00,4.532231982599999466e-21,3.077617595092026898e-02
6.844999999999999751e+00,4.535545017674999181e-21,3.048510097560977808e-02
6.850000000000000533e+00,4.538858052750000401e-21,3.019578121951217026e-02
6.855000000000000426e+00,4.542171087825000116e-21,2.990790878048773735e-02
6.860000000000000320e+00,4.545484122899999832e-21,2.962266207317068578e-02
6.865000000000000213e+00,4.548797157974999547e-21,2.933955668711657819e-02
6.870000000000000107e+00,4.552110193050000015e-21,2.905791329268288259e-02
6.875000000000000000e+00,4.555423228124999730e-21,2.877743451219509987e-02
6.879999999999999893e+00,4.558736263199999445e-21,2.849617737804879120e-02
6.884999999999999787e+00,4.562049298274999161e-21,2.821140695121953160e-02
6.890000000000000568e+00,4.565362333350000380e-21,2.792696398772999758e-02
6.895000000000000462e+00,4.568675368425000096e-21,2.764289369742619837e-02
6.900000000000000355e+00,4.571988403499999811e-21,2.735855390243900273e-02
6.905000000000000249e+00,4.575301438574999526e-21,2.707400439024396435e-02
6.910000000000000142e+00,4.578614473649999994e-21,2.679008585365849279e-02
6.915000000000000036e+00,4.581927508724999709e-21,2.650979579268292891e-02
6.919999999999999929e+00,4.585240543799999425e-21,2.623666640243904613e-02
6.924999999999999822e+00,4.588553578874999892e-21,2.597014676829266511e-02
6.929999999999999716e+00,4.591866613949999607e-21,2.571025024390243691e-02
6.935000000000000497e+00,4.595179649025000075e-21,2.545468439024385979e-02
6.940000000000000391e+00,4.598492684099999790e-21,2.520024768292683168e-02
6.945000000000000284e+00,4.601805719174999506e-21,2.494729475609758218e-02
6.950000000000000178e+00,4.605118754249999973e-21,2.469534926829266425e-02
6.955000000000000071e+00,4.608431789324999689e-21,2.444496170731707066e-02
6.959999999999999964e+00,4.611744824399999404e-21,2.419662707317074557e-02
6.964999999999999858e+00,4.615057859474999871e-21,2.395108902439024509e-02
6.969999999999999751e+00,4.618370894549999587e-21,2.371005689024388227e-02
6.975000000000000533e+00,4.621683929625000054e-21,2.347304932926827514e-02
6.980000000000000426e+00,4.624996964699999770e-21,2.323879335365853366e-02
6.985000000000000320e+00,4.628309999775000237e-21,2.300571548780484116e-02
6.990000000000000213e+00,4.631623034849999953e-21,2.277195414634146722e-02
6.995000000000000107e+00,4.634936069924999668e-21,2.253806323395983816e-02
7.000000000000000000e+00,4.638249104999999383e-21,2.230355073170730076e-02
7.004999999999999893e+00,4.641562140074999851e-21,2.206847341463414464e-02
7.009999999999999787e+00,4.644875175149999566e-21,2.183320146341464693e-02
7.015000000000000568e+00,4.648188210225000034e-21,2.159733932926824820e-02
7.020000000000000462e+00,4.651501245299999749e-21,2.136173451219514074e-02
7.025000000000000355e+00,4.654814280375000217e-21,2.112867999999992752e-02
7.030000000000000249e+00,4.658127315449999932e-21,2.090121048780487628e-02
7.035000000000000142e+00,4.661440350524999647e-21,2.067967085365855079e-02
7.040000000000000036e+00,4.664753385599999362e-21,2.046363853658536569e-02
7.044999999999999929e+00,4.668066420674999830e-21,2.025051780487806610e-02
7.049999999999999822e+00,4.671379455749999545e-21,2.002896817073171465e-02
7.054999999999999716e+00,4.674692490824999261e-21,1.979612243902438909e-02
7.060000000000000497e+00,4.678005525899999728e-21,1.955197682926830896e-02
7.065000000000000391e+00,4.681318560975000196e-21,1.929685439024384636e-02
7.070000000000000284e+00,4.684631596049999911e-21,1.903877323170727678e-02
7.075000000000000178e+00,4.687944631124999626e-21,1.878202347560979299e-02
7.080000000000000071e+00,4.691257666199999342e-21,1.852814493902438936e-02
7.084999999999999964e+00,4.694570701274999809e-21,1.827984176829269142e-02
7.089999999999999858e+00,4.697883736349999525e-21,1.803857243902439247e-02
7.094999999999999751e+00,4.701196771424999240e-21,1.780542434025454007e-02
7.100000000000000533e+00,4.704509806499999707e-21,1.757990878048783581e-02
7.105000000000000426e+00,4.707822841575000175e-21,1.735830682926824131e-02
7.110000000000000320e+00,4.711135876649999890e-21,1.713464319018401585e-02
7.115000000000000213e+00,4.714448911724999606e-21,1.690910810975609913e-02
7.120000000000000107e+00,4.717761946800000073e-21,1.668251079268289264e-02
7.125000000000000000e+00,4.721074981874999789e-21,1.645476542682925217e-02
7.129999999999999893e+00,4.724388016949999504e-21,1.622590170731710857e-02
7.134999999999999787e+00,4.727701052024999219e-21,1.599574300613499506e-02
7.140000000000000568e+00,4.731014087099999687e-21,1.576434097560975786e-02
7.145000000000000462e+00,4.734327122175000154e-21,1.553381268292679598e-02
7.150000000000000355e+00,4.737640157249999870e-21,1.531527658536583660e-02
7.155000000000000249e+00,4.740953192324999585e-21,1.511320902439024227e-02
7.160000000000000142e+00,4.744266227400000053e-21,1.492739773006133107e-02
7.165000000000000036e+00,4.747579262474999768e-21,1.475736493902439148e-02
7.169999999999999929e+00,4.750892297549999483e-21,1.457660408536586884e-02
7.174999999999999822e+00,4.754205332624999198e-21,1.435961018292686471e-02
7.179999999999999716e+00,4.757518367699999666e-21,1.410676951219512129e-02
7.185000000000000497e+00,4.760831402775000134e-21,1.382329213930346030e-02
7.190000000000000391e+00,4.764144437849999849e-21,1.352251512195122227e-02
7.195000000000000284e+00,4.767457472924999564e-21,1.323119771309767129e-02
7.200000000000000178e+00,4.770770508000000032e-21,1.295176951219510070e-02
7.205000000000000071e+00,4.774083543074999747e-21,1.267770804878048767e-02
7.209999999999999964e+00,4.777396578149999462e-21,1.240214310975608705e-02
7.214999999999999858e+00,4.780709613224999930e-21,1.212612451219512340e-02
7.219999999999999751e+00,4.784022648299999645e-21,1.184909597560976358e-02
7.225000000000000533e+00,4.787335683375000113e-21,1.157106621951217371e-02
7.230000000000000426e+00,4.790648718449999828e-21,1.129203524390243879e-02
7.235000000000000320e+00,4.793961753524999543e-21,1.101143817073168933e-02
7.240000000000000213e+00,4.797274788600000011e-21,1.073054743902439150e-02
7.245000000000000107e+00,4.800587823674999726e-21,1.046593097560977528e-02
7.250000000000000000e+00,4.803900858749999442e-21,1.024624109756096073e-02
7.254999999999999893e+00,4.807213893824999909e-21,1.007316378048780416e-02
7.259999999999999787e+00,4.810526928899999625e-21,9.946487999999992918e-03
7.265000000000000568e+00,4.813839963975000092e-21,9.844460945121922754e-03
7.270000000000000462e+00,4.817152999049999807e-21,9.664417256097578707e-03
7.275000000000000355e+00,4.820466034124999523e-21,9.385058243902413833e-03
7.280000000000000249e+00,4.823779069199999990e-21,9.006384231707298405e-03
7.285000000000000142e+00,4.827092104274999706e-21,8.530770178433864925e-03
7.290000000000000036e+00,4.830405139349999421e-21,8.031940292682929541e-03
7.294999999999999929e+00,4.833718174424999889e-21,7.545209502512598143e-03
7.299999999999999822e+00,4.837031209499999604e-21,7.070711048780451390e-03
7.304999999999999716e+00,4.840344244574999319e-21,6.613087731707314662e-03
7.310000000000000497e+00,4.843657279649999787e-21,6.230559585365832292e-03
7.315000000000000391e+00,4.846970314725000254e-21,5.946078560975559882e-03
7.320000000000000284e+00,4.850283349799999970e-21,5.758810390243882839e-03
7.325000000000000178e+00,4.853596384874999685e-21,5.664422707317083930e-03
7.330000000000000071e+00,4.856909419949999400e-21,5.474376189024387704e-03
7.334999999999999964e+00,4.860222455024999868e-21,4.994751487804835986e-03
7.339999999999999858e+00,4.863535490099999583e-21,4.224585524390248557e-03
7.344999999999999751e+00,4.866848525174999298e-21,3.163266951219605768e-03
7.350000000000000533e+00,4.870161560249999766e-21,1.966191378048696026e-03
7.355000000000000426e+00,4.873474595325000234e-21,1.031248753658352323e-03
7.360000000000000320e+00,4.876787630399999949e-21,3.957275628048451143e-04
7.365000000000000213e+00,4.880100665474999664e-21,6.220316237804990366e-05
7.370000000000000107e+00,4.883413700549999380e-21,0.000000000000000000e+00
7.375000000000000000e+00,4.886726735624999847e-21,0.000000000000000000e+00
7.379999999999999893e+00,4.890039770699999562e-21,0.000000000000000000e+00
7.384999999999999787e+00,4.893352805774999278e-21,0.000000000000000000e+00
7.390000000000000568e+00,4.896665840849999745e-21,0.000000000000000000e+00
7.395000000000000462e+00,4.899978875925000213e-21,0.000000000000000000e+00
7.400000000000000355e+00,4.903291910999999928e-21,0.000000000000000000e+00
7.405000000000000249e+00,4.906604946074999644e-21,0.000000000000000000e+00
7.410000000000000142e+00,4.909917981150000111e-21,0.000000000000000000e+00
7.415000000000000036e+00,4.913231016224999826e-21,0.000000000000000000e+00
7.419999999999999929e+00,4.916544051299999542e-21,0.000000000000000000e+00
7.424999999999999822e+00,4.919857086374999257e-21,0.000000000000000000e+00
7.429999999999999716e+00,4.923170121449999725e-21,0.000000000000000000e+00
7.435000000000000497e+00,4.926483156525000192e-21,0.000000000000000000e+00
7.440000000000000391e+00,4.929796191599999907e-21,0.000000000000000000e+00
7.445000000000000284e+00,4.933109226674999623e-21,0.000000000000000000e+00
7.450000000000000178e+00,4.936422261750000090e-21,0.000000000000000000e+00
7.455000000000000071e+00,4.939735296824999806e-21,0.000000000000000000e+00
7.459999999999999964e+00,4.943048331899999521e-21,0.000000000000000000e+00
7.464999999999999858e+00,4.946361366974999236e-21,0.000000000000000000e+00
7.469999999999999751e+00,4.949674402049999704e-21,0.000000000000000000e+00
7.475000000000000533e+00,4.952987437125000171e-21,0.000000000000000000e+00
7.480000000000000426e+00,4.956300472199999887e-21,0.000000000000000000e+00
7.485000000000000320e+00,4.959613507274999602e-21,0.000000000000000000e+00
7.490000000000000213e+00,4.962926542350000070e-21,0.000000000000000000e+00
7.495000000000000107e+00,4.966239577424999785e-21,0.000000000000000000e+00
7.500000000000000000e+00,4.969552612499999500e-21,0.000000000000000000e+00
7.504999999999999893e+00,4.972865647574999216e-21,0.000000000000000000e+00
7.509999999999999787e+00,4.976178682649999683e-21,0.000000000000000000e+00
7.515000000000000568e+00,4.979491717725000151e-21,0.000000000000000000e+00
7.520000000000000462e+00,4.982804752799999866e-21,0.000000000000000000e+00
7.525000000000000355e+00,4.986117787874999581e-21,0.000000000000000000e+00
7.530000000000000249e+00,4.989430822950000049e-21,0.000000000000000000e+00
7.535000000000000142e+00,4.992743858024999764e-21,0.000000000000000000e+00
7.540000000000000036e+00,4.996056893099999480e-21,0.000000000000000000e+00
7.544999999999999929e+00,4.999369928174999947e-21,0.000000000000000000e+00
7.549999999999999822e+00,5.002682963249999662e-21,0.000000000000000000e+00
7.554999999999999716e+00,5.005995998324999378e-21,0.000000000000000000e+00
7.560000000000000497e+00,5.009309033399999845e-21,0.000000000000000000e+00
7.565000000000000391e+00,5.012622068474999561e-21,0.000000000000000000e+00
7.570000000000000284e+00,5.015935103550000028e-21,0.000000000000000000e+00
7.575000000000000178e+00,5.019248138624999744e-21,0.000000000000000000e+00
7.580000000000000071e+00,5.022561173699999459e-21,0.000000000000000000e+00
7.584999999999999964e+00,5.025874208774999926e-21,0.000000000000000000e+00
7.589999999999999858e+00,5.029187243849999642e-21,0.000000000000000000e+00
7.594999999999999751e+00,5.032500278924999357e-21,0.000000000000000000e+00
7.600000000000000533e+00,5.035813313999999825e-21,0.000000000000000000e+00
7.605000000000000426e+00,5.039126349075000292e-21,0.000000000000000000e+00
7.610000000000000320e+00,5.042439384150000008e-21,0.000000000000000000e+00
7.615000000000000213e+00,5.045752419224999723e-21,0.000000000000000000e+00
7.620000000000000107e+00,5.049065454299999438e-21,0.000000000000000000e+00
7.625000000000000000e+00,5.052378489374999906e-21,0.000000000000000000e+00
7.629999999999999893e+00,5.055691524449999621e-21,0.000000000000000000e+00
7.634999999999999787e+00,5.059004559524999336e-21,0.000000000000000000e+00
7.640000000000000568e+00,5.062317594599999804e-21,0.000000000000000000e+00
7.645000000000000462e+00,5.065630629675000271e-21,0.000000000000000000e+00
7.650000000000000355e+00,5.068943664749999987e-21,0.000000000000000000e+00
7.655000000000000249e+00,5.072256699824999702e-21,0.000000000000000000e+00
7.660000000000000142e+00,5.075569734899999417e-21,0.000000000000000000e+00
7.665000000000000036e+00,5.078882769974999885e-21,0.000000000000000000e+00
7.669999999999999929e+00,5.082195805049999600e-21,0.000000000000000000e+00
7.674999999999999822e+00,5.085508840124999316e-21,0.000000000000000000e+00
7.679999999999999716e+00,5.088821875199999783e-21,0.000000000000000000e+00
7.685000000000000497e+00,5.092134910275000251e-21,0.000000000000000000e+00
7.690000000000000391e+00,5.095447945349999966e-21,0.000000000000000000e+00
7.695000000000000284e+00,5.098760980424999681e-21,0.000000000000000000e+00
7.700000000000000178e+00,5.102074015499999397e-21,0.000000000000000000e+00
7.705000000000000071e+00,5.105387050574999864e-21,0.000000000000000000e+00
7.709999999999999964e+00,5.108700085649999580e-21,0.000000000000000000e+00
7.714999999999999858e+00,5.112013120724999295e-21,0.000000000000000000e+00
7.719999999999999751e+00,5.115326155799999762e-21,0.000000000000000000e+00
7.725000000000000533e+00,5.118639190875000230e-21,0.000000000000000000e+00
7.730000000000000426e+00,5.121952225949999945e-21,0.000000000000000000e+00
7.735000000000000320e+00,5.125265261024999661e-21,0.000000000000000000e+00
7.740000000000000213e+00,5.128578296100000128e-21,0.000000000000000000e+00
7.745000000000000107e+00,5.131891331174999844e-21,0.000000000000000000e+00
7.750000000000000000e+00,5.135204366249999559e-21,0.000000000000000000e+00
7.754999999999999893e+00,5.138517401324999274e-21,0.000000000000000000e+00
7.759999999999999787e+00,5.141830436399999742e-21,0.000000000000000000e+00
7.765000000000000568e+00,5.145143471475000209e-21,0.000000000000000000e+00
7.770000000000000462e+00,5.148456506549999925e-21,0.000000000000000000e+00
7.775000000000000355e+00,5.151769541624999640e-21,0.000000000000000000e+00
7.780000000000000249e+00,5.155082576700000108e-21,0.000000000000000000e+00
7.785000000000000142e+00,5.158395611774999823e-21,0.000000000000000000e+00
7.790000000000000036e+00,5.161708646849999538e-21,0.000000000000000000e+00
7.794999999999999929e+00,5.165021681924999253e-21,0.000000000000000000e+00
7.799999999999999822e+00,5.168334716999999721e-21,0.000000000000000000e+00
7.805000000000000604e+00,5.171647752075000189e-21,0.000000000000000000e+00
7.810000000000000497e+00,5.174960787149999904e-21,0.000000000000000000e+00
7.815000000000000391e+00,5.178273822224999619e-21,0.000000000000000000e+00
7.820000000000000284e+00,5.181586857300000087e-21,0.000000000000000000e+00
7.825000000000000178e+00,5.184899892374999802e-21,0.000000000000000000e+00
7.830000000000000071e+00,5.188212927449999517e-21,0.000000000000000000e+00
7.834999999999999964e+00,5.191525962524999233e-21,0.000000000000000000e+00
7.839999999999999858e+00,5.194838997599999700e-21,0.000000000000000000e+00
7.844999999999999751e+00,5.198152032674999416e-21,0.000000000000000000e+00
7.850000000000000533e+00,5.201465067749999883e-21,0.000000000000000000e+00
7.855000000000000426e+00,5.204778102824999598e-21,0.000000000000000000e+00
7.860000000000000320e+00,5.208091137900000066e-21,0.000000000000000000e+00
7.865000000000000213e+00,5.211404172974999781e-21,0.000000000000000000e+00
7.870000000000000107e+00,5.214717208049999497e-21,0.000000000000000000e+00
7.875000000000000000e+00,5.218030243124999964e-21,0.000000000000000000e+00
7.879999999999999893e+00,5.221343278199999680e-21,0.000000000000000000e+00
7.884999999999999787e+00,5.224656313274999395e-21,0.000000000000000000e+00
7.890000000000000568e+00,5.227969348349999862e-21,0.000000000000000000e+00
7.895000000000000462e+00,5.231282383424999578e-21,0.000000000000000000e+00
7.900000000000000355e+00,5.234595418500000045e-21,0.000000000000000000e+00
7.905000000000000249e+00,5.237908453574999761e-21,0.000000000000000000e+00
7.910000000000000142e+00,5.241221488649999476e-21,0.000000000000000000e+00
7.915000000000000036e+00,5.244534523724999944e-21,0.000000000000000000e+00
7.919999999999999929e+00,5.247847558799999659e-21,0.000000000000000000e+00
7.924999999999999822e+00,5.251160593874999374e-21,0.000000000000000000e+00
7.930000000000000604e+00,5.254473628949999842e-21,0.000000000000000000e+00
7.935000000000000497e+00,5.257786664025000309e-21,0.000000000000000000e+00
7.940000000000000391e+00,5.261099699100000025e-21,0.000000000000000000e+00
7.945000000000000284e+00,5.264412734174999740e-21,0.000000000000000000e+00
7.950000000000000178e+00,5.267725769249999455e-21,0.000000000000000000e+00
7.955000000000000071e+00,5.271038804324999923e-21,0.000000000000000000e+00
7.959999999999999964e+00,5.274351839399999638e-21,0.000000000000000000e+00
7.964999999999999858e+00,5.277664874474999353e-21,0.000000000000000000e+00
7.969999999999999751e+00,5.280977909549999821e-21,0.000000000000000000e+00
7.975000000000000533e+00,5.284290944625000289e-21,0.000000000000000000e+00
7.980000000000000426e+00,5.287603979700000004e-21,0.000000000000000000e+00
7.985000000000000320e+00,5.290917014774999719e-21,0.000000000000000000e+00
7.990000000000000213e+00,5.294230049849999434e-21,0.000000000000000000e+00
7.995000000000000107e+00,5.297543084924999902e-21,0.000000000000000000e+00
8.000000000000000000e+00,5.300856119999999617e-21,0.000000000000000000e+00
8.005000000000000782e+00,5.304169155075000085e-21,0.000000000000000000e+00
8.009999999999999787e+00,5.307482190149999800e-21,0.000000000000000000e+00
8.015000000000000568e+00,5.310795225225000268e-21,0.000000000000000000e+00
8.019999999999999574e+00,5.314108260299999231e-21,0.000000000000000000e+00
8.025000000000000355e+00,5.317421295374999698e-21,0.000000000000000000e+00
8.029999999999999361e+00,5.320734330449999414e-21,0.000000000000000000e+00
8.035000000000000142e+00,5.324047365524999881e-21,0.000000000000000000e+00
8.040000000000000924e+00,5.327360400600000349e-21,0.000000000000000000e+00
8.044999999999999929e+00,5.330673435674999312e-21,0.000000000000000000e+00
8.050000000000000711e+00,5.333986470749999780e-21,0.000000000000000000e+00
8.054999999999999716e+00,5.337299505824999495e-21,0.000000000000000000e+00
8.060000000000000497e+00,5.340612540899999962e-21,0.000000000000000000e+00
8.064999999999999503e+00,5.343925575974998925e-21,0.000000000000000000e+00
8.070000000000000284e+00,5.347238611050000145e-21,0.000000000000000000e+00
8.074999999999999289e+00,5.350551646124999108e-21,0.000000000000000000e+00
8.080000000000000071e+00,5.353864681199999576e-21,0.000000000000000000e+00
8.085000000000000853e+00,5.357177716275000044e-21,0.000000000000000000e+00
8.089999999999999858e+00,5.360490751349999759e-21,0.000000000000000000e+00
8.095000000000000639e+00,5.363803786425000226e-21,0.000000000000000000e+00
8.099999999999999645e+00,5.367116821499999189e-21,0.000000000000000000e+00
8.105000000000000426e+00,5.370429856574999657e-21,0.000000000000000000e+00
8.109999999999999432e+00,5.373742891649999372e-21,0.000000000000000000e+00
8.115000000000000213e+00,5.377055926724999840e-21,0.000000000000000000e+00
8.120000000000000995e+00,5.380368961800000308e-21,0.000000000000000000e+00
8.125000000000000000e+00,5.383681996874999271e-21,0.000000000000000000e+00
8.130000000000000782e+00,5.386995031950000490e-21,0.000000000000000000e+00
8.134999999999999787e+00,5.390308067024999453e-21,0.000000000000000000e+00
8.140000000000000568e+00,5.393621102099999921e-21,0.000000000000000000e+00
8.144999999999999574e+00,5.396934137174999636e-21,0.000000000000000000e+00
8.150000000000000355e+00,5.400247172250000104e-21,0.000000000000000000e+00
8.154999999999999361e+00,5.403560207324999067e-21,0.000000000000000000e+00
8.160000000000000142e+00,5.406873242399999535e-21,0.000000000000000000e+00
8.165000000000000924e+00,5.410186277475000002e-21,0.000000000000000000e+00
8.169999999999999929e+00,5.413499312549999717e-21,0.000000000000000000e+00
8.175000000000000711e+00,5.416812347625000185e-21,0.000000000000000000e+00
8.179999999999999716e+00,5.420125382699999148e-21,0.000000000000000000e+00
8.185000000000000497e+00,5.423438417774999616e-21,0.000000000000000000e+00
8.189999999999999503e+00,5.426751452849999331e-21,0.000000000000000000e+00
8.195000000000000284e+00,5.430064487924999799e-21,0.000000000000000000e+00
8.199999999999999289e+00,5.433377522999998761e-21,0.000000000000000000e+00
8.205000000000000071e+00,5.436690558074999981e-21,0.000000000000000000e+00
8.210000000000000853e+00,5.440003593150000449e-21,0.000000000000000000e+00
8.214999999999999858e+00,5.443316628224999412e-21,0.000000000000000000e+00
8.220000000000000639e+00,5.446629663299999880e-21,0.000000000000000000e+00
8.224999999999999645e+00,5.449942698374999595e-21,0.000000000000000000e+00
8.230000000000000426e+00,5.453255733450000062e-21,0.000000000000000000e+00
8.234999999999999432e+00,5.456568768524999025e-21,0.000000000000000000e+00
8.240000000000000213e+00,5.459881803599999493e-21,0.000000000000000000e+00
8.245000000000000995e+00,5.463194838674999961e-21,0.000000000000000000e+00
8.250000000000000000e+00,5.466507873749999676e-21,0.000000000000000000e+00
8.255000000000000782e+00,5.469820908825000144e-21,0.000000000000000000e+00
8.259999999999999787e+00,5.473133943899999107e-21,0.000000000000000000e+00
8.265000000000000568e+00,5.476446978975000326e-21,0.000000000000000000e+00
8.269999999999999574e+00,5.479760014049999289e-21,0.000000000000000000e+00
8.275000000000000355e+00,5.483073049124999757e-21,0.000000000000000000e+00
8.279999999999999361e+00,5.486386084199999472e-21,0.000000000000000000e+00
8.285000000000000142e+00,5.489699119274999940e-21,0.000000000000000000e+00
8.290000000000000924e+00,5.493012154350000408e-21,0.000000000000000000e+00
8.294999999999999929e+00,5.496325189424999371e-21,0.000000000000000000e+00
8.300000000000000711e+00,5.499638224499999838e-21,0.000000000000000000e+00
8.304999999999999716e+00,5.502951259574999553e-21,0.000000000000000000e+00
8.310000000000000497e+00,5.506264294650000021e-21,0.000000000000000000e+00
8.314999999999999503e+00,5.509577329724998984e-21,0.000000000000000000e+00
8.320000000000000284e+00,5.512890364799999452e-21,0.000000000000000000e+00
8.324999999999999289e+00,5.516203399874999167e-21,0.000000000000000000e+00
8.330000000000000071e+00,5.519516434949999635e-21,0.000000000000000000e+00
8.335000000000000853e+00,5.522829470025000102e-21,0.000000000000000000e+00
8.339999999999999858e+00,5.526142505099999817e-21,0.000000000000000000e+00
8.345000000000000639e+00,5.529455540175000285e-21,0.000000000000000000e+00
8.349999999999999645e+00,5.532768575249999248e-21,0.000000000000000000e+00
8.355000000000000426e+00,5.536081610324999716e-21,0.000000000000000000e+00
8.359999999999999432e+00,5.539394645399999431e-21,0.000000000000000000e+00
8.365000000000000213e+00,5.542707680474999899e-21,0.000000000000000000e+00
8.370000000000000995e+00,5.546020715550000366e-21,0.000000000000000000e+00
8.375000000000000000e+00,5.549333750624999329e-21,0.000000000000000000e+00
8.380000000000000782e+00,5.552646785699999797e-21,0.000000000000000000e+00
8.384999999999999787e+00,5.555959820774999512e-21,0.000000000000000000e+00
8.390000000000000568e+00,5.559272855849999980e-21,0.000000000000000000e+00
8.394999999999999574e+00,5.562585890924998943e-21,0.000000000000000000e+00
8.400000000000000355e+00,5.565898926000000163e-21,0.000000000000000000e+00
8.404999999999999361e+00,5.569211961074999125e-21,0.000000000000000000e+00
8.410000000000000142e+00,5.572524996149999593e-21,0.000000000000000000e+00
8.415000000000000924e+00,5.575838031225000061e-21,0.000000000000000000e+00
8.419999999999999929e+00,5.579151066299999776e-21,0.000000000000000000e+00
8.425000000000000711e+00,5.582464101375000244e-21,0.000000000000000000e+00
8.429999999999999716e+00,5.585777136449999207e-21,0.000000000000000000e+00
8.435000000000000497e+00,5.589090171524999674e-21,0.000000000000000000e+00
8.439999999999999503e+00,5.592403206599999389e-21,0.000000000000000000e+00
8.445000000000000284e+00,5.595716241674999857e-21,0.000000000000000000e+00
8.449999999999999289e+00,5.599029276749998820e-21,0.000000000000000000e+00
8.455000000000000071e+00,5.602342311824999288e-21,0.000000000000000000e+00
8.460000000000000853e+00,5.605655346900000508e-21,0.000000000000000000e+00
8.464999999999999858e+00,5.608968381974999471e-21,0.000000000000000000e+00
8.470000000000000639e+00,5.612281417049999938e-21,0.000000000000000000e+00
8.474999999999999645e+00,5.615594452124999653e-21,0.000000000000000000e+00
8.480000000000000426e+00,5.618907487200000121e-21,0.000000000000000000e+00
8.484999999999999432e+00,5.622220522274999084e-21,0.000000000000000000e+00
8.490000000000000213e+00,5.625533557349999552e-21,0.000000000000000000e+00
8.495000000000000995e+00,5.628846592425000019e-21,0.000000000000000000e+00
8.500000000000000000e+00,5.632159627499999735e-21,0.000000000000000000e+00
8.505000000000000782e+00,5.635472662575000202e-21,0.000000000000000000e+00
8.509999999999999787e+00,5.638785697649999165e-21,0.000000000000000000e+00
8.515000000000000568e+00,5.642098732724999633e-21,0.000000000000000000e+00
8.519999999999999574e+00,5.645411767799999348e-21,0.000000000000000000e+00
8.525000000000000355e+00,5.648724802874999816e-21,0.000000000000000000e+00
8.529999999999999361e+00,5.652037837949999531e-21,0.000000000000000000e+00
8.535000000000000142e+00,5.655350873024999999e-21,0.000000000000000000e+00
8.540000000000000924e+00,5.658663908100000466e-21,0.000000000000000000e+00
8.544999999999999929e+00,5.661976943174999429e-21,0.000000000000000000e+00
8.550000000000000711e+00,5.665289978249999897e-21,0.000000000000000000e+00
8.554999999999999716e+00,5.668603013324999612e-21,0.000000000000000000e+00
8.560000000000000497e+00,5.671916048400000080e-21,0.000000000000000000e+00
8.564999999999999503e+00,5.675229083474999043e-21,0.000000000000000000e+00
8.570000000000000284e+00,5.678542118549999510e-21,0.000000000000000000e+00
8.575000000000001066e+00,5.681855153624999978e-21,0.000000000000000000e+00
8.580000000000000071e+00,5.685168188699999693e-21,0.000000000000000000e+00
8.585000000000000853e+00,5.688481223775000161e-21,0.000000000000000000e+00
8.589999999999999858e+00,5.691794258849999124e-21,0.000000000000000000e+00
8.595000000000000639e+00,5.695107293925000344e-21,0.000000000000000000e+00
8.599999999999999645e+00,5.698420328999999307e-21,0.000000000000000000e+00
8.605000000000000426e+00,5.701733364074999774e-21,0.000000000000000000e+00
8.609999999999999432e+00,5.705046399149999489e-21,0.000000000000000000e+00
8.615000000000000213e+00,5.708359434224999957e-21,0.000000000000000000e+00
8.620000000000000995e+00,5.711672469300000425e-21,0.000000000000000000e+00
8.625000000000000000e+00,5.714985504374999388e-21,0.000000000000000000e+00
8.630000000000000782e+00,5.718298539449999855e-21,0.000000000000000000e+00
8.634999999999999787e+00,5.721611574524999571e-21,0.000000000000000000e+00
8.640000000000000568e+00,5.724924609600000038e-21,0.000000000000000000e+00
8.644999999999999574e+00,5.728237644674999001e-21,0.000000000000000000e+00
8.650000000000000355e+00,5.731550679749999469e-21,0.000000000000000000e+00
8.654999999999999361e+00,5.734863714824999184e-21,0.000000000000000000e+00
8.660000000000000142e+00,5.738176749899999652e-21,0.000000000000000000e+00
8.665000000000000924e+00,5.741489784975000119e-21,0.000000000000000000e+00
8.669999999999999929e+00,5.744802820049999835e-21,0.000000000000000000e+00
8.675000000000000711e+00,5.748115855125000302e-21,0.000000000000000000e+00
8.679999999999999716e+00,5.751428890199999265e-21,0.000000000000000000e+00
8.685000000000000497e+00,5.754741925274999733e-21,0.000000000000000000e+00
8.689999999999999503e+00,5.758054960349999448e-21,0.000000000000000000e+00
8.695000000000000284e+00,5.761367995424999916e-21,0.000000000000000000e+00
8.700000000000001066e+00,5.764681030500000383e-21,0.000000000000000000e+00
8.705000000000000071e+00,5.767994065574999346e-21,0.000000000000000000e+00
8.710000000000000853e+00,5.771307100649999814e-21,0.000000000000000000e+00
8.714999999999999858e+00,5.774620135724999529e-21,0.000000000000000000e+00
8.720000000000000639e+00,5.777933170799999997e-21,0.000000000000000000e+00
8.724999999999999645e+00,5.781246205874999712e-21,0.000000000000000000e+00
8.730000000000000426e+00,5.784559240950000180e-21,0.000000000000000000e+00
8.734999999999999432e+00,5.787872276024999143e-21,0.000000000000000000e+00
8.740000000000000213e+00,5.791185311099999610e-21,0.000000000000000000e+00
8.745000000000000995e+00,5.794498346175000078e-21,0.000000000000000000e+00
8.750000000000000000e+00,5.797811381249999793e-21,0.000000000000000000e+00
8.755000000000000782e+00,5.801124416325000261e-21,0.000000000000000000e+00
8.759999999999999787e+00,5.804437451399999224e-21,0.000000000000000000e+00
8.765000000000000568e+00,5.807750486474999691e-21,0.000000000000000000e+00
8.769999999999999574e+00,5.811063521549999407e-21,0.000000000000000000e+00
8.775000000000000355e+00,5.814376556624999874e-21,0.000000000000000000e+00
8.779999999999999361e+00,5.817689591699998837e-21,0.000000000000000000e+00
8.785000000000000142e+00,5.821002626774999305e-21,0.000000000000000000e+00
8.790000000000000924e+00,5.824315661850000525e-21,0.000000000000000000e+00
8.794999999999999929e+00,5.827628696924999488e-21,0.000000000000000000e+00
8.800000000000000711e+00,5.830941731999999955e-21,0.000000000000000000e+00
8.804999999999999716e+00,5.834254767074999671e-21,0.000000000000000000e+00
8.810000000000000497e+00,5.837567802150000138e-21,0.000000000000000000e+00
8.814999999999999503e+00,5.840880837224999101e-21,0.000000000000000000e+00
8.820000000000000284e+00,5.844193872299999569e-21,0.000000000000000000e+00
8.825000000000001066e+00,5.847506907375000036e-21,0.000000000000000000e+00
8.830000000000000071e+00,5.850819942449999752e-21,0.000000000000000000e+00
8.835000000000000853e+00,5.854132977525000219e-21,0.000000000000000000e+00
8.839999999999999858e+00,5.857446012599999182e-21,0.000000000000000000e+00
8.845000000000000639e+00,5.860759047674999650e-21,0.000000000000000000e+00
8.849999999999999645e+00,5.864072082749999365e-21,0.000000000000000000e+00
8.855000000000000426e+00,5.867385117824999833e-21,0.000000000000000000e+00
8.859999999999999432e+00,5.870698152899999548e-21,0.000000000000000000e+00
8.865000000000000213e+00,5.874011187975000016e-21,0.000000000000000000e+00
8.870000000000000995e+00,5.877324223050000483e-21,0.000000000000000000e+00
8.875000000000000000e+00,5.880637258124999446e-21,0.000000000000000000e+00
8.880000000000000782e+00,5.883950293199999914e-21,0.000000000000000000e+00
8.884999999999999787e+00,5.887263328274999629e-21,0.000000000000000000e+00
8.890000000000000568e+00,5.890576363350000097e-21,0.000000000000000000e+00
8.894999999999999574e+00,5.893889398424999060e-21,0.000000000000000000e+00
8.900000000000000355e+00,5.897202433499999527e-21,0.000000000000000000e+00
8.904999999999999361e+00,5.900515468574999243e-21,0.000000000000000000e+00
8.910000000000000142e+00,5.903828503649999710e-21,0.000000000000000000e+00
8.915000000000000924e+00,5.907141538725000178e-21,0.000000000000000000e+00
8.919999999999999929e+00,5.910454573799999893e-21,0.000000000000000000e+00
8.925000000000000711e+00,5.913767608875000361e-21,0.000000000000000000e+00
8.929999999999999716e+00,5.917080643949999324e-21,0.000000000000000000e+00
8.935000000000000497e+00,5.920393679024999791e-21,0.000000000000000000e+00
8.939999999999999503e+00,5.923706714099999507e-21,0.000000000000000000e+00
8.945000000000000284e+00,5.927019749174999974e-21,0.000000000000000000e+00
8.950000000000001066e+00,5.930332784250000442e-21,0.000000000000000000e+00
8.955000000000000071e+00,5.933645819324999405e-21,0.000000000000000000e+00
8.960000000000000853e+00,5.936958854399999872e-21,0.000000000000000000e+00
8.964999999999999858e+00,5.940271889474999588e-21,0.000000000000000000e+00
8.970000000000000639e+00,5.943584924550000055e-21,0.000000000000000000e+00
8.974999999999999645e+00,5.946897959624999018e-21,0.000000000000000000e+00
8.980000000000000426e+00,5.950210994699999486e-21,0.000000000000000000e+00
8.984999999999999432e+00,5.953524029774999201e-21,0.000000000000000000e+00
8.990000000000000213e+00,5.956837064849999669e-21,0.000000000000000000e+00
8.995000000000000995e+00,5.960150099925000136e-21,0.000000000000000000e+00
9.000000000000000000e+00,5.963463134999999852e-21,0.000000000000000000e+00
9.005000000000000782e+00,5.966776170075000319e-21,0.000000000000000000e+00
9.009999999999999787e+00,5.970089205149999282e-21,0.000000000000000000e+00
9.015000000000000568e+00,5.973402240224999750e-21,0.000000000000000000e+00
9.019999999999999574e+00,5.976715275299999465e-21,0.000000000000000000e+00
9.025000000000000355e+00,5.980028310374999933e-21,0.000000000000000000e+00
9.029999999999999361e+00,5.983341345449998896e-21,0.000000000000000000e+00
9.035000000000000142e+00,5.986654380524999363e-21,0.000000000000000000e+00
9.040000000000000924e+00,5.989967415599999831e-21,0.000000000000000000e+00
9.044999999999999929e+00,5.993280450674999546e-21,0.000000000000000000e+00
9.050000000000000711e+00,5.996593485750000014e-21,0.000000000000000000e+00
9.054999999999999716e+00,5.999906520824999729e-21,0.000000000000000000e+00
9.060000000000000497e+00,6.003219555900000197e-21,0.000000000000000000e+00
9.064999999999999503e+00,6.006532590974999160e-21,0.000000000000000000e+00
9.070000000000000284e+00,6.009845626049999627e-21,0.000000000000000000e+00
9.075000000000001066e+00,6.013158661125000095e-21,0.000000000000000000e+00
9.080000000000000071e+00,6.016471696199999810e-21,0.000000000000000000e+00
9.085000000000000853e+00,6.019784731275000278e-21,0.000000000000000000e+00
9.089999999999999858e+00,6.023097766349999241e-21,0.000000000000000000e+00
9.095000000000000639e+00,6.026410801424999708e-21,0.000000000000000000e+00
9.099999999999999645e+00,6.029723836499999424e-21,0.000000000000000000e+00
9.105000000000000426e+00,6.033036871574999891e-21,0.000000000000000000e+00
9.109999999999999432e+00,6.036349906649998854e-21,0.000000000000000000e+00
9.115000000000000213e+00,6.039662941725000074e-21,0.000000000000000000e+00
9.120000000000000995e+00,6.042975976800000542e-21,0.000000000000000000e+00
9.125000000000000000e+00,6.046289011874999505e-21,0.000000000000000000e+00
9.130000000000000782e+00,6.049602046949999972e-21,0.000000000000000000e+00
9.134999999999999787e+00,6.052915082024999688e-21,0.000000000000000000e+00
9.140000000000000568e+00,6.056228117100000155e-21,0.000000000000000000e+00
9.144999999999999574e+00,6.059541152174999118e-21,0.000000000000000000e+00
9.150000000000000355e+00,6.062854187249999586e-21,0.000000000000000000e+00
9.154999999999999361e+00,6.066167222324999301e-21,0.000000000000000000e+00
9.160000000000000142e+00,6.069480257399999769e-21,0.000000000000000000e+00
9.165000000000000924e+00,6.072793292475000236e-21,0.000000000000000000e+00
9.169999999999999929e+00,6.076106327549999199e-21,0.000000000000000000e+00
9.175000000000000711e+00,6.079419362624999667e-21,0.000000000000000000e+00
9.179999999999999716e+00,6.082732397699999382e-21,0.000000000000000000e+00
9.185000000000000497e+00,6.086045432774999850e-21,0.000000000000000000e+00
9.189999999999999503e+00,6.089358467849999565e-21,0.000000000000000000e+00
9.195000000000000284e+00,6.092671502925000033e-21,0.000000000000000000e+00
9.200000000000001066e+00,6.095984538000000500e-21,0.000000000000000000e+00
9.205000000000000071e+00,6.099297573074999463e-21,0.000000000000000000e+00
9.210000000000000853e+00,6.102610608149999931e-21,0.000000000000000000e+00
9.214999999999999858e+00,6.105923643224999646e-21,0.000000000000000000e+00
9.220000000000000639e+00,6.109236678300000114e-21,0.000000000000000000e+00
9.224999999999999645e+00,6.112549713374999077e-21,0.000000000000000000e+00
9.230000000000000426e+00,6.115862748449999544e-21,0.000000000000000000e+00
9.234999999999999432e+00,6.119175783524999260e-21,0.000000000000000000e+00
9.240000000000000213e+00,6.122488818599999727e-21,0.000000000000000000e+00
9.245000000000000995e+00,6.125801853675000195e-21,0.000000000000000000e+00
9.250000000000000000e+00,6.129114888749999910e-21,0.000000000000000000e+00
9.255000000000000782e+00,6.132427923825000378e-21,0.000000000000000000e+00
9.259999999999999787e+00,6.135740958899999341e-21,0.000000000000000000e+00
9.265000000000000568e+00,6.139053993974999808e-21,0.000000000000000000e+00
9.269999999999999574e+00,6.142367029049999524e-21,0.000000000000000000e+00
9.275000000000000355e+00,6.145680064124999991e-21,0.000000000000000000e+00
9.279999999999999361e+00,6.148993099199998954e-21,0.000000000000000000e+00
9.285000000000000142e+00,6.152306134274999422e-21,0.000000000000000000e+00
9.290000000000000924e+00,6.155619169349999890e-21,0.000000000000000000e+00
9.294999999999999929e+00,6.158932204424999605e-21,0.000000000000000000e+00
9.300000000000000711e+00,6.162245239500000072e-21,0.000000000000000000e+00
9.304999999999999716e+00,6.165558274574999035e-21,0.000000000000000000e+00
9.310000000000000497e+00,6.168871309650000255e-21,0.000000000000000000e+00
9.314999999999999503e+00,6.172184344724999218e-21,0.000000000000000000e+00
9.320000000000000284e+00,6.175497379799999686e-21,0.000000000000000000e+00
9.325000000000001066e+00,6.178810414875000154e-21,0.000000000000000000e+00
9.330000000000000071e+00,6.182123449949999869e-21,0.000000000000000000e+00
9.335000000000000853e+00,6.185436485025000336e-21,0.000000000000000000e+00
9.339999999999999858e+00,6.188749520099999299e-21,0.000000000000000000e+00
9.345000000000000639e+00,6.192062555174999767e-21,0.000000000000000000e+00
9.349999999999999645e+00,6.195375590249999482e-21,0.000000000000000000e+00
9.355000000000000426e+00,6.198688625324999950e-21,0.000000000000000000e+00
9.359999999999999432e+00,6.202001660399998913e-21,0.000000000000000000e+00
9.365000000000000213e+00,6.205314695474999380e-21,0.000000000000000000e+00
9.370000000000000995e+00,6.208627730549999848e-21,0.000000000000000000e+00
9.375000000000000000e+00,6.211940765624999563e-21,0.000000000000000000e+00
9.380000000000000782e+00,6.215253800700000031e-21,0.000000000000000000e+00
9.384999999999999787e+00,6.218566835774999746e-21,0.000000000000000000e+00
9.390000000000000568e+00,6.221879870850000214e-21,0.000000000000000000e+00
9.394999999999999574e+00,6.225192905924999177e-21,0.000000000000000000e+00
9.400000000000000355e+00,6.228505940999999644e-21,0.000000000000000000e+00
9.404999999999999361e+00,6.231818976074999360e-21,0.000000000000000000e+00
9.410000000000000142e+00,6.235132011149999827e-21,0.000000000000000000e+00
9.415000000000000924e+00,6.238445046225000295e-21,0.000000000000000000e+00
9.419999999999999929e+00,6.241758081299999258e-21,0.000000000000000000e+00
9.425000000000000711e+00,6.245071116374999726e-21,0.000000000000000000e+00
9.429999999999999716e+00,6.248384151449999441e-21,0.000000000000000000e+00
9.435000000000000497e+00,6.251697186524999908e-21,0.000000000000000000e+00
9.439999999999999503e+00,6.255010221599998871e-21,0.000000000000000000e+00
9.445000000000000284e+00,6.258323256675000091e-21,0.000000000000000000e+00
9.450000000000001066e+00,6.261636291750000559e-21,0.000000000000000000e+00
9.455000000000000071e+00,6.264949326824999522e-21,0.000000000000000000e+00
9.460000000000000853e+00,6.268262361899999990e-21,0.000000000000000000e+00
9.464999999999999858e+00,6.271575396974999705e-21,0.000000000000000000e+00
9.470000000000000639e+00,6.274888432050000172e-21,0.000000000000000000e+00
9.474999999999999645e+00,6.278201467124999135e-21,0.000000000000000000e+00
9.480000000000000426e+00,6.281514502199999603e-21,0.000000000000000000e+00
9.484999999999999432e+00,6.284827537274999318e-21,0.000000000000000000e+00
9.490000000000000213e+00,6.288140572349999786e-21,0.000000000000000000e+00
9.495000000000000995e+00,6.291453607425000254e-21,0.000000000000000000e+00
9.500000000000000000e+00,6.294766642499999217e-21,0.000000000000000000e+00
9.505000000000000782e+00,6.298079677575000436e-21,0.000000000000000000e+00
9.509999999999999787e+00,6.301392712649999399e-21,0.000000000000000000e+00
9.515000000000000568e+00,6.304705747724999867e-21,0.000000000000000000e+00
9.519999999999999574e+00,6.308018782799999582e-21,0.000000000000000000e+00
9.525000000000000355e+00,6.311331817875000050e-21,0.000000000000000000e+00
9.529999999999999361e+00,6.314644852949999013e-21,0.000000000000000000e+00
9.535000000000000142e+00,6.317957888024999481e-21,0.000000000000000000e+00
9.540000000000000924e+00,6.321270923099999948e-21,0.000000000000000000e+00
9.544999999999999929e+00,6.324583958174999663e-21,0.000000000000000000e+00
9.550000000000000711e+00,6.327896993250000131e-21,0.000000000000000000e+00
9.554999999999999716e+00,6.331210028324999094e-21,0.000000000000000000e+00
9.560000000000000497e+00,6.334523063399999562e-21,0.000000000000000000e+00
9.564999999999999503e+00,6.337836098474999277e-21,0.000000000000000000e+00
9.570000000000000284e+00,6.341149133549999744e-21,0.000000000000000000e+00
9.575000000000001066e+00,6.344462168625000212e-21,0.000000000000000000e+00
9.580000000000000071e+00,6.347775203699999927e-21,0.000000000000000000e+00
9.585000000000000853e+00,6.351088238775000395e-21,0.000000000000000000e+00
9.589999999999999858e+00,6.354401273849999358e-21,0.000000000000000000e+00
9.595000000000000639e+00,6.357714308924999826e-21,0.000000000000000000e+00
9.599999999999999645e+00,6.361027343999999541e-21,0.000000000000000000e+00
9.605000000000000426e+00,6.364340379075000008e-21,0.000000000000000000e+00
9.609999999999999432e+00,6.367653414149998971e-21,0.000000000000000000e+00
9.615000000000000213e+00,6.370966449224999439e-21,0.000000000000000000e+00
9.620000000000000995e+00,6.374279484299999907e-21,0.000000000000000000e+00
9.625000000000000000e+00,6.377592519374999622e-21,0.000000000000000000e+00
9.630000000000000782e+00,6.380905554450000090e-21,0.000000000000000000e+00
9.634999999999999787e+00,6.384218589524999053e-21,0.000000000000000000e+00
9.640000000000000568e+00,6.387531624600000272e-21,0.000000000000000000e+00
9.644999999999999574e+00,6.390844659674999235e-21,0.000000000000000000e+00
9.650000000000000355e+00,6.394157694749999703e-21,0.000000000000000000e+00
9.654999999999999361e+00,6.397470729824999418e-21,0.000000000000000000e+00
9.660000000000000142e+00,6.400783764899999886e-21,0.000000000000000000e+00
9.665000000000000924e+00,6.404096799975000354e-21,0.000000000000000000e+00
9.669999999999999929e+00,6.407409835049999317e-21,0.000000000000000000e+00
9.675000000000000711e+00,6.410722870124999784e-21,0.000000000000000000e+00
9.679999999999999716e+00,6.414035905199999499e-21,0.000000000000000000e+00
9.685000000000000497e+00,6.417348940274999967e-21,0.000000000000000000e+00
9.689999999999999503e+00,6.420661975349998930e-21,0.000000000000000000e+00
9.695000000000000284e+00,6.423975010424999398e-21,0.000000000000000000e+00
9.700000000000001066e+00,6.427288045500000618e-21,0.000000000000000000e+00
9.705000000000000071e+00,6.430601080574999581e-21,0.000000000000000000e+00
9.710000000000000853e+00,6.433914115650000048e-21,0.000000000000000000e+00
9.714999999999999858e+00,6.437227150724999763e-21,0.000000000000000000e+00
9.720000000000000639e+00,6.440540185800000231e-21,0.000000000000000000e+00
9.724999999999999645e+00,6.443853220874999194e-21,0.000000000000000000e+00
9.730000000000000426e+00,6.447166255949999662e-21,0.000000000000000000e+00
9.734999999999999432e+00,6.450479291024999377e-21,0.000000000000000000e+00
9.740000000000000213e+00,6.453792326099999845e-21,0.000000000000000000e+00
9.745000000000000995e+00,6.457105361175000312e-21,0.000000000000000000e+00
9.750000000000000000e+00,6.460418396249999275e-21,0.000000000000000000e+00
9.755000000000000782e+00,6.463731431324999743e-21,0.000000000000000000e+00
9.759999999999999787e+00,6.467044466399999458e-21,0.000000000000000000e+00
9.765000000000000568e+00,6.470357501474999926e-21,0.000000000000000000e+00
9.769999999999999574e+00,6.473670536549998889e-21,0.000000000000000000e+00
9.775000000000000355e+00,6.476983571625000108e-21,0.000000000000000000e+00
9.779999999999999361e+00,6.480296606699999071e-21,0.000000000000000000e+00
9.785000000000000142e+00,6.483609641774999539e-21,0.000000000000000000e+00
9.790000000000000924e+00,6.486922676850000007e-21,0.000000000000000000e+00
9.794999999999999929e+00,6.490235711924999722e-21,0.000000000000000000e+00
9.800000000000000711e+00,6.493548747000000190e-21,0.000000000000000000e+00
9.804999999999999716e+00,6.496861782074999153e-21,0.000000000000000000e+00
9.810000000000000497e+00,6.500174817149999620e-21,0.000000000000000000e+00
9.814999999999999503e+00,6.503487852224999335e-21,0.000000000000000000e+00
9.820000000000000284e+00,6.506800887299999803e-21,0.000000000000000000e+00
9.825000000000001066e+00,6.510113922375000271e-21,0.000000000000000000e+00
9.830000000000000071e+00,6.513426957449999234e-21,0.000000000000000000e+00
9.835000000000000853e+00,6.516739992525000454e-21,0.000000000000000000e+00
9.839999999999999858e+00,6.520053027599999417e-21,0.000000000000000000e+00
9.845000000000000639e+00,6.523366062674999884e-21,0.000000000000000000e+00
9.849999999999999645e+00,6.526679097749999599e-21,0.000000000000000000e+00
9.855000000000000426e+00,6.529992132825000067e-21,0.000000000000000000e+00
9.859999999999999432e+00,6.533305167899999030e-21,0.000000000000000000e+00
9.865000000000000213e+00,6.536618202974999498e-21,0.000000000000000000e+00
9.870000000000000995e+00,6.539931238049999965e-21,0.000000000000000000e+00
9.875000000000000000e+00,6.543244273124999681e-21,0.000000000000000000e+00
9.880000000000000782e+00,6.546557308200000148e-21,0.000000000000000000e+00
9.884999999999999787e+00,6.549870343274999111e-21,0.000000000000000000e+00
9.890000000000000568e+00,6.553183378349999579e-21,0.000000000000000000e+00
9.894999999999999574e+00,6.556496413424999294e-21,0.000000000000000000e+00
9.900000000000000355e+00,6.559809448499999762e-21,0.000000000000000000e+00
9.904999999999999361e+00,6.563122483574999477e-21,0.000000000000000000e+00
9.910000000000000142e+00,6.566435518649999945e-21,0.000000000000000000e+00
9.915000000000000924e+00,6.569748553725000412e-21,0.000000000000000000e+00
9.919999999999999929e+00,6.573061588799999375e-21,0.000000000000000000e+00
9.925000000000000711e+00,6.576374623874999843e-21,0.000000000000000000e+00
9.929999999999999716e+00,6.579687658949999558e-21,0.000000000000000000e+00
9.935000000000000497e+00,6.583000694025000026e-21,0.000000000000000000e+00
9.939999999999999503e+00,6.586313729099998989e-21,0.000000000000000000e+00
9.945000000000000284e+00,6.589626764174999456e-21,0.000000000000000000e+00
9.950000000000001066e+00,6.592939799249999924e-21,0.000000000000000000e+00
9.955000000000000071e+00,6.596252834324999639e-21,0.000000000000000000e+00
9.960000000000000853e+00,6.599565869400000107e-21,0.000000000000000000e+00
9.964999999999999858e+00,6.602878904474999070e-21,0.000000000000000000e+00
9.970000000000000639e+00,6.606191939550000290e-21,0.000000000000000000e+00
9.974999999999999645e+00,6.609504974624999253e-21,0.000000000000000000e+00
9.980000000000000426e+00,6.612818009699999720e-21,0.000000000000000000e+00
9.984999999999999432e+00,6.616131044774999435e-21,0.000000000000000000e+00
9.990000000000000213e+00,6.619444079849999903e-21,0.000000000000000000e+00
9.995000000000000995e+00,6.622757114925000371e-21,0.000000000000000000e+00
1.000000000000000000e+01,6.626070149999999334e-21,0.000000000000000000e+00
1.000500000000000078e+01,6.629383185074999801e-21,0.000000000000000000e+00
1.000999999999999979e+01,6.632696220149999517e-21,0.000000000000000000e+00
1.001500000000000057e+01,6.636009255224999984e-21,0.000000000000000000e+00
1.001999999999999957e+01,6.639322290299998947e-21,0.000000000000000000e+00
1.002500000000000036e+01,6.642635325374999415e-21,0.000000000000000000e+00
1.002999999999999936e+01,6.645948360449999130e-21,0.000000000000000000e+00
1.003500000000000014e+01,6.649261395524999598e-21,0.000000000000000000e+00
1.004000000000000092e+01,6.652574430600000065e-21,0.000000000000000000e+00
1.004499999999999993e+01,6.655887465674999781e-21,0.000000000000000000e+00
1.005000000000000071e+01,6.659200500750000248e-21,0.000000000000000000e+00
1.005499999999999972e+01,6.662513535824999211e-21,0.000000000000000000e+00
1.006000000000000050e+01,6.665826570899999679e-21,0.000000000000000000e+00
1.006499999999999950e+01,6.669139605974999394e-21,0.000000000000000000e+00
1.007000000000000028e+01,6.672452641049999862e-21,0.000000000000000000e+00
1.007500000000000107e+01,6.675765676125000329e-21,0.000000000000000000e+00
1.008000000000000007e+01,6.679078711199999292e-21,0.000000000000000000e+00
1.008500000000000085e+01,6.682391746274999760e-21,0.000000000000000000e+00
1.008999999999999986e+01,6.685704781349999475e-21,0.000000000000000000e+00
1.009500000000000064e+01,6.689017816424999943e-21,0.000000000000000000e+00
1.009999999999999964e+01,6.692330851499998906e-21,0.000000000000000000e+00
1.010500000000000043e+01,6.695643886575000126e-21,0.000000000000000000e+00
1.010999999999999943e+01,6.698956921649999089e-21,0.000000000000000000e+00
1.011500000000000021e+01,6.702269956724999556e-21,0.000000000000000000e+00
1.012000000000000099e+01,6.705582991800000024e-21,0.000000000000000000e+00
1.012500000000000000e+01,6.708896026874999739e-21,0.000000000000000000e+00
1.013000000000000078e+01,6.712209061950000207e-21,0.000000000000000000e+00
1.013499999999999979e+01,6.715522097024999170e-21,0.000000000000000000e+00
1.014000000000000057e+01,6.718835132099999637e-21,0.000000000000000000e+00
1.014499999999999957e+01,6.722148167174999353e-21,0.000000000000000000e+00
1.015000000000000036e+01,6.725461202249999820e-21,0.000000000000000000e+00
1.015499999999999936e+01,6.728774237324998783e-21,0.000000000000000000e+00
1.016000000000000014e+01,6.732087272399999251e-21,0.000000000000000000e+00
1.016500000000000092e+01,6.735400307475000471e-21,0.000000000000000000e+00
1.016999999999999993e+01,6.738713342549999434e-21,0.000000000000000000e+00
1.017500000000000071e+01,6.742026377624999901e-21,0.000000000000000000e+00
1.017999999999999972e+01,6.745339412699999617e-21,0.000000000000000000e+00
1.018500000000000050e+01,6.748652447775000084e-21,0.000000000000000000e+00
1.018999999999999950e+01,6.751965482849999047e-21,0.000000000000000000e+00
1.019500000000000028e+01,6.755278517924999515e-21,0.000000000000000000e+00
1.020000000000000107e+01,6.758591552999999982e-21,0.000000000000000000e+00
1.020500000000000007e+01,6.761904588074999698e-21,0.000000000000000000e+00
1.021000000000000085e+01,6.765217623150000165e-21,0.000000000000000000e+00
1.021499999999999986e+01,6.768530658224999128e-21,0.000000000000000000e+00
1.022000000000000064e+01,6.771843693299999596e-21,0.000000000000000000e+00
1.022499999999999964e+01,6.775156728374999311e-21,0.000000000000000000e+00
1.023000000000000043e+01,6.778469763449999779e-21,0.000000000000000000e+00
1.023499999999999943e+01,6.781782798524998742e-21,0.000000000000000000e+00
1.024000000000000021e+01,6.785095833599999209e-21,0.000000000000000000e+00
1.024500000000000099e+01,6.788408868674999677e-21,0.000000000000000000e+00
1.025000000000000000e+01,6.791721903750000145e-21,0.000000000000000000e+00
1.025500000000000078e+01,6.795034938825000612e-21,0.000000000000000000e+00
1.025999999999999979e+01,6.798347973899999575e-21,0.000000000000000000e+00
1.026500000000000057e+01,6.801661008975000043e-21,0.000000000000000000e+00
1.026999999999999957e+01,6.804974044049999006e-21,0.000000000000000000e+00
1.027500000000000036e+01,6.808287079124999473e-21,0.000000000000000000e+00
1.027999999999999936e+01,6.811600114199998436e-21,0.000000000000000000e+00
1.028500000000000014e+01,6.814913149274998904e-21,0.000000000000000000e+00
1.029000000000000092e+01,6.818226184349999372e-21,0.000000000000000000e+00
1.029499999999999993e+01,6.821539219424999839e-21,0.000000000000000000e+00
1.030000000000000071e+01,6.824852254500000307e-21,0.000000000000000000e+00
1.030499999999999972e+01,6.828165289574999270e-21,0.000000000000000000e+00
1.031000000000000050e+01,6.831478324649999737e-21,0.000000000000000000e+00
1.031499999999999950e+01,6.834791359724998700e-21,0.000000000000000000e+00
1.032000000000000028e+01,6.838104394799999168e-21,0.000000000000000000e+00
1.032500000000000107e+01,6.841417429874999636e-21,0.000000000000000000e+00
1.033000000000000007e+01,6.844730464950000103e-21,0.000000000000000000e+00
1.033500000000000085e+01,6.848043500025000571e-21,0.000000000000000000e+00
1.033999999999999986e+01,6.851356535099999534e-21,0.000000000000000000e+00
1.034500000000000064e+01,6.854669570175000001e-21,0.000000000000000000e+00
1.034999999999999964e+01,6.857982605249998964e-21,0.000000000000000000e+00
1.035500000000000043e+01,6.861295640324999432e-21,0.000000000000000000e+00
1.035999999999999943e+01,6.864608675399998395e-21,0.000000000000000000e+00
1.036500000000000021e+01,6.867921710475000367e-21,0.000000000000000000e+00
1.037000000000000099e+01,6.871234745550000835e-21,0.000000000000000000e+00
1.037500000000000000e+01,6.874547780624999798e-21,0.000000000000000000e+00
1.038000000000000078e+01,6.877860815700000265e-21,0.000000000000000000e+00
1.038499999999999979e+01,6.881173850774999228e-21,0.000000000000000000e+00
1.039000000000000057e+01,6.884486885849999696e-21,0.000000000000000000e+00
1.039499999999999957e+01,6.887799920924998659e-21,0.000000000000000000e+00
1.040000000000000036e+01,6.891112955999999126e-21,0.000000000000000000e+00
1.040499999999999936e+01,6.894425991074999594e-21,0.000000000000000000e+00
1.041000000000000014e+01,6.897739026150000062e-21,0.000000000000000000e+00
1.041500000000000092e+01,6.901052061225000529e-21,0.000000000000000000e+00
1.041999999999999993e+01,6.904365096299999492e-21,0.000000000000000000e+00
1.042500000000000071e+01,6.907678131374999960e-21,0.000000000000000000e+00
1.042999999999999972e+01,6.910991166449998923e-21,0.000000000000000000e+00
1.043500000000000050e+01,6.914304201524999390e-21,0.000000000000000000e+00
1.043999999999999950e+01,6.917617236599999858e-21,0.000000000000000000e+00
1.044500000000000028e+01,6.920930271675000326e-21,0.000000000000000000e+00
1.045000000000000107e+01,6.924243306750000793e-21,0.000000000000000000e+00
1.045500000000000007e+01,6.927556341824999756e-21,0.000000000000000000e+00
1.046000000000000085e+01,6.930869376900000224e-21,0.000000000000000000e+00
1.046499999999999986e+01,6.934182411974999187e-21,0.000000000000000000e+00
1.047000000000000064e+01,6.937495447049999654e-21,0.000000000000000000e+00
1.047499999999999964e+01,6.940808482124998617e-21,0.000000000000000000e+00
1.048000000000000043e+01,6.944121517199999085e-21,0.000000000000000000e+00
1.048499999999999943e+01,6.947434552274999553e-21,0.000000000000000000e+00
1.049000000000000021e+01,6.950747587350000020e-21,0.000000000000000000e+00
1.049500000000000099e+01,6.954060622425000488e-21,0.000000000000000000e+00
1.050000000000000000e+01,6.957373657499999451e-21,0.000000000000000000e+00
1.050500000000000078e+01,6.960686692574999918e-21,0.000000000000000000e+00
1.050999999999999979e+01,6.963999727649998881e-21,0.000000000000000000e+00
1.051500000000000057e+01,6.967312762724999349e-21,0.000000000000000000e+00
1.051999999999999957e+01,6.970625797799999817e-21,0.000000000000000000e+00
1.052500000000000036e+01,6.973938832875000284e-21,0.000000000000000000e+00
1.052999999999999936e+01,6.977251867949999247e-21,0.000000000000000000e+00
1.053500000000000014e+01,6.980564903024999715e-21,0.000000000000000000e+00
1.054000000000000092e+01,6.983877938100000182e-21,0.000000000000000000e+00
1.054499999999999993e+01,6.987190973174999145e-21,0.000000000000000000e+00
1.055000000000000071e+01,6.990504008249999613e-21,0.000000000000000000e+00
1.055499999999999972e+01,6.993817043324998576e-21,0.000000000000000000e+00
1.056000000000000050e+01,6.997130078400000548e-21,0.000000000000000000e+00
1.056499999999999950e+01,7.000443113474999511e-21,0.000000000000000000e+00
1.057000000000000028e+01,7.003756148549999979e-21,0.000000000000000000e+00
1.057500000000000107e+01,7.007069183625000446e-21,0.000000000000000000e+00
1.058000000000000007e+01,7.010382218699999409e-21,0.000000000000000000e+00
1.058500000000000085e+01,7.013695253774999877e-21,0.000000000000000000e+00
1.058999999999999986e+01,7.017008288849998840e-21,0.000000000000000000e+00
1.059500000000000064e+01,7.020321323924999308e-21,0.000000000000000000e+00
1.059999999999999964e+01,7.023634358999999775e-21,0.000000000000000000e+00
1.060500000000000043e+01,7.026947394075000243e-21,0.000000000000000000e+00
1.060999999999999943e+01,7.030260429149999206e-21,0.000000000000000000e+00
1.061500000000000021e+01,7.033573464224999673e-21,0.000000000000000000e+00
1.062000000000000099e+01,7.036886499300000141e-21,0.000000000000000000e+00
1.062500000000000000e+01,7.040199534374999104e-21,0.000000000000000000e+00
1.063000000000000078e+01,7.043512569449999572e-21,0.000000000000000000e+00
1.063499999999999979e+01,7.046825604525000039e-21,0.000000000000000000e+00
1.064000000000000057e+01,7.050138639600000507e-21,0.000000000000000000e+00
1.064499999999999957e+01,7.053451674674999470e-21,0.000000000000000000e+00
1.065000000000000036e+01,7.056764709749999937e-21,0.000000000000000000e+00
1.065499999999999936e+01,7.060077744824998900e-21,0.000000000000000000e+00
1.066000000000000014e+01,7.063390779899999368e-21,0.000000000000000000e+00
1.066500000000000092e+01,7.066703814974999836e-21,0.000000000000000000e+00
1.066999999999999993e+01,7.070016850049998799e-21,0.000000000000000000e+00
1.067500000000000071e+01,7.073329885124999266e-21,0.000000000000000000e+00
1.067999999999999972e+01,7.076642920199999734e-21,0.000000000000000000e+00
1.068500000000000050e+01,7.079955955275000201e-21,0.000000000000000000e+00
1.068999999999999950e+01,7.083268990349999164e-21,0.000000000000000000e+00
1.069500000000000028e+01,7.086582025424999632e-21,0.000000000000000000e+00
1.070000000000000107e+01,7.089895060500000100e-21,0.000000000000000000e+00
1.070500000000000007e+01,7.093208095574999062e-21,0.000000000000000000e+00
1.071000000000000085e+01,7.096521130649999530e-21,0.000000000000000000e+00
1.071499999999999986e+01,7.099834165724999998e-21,0.000000000000000000e+00
1.072000000000000064e+01,7.103147200800000465e-21,0.000000000000000000e+00
1.072499999999999964e+01,7.106460235874999428e-21,0.000000000000000000e+00
1.073000000000000043e+01,7.109773270949999896e-21,0.000000000000000000e+00
1.073499999999999943e+01,7.113086306024998859e-21,0.000000000000000000e+00
1.074000000000000021e+01,7.116399341099999326e-21,0.000000000000000000e+00
1.074500000000000099e+01,7.119712376174999794e-21,0.000000000000000000e+00
1.075000000000000000e+01,7.123025411249998757e-21,0.000000000000000000e+00
1.075500000000000078e+01,7.126338446325000729e-21,0.000000000000000000e+00
1.075999999999999979e+01,7.129651481399999692e-21,0.000000000000000000e+00
1.076500000000000057e+01,7.132964516475000160e-21,0.000000000000000000e+00
1.076999999999999957e+01,7.136277551549999123e-21,0.000000000000000000e+00
1.077500000000000036e+01,7.139590586624999590e-21,0.000000000000000000e+00
1.077999999999999936e+01,7.142903621699998553e-21,0.000000000000000000e+00
1.078500000000000014e+01,7.146216656774999021e-21,0.000000000000000000e+00
1.079000000000000092e+01,7.149529691849999489e-21,0.000000000000000000e+00
1.079499999999999993e+01,7.152842726924999956e-21,0.000000000000000000e+00
1.080000000000000071e+01,7.156155762000000424e-21,0.000000000000000000e+00
1.080499999999999972e+01,7.159468797074999387e-21,0.000000000000000000e+00
1.081000000000000050e+01,7.162781832149999854e-21,0.000000000000000000e+00
1.081499999999999950e+01,7.166094867224998817e-21,0.000000000000000000e+00
1.082000000000000028e+01,7.169407902299999285e-21,0.000000000000000000e+00
1.082500000000000107e+01,7.172720937374999753e-21,0.000000000000000000e+00
1.083000000000000007e+01,7.176033972450000220e-21,0.000000000000000000e+00
1.083500000000000085e+01,7.179347007525000688e-21,0.000000000000000000e+00
1.083999999999999986e+01,7.182660042599999651e-21,0.000000000000000000e+00
1.084500000000000064e+01,7.185973077675000118e-21,0.000000000000000000e+00
1.084999999999999964e+01,7.189286112749999081e-21,0.000000000000000000e+00
1.085500000000000043e+01,7.192599147824999549e-21,0.000000000000000000e+00
1.085999999999999943e+01,7.195912182899998512e-21,0.000000000000000000e+00
1.086500000000000021e+01,7.199225217974998980e-21,0.000000000000000000e+00
1.087000000000000099e+01,7.202538253049999447e-21,0.000000000000000000e+00
1.087500000000000000e+01,7.205851288124999915e-21,0.000000000000000000e+00
1.088000000000000078e+01,7.209164323200000382e-21,0.000000000000000000e+00
1.088499999999999979e+01,7.212477358274999345e-21,0.000000000000000000e+00
1.089000000000000057e+01,7.215790393349999813e-21,0.000000000000000000e+00
1.089499999999999957e+01,7.219103428424998776e-21,0.000000000000000000e+00
1.090000000000000036e+01,7.222416463499999244e-21,0.000000000000000000e+00
1.090499999999999936e+01,7.225729498574999711e-21,0.000000000000000000e+00
1.091000000000000014e+01,7.229042533650000179e-21,0.000000000000000000e+00
1.091500000000000092e+01,7.232355568725000646e-21,0.000000000000000000e+00
1.091999999999999993e+01,7.235668603799999609e-21,0.000000000000000000e+00
1.092500000000000071e+01,7.238981638875000077e-21,0.000000000000000000e+00
1.092999999999999972e+01,7.242294673949999040e-21,0.000000000000000000e+00
1.093500000000000050e+01,7.245607709024999508e-21,0.000000000000000000e+00
1.093999999999999950e+01,7.248920744099998471e-21,0.000000000000000000e+00
1.094500000000000028e+01,7.252233779174998938e-21,0.000000000000000000e+00
1.095000000000000107e+01,7.255546814250000910e-21,0.000000000000000000e+00
1.095500000000000007e+01,7.258859849324999873e-21,0.000000000000000000e+00
1.096000000000000085e+01,7.262172884400000341e-21,0.000000000000000000e+00
1.096499999999999986e+01,7.265485919474999304e-21,0.000000000000000000e+00
1.097000000000000064e+01,7.268798954549999772e-21,0.000000000000000000e+00
1.097499999999999964e+01,7.272111989624998735e-21,0.000000000000000000e+00
1.098000000000000043e+01,7.275425024699999202e-21,0.000000000000000000e+00
1.098499999999999943e+01,7.278738059774999670e-21,0.000000000000000000e+00
1.099000000000000021e+01,7.282051094850000137e-21,0.000000000000000000e+00
1.099500000000000099e+01,7.285364129925000605e-21,0.000000000000000000e+00
1.100000000000000000e+01,7.288677164999999568e-21,0.000000000000000000e+00
1.100500000000000078e+01,7.291990200075000036e-21,0.000000000000000000e+00
1.100999999999999979e+01,7.295303235149998999e-21,0.000000000000000000e+00
1.101500000000000057e+01,7.298616270224999466e-21,0.000000000000000000e+00
1.101999999999999957e+01,7.301929305299999934e-21,0.000000000000000000e+00
1.102500000000000036e+01,7.305242340375000401e-21,0.000000000000000000e+00
1.102999999999999936e+01,7.308555375449999364e-21,0.000000000000000000e+00
1.103500000000000014e+01,7.311868410524999832e-21,0.000000000000000000e+00
1.104000000000000092e+01,7.315181445600000300e-21,0.000000000000000000e+00
1.104499999999999993e+01,7.318494480674999263e-21,0.000000000000000000e+00
1.105000000000000071e+01,7.321807515749999730e-21,0.000000000000000000e+00
1.105499999999999972e+01,7.325120550824998693e-21,0.000000000000000000e+00
1.106000000000000050e+01,7.328433585899999161e-21,0.000000000000000000e+00
1.106499999999999950e+01,7.331746620974999628e-21,0.000000000000000000e+00
1.107000000000000028e+01,7.335059656050000096e-21,0.000000000000000000e+00
1.107500000000000107e+01,7.338372691125000564e-21,0.000000000000000000e+00
1.108000000000000007e+01,7.341685726199999527e-21,0.000000000000000000e+00
1.108500000000000085e+01,7.344998761274999994e-21,0.000000000000000000e+00
1.108999999999999986e+01,7.348311796349998957e-21,0.000000000000000000e+00
1.109500000000000064e+01,7.351624831424999425e-21,0.000000000000000000e+00
1.109999999999999964e+01,7.354937866499999892e-21,0.000000000000000000e+00
1.110500000000000043e+01,7.358250901575000360e-21,0.000000000000000000e+00
1.110999999999999943e+01,7.361563936649999323e-21,0.000000000000000000e+00
1.111500000000000021e+01,7.364876971724999791e-21,0.000000000000000000e+00
1.112000000000000099e+01,7.368190006800000258e-21,0.000000000000000000e+00
1.112500000000000000e+01,7.371503041874999221e-21,0.000000000000000000e+00
1.113000000000000078e+01,7.374816076949999689e-21,0.000000000000000000e+00
1.113499999999999979e+01,7.378129112024998652e-21,0.000000000000000000e+00
1.114000000000000057e+01,7.381442147099999119e-21,0.000000000000000000e+00
1.114499999999999957e+01,7.384755182174999587e-21,0.000000000000000000e+00
1.115000000000000036e+01,7.388068217250000054e-21,0.000000000000000000e+00
1.115499999999999936e+01,7.391381252324999017e-21,0.000000000000000000e+00
1.116000000000000014e+01,7.394694287399999485e-21,0.000000000000000000e+00
1.116500000000000092e+01,7.398007322474999953e-21,0.000000000000000000e+00
1.116999999999999993e+01,7.401320357549998916e-21,0.000000000000000000e+00
1.117500000000000071e+01,7.404633392624999383e-21,0.000000000000000000e+00
1.117999999999999972e+01,7.407946427699999851e-21,0.000000000000000000e+00
1.118500000000000050e+01,7.411259462775000318e-21,0.000000000000000000e+00
1.118999999999999950e+01,7.414572497849999281e-21,0.000000000000000000e+00
1.119500000000000028e+01,7.417885532924999749e-21,0.000000000000000000e+00
1.120000000000000107e+01,7.421198568000000217e-21,0.000000000000000000e+00
1.120500000000000007e+01,7.424511603074999180e-21,0.000000000000000000e+00
1.121000000000000085e+01,7.427824638149999647e-21,0.000000000000000000e+00
1.121499999999999986e+01,7.431137673225000115e-21,0.000000000000000000e+00
1.122000000000000064e+01,7.434450708300000582e-21,0.000000000000000000e+00
1.122499999999999964e+01,7.437763743374999545e-21,0.000000000000000000e+00
1.123000000000000043e+01,7.441076778450000013e-21,0.000000000000000000e+00
1.123499999999999943e+01,7.444389813524998976e-21,0.000000000000000000e+00
1.124000000000000021e+01,7.447702848599999444e-21,0.000000000000000000e+00
1.124500000000000099e+01,7.451015883674999911e-21,0.000000000000000000e+00
1.125000000000000000e+01,7.454328918749998874e-21,0.000000000000000000e+00
1.125500000000000078e+01,7.457641953824999342e-21,0.000000000000000000e+00
1.125999999999999979e+01,7.460954988899999809e-21,0.000000000000000000e+00
1.126500000000000057e+01,7.464268023975000277e-21,0.000000000000000000e+00
1.126999999999999957e+01,7.467581059049999240e-21,0.000000000000000000e+00
1.127500000000000036e+01,7.470894094124999708e-21,0.000000000000000000e+00
1.127999999999999936e+01,7.474207129199998671e-21,0.000000000000000000e+00
1.128500000000000014e+01,7.477520164274999138e-21,0.000000000000000000e+00
1.129000000000000092e+01,7.480833199349999606e-21,0.000000000000000000e+00
1.129499999999999993e+01,7.484146234425000073e-21,0.000000000000000000e+00
1.130000000000000071e+01,7.487459269500000541e-21,0.000000000000000000e+00
1.130499999999999972e+01,7.490772304574999504e-21,0.000000000000000000e+00
1.131000000000000050e+01,7.494085339649999972e-21,0.000000000000000000e+00
1.131499999999999950e+01,7.497398374724998935e-21,0.000000000000000000e+00
1.132000000000000028e+01,7.500711409799999402e-21,0.000000000000000000e+00
1.132500000000000107e+01,7.504024444874999870e-21,0.000000000000000000e+00
1.133000000000000007e+01,7.507337479949998833e-21,0.000000000000000000e+00
1.133500000000000085e+01,7.510650515024999300e-21,0.000000000000000000e+00
1.133999999999999986e+01,7.513963550099999768e-21,0.000000000000000000e+00
1.134500000000000064e+01,7.517276585175000236e-21,0.000000000000000000e+00
1.134999999999999964e+01,7.520589620249999199e-21,0.000000000000000000e+00
1.135500000000000043e+01,7.523902655324999666e-21,0.000000000000000000e+00
1.135999999999999943e+01,7.527215690399998629e-21,0.000000000000000000e+00
1.136500000000000021e+01,7.530528725474999097e-21,0.000000000000000000e+00
1.137000000000000099e+01,7.533841760549999564e-21,0.000000000000000000e+00
1.137500000000000000e+01,7.537154795625000032e-21,0.000000000000000000e+00
1.138000000000000078e+01,7.540467830700000500e-21,0.000000000000000000e+00
1.138499999999999979e+01,7.543780865774999463e-21,0.000000000000000000e+00
1.139000000000000057e+01,7.547093900849999930e-21,0.000000000000000000e+00
1.139499999999999957e+01,7.550406935924998893e-21,0.000000000000000000e+00
1.140000000000000036e+01,7.553719970999999361e-21,0.000000000000000000e+00
1.140499999999999936e+01,7.557033006074998324e-21,0.000000000000000000e+00
1.141000000000000014e+01,7.560346041150000296e-21,0.000000000000000000e+00
1.141500000000000092e+01,7.563659076225000764e-21,0.000000000000000000e+00
1.141999999999999993e+01,7.566972111299999727e-21,0.000000000000000000e+00
1.142500000000000071e+01,7.570285146375000194e-21,0.000000000000000000e+00
1.142999999999999972e+01,7.573598181449999157e-21,0.000000000000000000e+00
1.143500000000000050e+01,7.576911216524999625e-21,0.000000000000000000e+00
1.143999999999999950e+01,7.580224251599998588e-21,0.000000000000000000e+00
1.144500000000000028e+01,7.583537286674999055e-21,0.000000000000000000e+00
1.145000000000000107e+01,7.586850321749999523e-21,0.000000000000000000e+00
1.145500000000000007e+01,7.590163356824999991e-21,0.000000000000000000e+00
1.146000000000000085e+01,7.593476391900000458e-21,0.000000000000000000e+00
1.146499999999999986e+01,7.596789426974999421e-21,0.000000000000000000e+00
1.147000000000000064e+01,7.600102462049999889e-21,0.000000000000000000e+00
1.147499999999999964e+01,7.603415497124998852e-21,0.000000000000000000e+00
1.148000000000000043e+01,7.606728532199999319e-21,0.000000000000000000e+00
1.148499999999999943e+01,7.610041567274999787e-21,0.000000000000000000e+00
1.149000000000000021e+01,7.613354602350000255e-21,0.000000000000000000e+00
1.149500000000000099e+01,7.616667637425000722e-21,0.000000000000000000e+00
1.150000000000000000e+01,7.619980672499999685e-21,0.000000000000000000e+00
1.150500000000000078e+01,7.623293707575000153e-21,0.000000000000000000e+00
1.150999999999999979e+01,7.626606742649999116e-21,0.000000000000000000e+00
1.151500000000000057e+01,7.629919777724999583e-21,0.000000000000000000e+00
1.151999999999999957e+01,7.633232812799998546e-21,0.000000000000000000e+00
1.152500000000000036e+01,7.636545847874999014e-21,0.000000000000000000e+00
1.152999999999999936e+01,7.639858882949999481e-21,0.000000000000000000e+00
1.153500000000000014e+01,7.643171918024999949e-21,0.000000000000000000e+00
1.154000000000000092e+01,7.646484953100000417e-21,0.000000000000000000e+00
1.154499999999999993e+01,7.649797988174999380e-21,0.000000000000000000e+00
1.155000000000000071e+01,7.653111023249999847e-21,0.000000000000000000e+00
1.155499999999999972e+01,7.656424058324998810e-21,0.000000000000000000e+00
1.156000000000000050e+01,7.659737093399999278e-21,0.000000000000000000e+00
1.156499999999999950e+01,7.663050128474999745e-21,0.000000000000000000e+00
1.157000000000000028e+01,7.666363163550000213e-21,0.000000000000000000e+00
1.157500000000000107e+01,7.669676198625000681e-21,0.000000000000000000e+00
1.158000000000000007e+01,7.672989233699999644e-21,0.000000000000000000e+00
1.158500000000000085e+01,7.676302268775000111e-21,0.000000000000000000e+00
1.158999999999999986e+01,7.679615303849999074e-21,0.000000000000000000e+00
1.159500000000000064e+01,7.682928338924999542e-21,0.000000000000000000e+00
1.159999999999999964e+01,7.686241373999998505e-21,0.000000000000000000e+00
1.160500000000000043e+01,7.689554409075000477e-21,0.000000000000000000e+00
1.160999999999999943e+01,7.692867444149999440e-21,0.000000000000000000e+00
1.161500000000000021e+01,7.696180479224999908e-21,0.000000000000000000e+00
1.162000000000000099e+01,7.699493514300000375e-21,0.000000000000000000e+00
1.162500000000000000e+01,7.702806549374999338e-21,0.000000000000000000e+00
1.163000000000000078e+01,7.706119584449999806e-21,0.000000000000000000e+00
1.163499999999999979e+01,7.709432619524998769e-21,0.000000000000000000e+00
1.164000000000000057e+01,7.712745654599999236e-21,0.000000000000000000e+00
1.164499999999999957e+01,7.716058689674999704e-21,0.000000000000000000e+00
1.165000000000000036e+01,7.719371724750000172e-21,0.000000000000000000e+00
1.165499999999999936e+01,7.722684759824999135e-21,0.000000000000000000e+00
1.166000000000000014e+01,7.725997794899999602e-21,0.000000000000000000e+00
1.166500000000000092e+01,7.729310829975000070e-21,0.000000000000000000e+00
1.166999999999999993e+01,7.732623865049999033e-21,0.000000000000000000e+00
1.167500000000000071e+01,7.735936900124999500e-21,0.000000000000000000e+00
1.167999999999999972e+01,7.739249935199999968e-21,0.000000000000000000e+00
1.168500000000000050e+01,7.742562970275000436e-21,0.000000000000000000e+00
1.168999999999999950e+01,7.745876005349999399e-21,0.000000000000000000e+00
1.169500000000000028e+01,7.749189040424999866e-21,0.000000000000000000e+00
1.170000000000000107e+01,7.752502075500000334e-21,0.000000000000000000e+00
1.170500000000000007e+01,7.755815110574999297e-21,0.000000000000000000e+00
1.171000000000000085e+01,7.759128145649999764e-21,0.000000000000000000e+00
1.171499999999999986e+01,7.762441180724998727e-21,0.000000000000000000e+00
1.172000000000000064e+01,7.765754215799999195e-21,0.000000000000000000e+00
1.172499999999999964e+01,7.769067250874999663e-21,0.000000000000000000e+00
1.173000000000000043e+01,7.772380285950000130e-21,0.000000000000000000e+00
1.173499999999999943e+01,7.775693321024999093e-21,0.000000000000000000e+00
1.174000000000000021e+01,7.779006356099999561e-21,0.000000000000000000e+00
1.174500000000000099e+01,7.782319391175000028e-21,0.000000000000000000e+00
1.175000000000000000e+01,7.785632426249998991e-21,0.000000000000000000e+00
1.175500000000000078e+01,7.788945461324999459e-21,0.000000000000000000e+00
1.175999999999999979e+01,7.792258496399999927e-21,0.000000000000000000e+00
1.176500000000000057e+01,7.795571531475000394e-21,0.000000000000000000e+00
1.176999999999999957e+01,7.798884566549999357e-21,0.000000000000000000e+00
1.177500000000000036e+01,7.802197601624999825e-21,0.000000000000000000e+00
1.177999999999999936e+01,7.805510636699998788e-21,0.000000000000000000e+00
1.178500000000000014e+01,7.808823671774999255e-21,0.000000000000000000e+00
1.179000000000000092e+01,7.812136706849999723e-21,0.000000000000000000e+00
1.179499999999999993e+01,7.815449741924998686e-21,0.000000000000000000e+00
1.180000000000000071e+01,7.818762777000000658e-21,0.000000000000000000e+00
1.180499999999999972e+01,7.822075812074999621e-21,0.000000000000000000e+00
1.181000000000000050e+01,7.825388847150000089e-21,0.000000000000000000e+00
1.181499999999999950e+01,7.828701882224999052e-21,0.000000000000000000e+00
1.182000000000000028e+01,7.832014917299999519e-21,0.000000000000000000e+00
1.182500000000000107e+01,7.835327952374999987e-21,0.000000000000000000e+00
1.183000000000000007e+01,7.838640987449998950e-21,0.000000000000000000e+00
1.183500000000000085e+01,7.841954022524999418e-21,0.000000000000000000e+00
1.183999999999999986e+01,7.845267057599999885e-21,0.000000000000000000e+00
1.184500000000000064e+01,7.848580092675000353e-21,0.000000000000000000e+00
1.184999999999999964e+01,7.851893127749999316e-21,0.000000000000000000e+00
1.185500000000000043e+01,7.855206162824999783e-21,0.000000000000000000e+00
1.185999999999999943e+01,7.858519197899998746e-21,1.510348847057681694e-05
1.186500000000000021e+01,7.861832232974999214e-21,9.125215312498160701e-05
1.187000000000000099e+01,7.865145268049999682e-21,2.343353250000198553e-04
1.187500000000000000e+01,7.868458303125000149e-21,4.440616312501301189e-04
1.188000000000000078e+01,7.871771338200000617e-21,7.153605764707430571e-04
1.188499999999999979e+01,7.875084373274999580e-21,9.740797941176584408e-04
1.189000000000000057e+01,7.878397408350000047e-21,1.135638875000003671e-03
1.189499999999999957e+01,7.881710443424999010e-21,1.202748000000000012e-03
1.190000000000000036e+01,7.885023478499999478e-21,1.174351941176472822e-03
1.190499999999999936e+01,7.888336513574998441e-21,1.139939809523803213e-03
1.191000000000000014e+01,7.891649548649998908e-21,1.238250624999987946e-03
1.191500000000000092e+01,7.894962583724999376e-21,1.343935190476180713e-03
1.191999999999999993e+01,7.898275618799999844e-21,1.457019749999986314e-03
1.192500000000000071e+01,7.901588653875000311e-21,1.576748383561683278e-03
1.192999999999999972e+01,7.904901688949999274e-21,1.704353294117663849e-03
1.193500000000000050e+01,7.908214724024999742e-21,1.837653076433158270e-03
1.193999999999999950e+01,7.911527759099998705e-21,1.980115749999970289e-03
1.194500000000000028e+01,7.914840794174999172e-21,2.129935499999964510e-03
1.195000000000000107e+01,7.918153829249999640e-21,2.282910000000030765e-03
1.195500000000000007e+01,7.921466864325000108e-21,2.422939588235317483e-03
1.196000000000000085e+01,7.924779899400000575e-21,2.543253000000065579e-03
1.196499999999999986e+01,7.928092934474999538e-21,2.645284812499982575e-03
1.197000000000000064e+01,7.931405969550000006e-21,2.793266000000018193e-03
1.197499999999999964e+01,7.934719004624998969e-21,2.948684624999954595e-03
1.198000000000000043e+01,7.938032039699999436e-21,3.176271941176491385e-03
1.198499999999999943e+01,7.941345074774998399e-21,3.429676647058742516e-03
1.199000000000000021e+01,7.944658109849998867e-21,3.675134062500007379e-03
1.199500000000000099e+01,7.947971144924999335e-21,3.894229999999999827e-03
1.200000000000000000e+01,7.951284179999999802e-21,4.072324882352936805e-03
1.200500000000000078e+01,7.954597215075000270e-21,4.209980166666707664e-03
1.200999999999999979e+01,7.957910250149999233e-21,4.306899749999995586e-03
1.201500000000000057e+01,7.961223285224999700e-21,4.375028145038190215e-03
1.201999999999999957e+01,7.964536320299998663e-21,4.451448999999979735e-03
1.202500000000000036e+01,7.967849355374999131e-21,4.545254966887412457e-03
1.203000000000000114e+01,7.971162390449999599e-21,4.657394294117628286e-03
1.203500000000000014e+01,7.974475425525000066e-21,4.785832625000040717e-03
1.204000000000000092e+01,7.977788460600000534e-21,4.933882062500041278e-03
1.204499999999999993e+01,7.981101495674999497e-21,5.099290500000039882e-03
1.205000000000000071e+01,7.984414530749999964e-21,5.268482941176466303e-03
1.205499999999999972e+01,7.987727565824998927e-21,5.441349411764657799e-03
1.206000000000000050e+01,7.991040600899999395e-21,5.618266235294099541e-03
1.206499999999999950e+01,7.994353635974998358e-21,5.710644499999971944e-03
1.207000000000000028e+01,7.997666671050000330e-21,5.800478750000051184e-03
1.207500000000000107e+01,8.000979706125000798e-21,5.888622562500047883e-03
1.208000000000000007e+01,8.004292741199999761e-21,5.973248529411771812e-03
1.208500000000000085e+01,8.007605776275000228e-21,6.071004823529417907e-03
1.208999999999999986e+01,8.010918811349999191e-21,6.232487375000005103e-03
1.209500000000000064e+01,8.014231846424999659e-21,6.409778999999999997e-03
1.209999999999999964e+01,8.017544881499998622e-21,6.586594117647053860e-03
1.210500000000000043e+01,8.020857916574999090e-21,6.763164799999993662e-03
1.210999999999999943e+01,8.024170951649999557e-21,6.936477874999989919e-03
1.211500000000000021e+01,8.027483986725000025e-21,7.112709367647125462e-03
1.212000000000000099e+01,8.030797021800000492e-21,7.290401000000065225e-03
1.212500000000000000e+01,8.034110056874999455e-21,7.477757448717984451e-03
1.213000000000000078e+01,8.037423091949999923e-21,7.678339882352999864e-03
1.213499999999999979e+01,8.040736127024998886e-21,7.891157999999960648e-03
1.214000000000000057e+01,8.044049162099999354e-21,8.121656624999952501e-03
1.214499999999999957e+01,8.047362197174999821e-21,8.367074500000059104e-03
1.215000000000000036e+01,8.050675232250000289e-21,8.668661823529480101e-03
1.215500000000000114e+01,8.053988267325000756e-21,8.974131470588423906e-03
1.216000000000000014e+01,8.057301302399999719e-21,9.288791176470637817e-03
1.216500000000000092e+01,8.060614337475000187e-21,9.614694000000048590e-03
1.216999999999999993e+01,8.063927372549999150e-21,9.981005249999895176e-03
1.217500000000000071e+01,8.067240407624999618e-21,1.044756312500003982e-02
1.217999999999999972e+01,8.070553442699998581e-21,1.092373823529397929e-02
1.218500000000000050e+01,8.073866477774999048e-21,1.142943882352943918e-02
1.218999999999999950e+01,8.077179512849999516e-21,1.206779375000002069e-02
1.219500000000000028e+01,8.080492547924999983e-21,1.384682999999999921e-02
1.220000000000000107e+01,8.083805583000000451e-21,1.729789705882463918e-02
1.220500000000000007e+01,8.087118618074999414e-21,1.966167461538461531e-02
1.221000000000000085e+01,8.090431653149999882e-21,2.167987625000081589e-02
1.221499999999999986e+01,8.093744688224998845e-21,2.365642085106358858e-02
1.222000000000000064e+01,8.097057723299999312e-21,2.550586749999979308e-02
1.222499999999999964e+01,8.100370758374999780e-21,2.731477714285706834e-02
1.223000000000000043e+01,8.103683793450000247e-21,2.913191352941225942e-02
1.223499999999999943e+01,8.106996828524999210e-21,3.084727999999969938e-02
1.224000000000000021e+01,8.110309863599999678e-21,3.266673437500043631e-02
1.224500000000000099e+01,8.113622898675000146e-21,3.433234000000037756e-02
1.225000000000000000e+01,8.116935933749999109e-21,3.595677812499958187e-02
1.225500000000000078e+01,8.120248968824999576e-21,3.752734352941204665e-02
1.225999999999999979e+01,8.123562003899998539e-21,3.910015352941131894e-02
1.226500000000000057e+01,8.126875038975000511e-21,4.065775687500092911e-02
1.226999999999999957e+01,8.130188074049999474e-21,4.216983750000017489e-02
1.227500000000000036e+01,8.133501109124999942e-21,4.367070125000013098e-02
1.228000000000000114e+01,8.136814144200000410e-21,4.509158235294128542e-02
1.228500000000000014e+01,8.140127179274999372e-21,4.631081764705886894e-02
1.229000000000000092e+01,8.143440214349999840e-21,4.632131874999997900e-02
1.229499999999999993e+01,8.146753249424998803e-21,4.608509999999999690e-02
1.230000000000000071e+01,8.150066284499999271e-21,4.651635941176466421e-02
1.230499999999999972e+01,8.153379319574999738e-21,4.729285740740738625e-02
1.231000000000000050e+01,8.156692354650000206e-21,4.803808000000028139e-02
1.231499999999999950e+01,8.160005389724999169e-21,4.885652041095884385e-02
1.232000000000000028e+01,8.163318424799999636e-21,4.974468500000026744e-02
1.232500000000000107e+01,8.166631459875000104e-21,5.057290289156655960e-02
1.233000000000000007e+01,8.169944494949999067e-21,5.149685294117632012e-02
1.233500000000000085e+01,8.173257530024999535e-21,5.255607374999980014e-02
1.233999999999999986e+01,8.176570565100000002e-21,5.411911000000047683e-02
1.234500000000000064e+01,8.179883600175000470e-21,5.582303000000036347e-02
1.234999999999999964e+01,8.183196635249999433e-21,5.728766500000029294e-02
1.235500000000000043e+01,8.186509670324999900e-21,5.894700529411811551e-02
1.235999999999999943e+01,8.189822705399998863e-21,6.171179470588163130e-02
1.236500000000000021e+01,8.193135740474999331e-21,6.300494375000008362e-02
1.237000000000000099e+01,8.196448775549999799e-21,6.380390500000017451e-02
1.237500000000000000e+01,8.199761810624998762e-21,6.534443875000012225e-02
1.238000000000000078e+01,8.203074845699999229e-21,6.577930882352943376e-02
1.238499999999999979e+01,8.206387880774999697e-21,6.598929941176470693e-02
1.239000000000000057e+01,8.209700915850000164e-21,6.619784500000000516e-02
1.239499999999999957e+01,8.213013950924999127e-21,6.639739999999999531e-02
1.240000000000000036e+01,8.216326985999999595e-21,6.681588117647058178e-02
1.240500000000000114e+01,8.219640021075000063e-21,6.716957428571436461e-02
1.241000000000000014e+01,8.222953056149999026e-21,6.733129000000000197e-02
1.241500000000000092e+01,8.226266091224999493e-21,6.741831099337747268e-02
1.241999999999999993e+01,8.229579126299999961e-21,6.743198749999999853e-02
1.242500000000000071e+01,8.232892161375000428e-21,6.749129058823531702e-02
1.242999999999999972e+01,8.236205196449999391e-21,6.757589411764707010e-02
1.243500000000000050e+01,8.239518231524999859e-21,6.829614250000012876e-02
1.243999999999999950e+01,8.242831266599998822e-21,6.809759250000006758e-02
1.244500000000000028e+01,8.246144301674999290e-21,6.827067499999987799e-02
1.245000000000000107e+01,8.249457336749999757e-21,6.842701749999971494e-02
1.245500000000000007e+01,8.252770371824998720e-21,6.705499235294118399e-02
1.246000000000000085e+01,8.256083406900000692e-21,6.693348000000003128e-02
1.246499999999999986e+01,8.259396441974999655e-21,6.712557875000013663e-02
1.247000000000000064e+01,8.262709477050000123e-21,6.725174499999948818e-02
1.247499999999999964e+01,8.266022512124999086e-21,6.667481375000025579e-02
1.248000000000000043e+01,8.269335547199999554e-21,6.605032411764702460e-02
1.248499999999999943e+01,8.272648582274998517e-21,6.552137411764723252e-02
1.249000000000000021e+01,8.275961617349998984e-21,6.504266437499998943e-02
1.249500000000000099e+01,8.279274652424999452e-21,6.483232999999999357e-02
1.250000000000000000e+01,8.282587687499999919e-21,6.489956176470587645e-02
1.250500000000000078e+01,8.285900722575000387e-21,6.509667620689665868e-02
1.250999999999999979e+01,8.289213757649999350e-21,6.517414500000000277e-02
1.251500000000000057e+01,8.292526792724999818e-21,6.527438769230775595e-02
1.251999999999999957e+01,8.295839827799998781e-21,6.553297249999996688e-02
1.252500000000000036e+01,8.299152862874999248e-21,6.582339823529408107e-02
1.253000000000000114e+01,8.302465897949999716e-21,6.611331647058819871e-02
1.253500000000000014e+01,8.305778933025000183e-21,6.639901000000009157e-02
1.254000000000000092e+01,8.309091968100000651e-21,6.667778625000007897e-02
1.254499999999999993e+01,8.312405003174999614e-21,6.697204000000006596e-02
1.255000000000000071e+01,8.315718038250000082e-21,6.727689062500004369e-02
1.255499999999999972e+01,8.319031073324999045e-21,6.741229999999999445e-02
1.256000000000000050e+01,8.322344108399999512e-21,6.757208882352942758e-02
1.256499999999999950e+01,8.325657143474998475e-21,6.777727874999989188e-02
1.257000000000000028e+01,8.328970178549998943e-21,6.789077250000000174e-02
1.257500000000000107e+01,8.332283213624999410e-21,6.804025437500002549e-02
1.258000000000000007e+01,8.335596248699999878e-21,6.831306058823531646e-02
1.258500000000000085e+01,8.338909283775000346e-21,6.858420705882355140e-02
1.258999999999999986e+01,8.342222318849999309e-21,6.886117750000000926e-02
1.259500000000000064e+01,8.345535353924999776e-21,6.915946000000000593e-02
1.259999999999999964e+01,8.348848388999998739e-21,6.955822764705880956e-02
1.260500000000000043e+01,8.352161424074999207e-21,7.002457866666664255e-02
1.260999999999999943e+01,8.355474459149999674e-21,7.051378374999996146e-02
1.261500000000000021e+01,8.358787494225000142e-21,7.104163000000016104e-02
1.262000000000000099e+01,8.362100529300000610e-21,7.159920250000020858e-02
1.262500000000000000e+01,8.365413564374999573e-21,7.217173352941186337e-02
1.263000000000000078e+01,8.368726599450000040e-21,7.269494058823543214e-02
1.263499999999999979e+01,8.372039634524999003e-21,7.319963624999990814e-02
1.264000000000000057e+01,8.375352669599999471e-21,7.370626249999989721e-02
1.264499999999999957e+01,8.378665704674998434e-21,7.459470999999992524e-02
1.265000000000000036e+01,8.381978739749998901e-21,7.765619812500221264e-02
1.265500000000000114e+01,8.385291774825000874e-21,7.638360176470596064e-02
1.266000000000000014e+01,8.388604809899999837e-21,7.653897352941178844e-02
1.266500000000000092e+01,8.391917844975000304e-21,7.671175187500002546e-02
1.266999999999999993e+01,8.395230880049999267e-21,7.686368749999997196e-02
1.267500000000000071e+01,8.398543915124999735e-21,7.692607937500001158e-02
1.267999999999999972e+01,8.401856950199998698e-21,7.695968882352945128e-02
1.268500000000000050e+01,8.405169985274999165e-21,7.676485882352940271e-02
1.268999999999999950e+01,8.408483020349999633e-21,7.663671125000000306e-02
1.269500000000000028e+01,8.411796055425000101e-21,7.653042000000000178e-02
1.270000000000000107e+01,8.415109090500000568e-21,7.647019058823532889e-02
1.270500000000000007e+01,8.418422125574999531e-21,7.666058548387094662e-02
1.271000000000000085e+01,8.421735160649999999e-21,7.703842000000020451e-02
1.271499999999999986e+01,8.425048195724998962e-21,7.761065062499995781e-02
1.272000000000000064e+01,8.428361230799999429e-21,7.807592999999996008e-02
1.272499999999999964e+01,8.431674265874999897e-21,7.850758411764700850e-02
1.273000000000000043e+01,8.434987300950000364e-21,7.890143235294130863e-02
1.273499999999999943e+01,8.438300336024999327e-21,7.926567624999990291e-02
1.274000000000000021e+01,8.441613371099999795e-21,7.972429312500009524e-02
1.274500000000000099e+01,8.444926406175000263e-21,8.007853000000009214e-02
1.275000000000000000e+01,8.448239441249999226e-21,8.046747937499988679e-02
1.275500000000000078e+01,8.451552476324999693e-21,8.091250411764713824e-02
1.275999999999999979e+01,8.454865511399998656e-21,8.136663764705868995e-02
1.276500000000000057e+01,8.458178546474999124e-21,8.186251187500008519e-02
1.276999999999999957e+01,8.461491581549999591e-21,8.240456000000007108e-02
1.277500000000000036e+01,8.464804616625000059e-21,8.296385062500005736e-02
1.278000000000000114e+01,8.468117651700000527e-21,8.352818176470593048e-02
1.278500000000000014e+01,8.471430686774999490e-21,8.406547941176473193e-02
1.279000000000000092e+01,8.474743721849999957e-21,8.461877000000002369e-02
1.279499999999999993e+01,8.478056756924998920e-21,8.519319999999999671e-02
1.280000000000000071e+01,8.481369791999999388e-21,8.582218294117645307e-02
1.280499999999999972e+01,8.484682827074999855e-21,8.649703874999996323e-02
1.281000000000000050e+01,8.487995862150000323e-21,8.719169375000025701e-02
1.281499999999999950e+01,8.491308897224999286e-21,8.786715687499994931e-02
1.282000000000000028e+01,8.494621932299999754e-21,8.855226250000027000e-02
1.282500000000000107e+01,8.497934967375000221e-21,8.934144117647085936e-02
1.283000000000000007e+01,8.501248002449999184e-21,9.046240764705859583e-02
1.283500000000000085e+01,8.504561037524999652e-21,9.216944749999965436e-02
1.283999999999999986e+01,8.507874072599998615e-21,9.304924937500005933e-02
1.284500000000000064e+01,8.511187107674999082e-21,9.364873999999971665e-02
1.284999999999999964e+01,8.514500142749999550e-21,9.916470625000027572e-02
1.285500000000000043e+01,8.517813177825000018e-21,1.000537935294119052e-01
1.285999999999999943e+01,8.521126212899998981e-21,9.983695529411780456e-02
1.286500000000000021e+01,8.524439247974999448e-21,9.943869375000004285e-02
1.287000000000000099e+01,8.527752283049999916e-21,9.939544250000001413e-02
1.287500000000000000e+01,8.531065318124998879e-21,9.953174812500001356e-02
1.288000000000000078e+01,8.534378353199999346e-21,9.957069647058823525e-02
1.288499999999999979e+01,8.537691388274999814e-21,9.951411235294117807e-02
1.289000000000000057e+01,8.541004423350000282e-21,9.936466312499998843e-02
1.289499999999999957e+01,8.544317458424999245e-21,9.909062999999999899e-02
1.290000000000000036e+01,8.547630493499999712e-21,9.952171294117641287e-02
1.290500000000000114e+01,8.550943528575000180e-21,1.014417090909096597e-01
1.291000000000000014e+01,8.554256563649999143e-21,1.012757749999999707e-01
1.291500000000000092e+01,8.557569598724999610e-21,1.017599874999999543e-01
1.291999999999999993e+01,8.560882633800000078e-21,1.023596749999998862e-01
1.292500000000000071e+01,8.564195668875000546e-21,1.079811235294144550e-01
1.292999999999999972e+01,8.567508703949999509e-21,1.135611588235292957e-01
1.293500000000000050e+01,8.570821739024999976e-21,1.129226125000001024e-01
1.293999999999999950e+01,8.574134774099998939e-21,1.129308624999999650e-01
1.294500000000000028e+01,8.577447809174999407e-21,1.131873499999997562e-01
1.295000000000000107e+01,8.580760844249999874e-21,1.145044562500002472e-01
1.295500000000000007e+01,8.584073879324998837e-21,1.155466470588232680e-01
1.296000000000000085e+01,8.587386914399999305e-21,1.169231764705884608e-01
1.296499999999999986e+01,8.590699949474999773e-21,1.183180562500002059e-01
1.297000000000000064e+01,8.594012984550000240e-21,1.197239500000003148e-01
1.297499999999999964e+01,8.597326019624999203e-21,1.212405749999995036e-01
1.298000000000000043e+01,8.600639054699999671e-21,1.229619235294119040e-01
1.298499999999999943e+01,8.603952089774998634e-21,1.271947117647040937e-01
1.299000000000000021e+01,8.607265124849999101e-21,1.301439375000000565e-01
1.299500000000000099e+01,8.610578159924999569e-21,1.329189000000000065e-01
1.300000000000000000e+01,8.613891195000000037e-21,1.350353529411764120e-01
1.300500000000000078e+01,8.617204230075000504e-21,1.369714058823533476e-01
1.300999999999999979e+01,8.620517265149999467e-21,1.417658999999998615e-01
1.301500000000000057e+01,8.623830300224999935e-21,1.433162750000010754e-01
1.301999999999999957e+01,8.627143335299998898e-21,1.454882999999999038e-01
1.302500000000000036e+01,8.630456370374999365e-21,1.414844823529413376e-01
1.303000000000000114e+01,8.633769405449999833e-21,1.401426764705884231e-01
1.303500000000000014e+01,8.637082440524998796e-21,1.386102750000003381e-01
1.304000000000000092e+01,8.640395475599999264e-21,1.361188062500005846e-01
1.304499999999999993e+01,8.643708510674999731e-21,1.330552499999993199e-01
1.305000000000000071e+01,8.647021545750000199e-21,1.316529999999993816e-01
1.305499999999999972e+01,8.650334580824999162e-21,1.292811882352947750e-01
1.306000000000000050e+01,8.653647615899999629e-21,1.296056176470588850e-01
1.306499999999999950e+01,8.656960650974998592e-21,1.251624562500006366e-01
1.307000000000000028e+01,8.660273686049999060e-21,1.233127499999997767e-01
1.307500000000000107e+01,8.663586721124999527e-21,1.219106999999998997e-01
1.308000000000000007e+01,8.666899756199999995e-21,1.224907411764709630e-01
1.308500000000000085e+01,8.670212791275000463e-21,1.188057941176468013e-01
1.308999999999999986e+01,8.673525826349999426e-21,1.173145176470587886e-01
1.309500000000000064e+01,8.676838861424999893e-21,1.160622000000000043e-01
1.309999999999999964e+01,8.680151896499998856e-21,1.126474352941177065e-01
1.310500000000000043e+01,8.683464931574999324e-21,1.100240823529403944e-01
1.310999999999999943e+01,8.686777966649998287e-21,1.093768374999991994e-01
1.311500000000000021e+01,8.690091001725000259e-21,1.118797562500013637e-01
1.312000000000000099e+01,8.693404036800000727e-21,1.127405999999981229e-01
1.312500000000000000e+01,8.696717071874999690e-21,1.055470117647055589e-01
1.313000000000000078e+01,8.700030106950000157e-21,1.042094352941175250e-01
1.313499999999999979e+01,8.703343142024999120e-21,1.038053250000000177e-01
1.314000000000000057e+01,8.706656177099999588e-21,1.077439562500053100e-01
1.314499999999999957e+01,8.709969212174998551e-21,1.023929000000001616e-01
1.315000000000000036e+01,8.713282247249999018e-21,1.017193000000001790e-01
1.315500000000000114e+01,8.716595282324999486e-21,1.009799647058822053e-01
1.316000000000000014e+01,8.719908317399999954e-21,1.001744117647056509e-01
1.316500000000000092e+01,8.723221352475000421e-21,9.947739687499980443e-02
1.316999999999999993e+01,8.726534387549999384e-21,9.887754500000012214e-02
1.317500000000000071e+01,8.729847422624999852e-21,9.835150312499994774e-02
1.317999999999999972e+01,8.733160457699998815e-21,9.809207882352946606e-02
1.318500000000000050e+01,8.736473492774999282e-21,9.797593588235294082e-02
1.318999999999999950e+01,8.739786527849999750e-21,9.824912999999993457e-02
1.319500000000000028e+01,8.743099562925000218e-21,9.833430999999999422e-02
1.320000000000000107e+01,8.746412598000000685e-21,9.878848294117653639e-02
1.320500000000000007e+01,8.749725633074999648e-21,9.880087705882355242e-02
1.321000000000000085e+01,8.753038668150000116e-21,9.841268499999986097e-02
1.321499999999999986e+01,8.756351703224999079e-21,9.803283937500004153e-02
1.322000000000000064e+01,8.759664738299999546e-21,9.755133999999987537e-02
1.322499999999999964e+01,8.762977773374998509e-21,9.711061999999988370e-02
1.323000000000000043e+01,8.766290808449998977e-21,9.695731882352937037e-02
1.323499999999999943e+01,8.769603843524999445e-21,9.756867249999991165e-02
1.324000000000000021e+01,8.772916878599999912e-21,9.758664812499968921e-02
1.324500000000000099e+01,8.776229913675000380e-21,9.417700999999992217e-02
1.325000000000000000e+01,8.779542948749999343e-21,9.403049250000000692e-02
1.325500000000000078e+01,8.782855983824999810e-21,9.396978823529411606e-02
1.325999999999999979e+01,8.786169018899998773e-21,9.719536235294032323e-02
1.326500000000000057e+01,8.789482053974999241e-21,9.696207062499970220e-02
1.326999999999999957e+01,8.792795089049999709e-21,9.836872250000019968e-02
1.327500000000000036e+01,8.796108124125000176e-21,9.756110499999992580e-02
1.328000000000000114e+01,8.799421159200000644e-21,9.750348941176471829e-02
1.328500000000000014e+01,8.802734194274999607e-21,9.750936117647059087e-02
1.329000000000000092e+01,8.806047229350000074e-21,9.745471941176470088e-02
1.329499999999999993e+01,8.809360264424999037e-21,9.667172000000000265e-02
1.330000000000000071e+01,8.812673299499999505e-21,9.664112647058806238e-02
1.330499999999999972e+01,8.815986334574998468e-21,9.576019529411844422e-02
1.331000000000000050e+01,8.819299369650000440e-21,9.389441874999938931e-02
1.331499999999999950e+01,8.822612404724999403e-21,9.254198062500006150e-02
1.332000000000000028e+01,8.825925439799999871e-21,9.204167499999993396e-02
1.332500000000000107e+01,8.829238474875000338e-21,9.344947176470665140e-02
1.333000000000000007e+01,8.832551509949999301e-21,9.584045000000027126e-02
1.333500000000000085e+01,8.835864545024999769e-21,9.786823750000024635e-02
1.333999999999999986e+01,8.839177580099998732e-21,1.018288812499992951e-01
1.334500000000000064e+01,8.842490615174999200e-21,1.024290000000008111e-01
1.334999999999999964e+01,8.845803650249999667e-21,9.976672312499958173e-02
1.335500000000000043e+01,8.849116685325000135e-21,9.588502941176339778e-02
1.335999999999999943e+01,8.852429720399999098e-21,9.382960058823540395e-02
1.336500000000000021e+01,8.855742755474999565e-21,9.329184500000010927e-02
1.337000000000000099e+01,8.859055790550000033e-21,9.288861750000000639e-02
1.337500000000000000e+01,8.862368825624998996e-21,9.349755437500005539e-02
1.338000000000000078e+01,8.865681860699999464e-21,9.436409176470592075e-02
1.338499999999999979e+01,8.868994895774999931e-21,9.504423411764588436e-02
1.339000000000000057e+01,8.872307930850000399e-21,9.237783529411752736e-02
1.339499999999999957e+01,8.875620965924999362e-21,9.064479999999999760e-02
1.340000000000000036e+01,8.878934000999999829e-21,8.990903117647060239e-02
1.340500000000000114e+01,8.882247036075000297e-21,8.943011470588220491e-02
1.341000000000000014e+01,8.885560071149999260e-21,8.913324250000000115e-02
1.341500000000000092e+01,8.888873106224999728e-21,8.920160437500003481e-02
1.341999999999999993e+01,8.892186141299998691e-21,8.934311999999992870e-02
1.342500000000000071e+01,8.895499176374999158e-21,8.948206176470586970e-02
1.342999999999999972e+01,8.898812211449999626e-21,9.000643058823541709e-02
1.343500000000000050e+01,8.902125246525000093e-21,9.063719764705890913e-02
1.343999999999999950e+01,8.905438281599999056e-21,9.070817124999998315e-02
1.344500000000000028e+01,8.908751316674999524e-21,9.056197499999998901e-02
1.345000000000000107e+01,8.912064351749999992e-21,9.210014375000034892e-02
1.345500000000000007e+01,8.915377386824998954e-21,9.177767941176499800e-02
1.346000000000000085e+01,8.918690421899999422e-21,9.081448705882340378e-02
1.346499999999999986e+01,8.922003456974999890e-21,9.006415374999988954e-02
1.347000000000000064e+01,8.925316492050000357e-21,8.955949499999993346e-02
1.347499999999999964e+01,8.928629527124999320e-21,9.021518999999975086e-02
1.348000000000000043e+01,8.931942562199999788e-21,8.836436705882325104e-02
1.348499999999999943e+01,8.935255597274998751e-21,8.818892705882355743e-02
1.349000000000000021e+01,8.938568632349999218e-21,8.818686470588237014e-02
1.349500000000000099e+01,8.941881667424999686e-21,8.889154000000011602e-02
1.350000000000000000e+01,8.945194702499998649e-21,8.801820529411770455e-02
1.350500000000000078e+01,8.948507737575000621e-21,8.751928705882344728e-02
1.350999999999999979e+01,8.951820772649999584e-21,8.772973124999998429e-02
1.351500000000000057e+01,8.955133807725000052e-21,8.796494187499996620e-02
1.351999999999999957e+01,8.958446842799999015e-21,8.770304000000006539e-02
1.352500000000000036e+01,8.961759877874999482e-21,8.661363941176447589e-02
1.353000000000000114e+01,8.965072912949999950e-21,8.608818176470585393e-02
1.353500000000000014e+01,8.968385948024998913e-21,8.568149058823537612e-02
1.354000000000000092e+01,8.971698983099999381e-21,8.543037374999999656e-02
1.354499999999999993e+01,8.975012018174999848e-21,8.577675000000015149e-02
1.355000000000000071e+01,8.978325053250000316e-21,8.659471000000010243e-02
1.355499999999999972e+01,8.981638088324999279e-21,8.686017823529408599e-02
1.356000000000000050e+01,8.984951123399999746e-21,8.738900588235286315e-02
1.356499999999999950e+01,8.988264158474998709e-21,8.805544812499979668e-02
1.357000000000000028e+01,8.991577193549999177e-21,8.760483749999983805e-02
1.357500000000000107e+01,8.994890228624999645e-21,8.667679062499999976e-02
1.358000000000000007e+01,8.998203263700000112e-21,8.680720764705890380e-02
1.358500000000000085e+01,9.001516298775000580e-21,8.701273352941178707e-02
1.358999999999999986e+01,9.004829333849999543e-21,8.779965588235301432e-02
1.359500000000000064e+01,9.008142368925000010e-21,8.859706999999999999e-02
1.359999999999999964e+01,9.011455403999998973e-21,8.784449000000003893e-02
1.360500000000000043e+01,9.014768439074999441e-21,8.670795588235286067e-02
1.360999999999999943e+01,9.018081474149998404e-21,8.782260124999992368e-02
1.361500000000000021e+01,9.021394509224998872e-21,8.884370749999973005e-02
1.362000000000000099e+01,9.024707544299999339e-21,8.887392000000061965e-02
1.362500000000000000e+01,9.028020579374999807e-21,8.630654000000001491e-02
1.363000000000000078e+01,9.031333614450000274e-21,8.642145470588220857e-02
1.363499999999999979e+01,9.034646649524999237e-21,8.535919705882319408e-02
1.364000000000000057e+01,9.037959684599999705e-21,8.397117187499991697e-02
1.364499999999999957e+01,9.041272719674998668e-21,8.242732500000037044e-02
1.365000000000000036e+01,9.044585754749999136e-21,8.087970875000038973e-02
1.365500000000000114e+01,9.047898789824999603e-21,7.965511705882334648e-02
1.366000000000000014e+01,9.051211824900000071e-21,7.882877764705860379e-02
1.366500000000000092e+01,9.054524859975000538e-21,7.828681874999973700e-02
1.366999999999999993e+01,9.057837895049999501e-21,7.785695250000015943e-02
1.367500000000000071e+01,9.061150930124999969e-21,7.731062812499996106e-02
1.367999999999999972e+01,9.064463965199998932e-21,7.695697249999998435e-02
1.368500000000000050e+01,9.067777000274999400e-21,7.682272823529411043e-02
1.368999999999999950e+01,9.071090035349998363e-21,7.698348764705884029e-02
1.369500000000000028e+01,9.074403070424998830e-21,7.711938999999999600e-02
1.370000000000000107e+01,9.077716105500000802e-21,7.701042588235276765e-02
1.370500000000000007e+01,9.081029140574999765e-21,7.585926058823537488e-02
1.371000000000000085e+01,9.084342175650000233e-21,7.457658500000001467e-02
1.371499999999999986e+01,9.087655210724999196e-21,7.463675374999999279e-02
1.372000000000000064e+01,9.090968245799999664e-21,7.475861750000002692e-02
1.372499999999999964e+01,9.094281280874998627e-21,7.491981058823524164e-02
1.373000000000000043e+01,9.097594315949999094e-21,7.518242999999989740e-02
1.373499999999999943e+01,9.100907351024999562e-21,7.525723470588233099e-02
1.374000000000000021e+01,9.104220386100000029e-21,7.493357249999990644e-02
1.374500000000000099e+01,9.107533421175000497e-21,7.451760999999967883e-02
1.375000000000000000e+01,9.110846456249999460e-21,7.401194437500004109e-02
1.375500000000000078e+01,9.114159491324999928e-21,7.307597529411745396e-02
1.375999999999999979e+01,9.117472526399998891e-21,7.199240235294143697e-02
1.376500000000000057e+01,9.120785561474999358e-21,7.161139687499996909e-02
1.376999999999999957e+01,9.124098596549998321e-21,7.143631000000005837e-02
1.377500000000000036e+01,9.127411631625000293e-21,7.126937437499991645e-02
1.378000000000000114e+01,9.130724666700000761e-21,7.110277499999990980e-02
1.378500000000000014e+01,9.134037701774999724e-21,7.094471647058822605e-02
1.379000000000000092e+01,9.137350736850000192e-21,7.082084529411764029e-02
1.379499999999999993e+01,9.140663771924999155e-21,7.071471000000000007e-02
1.380000000000000071e+01,9.143976806999999622e-21,7.062606999999997137e-02
1.380499999999999972e+01,9.147289842074998585e-21,7.055467941176471469e-02
1.381000000000000050e+01,9.150602877149999053e-21,7.050188375000000784e-02
1.381499999999999950e+01,9.153915912224999520e-21,7.047066624999999418e-02
1.382000000000000028e+01,9.157228947299999988e-21,7.045524749999999836e-02
1.382500000000000107e+01,9.160541982375000456e-21,7.045488764705881701e-02
1.383000000000000007e+01,9.163855017449999419e-21,7.048200294117648590e-02
1.383500000000000085e+01,9.167168052524999886e-21,7.057620235294118083e-02
1.383999999999999986e+01,9.170481087599998849e-21,7.067124937499998094e-02
1.384500000000000064e+01,9.173794122674999317e-21,7.072809499999999083e-02
1.384999999999999964e+01,9.177107157749999784e-21,7.074112124999999696e-02
1.385500000000000043e+01,9.180420192825000252e-21,7.069029823529408840e-02
1.385999999999999943e+01,9.183733227899999215e-21,7.058705470588233499e-02
1.386500000000000021e+01,9.187046262974999682e-21,7.055847874999998659e-02
1.387000000000000099e+01,9.190359298050000150e-21,7.061303500000000455e-02
1.387500000000000000e+01,9.193672333124999113e-21,7.065936500000000176e-02
1.388000000000000078e+01,9.196985368199999581e-21,7.070153749999999460e-02
1.388499999999999979e+01,9.200298403274998544e-21,7.074430058823530376e-02
1.389000000000000057e+01,9.203611438349999011e-21,7.084927117647059347e-02
1.389499999999999957e+01,9.206924473424999479e-21,7.086299999999999544e-02
1.390000000000000036e+01,9.210237508499999946e-21,7.042530529411764051e-02
1.390500000000000114e+01,9.213550543575000414e-21,7.023308058823515831e-02
1.391000000000000014e+01,9.216863578649999377e-21,6.994636499999999646e-02
1.391500000000000092e+01,9.220176613724999845e-21,7.006657562500007153e-02
1.391999999999999993e+01,9.223489648799998808e-21,7.028327749999994933e-02
1.392500000000000071e+01,9.226802683874999275e-21,7.052215058823525784e-02
1.392999999999999972e+01,9.230115718949999743e-21,7.084192117647061804e-02
1.393500000000000050e+01,9.233428754025000210e-21,7.106240588235299138e-02
1.393999999999999950e+01,9.236741789099999173e-21,7.124614187500004359e-02
1.394500000000000028e+01,9.240054824174999641e-21,7.142151500000003261e-02
1.395000000000000107e+01,9.243367859250000109e-21,7.158865937500004384e-02
1.395500000000000007e+01,9.246680894324999072e-21,7.174678529411761263e-02
1.396000000000000085e+01,9.249993929399999539e-21,7.189311705882354964e-02
1.396499999999999986e+01,9.253306964474998502e-21,7.200988374999997554e-02
1.397000000000000064e+01,9.256619999550000474e-21,7.211966250000007017e-02
1.397499999999999964e+01,9.259933034624999437e-21,7.229922562500001870e-02
1.398000000000000043e+01,9.263246069699999905e-21,7.248489250000000883e-02
1.398499999999999943e+01,9.266559104774998868e-21,7.272599058823520091e-02
1.399000000000000021e+01,9.269872139849999336e-21,7.293675176470588994e-02
1.399500000000000099e+01,9.273185174924999803e-21,7.316857000000011324e-02
1.400000000000000000e+01,9.276498209999998766e-21,7.340215647058823123e-02
1.400500000000000078e+01,9.279811245074999234e-21,7.365614705882349289e-02
1.400999999999999979e+01,9.283124280149999701e-21,7.392898999999998610e-02
1.401500000000000057e+01,9.286437315225000169e-21,7.429822312500014569e-02
1.401999999999999957e+01,9.289750350299999132e-21,7.462496999999997105e-02
1.402500000000000036e+01,9.293063385374999600e-21,7.486701812500005937e-02
1.403000000000000114e+01,9.296376420450000067e-21,7.547502352941226622e-02
1.403500000000000014e+01,9.299689455524999030e-21,7.649846882352935584e-02
1.404000000000000092e+01,9.303002490599999498e-21,7.610814687500014331e-02
1.404499999999999993e+01,9.306315525674999965e-21,7.555829999999995328e-02
1.405000000000000071e+01,9.309628560750000433e-21,7.497447499999997100e-02
1.405499999999999972e+01,9.312941595824999396e-21,7.500485941176469884e-02
1.406000000000000050e+01,9.316254630899999864e-21,7.499160176470588690e-02
1.406499999999999950e+01,9.319567665974998827e-21,7.505258249999996467e-02
1.407000000000000028e+01,9.322880701049999294e-21,7.515297999999999423e-02
1.407500000000000107e+01,9.326193736124999762e-21,7.483748937499995479e-02
1.408000000000000007e+01,9.329506771199998725e-21,7.429366249999999616e-02
1.408500000000000085e+01,9.332819806274999192e-21,7.422105999999999149e-02
1.408999999999999986e+01,9.336132841349999660e-21,7.415231411764705571e-02
1.409500000000000064e+01,9.339445876425000128e-21,7.408866000000000063e-02
1.409999999999999964e+01,9.342758911499999091e-21,7.398025764705881691e-02
1.410500000000000043e+01,9.346071946574999558e-21,7.385707058823524906e-02
1.410999999999999943e+01,9.349384981649998521e-21,7.373631625000000300e-02
1.411500000000000021e+01,9.352698016724998989e-21,7.361262937500000214e-02
1.412000000000000099e+01,9.356011051799999456e-21,7.357493249999999541e-02
1.412500000000000000e+01,9.359324086874999924e-21,7.344764687499993894e-02
1.413000000000000078e+01,9.362637121950000392e-21,7.323408823529405087e-02
1.413499999999999979e+01,9.365950157024999355e-21,7.319403294117649006e-02
1.414000000000000057e+01,9.369263192099999822e-21,7.324684375000001246e-02
1.414499999999999957e+01,9.372576227174998785e-21,7.330378999999997980e-02
1.415000000000000036e+01,9.375889262249999253e-21,7.286373937500020825e-02
1.415500000000000114e+01,9.379202297324999720e-21,7.270688705882352720e-02
1.416000000000000014e+01,9.382515332399998683e-21,7.277304470588231988e-02
1.416500000000000092e+01,9.385828367475000656e-21,7.304925187500012351e-02
1.416999999999999993e+01,9.389141402549999619e-21,7.321030500000001717e-02
1.417500000000000071e+01,9.392454437625000086e-21,7.281702187499992929e-02
1.417999999999999972e+01,9.395767472699999049e-21,7.268572250000000790e-02
1.418500000000000050e+01,9.399080507774999517e-21,7.283487294117647892e-02
1.418999999999999950e+01,9.402393542849998480e-21,7.305929235294117419e-02
1.419500000000000028e+01,9.405706577924998947e-21,7.305301000000000156e-02
1.420000000000000107e+01,9.409019612999999415e-21,7.282458588235295183e-02
1.420500000000000007e+01,9.412332648074999883e-21,7.232715529411769262e-02
1.421000000000000085e+01,9.415645683150000350e-21,7.157655999999965046e-02
1.421499999999999986e+01,9.418958718224999313e-21,7.108475562500002343e-02
1.422000000000000064e+01,9.422271753299999781e-21,7.083633749999990181e-02
1.422499999999999964e+01,9.425584788374998744e-21,7.058122937500002636e-02
1.423000000000000043e+01,9.428897823449999211e-21,7.044643823529413151e-02
1.423499999999999943e+01,9.432210858524999679e-21,7.033574764705881333e-02
1.424000000000000021e+01,9.435523893600000147e-21,7.027485499999998331e-02
1.424500000000000099e+01,9.438836928675000614e-21,7.022879499999995501e-02
1.425000000000000000e+01,9.442149963749999577e-21,7.020270312500000165e-02
1.425500000000000078e+01,9.445462998825000045e-21,7.018801411764705178e-02
1.425999999999999979e+01,9.448776033899999008e-21,7.017578470588235751e-02
1.426500000000000057e+01,9.452089068974999475e-21,7.016584750000000315e-02
1.426999999999999957e+01,9.455402104049998438e-21,7.015795750000000663e-02
1.427500000000000036e+01,9.458715139124998906e-21,7.015285687499998868e-02
1.428000000000000114e+01,9.462028174199999373e-21,7.015220375000000286e-02
1.428500000000000014e+01,9.465341209274999841e-21,7.015945999999999294e-02
1.429000000000000092e+01,9.468654244350000309e-21,7.017803235294117759e-02
1.429499999999999993e+01,9.471967279424999272e-21,7.021719999999999351e-02
1.430000000000000071e+01,9.475280314499999739e-21,7.027339235294119413e-02
1.430499999999999972e+01,9.478593349574998702e-21,7.030509411764708505e-02
1.431000000000000050e+01,9.481906384649999170e-21,6.967133875000004750e-02
1.431499999999999950e+01,9.485219419724999637e-21,6.935619750000000805e-02
1.432000000000000028e+01,9.488532454800000105e-21,6.921542999999995283e-02
1.432500000000000107e+01,9.491845489875000573e-21,6.906980999999995374e-02
1.433000000000000007e+01,9.495158524949999536e-21,6.912314352941180406e-02
1.433500000000000085e+01,9.498471560025000003e-21,6.917313235294117457e-02
1.433999999999999986e+01,9.501784595099998966e-21,6.917577125000000382e-02
1.434500000000000064e+01,9.505097630174999434e-21,6.918226999999999016e-02
1.434999999999999964e+01,9.508410665249998397e-21,6.919690562499999920e-02
1.435500000000000043e+01,9.511723700324998864e-21,6.923250411764705903e-02
1.435999999999999943e+01,9.515036735399999332e-21,6.930047470588236724e-02
1.436500000000000021e+01,9.518349770474999800e-21,6.940777375000001248e-02
1.437000000000000099e+01,9.521662805550000267e-21,6.950507250000001469e-02
1.437500000000000000e+01,9.524975840624999230e-21,6.988306000000009399e-02
1.438000000000000078e+01,9.528288875699999698e-21,7.098219500000002569e-02
1.438499999999999979e+01,9.531601910774998661e-21,7.110232058823529044e-02
1.439000000000000057e+01,9.534914945849999128e-21,7.097986823529411904e-02
1.439499999999999957e+01,9.538227980924999596e-21,7.091052000000000466e-02
1.440000000000000036e+01,9.541541016000000064e-21,7.114911588235293960e-02
1.440500000000000114e+01,9.544854051075000531e-21,7.122149823529416723e-02
1.441000000000000014e+01,9.548167086149999494e-21,7.136279999999999013e-02
1.441500000000000092e+01,9.551480121224999962e-21,7.158339312500004714e-02
1.441999999999999993e+01,9.554793156299998925e-21,7.146909000000001289e-02
1.442500000000000071e+01,9.558106191374999392e-21,7.149097812499997928e-02
1.442999999999999972e+01,9.561419226449999860e-21,7.158844117647059080e-02
1.443500000000000050e+01,9.564732261525000328e-21,7.154997176470584419e-02
1.443999999999999950e+01,9.568045296599999291e-21,7.110294562499962223e-02
1.444500000000000028e+01,9.571358331674999758e-21,6.940866499999964745e-02
1.445000000000000107e+01,9.574671366750000226e-21,6.920305562500000951e-02
1.445500000000000007e+01,9.577984401824999189e-21,6.926339529411762452e-02
1.446000000000000085e+01,9.581297436899999656e-21,6.933716235294118402e-02
1.446499999999999986e+01,9.584610471974998619e-21,6.942012749999997012e-02
1.447000000000000064e+01,9.587923507049999087e-21,6.961072750000002474e-02
1.447499999999999964e+01,9.591236542124999555e-21,7.066774312500012645e-02
1.448000000000000043e+01,9.594549577200000022e-21,7.094978000000001783e-02
1.448499999999999943e+01,9.597862612274998985e-21,7.124408470588224074e-02
1.449000000000000021e+01,9.601175647349999453e-21,7.141804294117645724e-02
1.449500000000000099e+01,9.604488682424999920e-21,7.138972000000004536e-02
1.450000000000000000e+01,9.607801717499998883e-21,7.148746999999999741e-02
1.450500000000000078e+01,9.611114752574999351e-21,7.159959647058822263e-02
1.450999999999999979e+01,9.614427787649999819e-21,7.171705374999998162e-02
1.451500000000000057e+01,9.617740822725000286e-21,7.184051625000005548e-02
1.451999999999999957e+01,9.621053857799999249e-21,7.187435250000000220e-02
1.452500000000000036e+01,9.624366892874999717e-21,7.182176812499997676e-02
1.453000000000000114e+01,9.627679927950000184e-21,7.177458529411764876e-02
1.453500000000000014e+01,9.630992963024999147e-21,7.183531588235290977e-02
1.454000000000000092e+01,9.634305998099999615e-21,7.199849124999997685e-02
1.454499999999999993e+01,9.637619033174998578e-21,7.211279999999997692e-02
1.455000000000000071e+01,9.640932068249999046e-21,7.216587249999999176e-02
1.455499999999999972e+01,9.644245103324999513e-21,7.171130470588235606e-02
1.456000000000000050e+01,9.647558138399999981e-21,7.174703588235294138e-02
1.456499999999999950e+01,9.650871173474998944e-21,7.174987500000000462e-02
1.457000000000000028e+01,9.654184208549999411e-21,7.158863499999995605e-02
1.457500000000000107e+01,9.657497243624999879e-21,7.160003187499999755e-02
1.458000000000000007e+01,9.660810278699998842e-21,7.200565625000003578e-02
1.458500000000000085e+01,9.664123313774999310e-21,7.251157470588237564e-02
1.458999999999999986e+01,9.667436348849999777e-21,7.282358235294118798e-02
1.459500000000000064e+01,9.670749383925000245e-21,7.259912999999999783e-02
1.459999999999999964e+01,9.674062418999999208e-21,7.235613058823531230e-02
1.460500000000000043e+01,9.677375454074999675e-21,7.209316823529401952e-02
1.460999999999999943e+01,9.680688489149998638e-21,7.198773749999999583e-02
1.461500000000000021e+01,9.684001524224999106e-21,7.216949562499998250e-02
1.462000000000000099e+01,9.687314559299999574e-21,7.238508249999997535e-02
1.462500000000000000e+01,9.690627594375000041e-21,7.259475437500007011e-02
1.463000000000000078e+01,9.693940629450000509e-21,7.278767529411769854e-02
1.463499999999999979e+01,9.697253664524999472e-21,7.304861235294136945e-02
1.464000000000000057e+01,9.700566699599999939e-21,7.346403750000007893e-02
1.464499999999999957e+01,9.703879734674998902e-21,7.373041999999993545e-02
1.465000000000000036e+01,9.707192769749999370e-21,7.397671874999994790e-02
1.465500000000000114e+01,9.710505804824999837e-21,7.420389176470594539e-02
1.466000000000000014e+01,9.713818839899998800e-21,7.433596529411763687e-02
1.466500000000000092e+01,9.717131874974999268e-21,7.440371125000000418e-02
1.466999999999999993e+01,9.720444910049999736e-21,7.447240750000001797e-02
1.467500000000000071e+01,9.723757945125000203e-21,7.453118250000000111e-02
1.467999999999999972e+01,9.727070980199999166e-21,7.460387875000000502e-02
1.468500000000000050e+01,9.730384015274999634e-21,7.471698411764707282e-02
1.468999999999999950e+01,9.733697050349998597e-21,7.499927823529412008e-02
1.469500000000000028e+01,9.737010085424999064e-21,7.563933000000000462e-02
1.470000000000000107e+01,9.740323120499999532e-21,7.769325823529395214e-02
1.470500000000000007e+01,9.743636155575000000e-21,7.842560823529430569e-02
1.471000000000000085e+01,9.746949190650000467e-21,7.609101499999985918e-02
1.471499999999999986e+01,9.750262225724999430e-21,7.577589437500001357e-02
1.472000000000000064e+01,9.753575260799999898e-21,7.553338249999992648e-02
1.472499999999999964e+01,9.756888295874998861e-21,7.553699249999998311e-02
1.473000000000000043e+01,9.760201330949999328e-21,7.551158411764707923e-02
1.473499999999999943e+01,9.763514366024998291e-21,7.540922411764709732e-02
1.474000000000000021e+01,9.766827401099998759e-21,7.525725250000003808e-02
1.474500000000000099e+01,9.770140436174999227e-21,7.504017999999995636e-02
1.475000000000000000e+01,9.773453471249999694e-21,7.486112312499997035e-02
1.475500000000000078e+01,9.776766506325000162e-21,7.473689411764701529e-02
1.475999999999999979e+01,9.780079541399999125e-21,7.461271235294121562e-02
1.476500000000000057e+01,9.783392576474999592e-21,7.490282062500006055e-02
1.476999999999999957e+01,9.786705611549998555e-21,7.496712749999998038e-02
1.477500000000000036e+01,9.790018646624999023e-21,7.496211812500000460e-02
1.478000000000000114e+01,9.793331681699999491e-21,7.495147875000000848e-02
1.478500000000000014e+01,9.796644716774999958e-21,7.493207411764706005e-02
1.479000000000000092e+01,9.799957751850000426e-21,7.491520058823529504e-02
1.479499999999999993e+01,9.803270786924999389e-21,7.490191999999999684e-02
1.480000000000000071e+01,9.806583821999999856e-21,7.489232529411764261e-02
1.480499999999999972e+01,9.809896857074998819e-21,7.564922529411757801e-02
1.481000000000000050e+01,9.813209892149999287e-21,7.684154250000027608e-02
1.481499999999999950e+01,9.816522927224998250e-21,7.741099124999988035e-02
1.482000000000000028e+01,9.819835962300000222e-21,7.740474749999991244e-02
1.482500000000000107e+01,9.823148997375000690e-21,7.691415624999974054e-02
1.483000000000000007e+01,9.826462032449999653e-21,7.649161529411759031e-02
1.483500000000000085e+01,9.829775067525000120e-21,7.637462882352941129e-02
1.483999999999999986e+01,9.833088102599999083e-21,7.644666000000001349e-02
1.484500000000000064e+01,9.836401137674999551e-21,7.677459499999977899e-02
1.484999999999999964e+01,9.839714172749998514e-21,7.707546374999998950e-02
1.485500000000000043e+01,9.843027207824998982e-21,7.712634176470585523e-02
1.485999999999999943e+01,9.846340242899999449e-21,7.750465352941178498e-02
1.486500000000000021e+01,9.849653277974999917e-21,7.790970705882364900e-02
1.487000000000000099e+01,9.852966313050000384e-21,7.820485250000004662e-02
1.487500000000000000e+01,9.856279348124999347e-21,8.181190312500026540e-02
1.488000000000000078e+01,9.859592383199999815e-21,7.787353999999978293e-02
1.488499999999999979e+01,9.862905418274998778e-21,7.667313999999994523e-02
1.489000000000000057e+01,9.866218453349999246e-21,7.595093235294116119e-02
1.489499999999999957e+01,9.869531488424999713e-21,7.590020999999999574e-02
1.490000000000000036e+01,9.872844523500000181e-21,7.618773176470587660e-02
1.490500000000000114e+01,9.876157558575000648e-21,7.634078058823537405e-02
1.491000000000000014e+01,9.879470593649999611e-21,7.655091624999998956e-02
1.491500000000000092e+01,9.882783628725000079e-21,7.678842625000009692e-02
1.491999999999999993e+01,9.886096663799999042e-21,7.707074749999995311e-02
1.492500000000000071e+01,9.889409698874999510e-21,7.749291562499992236e-02
1.492999999999999972e+01,9.892722733949998473e-21,7.805550235294098083e-02
1.493500000000000050e+01,9.896035769024998940e-21,7.875000823529397509e-02
1.493999999999999950e+01,9.899348804099999408e-21,7.961539875000024635e-02
1.494500000000000028e+01,9.902661839174999875e-21,7.970453499999921587e-02
1.495000000000000107e+01,9.905974874250000343e-21,7.750980687499955946e-02
1.495500000000000007e+01,9.909287909324999306e-21,7.735790705882347740e-02
1.496000000000000085e+01,9.912600944399999774e-21,7.754151058823532949e-02
1.496499999999999986e+01,9.915913979474998737e-21,7.772791588235287985e-02
1.497000000000000064e+01,9.919227014549999204e-21,7.792061750000002507e-02
1.497499999999999964e+01,9.922540049624999672e-21,7.814832500000003235e-02
1.498000000000000043e+01,9.925853084700000139e-21,7.834530250000001916e-02
1.498499999999999943e+01,9.929166119774999102e-21,7.853038588235287942e-02
1.499000000000000021e+01,9.932479154849999570e-21,7.870405705882353720e-02
1.499500000000000099e+01,9.935792189925000038e-21,7.885105000000000586e-02
1.500000000000000000e+01,9.939105224999999000e-21,7.893652999999999087e-02
1.500500000000000078e+01,9.942418260074999468e-21,7.915138470588241326e-02
1.500999999999999979e+01,9.945731295149998431e-21,7.932128124999990315e-02
1.501500000000000057e+01,9.949044330225000403e-21,7.956329937500013216e-02
1.501999999999999957e+01,9.952357365299999366e-21,7.990877749999995838e-02
1.502500000000000036e+01,9.955670400374999834e-21,8.040594062500022732e-02
1.503000000000000114e+01,9.958983435450000302e-21,8.124925823529441371e-02
1.503500000000000014e+01,9.962296470524999264e-21,8.243099176470598810e-02
1.504000000000000092e+01,9.965609505599999732e-21,8.335299187500025409e-02
1.504499999999999993e+01,9.968922540674998695e-21,8.263284000000009621e-02
1.505000000000000071e+01,9.972235575749999163e-21,8.242000874999999560e-02
1.505499999999999972e+01,9.975548610824999630e-21,8.239799411764706094e-02
1.506000000000000050e+01,9.978861645900000098e-21,8.242103470588237057e-02
1.506499999999999950e+01,9.982174680974999061e-21,8.251245882352939431e-02
1.507000000000000028e+01,9.985487716049999528e-21,8.264104250000002538e-02
1.507500000000000107e+01,9.988800751124999996e-21,8.281603000000002657e-02
1.508000000000000007e+01,9.992113786199998959e-21,8.299332500000000667e-02
1.508500000000000085e+01,9.995426821274999427e-21,8.301762529411764457e-02
1.508999999999999986e+01,9.998739856349999894e-21,8.295511176470585224e-02
1.509500000000000064e+01,1.000205289142500036e-20,8.293275999999999426e-02
1.509999999999999964e+01,1.000536592649999932e-20,8.299945529411763279e-02
1.510500000000000043e+01,1.000867896157499979e-20,8.324724588235300760e-02
1.510999999999999943e+01,1.001199199664999876e-20,8.344678764705881768e-02
1.511500000000000021e+01,1.001530503172499922e-20,8.361719062500005961e-02
1.512000000000000099e+01,1.001861806679999969e-20,8.385679750000003818e-02
1.512500000000000000e+01,1.002193110187499865e-20,8.403579312499996623e-02
1.513000000000000078e+01,1.002524413694999912e-20,8.426702294117642544e-02
1.513499999999999979e+01,1.002855717202499959e-20,8.467864352941188721e-02
1.514000000000000057e+01,1.003187020710000006e-20,8.522848062500013033e-02
1.514499999999999957e+01,1.003518324217499902e-20,8.580419999999999714e-02
1.515000000000000036e+01,1.003849627724999949e-20,8.594494625000000110e-02
1.515500000000000114e+01,1.004180931232499995e-20,8.581648117647054652e-02
1.516000000000000014e+01,1.004512234739999892e-20,8.568700705882352497e-02
1.516500000000000092e+01,1.004843538247499939e-20,8.577671117647060750e-02
1.516999999999999993e+01,1.005174841754999985e-20,8.591295750000002562e-02
1.517500000000000071e+01,1.005506145262500032e-20,8.598835875000000739e-02
1.517999999999999972e+01,1.005837448769999928e-20,8.601086750000000447e-02
1.518500000000000050e+01,1.006168752277499975e-20,8.606871705882353230e-02
1.518999999999999950e+01,1.006500055784999871e-20,8.615923823529413050e-02
1.519500000000000028e+01,1.006831359292499918e-20,8.629196999999999562e-02
1.520000000000000107e+01,1.007162662799999965e-20,8.673747352941189870e-02
1.520500000000000007e+01,1.007493966307499861e-20,8.718039588235272641e-02
1.521000000000000085e+01,1.007825269815000058e-20,8.763991294117669251e-02
1.521499999999999986e+01,1.008156573322499955e-20,8.807477749999993721e-02
1.522000000000000064e+01,1.008487876830000002e-20,8.876650500000027311e-02
1.522499999999999964e+01,1.008819180337499898e-20,8.991422937499982115e-02
1.523000000000000043e+01,1.009150483844999945e-20,9.084242705882368540e-02
1.523499999999999943e+01,1.009481787352499841e-20,9.274351117647069986e-02
1.524000000000000021e+01,1.009813090859999888e-20,9.523300375000007256e-02
1.524500000000000099e+01,1.010144394367499934e-20,9.075506999999997937e-02
1.525000000000000000e+01,1.010475697874999981e-20,9.071629687500000483e-02
1.525500000000000078e+01,1.010807001382500028e-20,9.084779176470600404e-02
1.525999999999999979e+01,1.011138304889999924e-20,9.105265882352937823e-02
1.526500000000000057e+01,1.011469608397499971e-20,9.127030176470590783e-02
1.526999999999999957e+01,1.011800911904999867e-20,9.145999999999993024e-02
1.527500000000000036e+01,1.012132215412499914e-20,9.180969000000005487e-02
1.528000000000000114e+01,1.012463518919999961e-20,9.281620875000007320e-02
1.528500000000000014e+01,1.012794822427500008e-20,9.416670058823586875e-02
1.529000000000000092e+01,1.013126125935000054e-20,9.522543294117655210e-02
1.529499999999999993e+01,1.013457429442499951e-20,9.610084000000000681e-02
1.530000000000000071e+01,1.013788732949999997e-20,9.676172823529431699e-02
1.530499999999999972e+01,1.014120036457499894e-20,9.667649470588236815e-02
1.531000000000000050e+01,1.014451339964999940e-20,9.660838823529421804e-02
1.531499999999999950e+01,1.014782643472499837e-20,9.673668062500007103e-02
1.532000000000000028e+01,1.015113946979999883e-20,9.632165500000003378e-02
1.532500000000000107e+01,1.015445250487499930e-20,9.633814187499997739e-02
1.533000000000000007e+01,1.015776553994999977e-20,9.647247529411769051e-02
1.533500000000000085e+01,1.016107857502500024e-20,9.663300000000006607e-02
1.533999999999999986e+01,1.016439161009999920e-20,9.694307187500002254e-02
1.534500000000000064e+01,1.016770464517499967e-20,9.733407499999999213e-02
1.534999999999999964e+01,1.017101768024999863e-20,9.776318374999988514e-02
1.535500000000000043e+01,1.017433071532499910e-20,9.824793411764701223e-02
1.535999999999999943e+01,1.017764375039999957e-20,9.881995176470598219e-02
1.536500000000000021e+01,1.018095678547500003e-20,9.999625000000036956e-02
1.537000000000000099e+01,1.018426982055000050e-20,1.016088250000003745e-01
1.537500000000000000e+01,1.018758285562499946e-20,1.019464750000000225e-01
1.538000000000000078e+01,1.019089589069999993e-20,1.021348125000000051e-01
1.538499999999999979e+01,1.019420892577499890e-20,1.022626647058823696e-01
1.539000000000000057e+01,1.019752196084999936e-20,1.026306588235294248e-01
1.539499999999999957e+01,1.020083499592499833e-20,1.031957000000000013e-01
1.540000000000000036e+01,1.020414803099999879e-20,1.045724058823528646e-01
1.540500000000000114e+01,1.020746106607500077e-20,1.059957529411766908e-01
1.541000000000000014e+01,1.021077410114999973e-20,1.066442823529411138e-01
1.541500000000000092e+01,1.021408713622500020e-20,1.073844625000003050e-01
1.541999999999999993e+01,1.021740017129999916e-20,1.084171499999997124e-01
1.542500000000000071e+01,1.022071320637499963e-20,1.086825812499998684e-01
1.542999999999999972e+01,1.022402624144999859e-20,1.089527647058822074e-01
1.543500000000000050e+01,1.022733927652499906e-20,1.093512235294117202e-01
1.543999999999999950e+01,1.023065231159999952e-20,1.107223187500006034e-01
1.544500000000000028e+01,1.023396534667499999e-20,1.117500500000003089e-01
1.545000000000000107e+01,1.023727838175000046e-20,1.120738937499997645e-01
1.545500000000000007e+01,1.024059141682499942e-20,1.116353750000000228e-01
1.546000000000000085e+01,1.024390445189999989e-20,1.121318352941177848e-01
1.546499999999999986e+01,1.024721748697499885e-20,1.135670117647053223e-01
1.547000000000000064e+01,1.025053052204999932e-20,1.151703500000001990e-01
1.547499999999999964e+01,1.025384355712499828e-20,1.170030749999996372e-01
1.548000000000000043e+01,1.025715659220000026e-20,1.166145750000004699e-01
1.548500000000000121e+01,1.026046962727500072e-20,1.171521294117647549e-01
1.549000000000000021e+01,1.026378266234999969e-20,1.175510352941176589e-01
1.549500000000000099e+01,1.026709569742500015e-20,1.158609999999984236e-01
1.550000000000000000e+01,1.027040873249999912e-20,1.135600882352942181e-01
1.550500000000000078e+01,1.027372176757499959e-20,1.105336294117619800e-01
1.550999999999999979e+01,1.027703480264999855e-20,1.025332000000003518e-01
1.551500000000000057e+01,1.028034783772499902e-20,1.003756981250001623e-01
1.551999999999999957e+01,1.028366087279999948e-20,9.860203750000018363e-02
1.552500000000000036e+01,1.028697390787499995e-20,9.717660812499956391e-02
1.553000000000000114e+01,1.029028694295000042e-20,9.586892235294082465e-02
1.553500000000000014e+01,1.029359997802499938e-20,9.477072588235270489e-02
1.554000000000000092e+01,1.029691301309999985e-20,9.392296937499995668e-02
1.554499999999999993e+01,1.030022604817499881e-20,9.309131500000018822e-02
1.555000000000000071e+01,1.030353908324999928e-20,9.231909687500004791e-02
1.555499999999999972e+01,1.030685211832499975e-20,9.150841249999985827e-02
1.556000000000000050e+01,1.031016515340000022e-20,9.070324117647035611e-02
1.556499999999999950e+01,1.031347818847499918e-20,9.002029117647050716e-02
1.557000000000000028e+01,1.031679122354999965e-20,8.946579499999994523e-02
1.557500000000000107e+01,1.032010425862500011e-20,8.908976437499997736e-02
1.558000000000000007e+01,1.032341729369999908e-20,8.870666499999996235e-02
1.558500000000000085e+01,1.032673032877499954e-20,8.824620235294115822e-02
1.558999999999999986e+01,1.033004336384999851e-20,8.800418176470588272e-02
1.559500000000000064e+01,1.033335639892499897e-20,8.789441000000000614e-02
1.559999999999999964e+01,1.033666943399999944e-20,8.766751941176470497e-02
1.560500000000000043e+01,1.033998246907499991e-20,8.788379352941190492e-02
1.561000000000000121e+01,1.034329550415000038e-20,8.802666588235291689e-02
1.561500000000000021e+01,1.034660853922499934e-20,8.790216124999997160e-02
1.562000000000000099e+01,1.034992157429999981e-20,8.786596999999998769e-02
1.562500000000000000e+01,1.035323460937499877e-20,8.771492125000004969e-02
1.563000000000000078e+01,1.035654764444999924e-20,8.736419529411773577e-02
1.563499999999999979e+01,1.035986067952499971e-20,8.666014882352919557e-02
1.564000000000000057e+01,1.036317371460000017e-20,8.562686062499971773e-02
1.564499999999999957e+01,1.036648674967499914e-20,8.616154500000024197e-02
1.565000000000000036e+01,1.036979978474999960e-20,8.486794937500015401e-02
1.565500000000000114e+01,1.037311281982500007e-20,8.244765999999961736e-02
1.566000000000000014e+01,1.037642585489999903e-20,8.090429941176484341e-02
1.566500000000000092e+01,1.037973888997499950e-20,8.031051823529407330e-02
1.566999999999999993e+01,1.038305192504999847e-20,7.981129000000014573e-02
1.567500000000000071e+01,1.038636496012500044e-20,7.900583687499961039e-02
1.567999999999999972e+01,1.038967799519999940e-20,7.841465624999995054e-02
1.568500000000000050e+01,1.039299103027499987e-20,7.753284294117641917e-02
1.568999999999999950e+01,1.039630406534999883e-20,7.696470705882352270e-02
1.569500000000000028e+01,1.039961710042499930e-20,7.704946000000000017e-02
1.570000000000000107e+01,1.040293013549999977e-20,7.598878749999979365e-02
1.570500000000000007e+01,1.040624317057499873e-20,7.636107823529393601e-02
1.571000000000000085e+01,1.040955620564999920e-20,7.926408176470545186e-02
1.571499999999999986e+01,1.041286924072499966e-20,7.337909812500219287e-02
1.572000000000000064e+01,1.041618227580000013e-20,6.404095500000017704e-02
1.572499999999999964e+01,1.041949531087499910e-20,6.468867437499986606e-02
1.573000000000000043e+01,1.042280834594999956e-20,6.547042294117666472e-02
1.573500000000000121e+01,1.042612138102500003e-20,6.616766470588240912e-02
1.574000000000000021e+01,1.042943441609999899e-20,6.664293187499992221e-02
1.574500000000000099e+01,1.043274745117499946e-20,6.701905000000007995e-02
1.575000000000000000e+01,1.043606048624999993e-20,6.740344812500007055e-02
1.575500000000000078e+01,1.043937352132500040e-20,6.779474250000025459e-02
1.575999999999999979e+01,1.044268655639999936e-20,6.817844470588241279e-02
1.576500000000000057e+01,1.044599959147499983e-20,6.857355470588240298e-02
1.576999999999999957e+01,1.044931262654999879e-20,6.896904999999986519e-02
1.577500000000000036e+01,1.045262566162499926e-20,6.936836625000003531e-02
1.578000000000000114e+01,1.045593869669999972e-20,6.976912000000001779e-02
1.578500000000000014e+01,1.045925173177499869e-20,7.016406941176472900e-02
1.579000000000000092e+01,1.046256476684999916e-20,7.056719764705883524e-02
1.579499999999999993e+01,1.046587780192499962e-20,7.097175999999999485e-02
1.580000000000000071e+01,1.046919083700000009e-20,7.137826500000016283e-02
1.580499999999999972e+01,1.047250387207499905e-20,7.178523470588232813e-02
1.581000000000000050e+01,1.047581690714999952e-20,7.219412000000011154e-02
1.581499999999999950e+01,1.047912994222499848e-20,7.259802374999996255e-02
1.582000000000000028e+01,1.048244297729999895e-20,7.301026999999996048e-02
1.582500000000000107e+01,1.048575601237499942e-20,7.352451749999991404e-02
1.583000000000000007e+01,1.048906904744999989e-20,7.410417411764723405e-02
1.583500000000000085e+01,1.049238208252500035e-20,7.479345764705903898e-02
1.583999999999999986e+01,1.049569511759999932e-20,7.549200000000017008e-02
1.584500000000000064e+01,1.049900815267499979e-20,7.618663000000015784e-02
1.584999999999999964e+01,1.050232118774999875e-20,7.690514562499982387e-02
1.585500000000000043e+01,1.050563422282499922e-20,7.764430874999990462e-02
1.586000000000000121e+01,1.050894725789999968e-20,7.847214117647072218e-02
1.586500000000000021e+01,1.051226029297499865e-20,7.954696058823508553e-02
1.587000000000000099e+01,1.051557332805000062e-20,8.068413500000062855e-02
1.587500000000000000e+01,1.051888636312499958e-20,8.180987437500009118e-02
1.588000000000000078e+01,1.052219939820000005e-20,8.308927625000009365e-02
1.588499999999999979e+01,1.052551243327499901e-20,8.450858705882360877e-02
1.589000000000000057e+01,1.052882546834999948e-20,8.619680882352945273e-02
1.589499999999999957e+01,1.053213850342499844e-20,8.775144999999999473e-02
1.590000000000000036e+01,1.053545153849999891e-20,8.930345249999990798e-02
1.590500000000000114e+01,1.053876457357499938e-20,9.082044941176463382e-02
1.591000000000000014e+01,1.054207760864999985e-20,9.235062294117635240e-02
1.591500000000000092e+01,1.054539064372500031e-20,9.396482750000080542e-02
1.591999999999999993e+01,1.054870367879999928e-20,9.645446499999968393e-02
1.592500000000000071e+01,1.055201671387499974e-20,9.908043812500080816e-02
1.592999999999999972e+01,1.055532974894999871e-20,1.017172470588230682e-01
1.593500000000000050e+01,1.055864278402499917e-20,1.047863117647053338e-01
1.593999999999999950e+01,1.056195581909999964e-20,1.076783625000007766e-01
1.594500000000000028e+01,1.056526885417500011e-20,1.107465500000007486e-01
1.595000000000000107e+01,1.056858188925000058e-20,1.142323937500026171e-01
1.595500000000000007e+01,1.057189492432499954e-20,1.181225250000005472e-01
1.596000000000000085e+01,1.057520795940000001e-20,1.211480647058828103e-01
1.596499999999999986e+01,1.057852099447499897e-20,1.240441411764697244e-01
1.597000000000000064e+01,1.058183402954999944e-20,1.267342500000002981e-01
1.597499999999999964e+01,1.058514706462499840e-20,1.295491437499991794e-01
1.598000000000000043e+01,1.058846009969999887e-20,1.319732375000001179e-01
1.598500000000000121e+01,1.059177313477499934e-20,1.341537176470589399e-01
1.599000000000000021e+01,1.059508616984999980e-20,1.365435941176471046e-01
1.599500000000000099e+01,1.059839920492500027e-20,1.388651000000008240e-01
1.600000000000000000e+01,1.060171223999999923e-20,1.406463687499999449e-01
1.600499999999999901e+01,1.060502527507499820e-20,1.424993647058822588e-01
1.601000000000000156e+01,1.060833831015000017e-20,1.442780000000006002e-01
1.601500000000000057e+01,1.061165134522499913e-20,1.462844999999994566e-01
1.601999999999999957e+01,1.061496438029999960e-20,1.501260999999994294e-01
1.602499999999999858e+01,1.061827741537499856e-20,1.556449624999990400e-01
1.603000000000000114e+01,1.062159045045000054e-20,1.629733705882412398e-01
1.603500000000000014e+01,1.062490348552499950e-20,1.713035823529397983e-01
1.603999999999999915e+01,1.062821652059999846e-20,1.789720624999983356e-01
1.604500000000000171e+01,1.063152955567500043e-20,1.865048500000009712e-01
1.605000000000000071e+01,1.063484259074999940e-20,1.905759562500008164e-01
1.605499999999999972e+01,1.063815562582499836e-20,1.938046750000004537e-01
1.605999999999999872e+01,1.064146866089999883e-20,1.960441294117640509e-01
1.606500000000000128e+01,1.064478169597500080e-20,1.996708529411790334e-01
1.607000000000000028e+01,1.064809473104999976e-20,2.039591750000005199e-01
1.607499999999999929e+01,1.065140776612499873e-20,2.085556687500004225e-01
1.608000000000000185e+01,1.065472080120000070e-20,2.138433375000003411e-01
1.608500000000000085e+01,1.065803383627499966e-20,2.206778411764710179e-01
1.608999999999999986e+01,1.066134687134999862e-20,2.310043941176473381e-01
1.609499999999999886e+01,1.066465990642499909e-20,2.454878000000000060e-01
1.610000000000000142e+01,1.066797294149999956e-20,2.686057875000048001e-01
1.610500000000000043e+01,1.067128597657500003e-20,2.357342882352946312e-01
1.610999999999999943e+01,1.067459901164999899e-20,2.257047235294126486e-01
1.611500000000000199e+01,1.067791204672500096e-20,2.153339562499917148e-01
1.612000000000000099e+01,1.068122508179999992e-20,2.081257749999994300e-01
1.612500000000000000e+01,1.068453811687499889e-20,2.063555562500004048e-01
1.612999999999999901e+01,1.068785115194999785e-20,2.023796058823535415e-01
1.613500000000000156e+01,1.069116418702499982e-20,2.015593999999993335e-01
1.614000000000000057e+01,1.069447722210000029e-20,1.934079749999881859e-01
1.614499999999999957e+01,1.069779025717499925e-20,1.786639000000030952e-01
1.614999999999999858e+01,1.070110329224999822e-20,1.657296687500018073e-01
1.615500000000000114e+01,1.070441632732500019e-20,1.630798124999996157e-01
1.616000000000000014e+01,1.070772936239999915e-20,1.607702411764702077e-01
1.616499999999999915e+01,1.071104239747499811e-20,1.581902000000013075e-01
1.617000000000000171e+01,1.071435543255000009e-20,1.551466249999996216e-01
1.617500000000000071e+01,1.071766846762499905e-20,1.519091874999997371e-01
1.617999999999999972e+01,1.072098150269999952e-20,1.486863499999998006e-01
1.618499999999999872e+01,1.072429453777499848e-20,1.441713235294114770e-01
1.619000000000000128e+01,1.072760757285000045e-20,1.372548352941174721e-01
1.619500000000000028e+01,1.073092060792499942e-20,1.321987000000000023e-01
1.619999999999999929e+01,1.073423364299999838e-20,1.285246375000001218e-01
1.620500000000000185e+01,1.073754667807500035e-20,1.250900411764692410e-01
1.621000000000000085e+01,1.074085971314999931e-20,1.213545294117650136e-01
1.621499999999999986e+01,1.074417274822499978e-20,1.175099750000003218e-01
1.621999999999999886e+01,1.074748578329999874e-20,1.137820250000004529e-01
1.622500000000000142e+01,1.075079881837500072e-20,1.098201562499963035e-01
1.623000000000000043e+01,1.075411185344999968e-20,1.042708588235267547e-01
1.623499999999999943e+01,1.075742488852499864e-20,9.752041470588362904e-02
1.624000000000000199e+01,1.076073792360000062e-20,9.021000374999806060e-02
1.624500000000000099e+01,1.076405095867499958e-20,8.286963999999824582e-02
1.625000000000000000e+01,1.076736399374999854e-20,7.591356312499880632e-02
1.625499999999999901e+01,1.077067702882499901e-20,7.045753250000198753e-02
1.626000000000000156e+01,1.077399006390000098e-20,6.114156176470216669e-02
1.626500000000000057e+01,1.077730309897499994e-20,5.527880941176398222e-02
1.626999999999999957e+01,1.078061613404999891e-20,4.977313249999936601e-02
1.627499999999999858e+01,1.078392916912499787e-20,4.444678687500441816e-02
1.628000000000000114e+01,1.078724220419999984e-20,3.920087249999969908e-02
1.628500000000000014e+01,1.079055523927499881e-20,3.464124352941153062e-02
1.628999999999999915e+01,1.079386827434999927e-20,3.021087882352917545e-02
1.629500000000000171e+01,1.079718130942499974e-20,2.536673000000000053e-02
1.630000000000000071e+01,1.080049434450000021e-20,2.213989687500004036e-02
1.630499999999999972e+01,1.080380737957499917e-20,1.893477529411805027e-02
1.630999999999999872e+01,1.080712041464999813e-20,1.180902176470633759e-02
1.631500000000000128e+01,1.081043344972500011e-20,7.340480437498648342e-03
1.632000000000000028e+01,1.081374648479999907e-20,6.497928750000051684e-03
1.632499999999999929e+01,1.081705951987499803e-20,6.060152875000278903e-03
1.633000000000000185e+01,1.082037255495000000e-20,5.610077764705749884e-03
1.633500000000000085e+01,1.082368559002500047e-20,5.093197764705485395e-03
1.633999999999999986e+01,1.082699862509999943e-20,4.478973187500137620e-03
1.634499999999999886e+01,1.083031166017499840e-20,3.754300000000181190e-03
1.635000000000000142e+01,1.083362469525000037e-20,2.894810062499815918e-03
1.635500000000000043e+01,1.083693773032499933e-20,2.066336999999868283e-03
1.635999999999999943e+01,1.084025076539999830e-20,1.398818117647308585e-03
1.636500000000000199e+01,1.084356380047500027e-20,8.747592941175882670e-04
1.637000000000000099e+01,1.084687683554999923e-20,5.058896749999656790e-04
1.637500000000000000e+01,1.085018987062499970e-20,2.945430749999683418e-04
1.637999999999999901e+01,1.085350290569999866e-20,1.441720624999924603e-04
1.638500000000000156e+01,1.085681594077500063e-20,4.834211470587834638e-05
1.639000000000000057e+01,1.086012897584999960e-20,3.333938705881683869e-06
1.639499999999999957e+01,1.086344201092499856e-20,0.000000000000000000e+00
1.639999999999999858e+01,1.086675504599999752e-20,0.000000000000000000e+00
1.640500000000000114e+01,1.087006808107499950e-20,0.000000000000000000e+00
1.641000000000000014e+01,1.087338111614999996e-20,0.000000000000000000e+00
1.641499999999999915e+01,1.087669415122499893e-20,0.000000000000000000e+00
1.642000000000000171e+01,1.088000718630000090e-20,0.000000000000000000e+00
1.642500000000000071e+01,1.088332022137499986e-20,0.000000000000000000e+00
1.642999999999999972e+01,1.088663325644999882e-20,0.000000000000000000e+00
1.643499999999999872e+01,1.088994629152499779e-20,0.000000000000000000e+00
1.644000000000000128e+01,1.089325932659999976e-20,0.000000000000000000e+00
1.644500000000000028e+01,1.089657236167499872e-20,0.000000000000000000e+00
1.644999999999999929e+01,1.089988539674999919e-20,0.000000000000000000e+00
1.645500000000000185e+01,1.090319843182500116e-20,0.000000000000000000e+00
1.646000000000000085e+01,1.090651146690000012e-20,0.000000000000000000e+00
1.646499999999999986e+01,1.090982450197499909e-20,0.000000000000000000e+00
1.646999999999999886e+01,1.091313753704999805e-20,0.000000000000000000e+00
1.647500000000000142e+01,1.091645057212500002e-20,0.000000000000000000e+00
1.648000000000000043e+01,1.091976360719999899e-20,0.000000000000000000e+00
1.648499999999999943e+01,1.092307664227499945e-20,0.000000000000000000e+00
1.649000000000000199e+01,1.092638967734999992e-20,0.000000000000000000e+00
1.649500000000000099e+01,1.092970271242500039e-20,0.000000000000000000e+00
1.650000000000000000e+01,1.093301574749999935e-20,0.000000000000000000e+00
1.650499999999999901e+01,1.093632878257499831e-20,0.000000000000000000e+00
1.651000000000000156e+01,1.093964181765000029e-20,0.000000000000000000e+00
1.651500000000000057e+01,1.094295485272499925e-20,0.000000000000000000e+00
1.651999999999999957e+01,1.094626788779999821e-20,0.000000000000000000e+00
1.652499999999999858e+01,1.094958092287499868e-20,0.000000000000000000e+00
1.653000000000000114e+01,1.095289395795000065e-20,0.000000000000000000e+00
1.653500000000000014e+01,1.095620699302499962e-20,0.000000000000000000e+00
1.653999999999999915e+01,1.095952002809999858e-20,0.000000000000000000e+00
1.654500000000000171e+01,1.096283306317500055e-20,0.000000000000000000e+00
1.655000000000000071e+01,1.096614609824999951e-20,0.000000000000000000e+00
1.655499999999999972e+01,1.096945913332499848e-20,0.000000000000000000e+00
1.655999999999999872e+01,1.097277216839999894e-20,0.000000000000000000e+00
1.656500000000000128e+01,1.097608520347499941e-20,0.000000000000000000e+00
1.657000000000000028e+01,1.097939823854999988e-20,0.000000000000000000e+00
1.657499999999999929e+01,1.098271127362499884e-20,0.000000000000000000e+00
1.658000000000000185e+01,1.098602430870000082e-20,0.000000000000000000e+00
1.658500000000000085e+01,1.098933734377499978e-20,0.000000000000000000e+00
1.658999999999999986e+01,1.099265037884999874e-20,0.000000000000000000e+00
1.659499999999999886e+01,1.099596341392499770e-20,0.000000000000000000e+00
1.660000000000000142e+01,1.099927644899999968e-20,0.000000000000000000e+00
1.660500000000000043e+01,1.100258948407500014e-20,0.000000000000000000e+00
1.660999999999999943e+01,1.100590251914999911e-20,0.000000000000000000e+00
1.661500000000000199e+01,1.100921555422500108e-20,0.000000000000000000e+00
1.662000000000000099e+01,1.101252858930000004e-20,0.000000000000000000e+00
1.662500000000000000e+01,1.101584162437499901e-20,0.000000000000000000e+00
1.662999999999999901e+01,1.101915465944999797e-20,0.000000000000000000e+00
1.663500000000000156e+01,1.102246769452499994e-20,0.000000000000000000e+00
1.664000000000000057e+01,1.102578072959999890e-20,0.000000000000000000e+00
1.664499999999999957e+01,1.102909376467499937e-20,0.000000000000000000e+00
1.664999999999999858e+01,1.103240679974999833e-20,0.000000000000000000e+00
1.665500000000000114e+01,1.103571983482500031e-20,0.000000000000000000e+00
1.666000000000000014e+01,1.103903286989999927e-20,0.000000000000000000e+00
1.666499999999999915e+01,1.104234590497499823e-20,0.000000000000000000e+00
1.667000000000000171e+01,1.104565894005000020e-20,0.000000000000000000e+00
1.667500000000000071e+01,1.104897197512499917e-20,0.000000000000000000e+00
1.667999999999999972e+01,1.105228501019999963e-20,0.000000000000000000e+00
1.668499999999999872e+01,1.105559804527499860e-20,0.000000000000000000e+00
1.669000000000000128e+01,1.105891108035000057e-20,0.000000000000000000e+00
1.669500000000000028e+01,1.106222411542499953e-20,0.000000000000000000e+00
1.669999999999999929e+01,1.106553715049999850e-20,0.000000000000000000e+00
1.670500000000000185e+01,1.106885018557500047e-20,0.000000000000000000e+00
1.671000000000000085e+01,1.107216322064999943e-20,0.000000000000000000e+00
1.671499999999999986e+01,1.107547625572499839e-20,0.000000000000000000e+00
1.671999999999999886e+01,1.107878929079999886e-20,0.000000000000000000e+00
1.672500000000000142e+01,1.108210232587500083e-20,0.000000000000000000e+00
1.673000000000000043e+01,1.108541536094999980e-20,0.000000000000000000e+00
1.673499999999999943e+01,1.108872839602499876e-20,0.000000000000000000e+00
1.674000000000000199e+01,1.109204143110000073e-20,0.000000000000000000e+00
1.674500000000000099e+01,1.109535446617499970e-20,0.000000000000000000e+00
1.675000000000000000e+01,1.109866750124999866e-20,0.000000000000000000e+00
1.675499999999999901e+01,1.110198053632499913e-20,0.000000000000000000e+00
1.676000000000000156e+01,1.110529357139999959e-20,0.000000000000000000e+00
1.676500000000000057e+01,1.110860660647500006e-20,0.000000000000000000e+00
1.676999999999999957e+01,1.111191964154999902e-20,0.000000000000000000e+00
1.677499999999999858e+01,1.111523267662499799e-20,0.000000000000000000e+00
1.678000000000000114e+01,1.111854571169999996e-20,0.000000000000000000e+00
1.678500000000000014e+01,1.112185874677499892e-20,0.000000000000000000e+00
1.678999999999999915e+01,1.112517178184999789e-20,0.000000000000000000e+00
1.679500000000000171e+01,1.112848481692499986e-20,0.000000000000000000e+00
1.680000000000000071e+01,1.113179785200000033e-20,0.000000000000000000e+00
1.680499999999999972e+01,1.113511088707499929e-20,0.000000000000000000e+00
1.680999999999999872e+01,1.113842392214999825e-20,0.000000000000000000e+00
1.681500000000000128e+01,1.114173695722500022e-20,0.000000000000000000e+00
1.682000000000000028e+01,1.114504999229999919e-20,0.000000000000000000e+00
1.682499999999999929e+01,1.114836302737499815e-20,0.000000000000000000e+00
1.683000000000000185e+01,1.115167606245000012e-20,0.000000000000000000e+00
1.683500000000000085e+01,1.115498909752499908e-20,0.000000000000000000e+00
1.683999999999999986e+01,1.115830213259999955e-20,0.000000000000000000e+00
1.684499999999999886e+01,1.116161516767499851e-20,0.000000000000000000e+00
1.685000000000000142e+01,1.116492820275000049e-20,0.000000000000000000e+00
1.685500000000000043e+01,1.116824123782499945e-20,0.000000000000000000e+00
1.685999999999999943e+01,1.117155427289999841e-20,0.000000000000000000e+00
1.686500000000000199e+01,1.117486730797500039e-20,0.000000000000000000e+00
1.687000000000000099e+01,1.117818034304999935e-20,0.000000000000000000e+00
1.687500000000000000e+01,1.118149337812499982e-20,0.000000000000000000e+00
1.687999999999999901e+01,1.118480641319999878e-20,0.000000000000000000e+00
1.688500000000000156e+01,1.118811944827500075e-20,0.000000000000000000e+00
1.689000000000000057e+01,1.119143248334999971e-20,0.000000000000000000e+00
1.689499999999999957e+01,1.119474551842499868e-20,0.000000000000000000e+00
1.689999999999999858e+01,1.119805855349999764e-20,0.000000000000000000e+00
1.690500000000000114e+01,1.120137158857499961e-20,0.000000000000000000e+00
1.691000000000000014e+01,1.120468462364999858e-20,0.000000000000000000e+00
1.691499999999999915e+01,1.120799765872499904e-20,0.000000000000000000e+00
1.692000000000000171e+01,1.121131069380000102e-20,0.000000000000000000e+00
1.692500000000000071e+01,1.121462372887499998e-20,0.000000000000000000e+00
1.692999999999999972e+01,1.121793676394999894e-20,0.000000000000000000e+00
1.693499999999999872e+01,1.122124979902499790e-20,0.000000000000000000e+00
1.694000000000000128e+01,1.122456283409999988e-20,0.000000000000000000e+00
1.694500000000000028e+01,1.122787586917499884e-20,0.000000000000000000e+00
1.694999999999999929e+01,1.123118890424999931e-20,0.000000000000000000e+00
1.695500000000000185e+01,1.123450193932499977e-20,0.000000000000000000e+00
1.696000000000000085e+01,1.123781497440000024e-20,0.000000000000000000e+00
1.696499999999999986e+01,1.124112800947499921e-20,0.000000000000000000e+00
1.696999999999999886e+01,1.124444104454999817e-20,0.000000000000000000e+00
1.697500000000000142e+01,1.124775407962500014e-20,0.000000000000000000e+00
1.698000000000000043e+01,1.125106711469999910e-20,0.000000000000000000e+00
1.698499999999999943e+01,1.125438014977499807e-20,0.000000000000000000e+00
1.699000000000000199e+01,1.125769318485000004e-20,0.000000000000000000e+00
1.699500000000000099e+01,1.126100621992500051e-20,0.000000000000000000e+00
1.700000000000000000e+01,1.126431925499999947e-20,0.000000000000000000e+00
1.700499999999999901e+01,1.126763229007499843e-20,0.000000000000000000e+00
1.701000000000000156e+01,1.127094532515000040e-20,0.000000000000000000e+00
1.701500000000000057e+01,1.127425836022499937e-20,0.000000000000000000e+00
1.701999999999999957e+01,1.127757139529999833e-20,0.000000000000000000e+00
1.702499999999999858e+01,1.128088443037499880e-20,0.000000000000000000e+00
1.703000000000000114e+01,1.128419746544999927e-20,0.000000000000000000e+00
1.703500000000000014e+01,1.128751050052499973e-20,0.000000000000000000e+00
1.703999999999999915e+01,1.129082353559999870e-20,0.000000000000000000e+00
1.704500000000000171e+01,1.129413657067500067e-20,0.000000000000000000e+00
1.705000000000000071e+01,1.129744960574999963e-20,0.000000000000000000e+00
1.705499999999999972e+01,1.130076264082499859e-20,0.000000000000000000e+00
1.705999999999999872e+01,1.130407567589999906e-20,0.000000000000000000e+00
1.706500000000000128e+01,1.130738871097499953e-20,0.000000000000000000e+00
1.707000000000000028e+01,1.131070174605000000e-20,0.000000000000000000e+00
1.707499999999999929e+01,1.131401478112499896e-20,0.000000000000000000e+00
1.708000000000000185e+01,1.131732781620000093e-20,0.000000000000000000e+00
1.708500000000000085e+01,1.132064085127499990e-20,0.000000000000000000e+00
1.708999999999999986e+01,1.132395388634999886e-20,0.000000000000000000e+00
1.709499999999999886e+01,1.132726692142499782e-20,0.000000000000000000e+00
1.710000000000000142e+01,1.133057995649999979e-20,0.000000000000000000e+00
1.710500000000000043e+01,1.133389299157499876e-20,0.000000000000000000e+00
1.710999999999999943e+01,1.133720602664999922e-20,0.000000000000000000e+00
1.711500000000000199e+01,1.134051906172500120e-20,0.000000000000000000e+00
1.712000000000000099e+01,1.134383209680000016e-20,0.000000000000000000e+00
1.712500000000000000e+01,1.134714513187499912e-20,0.000000000000000000e+00
1.712999999999999901e+01,1.135045816694999809e-20,0.000000000000000000e+00
1.713500000000000156e+01,1.135377120202500006e-20,0.000000000000000000e+00
1.714000000000000057e+01,1.135708423709999902e-20,0.000000000000000000e+00
1.714499999999999957e+01,1.136039727217499949e-20,0.000000000000000000e+00
1.715000000000000213e+01,1.136371030724999996e-20,0.000000000000000000e+00
1.715500000000000114e+01,1.136702334232500042e-20,0.000000000000000000e+00
1.716000000000000014e+01,1.137033637739999939e-20,0.000000000000000000e+00
1.716499999999999915e+01,1.137364941247499835e-20,0.000000000000000000e+00
1.717000000000000171e+01,1.137696244755000032e-20,0.000000000000000000e+00
1.717500000000000071e+01,1.138027548262499928e-20,0.000000000000000000e+00
1.717999999999999972e+01,1.138358851769999825e-20,0.000000000000000000e+00
1.718499999999999872e+01,1.138690155277499871e-20,0.000000000000000000e+00
1.719000000000000128e+01,1.139021458785000069e-20,0.000000000000000000e+00
1.719500000000000028e+01,1.139352762292499965e-20,0.000000000000000000e+00
1.719999999999999929e+01,1.139684065799999861e-20,0.000000000000000000e+00
1.720500000000000185e+01,1.140015369307500059e-20,0.000000000000000000e+00
1.721000000000000085e+01,1.140346672814999955e-20,0.000000000000000000e+00
1.721499999999999986e+01,1.140677976322499851e-20,0.000000000000000000e+00
1.721999999999999886e+01,1.141009279829999898e-20,0.000000000000000000e+00
1.722500000000000142e+01,1.141340583337499945e-20,0.000000000000000000e+00
1.723000000000000043e+01,1.141671886844999991e-20,0.000000000000000000e+00
1.723499999999999943e+01,1.142003190352499888e-20,0.000000000000000000e+00
1.724000000000000199e+01,1.142334493860000085e-20,0.000000000000000000e+00
1.724500000000000099e+01,1.142665797367499981e-20,0.000000000000000000e+00
1.725000000000000000e+01,1.142997100874999878e-20,0.000000000000000000e+00
1.725499999999999901e+01,1.143328404382499924e-20,0.000000000000000000e+00
1.726000000000000156e+01,1.143659707889999971e-20,0.000000000000000000e+00
1.726500000000000057e+01,1.143991011397500018e-20,0.000000000000000000e+00
1.726999999999999957e+01,1.144322314904999914e-20,0.000000000000000000e+00
1.727500000000000213e+01,1.144653618412500111e-20,0.000000000000000000e+00
1.728000000000000114e+01,1.144984921920000008e-20,0.000000000000000000e+00
1.728500000000000014e+01,1.145316225427499904e-20,0.000000000000000000e+00
1.728999999999999915e+01,1.145647528934999800e-20,0.000000000000000000e+00
1.729500000000000171e+01,1.145978832442499997e-20,0.000000000000000000e+00
1.730000000000000071e+01,1.146310135949999894e-20,0.000000000000000000e+00
1.730499999999999972e+01,1.146641439457499941e-20,0.000000000000000000e+00
1.730999999999999872e+01,1.146972742964999837e-20,0.000000000000000000e+00
1.731500000000000128e+01,1.147304046472500034e-20,0.000000000000000000e+00
1.732000000000000028e+01,1.147635349979999930e-20,0.000000000000000000e+00
1.732499999999999929e+01,1.147966653487499827e-20,0.000000000000000000e+00
1.733000000000000185e+01,1.148297956995000024e-20,0.000000000000000000e+00
1.733500000000000085e+01,1.148629260502499920e-20,0.000000000000000000e+00
1.733999999999999986e+01,1.148960564009999967e-20,0.000000000000000000e+00
1.734499999999999886e+01,1.149291867517499863e-20,0.000000000000000000e+00
1.735000000000000142e+01,1.149623171025000060e-20,0.000000000000000000e+00
1.735500000000000043e+01,1.149954474532499957e-20,0.000000000000000000e+00
1.735999999999999943e+01,1.150285778039999853e-20,0.000000000000000000e+00
1.736500000000000199e+01,1.150617081547500050e-20,0.000000000000000000e+00
1.737000000000000099e+01,1.150948385054999947e-20,0.000000000000000000e+00
1.737500000000000000e+01,1.151279688562499843e-20,0.000000000000000000e+00
1.737999999999999901e+01,1.151610992069999890e-20,0.000000000000000000e+00
1.738500000000000156e+01,1.151942295577500087e-20,0.000000000000000000e+00
1.739000000000000057e+01,1.152273599084999983e-20,0.000000000000000000e+00
1.739499999999999957e+01,1.152604902592499879e-20,0.000000000000000000e+00
1.740000000000000213e+01,1.152936206100000077e-20,0.000000000000000000e+00
1.740500000000000114e+01,1.153267509607499973e-20,0.000000000000000000e+00
1.741000000000000014e+01,1.153598813114999869e-20,0.000000000000000000e+00
1.741499999999999915e+01,1.153930116622499916e-20,0.000000000000000000e+00
1.742000000000000171e+01,1.154261420129999963e-20,0.000000000000000000e+00
1.742500000000000071e+01,1.154592723637500010e-20,0.000000000000000000e+00
1.742999999999999972e+01,1.154924027144999906e-20,0.000000000000000000e+00
1.743499999999999872e+01,1.155255330652499802e-20,0.000000000000000000e+00
1.744000000000000128e+01,1.155586634159999999e-20,0.000000000000000000e+00
1.744500000000000028e+01,1.155917937667499896e-20,0.000000000000000000e+00
1.744999999999999929e+01,1.156249241174999942e-20,0.000000000000000000e+00
1.745500000000000185e+01,1.156580544682499989e-20,0.000000000000000000e+00
1.746000000000000085e+01,1.156911848190000036e-20,0.000000000000000000e+00
1.746499999999999986e+01,1.157243151697499932e-20,0.000000000000000000e+00
1.746999999999999886e+01,1.157574455204999829e-20,0.000000000000000000e+00
1.747500000000000142e+01,1.157905758712500026e-20,0.000000000000000000e+00
1.748000000000000043e+01,1.158237062219999922e-20,0.000000000000000000e+00
1.748499999999999943e+01,1.158568365727499818e-20,0.000000000000000000e+00
1.749000000000000199e+01,1.158899669235000016e-20,0.000000000000000000e+00
1.749500000000000099e+01,1.159230972742499912e-20,0.000000000000000000e+00
1.750000000000000000e+01,1.159562276249999959e-20,0.000000000000000000e+00
1.750499999999999901e+01,1.159893579757499855e-20,0.000000000000000000e+00
1.751000000000000156e+01,1.160224883265000052e-20,0.000000000000000000e+00
1.751500000000000057e+01,1.160556186772499948e-20,0.000000000000000000e+00
1.751999999999999957e+01,1.160887490279999845e-20,0.000000000000000000e+00
1.752500000000000213e+01,1.161218793787500042e-20,0.000000000000000000e+00
1.753000000000000114e+01,1.161550097294999938e-20,0.000000000000000000e+00
1.753500000000000014e+01,1.161881400802499985e-20,0.000000000000000000e+00
1.753999999999999915e+01,1.162212704309999881e-20,0.000000000000000000e+00
1.754500000000000171e+01,1.162544007817500079e-20,0.000000000000000000e+00
1.755000000000000071e+01,1.162875311324999975e-20,0.000000000000000000e+00
1.755499999999999972e+01,1.163206614832499871e-20,0.000000000000000000e+00
1.755999999999999872e+01,1.163537918339999767e-20,0.000000000000000000e+00
1.756500000000000128e+01,1.163869221847499965e-20,0.000000000000000000e+00
1.757000000000000028e+01,1.164200525354999861e-20,0.000000000000000000e+00
1.757499999999999929e+01,1.164531828862499908e-20,0.000000000000000000e+00
1.758000000000000185e+01,1.164863132370000105e-20,0.000000000000000000e+00
1.758500000000000085e+01,1.165194435877500001e-20,0.000000000000000000e+00
1.758999999999999986e+01,1.165525739384999898e-20,0.000000000000000000e+00
1.759499999999999886e+01,1.165857042892499794e-20,0.000000000000000000e+00
1.760000000000000142e+01,1.166188346399999991e-20,0.000000000000000000e+00
1.760500000000000043e+01,1.166519649907499887e-20,0.000000000000000000e+00
1.760999999999999943e+01,1.166850953414999934e-20,0.000000000000000000e+00
1.761500000000000199e+01,1.167182256922499981e-20,0.000000000000000000e+00
1.762000000000000099e+01,1.167513560430000028e-20,0.000000000000000000e+00
1.762500000000000000e+01,1.167844863937499924e-20,0.000000000000000000e+00
1.762999999999999901e+01,1.168176167444999820e-20,0.000000000000000000e+00
1.763500000000000156e+01,1.168507470952500017e-20,0.000000000000000000e+00
1.764000000000000057e+01,1.168838774459999914e-20,0.000000000000000000e+00
1.764499999999999957e+01,1.169170077967499961e-20,0.000000000000000000e+00
1.765000000000000213e+01,1.169501381475000007e-20,0.000000000000000000e+00
1.765500000000000114e+01,1.169832684982500054e-20,0.000000000000000000e+00
1.766000000000000014e+01,1.170163988489999950e-20,0.000000000000000000e+00
1.766499999999999915e+01,1.170495291997499847e-20,0.000000000000000000e+00
1.767000000000000171e+01,1.170826595505000044e-20,0.000000000000000000e+00
1.767500000000000071e+01,1.171157899012499940e-20,0.000000000000000000e+00
1.767999999999999972e+01,1.171489202519999836e-20,0.000000000000000000e+00
1.768499999999999872e+01,1.171820506027499883e-20,0.000000000000000000e+00
1.769000000000000128e+01,1.172151809534999930e-20,0.000000000000000000e+00
1.769500000000000028e+01,1.172483113042499977e-20,0.000000000000000000e+00
1.769999999999999929e+01,1.172814416549999873e-20,0.000000000000000000e+00
1.770500000000000185e+01,1.173145720057500070e-20,0.000000000000000000e+00
1.771000000000000085e+01,1.173477023564999967e-20,0.000000000000000000e+00
1.771499999999999986e+01,1.173808327072499863e-20,0.000000000000000000e+00
1.771999999999999886e+01,1.174139630579999910e-20,0.000000000000000000e+00
1.772500000000000142e+01,1.174470934087499956e-20,0.000000000000000000e+00
1.773000000000000043e+01,1.174802237595000003e-20,0.000000000000000000e+00
1.773499999999999943e+01,1.175133541102499899e-20,0.000000000000000000e+00
1.774000000000000199e+01,1.175464844610000097e-20,0.000000000000000000e+00
1.774500000000000099e+01,1.175796148117499993e-20,0.000000000000000000e+00
1.775000000000000000e+01,1.176127451624999889e-20,0.000000000000000000e+00
1.775499999999999901e+01,1.176458755132499786e-20,0.000000000000000000e+00
1.776000000000000156e+01,1.176790058639999983e-20,0.000000000000000000e+00
1.776500000000000057e+01,1.177121362147499879e-20,0.000000000000000000e+00
1.776999999999999957e+01,1.177452665654999926e-20,0.000000000000000000e+00
1.777500000000000213e+01,1.177783969162500123e-20,0.000000000000000000e+00
1.778000000000000114e+01,1.178115272670000019e-20,0.000000000000000000e+00
1.778500000000000014e+01,1.178446576177499916e-20,0.000000000000000000e+00
1.778999999999999915e+01,1.178777879684999812e-20,0.000000000000000000e+00
1.779500000000000171e+01,1.179109183192500009e-20,0.000000000000000000e+00
1.780000000000000071e+01,1.179440486699999905e-20,0.000000000000000000e+00
1.780499999999999972e+01,1.179771790207499952e-20,0.000000000000000000e+00
1.780999999999999872e+01,1.180103093714999849e-20,0.000000000000000000e+00
1.781500000000000128e+01,1.180434397222500046e-20,0.000000000000000000e+00
1.782000000000000028e+01,1.180765700729999942e-20,0.000000000000000000e+00
1.782499999999999929e+01,1.181097004237499838e-20,0.000000000000000000e+00
1.783000000000000185e+01,1.181428307745000036e-20,0.000000000000000000e+00
1.783500000000000085e+01,1.181759611252499932e-20,0.000000000000000000e+00
1.783999999999999986e+01,1.182090914759999979e-20,0.000000000000000000e+00
1.784499999999999886e+01,1.182422218267499875e-20,0.000000000000000000e+00
1.785000000000000142e+01,1.182753521775000072e-20,0.000000000000000000e+00
1.785500000000000043e+01,1.183084825282499968e-20,0.000000000000000000e+00
1.785999999999999943e+01,1.183416128789999865e-20,0.000000000000000000e+00
1.786500000000000199e+01,1.183747432297500062e-20,0.000000000000000000e+00
1.787000000000000099e+01,1.184078735804999958e-20,0.000000000000000000e+00
1.787500000000000000e+01,1.184410039312499855e-20,0.000000000000000000e+00
1.787999999999999901e+01,1.184741342819999901e-20,0.000000000000000000e+00
1.788500000000000156e+01,1.185072646327499948e-20,0.000000000000000000e+00
1.789000000000000057e+01,1.185403949834999995e-20,0.000000000000000000e+00
1.789499999999999957e+01,1.185735253342499891e-20,0.000000000000000000e+00
1.790000000000000213e+01,1.186066556850000088e-20,0.000000000000000000e+00
1.790500000000000114e+01,1.186397860357499985e-20,0.000000000000000000e+00
1.791000000000000014e+01,1.186729163864999881e-20,0.000000000000000000e+00
1.791499999999999915e+01,1.187060467372499928e-20,0.000000000000000000e+00
1.792000000000000171e+01,1.187391770879999974e-20,0.000000000000000000e+00
1.792500000000000071e+01,1.187723074387500021e-20,0.000000000000000000e+00
1.792999999999999972e+01,1.188054377894999918e-20,0.000000000000000000e+00
1.793499999999999872e+01,1.188385681402499814e-20,0.000000000000000000e+00
1.794000000000000128e+01,1.188716984910000011e-20,0.000000000000000000e+00
1.794500000000000028e+01,1.189048288417499907e-20,0.000000000000000000e+00
1.794999999999999929e+01,1.189379591924999804e-20,0.000000000000000000e+00
1.795500000000000185e+01,1.189710895432500001e-20,0.000000000000000000e+00
1.796000000000000085e+01,1.190042198939999897e-20,0.000000000000000000e+00
1.796499999999999986e+01,1.190373502447499944e-20,0.000000000000000000e+00
1.796999999999999886e+01,1.190704805954999840e-20,0.000000000000000000e+00
1.797500000000000142e+01,1.191036109462500037e-20,0.000000000000000000e+00
1.798000000000000043e+01,1.191367412969999934e-20,0.000000000000000000e+00
1.798499999999999943e+01,1.191698716477499830e-20,0.000000000000000000e+00
1.799000000000000199e+01,1.192030019985000027e-20,0.000000000000000000e+00
1.799500000000000099e+01,1.192361323492499924e-20,0.000000000000000000e+00
1.800000000000000000e+01,1.192692626999999970e-20,0.000000000000000000e+00
1.800499999999999901e+01,1.193023930507499867e-20,0.000000000000000000e+00
1.801000000000000156e+01,1.193355234015000064e-20,0.000000000000000000e+00
1.801500000000000057e+01,1.193686537522499960e-20,0.000000000000000000e+00
1.801999999999999957e+01,1.194017841029999856e-20,0.000000000000000000e+00
1.802500000000000213e+01,1.194349144537500054e-20,0.000000000000000000e+00
1.803000000000000114e+01,1.194680448044999950e-20,0.000000000000000000e+00
1.803500000000000014e+01,1.195011751552499997e-20,0.000000000000000000e+00
1.803999999999999915e+01,1.195343055059999893e-20,0.000000000000000000e+00
1.804500000000000171e+01,1.195674358567500090e-20,0.000000000000000000e+00
1.805000000000000071e+01,1.196005662074999987e-20,0.000000000000000000e+00
1.805499999999999972e+01,1.196336965582499883e-20,0.000000000000000000e+00
1.805999999999999872e+01,1.196668269089999779e-20,0.000000000000000000e+00
1.806500000000000128e+01,1.196999572597499976e-20,0.000000000000000000e+00
1.807000000000000028e+01,1.197330876104999873e-20,0.000000000000000000e+00
1.807499999999999929e+01,1.197662179612499919e-20,0.000000000000000000e+00
1.808000000000000185e+01,1.197993483119999966e-20,0.000000000000000000e+00
1.808500000000000085e+01,1.198324786627500013e-20,0.000000000000000000e+00
1.808999999999999986e+01,1.198656090134999909e-20,0.000000000000000000e+00
1.809499999999999886e+01,1.198987393642499806e-20,0.000000000000000000e+00
1.810000000000000142e+01,1.199318697150000003e-20,0.000000000000000000e+00
1.810500000000000043e+01,1.199650000657499899e-20,0.000000000000000000e+00
1.810999999999999943e+01,1.199981304164999946e-20,0.000000000000000000e+00
1.811500000000000199e+01,1.200312607672499993e-20,0.000000000000000000e+00
1.812000000000000099e+01,1.200643911180000039e-20,0.000000000000000000e+00
1.812500000000000000e+01,1.200975214687499936e-20,0.000000000000000000e+00
1.812999999999999901e+01,1.201306518194999832e-20,0.000000000000000000e+00
1.813500000000000156e+01,1.201637821702500029e-20,0.000000000000000000e+00
1.814000000000000057e+01,1.201969125209999925e-20,0.000000000000000000e+00
1.814499999999999957e+01,1.202300428717499822e-20,0.000000000000000000e+00
1.815000000000000213e+01,1.202631732225000019e-20,0.000000000000000000e+00
1.815500000000000114e+01,1.202963035732499915e-20,0.000000000000000000e+00
1.816000000000000014e+01,1.203294339239999962e-20,0.000000000000000000e+00
1.816499999999999915e+01,1.203625642747499858e-20,0.000000000000000000e+00
1.817000000000000171e+01,1.203956946255000056e-20,0.000000000000000000e+00
1.817500000000000071e+01,1.204288249762499952e-20,0.000000000000000000e+00
1.817999999999999972e+01,1.204619553269999848e-20,0.000000000000000000e+00
1.818499999999999872e+01,1.204950856777499895e-20,0.000000000000000000e+00
1.819000000000000128e+01,1.205282160284999942e-20,0.000000000000000000e+00
1.819500000000000028e+01,1.205613463792499988e-20,0.000000000000000000e+00
1.819999999999999929e+01,1.205944767299999885e-20,0.000000000000000000e+00
1.820500000000000185e+01,1.206276070807500082e-20,0.000000000000000000e+00
1.821000000000000085e+01,1.206607374314999978e-20,0.000000000000000000e+00
1.821499999999999986e+01,1.206938677822499875e-20,0.000000000000000000e+00
1.821999999999999886e+01,1.207269981329999771e-20,0.000000000000000000e+00
1.822500000000000142e+01,1.207601284837499968e-20,0.000000000000000000e+00
1.823000000000000043e+01,1.207932588345000015e-20,0.000000000000000000e+00
1.823499999999999943e+01,1.208263891852499911e-20,0.000000000000000000e+00
1.824000000000000199e+01,1.208595195360000108e-20,0.000000000000000000e+00
1.824500000000000099e+01,1.208926498867500005e-20,0.000000000000000000e+00
1.825000000000000000e+01,1.209257802374999901e-20,0.000000000000000000e+00
1.825499999999999901e+01,1.209589105882499797e-20,0.000000000000000000e+00
1.826000000000000156e+01,1.209920409389999994e-20,0.000000000000000000e+00
1.826500000000000057e+01,1.210251712897499891e-20,0.000000000000000000e+00
1.826999999999999957e+01,1.210583016404999938e-20,0.000000000000000000e+00
1.827500000000000213e+01,1.210914319912499984e-20,0.000000000000000000e+00
1.828000000000000114e+01,1.211245623420000031e-20,0.000000000000000000e+00
1.828500000000000014e+01,1.211576926927499927e-20,0.000000000000000000e+00
1.828999999999999915e+01,1.211908230434999824e-20,0.000000000000000000e+00
1.829500000000000171e+01,1.212239533942500021e-20,0.000000000000000000e+00
1.830000000000000071e+01,1.212570837449999917e-20,0.000000000000000000e+00
1.830499999999999972e+01,1.212902140957499964e-20,0.000000000000000000e+00
1.830999999999999872e+01,1.213233444464999860e-20,0.000000000000000000e+00
1.831500000000000128e+01,1.213564747972500057e-20,0.000000000000000000e+00
1.832000000000000028e+01,1.213896051479999954e-20,0.000000000000000000e+00
1.832499999999999929e+01,1.214227354987499850e-20,0.000000000000000000e+00
1.833000000000000185e+01,1.214558658495000047e-20,0.000000000000000000e+00
1.833500000000000085e+01,1.214889962002499944e-20,0.000000000000000000e+00
1.833999999999999986e+01,1.215221265509999840e-20,0.000000000000000000e+00
1.834499999999999886e+01,1.215552569017499887e-20,0.000000000000000000e+00
1.835000000000000142e+01,1.215883872524999933e-20,0.000000000000000000e+00
1.835500000000000043e+01,1.216215176032499980e-20,0.000000000000000000e+00
1.835999999999999943e+01,1.216546479539999876e-20,0.000000000000000000e+00
1.836500000000000199e+01,1.216877783047500074e-20,0.000000000000000000e+00
1.837000000000000099e+01,1.217209086554999970e-20,0.000000000000000000e+00
1.837500000000000000e+01,1.217540390062499866e-20,0.000000000000000000e+00
1.837999999999999901e+01,1.217871693569999913e-20,0.000000000000000000e+00
1.838500000000000156e+01,1.218202997077499960e-20,0.000000000000000000e+00
1.839000000000000057e+01,1.218534300585000007e-20,0.000000000000000000e+00
1.839499999999999957e+01,1.218865604092499903e-20,0.000000000000000000e+00
1.840000000000000213e+01,1.219196907600000100e-20,0.000000000000000000e+00
1.840500000000000114e+01,1.219528211107499996e-20,0.000000000000000000e+00
1.841000000000000014e+01,1.219859514614999893e-20,0.000000000000000000e+00
1.841499999999999915e+01,1.220190818122499789e-20,0.000000000000000000e+00
1.842000000000000171e+01,1.220522121629999986e-20,0.000000000000000000e+00
1.842500000000000071e+01,1.220853425137500033e-20,0.000000000000000000e+00
1.842999999999999972e+01,1.221184728644999929e-20,0.000000000000000000e+00
1.843499999999999872e+01,1.221516032152499826e-20,0.000000000000000000e+00
1.844000000000000128e+01,1.221847335660000023e-20,0.000000000000000000e+00
1.844500000000000028e+01,1.222178639167499919e-20,0.000000000000000000e+00
1.844999999999999929e+01,1.222509942674999815e-20,0.000000000000000000e+00
1.845500000000000185e+01,1.222841246182500013e-20,0.000000000000000000e+00
1.846000000000000085e+01,1.223172549689999909e-20,0.000000000000000000e+00
1.846499999999999986e+01,1.223503853197499956e-20,0.000000000000000000e+00
1.846999999999999886e+01,1.223835156704999852e-20,0.000000000000000000e+00
1.847500000000000142e+01,1.224166460212500049e-20,0.000000000000000000e+00
1.848000000000000043e+01,1.224497763719999945e-20,0.000000000000000000e+00
1.848499999999999943e+01,1.224829067227499842e-20,0.000000000000000000e+00
1.849000000000000199e+01,1.225160370735000039e-20,0.000000000000000000e+00
1.849500000000000099e+01,1.225491674242499935e-20,0.000000000000000000e+00
1.850000000000000000e+01,1.225822977749999982e-20,0.000000000000000000e+00
1.850499999999999901e+01,1.226154281257499878e-20,0.000000000000000000e+00
1.851000000000000156e+01,1.226485584765000076e-20,0.000000000000000000e+00
1.851500000000000057e+01,1.226816888272499972e-20,0.000000000000000000e+00
1.851999999999999957e+01,1.227148191779999868e-20,0.000000000000000000e+00
1.852500000000000213e+01,1.227479495287500065e-20,0.000000000000000000e+00
1.853000000000000114e+01,1.227810798794999962e-20,0.000000000000000000e+00
1.853500000000000014e+01,1.228142102302499858e-20,0.000000000000000000e+00
1.853999999999999915e+01,1.228473405809999905e-20,0.000000000000000000e+00
1.854500000000000171e+01,1.228804709317499952e-20,0.000000000000000000e+00
1.855000000000000071e+01,1.229136012824999998e-20,0.000000000000000000e+00
1.855499999999999972e+01,1.229467316332499895e-20,0.000000000000000000e+00
1.855999999999999872e+01,1.229798619839999791e-20,0.000000000000000000e+00
1.856500000000000128e+01,1.230129923347499988e-20,0.000000000000000000e+00
1.857000000000000028e+01,1.230461226854999884e-20,0.000000000000000000e+00
1.857499999999999929e+01,1.230792530362499931e-20,0.000000000000000000e+00
1.858000000000000185e+01,1.231123833869999978e-20,0.000000000000000000e+00
1.858500000000000085e+01,1.231455137377500025e-20,0.000000000000000000e+00
1.858999999999999986e+01,1.231786440884999921e-20,0.000000000000000000e+00
1.859499999999999886e+01,1.232117744392499817e-20,0.000000000000000000e+00
1.860000000000000142e+01,1.232449047900000014e-20,0.000000000000000000e+00
1.860500000000000043e+01,1.232780351407499911e-20,0.000000000000000000e+00
1.860999999999999943e+01,1.233111654914999807e-20,0.000000000000000000e+00
1.861500000000000199e+01,1.233442958422500004e-20,0.000000000000000000e+00
1.862000000000000099e+01,1.233774261930000051e-20,0.000000000000000000e+00
1.862500000000000000e+01,1.234105565437499947e-20,0.000000000000000000e+00
1.862999999999999901e+01,1.234436868944999844e-20,0.000000000000000000e+00
1.863500000000000156e+01,1.234768172452500041e-20,0.000000000000000000e+00
1.864000000000000057e+01,1.235099475959999937e-20,0.000000000000000000e+00
1.864499999999999957e+01,1.235430779467499833e-20,0.000000000000000000e+00
1.865000000000000213e+01,1.235762082975000031e-20,0.000000000000000000e+00
1.865500000000000114e+01,1.236093386482499927e-20,0.000000000000000000e+00
1.866000000000000014e+01,1.236424689989999974e-20,0.000000000000000000e+00
1.866499999999999915e+01,1.236755993497499870e-20,0.000000000000000000e+00
1.867000000000000171e+01,1.237087297005000067e-20,0.000000000000000000e+00
1.867500000000000071e+01,1.237418600512499964e-20,0.000000000000000000e+00
1.867999999999999972e+01,1.237749904019999860e-20,0.000000000000000000e+00
1.868499999999999872e+01,1.238081207527499756e-20,0.000000000000000000e+00
1.869000000000000128e+01,1.238412511034999953e-20,0.000000000000000000e+00
1.869500000000000028e+01,1.238743814542500000e-20,0.000000000000000000e+00
1.869999999999999929e+01,1.239075118049999896e-20,0.000000000000000000e+00
1.870500000000000185e+01,1.239406421557500094e-20,0.000000000000000000e+00
1.871000000000000085e+01,1.239737725064999990e-20,0.000000000000000000e+00
1.871499999999999986e+01,1.240069028572499886e-20,0.000000000000000000e+00
1.871999999999999886e+01,1.240400332079999783e-20,0.000000000000000000e+00
1.872500000000000142e+01,1.240731635587499980e-20,0.000000000000000000e+00
1.873000000000000043e+01,1.241062939094999876e-20,0.000000000000000000e+00
1.873499999999999943e+01,1.241394242602499923e-20,0.000000000000000000e+00
1.874000000000000199e+01,1.241725546109999970e-20,0.000000000000000000e+00
1.874500000000000099e+01,1.242056849617500016e-20,0.000000000000000000e+00
1.875000000000000000e+01,1.242388153124999913e-20,0.000000000000000000e+00
1.875499999999999901e+01,1.242719456632499809e-20,0.000000000000000000e+00
1.876000000000000156e+01,1.243050760140000006e-20,0.000000000000000000e+00
1.876500000000000057e+01,1.243382063647499902e-20,0.000000000000000000e+00
1.876999999999999957e+01,1.243713367154999949e-20,0.000000000000000000e+00
1.877500000000000213e+01,1.244044670662499996e-20,0.000000000000000000e+00
1.878000000000000114e+01,1.244375974170000043e-20,0.000000000000000000e+00
1.878500000000000014e+01,1.244707277677499939e-20,0.000000000000000000e+00
1.878999999999999915e+01,1.245038581184999835e-20,0.000000000000000000e+00
1.879500000000000171e+01,1.245369884692500033e-20,0.000000000000000000e+00
1.880000000000000071e+01,1.245701188199999929e-20,0.000000000000000000e+00
1.880499999999999972e+01,1.246032491707499825e-20,0.000000000000000000e+00
1.880999999999999872e+01,1.246363795214999872e-20,0.000000000000000000e+00
1.881500000000000128e+01,1.246695098722500069e-20,0.000000000000000000e+00
1.882000000000000028e+01,1.247026402229999965e-20,0.000000000000000000e+00
1.882499999999999929e+01,1.247357705737499862e-20,0.000000000000000000e+00
1.883000000000000185e+01,1.247689009245000059e-20,0.000000000000000000e+00
1.883500000000000085e+01,1.248020312752499955e-20,0.000000000000000000e+00
1.883999999999999986e+01,1.248351616259999852e-20,0.000000000000000000e+00
1.884499999999999886e+01,1.248682919767499898e-20,0.000000000000000000e+00
1.885000000000000142e+01,1.249014223274999945e-20,0.000000000000000000e+00
1.885500000000000043e+01,1.249345526782499992e-20,0.000000000000000000e+00
1.885999999999999943e+01,1.249676830289999888e-20,0.000000000000000000e+00
1.886500000000000199e+01,1.250008133797500085e-20,0.000000000000000000e+00
1.887000000000000099e+01,1.250339437304999982e-20,0.000000000000000000e+00
1.887500000000000000e+01,1.250670740812499878e-20,0.000000000000000000e+00
1.887999999999999901e+01,1.251002044319999774e-20,0.000000000000000000e+00
1.888500000000000156e+01,1.251333347827499972e-20,0.000000000000000000e+00
1.889000000000000057e+01,1.251664651335000018e-20,0.000000000000000000e+00
1.889499999999999957e+01,1.251995954842499915e-20,0.000000000000000000e+00
1.890000000000000213e+01,1.252327258350000112e-20,0.000000000000000000e+00
1.890500000000000114e+01,1.252658561857500008e-20,0.000000000000000000e+00
1.891000000000000014e+01,1.252989865364999904e-20,0.000000000000000000e+00
1.891499999999999915e+01,1.253321168872499801e-20,0.000000000000000000e+00
1.892000000000000171e+01,1.253652472379999998e-20,0.000000000000000000e+00
1.892500000000000071e+01,1.253983775887499894e-20,0.000000000000000000e+00
1.892999999999999972e+01,1.254315079394999941e-20,0.000000000000000000e+00
1.893499999999999872e+01,1.254646382902499837e-20,0.000000000000000000e+00
1.894000000000000128e+01,1.254977686410000034e-20,0.000000000000000000e+00
1.894500000000000028e+01,1.255308989917499931e-20,0.000000000000000000e+00
1.894999999999999929e+01,1.255640293424999827e-20,0.000000000000000000e+00
1.895500000000000185e+01,1.255971596932500024e-20,0.000000000000000000e+00
1.896000000000000085e+01,1.256302900439999921e-20,0.000000000000000000e+00
1.896499999999999986e+01,1.256634203947499967e-20,0.000000000000000000e+00
1.896999999999999886e+01,1.256965507454999864e-20,0.000000000000000000e+00
1.897500000000000142e+01,1.257296810962500061e-20,0.000000000000000000e+00
1.898000000000000043e+01,1.257628114469999957e-20,0.000000000000000000e+00
1.898499999999999943e+01,1.257959417977499853e-20,0.000000000000000000e+00
1.899000000000000199e+01,1.258290721485000051e-20,0.000000000000000000e+00
1.899500000000000099e+01,1.258622024992499947e-20,0.000000000000000000e+00
1.900000000000000000e+01,1.258953328499999843e-20,0.000000000000000000e+00
1.900499999999999901e+01,1.259284632007499890e-20,0.000000000000000000e+00
1.901000000000000156e+01,1.259615935515000087e-20,0.000000000000000000e+00
1.901500000000000057e+01,1.259947239022499984e-20,0.000000000000000000e+00
1.901999999999999957e+01,1.260278542529999880e-20,0.000000000000000000e+00
1.902500000000000213e+01,1.260609846037500077e-20,0.000000000000000000e+00
1.903000000000000114e+01,1.260941149544999973e-20,0.000000000000000000e+00
1.903500000000000014e+01,1.261272453052499870e-20,0.000000000000000000e+00
1.903999999999999915e+01,1.261603756559999916e-20,0.000000000000000000e+00
1.904500000000000171e+01,1.261935060067499963e-20,0.000000000000000000e+00
1.905000000000000071e+01,1.262266363575000010e-20,0.000000000000000000e+00
1.905499999999999972e+01,1.262597667082499906e-20,0.000000000000000000e+00
1.905999999999999872e+01,1.262928970589999803e-20,0.000000000000000000e+00
1.906500000000000128e+01,1.263260274097500000e-20,0.000000000000000000e+00
1.907000000000000028e+01,1.263591577604999896e-20,0.000000000000000000e+00
1.907499999999999929e+01,1.263922881112499792e-20,0.000000000000000000e+00
1.908000000000000185e+01,1.264254184619999990e-20,0.000000000000000000e+00
1.908500000000000085e+01,1.264585488127500036e-20,0.000000000000000000e+00
1.908999999999999986e+01,1.264916791634999933e-20,0.000000000000000000e+00
1.909499999999999886e+01,1.265248095142499829e-20,0.000000000000000000e+00
1.910000000000000142e+01,1.265579398650000026e-20,0.000000000000000000e+00
1.910500000000000043e+01,1.265910702157499923e-20,0.000000000000000000e+00
1.910999999999999943e+01,1.266242005664999819e-20,0.000000000000000000e+00
1.911500000000000199e+01,1.266573309172500016e-20,0.000000000000000000e+00
1.912000000000000099e+01,1.266904612679999912e-20,0.000000000000000000e+00
1.912500000000000000e+01,1.267235916187499959e-20,0.000000000000000000e+00
1.912999999999999901e+01,1.267567219694999855e-20,0.000000000000000000e+00
1.913500000000000156e+01,1.267898523202500053e-20,0.000000000000000000e+00
1.914000000000000057e+01,1.268229826709999949e-20,0.000000000000000000e+00
1.914499999999999957e+01,1.268561130217499845e-20,0.000000000000000000e+00
1.915000000000000213e+01,1.268892433725000042e-20,0.000000000000000000e+00
1.915500000000000114e+01,1.269223737232499939e-20,0.000000000000000000e+00
1.916000000000000014e+01,1.269555040739999985e-20,0.000000000000000000e+00
1.916499999999999915e+01,1.269886344247499882e-20,0.000000000000000000e+00
1.917000000000000171e+01,1.270217647755000079e-20,0.000000000000000000e+00
1.917500000000000071e+01,1.270548951262499975e-20,0.000000000000000000e+00
1.917999999999999972e+01,1.270880254769999872e-20,0.000000000000000000e+00
1.918499999999999872e+01,1.271211558277499768e-20,0.000000000000000000e+00
1.919000000000000128e+01,1.271542861784999965e-20,0.000000000000000000e+00
1.919500000000000028e+01,1.271874165292499861e-20,0.000000000000000000e+00
1.919999999999999929e+01,1.272205468799999908e-20,0.000000000000000000e+00
1.920500000000000185e+01,1.272536772307500105e-20,0.000000000000000000e+00
1.921000000000000085e+01,1.272868075815000002e-20,0.000000000000000000e+00
1.921499999999999986e+01,1.273199379322499898e-20,0.000000000000000000e+00
1.921999999999999886e+01,1.273530682829999794e-20,0.000000000000000000e+00
1.922500000000000142e+01,1.273861986337499992e-20,0.000000000000000000e+00
1.923000000000000043e+01,1.274193289844999888e-20,0.000000000000000000e+00
1.923499999999999943e+01,1.274524593352499935e-20,0.000000000000000000e+00
1.924000000000000199e+01,1.274855896859999981e-20,0.000000000000000000e+00
1.924500000000000099e+01,1.275187200367500028e-20,0.000000000000000000e+00
1.925000000000000000e+01,1.275518503874999924e-20,0.000000000000000000e+00
1.925499999999999901e+01,1.275849807382499821e-20,0.000000000000000000e+00
1.926000000000000156e+01,1.276181110890000018e-20,0.000000000000000000e+00
1.926500000000000057e+01,1.276512414397499914e-20,0.000000000000000000e+00
1.926999999999999957e+01,1.276843717904999811e-20,0.000000000000000000e+00
1.927500000000000213e+01,1.277175021412500008e-20,0.000000000000000000e+00
1.928000000000000114e+01,1.277506324920000054e-20,0.000000000000000000e+00
1.928500000000000014e+01,1.277837628427499951e-20,0.000000000000000000e+00
1.928999999999999915e+01,1.278168931934999847e-20,0.000000000000000000e+00
1.929500000000000171e+01,1.278500235442500044e-20,0.000000000000000000e+00
1.930000000000000071e+01,1.278831538949999941e-20,0.000000000000000000e+00
1.930499999999999972e+01,1.279162842457499837e-20,0.000000000000000000e+00
1.930999999999999872e+01,1.279494145964999884e-20,0.000000000000000000e+00
1.931500000000000128e+01,1.279825449472499930e-20,0.000000000000000000e+00
1.932000000000000028e+01,1.280156752979999977e-20,0.000000000000000000e+00
1.932499999999999929e+01,1.280488056487499873e-20,0.000000000000000000e+00
1.933000000000000185e+01,1.280819359995000071e-20,0.000000000000000000e+00
1.933500000000000085e+01,1.281150663502499967e-20,0.000000000000000000e+00
1.933999999999999986e+01,1.281481967009999863e-20,0.000000000000000000e+00
1.934499999999999886e+01,1.281813270517499760e-20,0.000000000000000000e+00
1.935000000000000142e+01,1.282144574024999957e-20,0.000000000000000000e+00
1.935500000000000043e+01,1.282475877532500004e-20,0.000000000000000000e+00
1.935999999999999943e+01,1.282807181039999900e-20,0.000000000000000000e+00
1.936500000000000199e+01,1.283138484547500097e-20,0.000000000000000000e+00
1.937000000000000099e+01,1.283469788054999993e-20,0.000000000000000000e+00
1.937500000000000000e+01,1.283801091562499890e-20,0.000000000000000000e+00
1.937999999999999901e+01,1.284132395069999786e-20,0.000000000000000000e+00
1.938500000000000156e+01,1.284463698577499983e-20,0.000000000000000000e+00
1.939000000000000057e+01,1.284795002084999880e-20,0.000000000000000000e+00
1.939499999999999957e+01,1.285126305592499926e-20,0.000000000000000000e+00
1.940000000000000213e+01,1.285457609100000124e-20,0.000000000000000000e+00
1.940500000000000114e+01,1.285788912607500020e-20,0.000000000000000000e+00
1.941000000000000014e+01,1.286120216114999916e-20,0.000000000000000000e+00
1.941499999999999915e+01,1.286451519622499812e-20,0.000000000000000000e+00
1.942000000000000171e+01,1.286782823130000010e-20,0.000000000000000000e+00
1.942500000000000071e+01,1.287114126637499906e-20,0.000000000000000000e+00
1.942999999999999972e+01,1.287445430144999953e-20,0.000000000000000000e+00
1.943499999999999872e+01,1.287776733652499849e-20,0.000000000000000000e+00
1.944000000000000128e+01,1.288108037160000046e-20,0.000000000000000000e+00
1.944500000000000028e+01,1.288439340667499943e-20,0.000000000000000000e+00
1.944999999999999929e+01,1.288770644174999839e-20,0.000000000000000000e+00
1.945500000000000185e+01,1.289101947682500036e-20,0.000000000000000000e+00
1.946000000000000085e+01,1.289433251189999932e-20,0.000000000000000000e+00
1.946499999999999986e+01,1.289764554697499829e-20,0.000000000000000000e+00
1.946999999999999886e+01,1.290095858204999875e-20,0.000000000000000000e+00
1.947500000000000142e+01,1.290427161712500073e-20,0.000000000000000000e+00
1.948000000000000043e+01,1.290758465219999969e-20,0.000000000000000000e+00
1.948499999999999943e+01,1.291089768727499865e-20,0.000000000000000000e+00
1.949000000000000199e+01,1.291421072235000062e-20,0.000000000000000000e+00
1.949500000000000099e+01,1.291752375742499959e-20,0.000000000000000000e+00
1.950000000000000000e+01,1.292083679249999855e-20,0.000000000000000000e+00
1.950499999999999901e+01,1.292414982757499902e-20,0.000000000000000000e+00
1.951000000000000156e+01,1.292746286264999949e-20,0.000000000000000000e+00
1.951500000000000057e+01,1.293077589772499995e-20,0.000000000000000000e+00
1.951999999999999957e+01,1.293408893279999892e-20,0.000000000000000000e+00
1.952500000000000213e+01,1.293740196787500089e-20,0.000000000000000000e+00
1.953000000000000114e+01,1.294071500294999985e-20,0.000000000000000000e+00
1.953500000000000014e+01,1.294402803802499881e-20,0.000000000000000000e+00
1.953999999999999915e+01,1.294734107309999778e-20,0.000000000000000000e+00
1.954500000000000171e+01,1.295065410817499975e-20,0.000000000000000000e+00
1.955000000000000071e+01,1.295396714325000022e-20,0.000000000000000000e+00
1.955499999999999972e+01,1.295728017832499918e-20,0.000000000000000000e+00
1.955999999999999872e+01,1.296059321339999814e-20,0.000000000000000000e+00
1.956500000000000128e+01,1.296390624847500012e-20,0.000000000000000000e+00
1.957000000000000028e+01,1.296721928354999908e-20,0.000000000000000000e+00
1.957499999999999929e+01,1.297053231862499804e-20,0.000000000000000000e+00
1.958000000000000185e+01,1.297384535370000001e-20,0.000000000000000000e+00
1.958500000000000085e+01,1.297715838877499898e-20,0.000000000000000000e+00
1.958999999999999986e+01,1.298047142384999944e-20,0.000000000000000000e+00
1.959499999999999886e+01,1.298378445892499841e-20,0.000000000000000000e+00
1.960000000000000142e+01,1.298709749400000038e-20,0.000000000000000000e+00
1.960500000000000043e+01,1.299041052907499934e-20,0.000000000000000000e+00
1.960999999999999943e+01,1.299372356414999831e-20,0.000000000000000000e+00
1.961500000000000199e+01,1.299703659922500028e-20,0.000000000000000000e+00
1.962000000000000099e+01,1.300034963429999924e-20,0.000000000000000000e+00
1.962500000000000000e+01,1.300366266937499971e-20,0.000000000000000000e+00
1.962999999999999901e+01,1.300697570444999867e-20,0.000000000000000000e+00
1.963500000000000156e+01,1.301028873952500064e-20,0.000000000000000000e+00
1.964000000000000057e+01,1.301360177459999961e-20,0.000000000000000000e+00
1.964499999999999957e+01,1.301691480967499857e-20,0.000000000000000000e+00
1.965000000000000213e+01,1.302022784475000054e-20,0.000000000000000000e+00
1.965500000000000114e+01,1.302354087982499950e-20,0.000000000000000000e+00
1.966000000000000014e+01,1.302685391489999847e-20,0.000000000000000000e+00
1.966499999999999915e+01,1.303016694997499893e-20,0.000000000000000000e+00
1.967000000000000171e+01,1.303347998505000091e-20,0.000000000000000000e+00
1.967500000000000071e+01,1.303679302012499987e-20,0.000000000000000000e+00
1.967999999999999972e+01,1.304010605519999883e-20,0.000000000000000000e+00
1.968499999999999872e+01,1.304341909027499780e-20,0.000000000000000000e+00
1.969000000000000128e+01,1.304673212534999977e-20,0.000000000000000000e+00
1.969500000000000028e+01,1.305004516042499873e-20,0.000000000000000000e+00
1.969999999999999929e+01,1.305335819549999920e-20,0.000000000000000000e+00
1.970500000000000185e+01,1.305667123057499967e-20,0.000000000000000000e+00
1.971000000000000085e+01,1.305998426565000013e-20,0.000000000000000000e+00
1.971499999999999986e+01,1.306329730072499910e-20,0.000000000000000000e+00
1.971999999999999886e+01,1.306661033579999806e-20,0.000000000000000000e+00
1.972500000000000142e+01,1.306992337087500003e-20,0.000000000000000000e+00
1.973000000000000043e+01,1.307323640594999900e-20,0.000000000000000000e+00
1.973499999999999943e+01,1.307654944102499796e-20,0.000000000000000000e+00
1.974000000000000199e+01,1.307986247609999993e-20,0.000000000000000000e+00
1.974500000000000099e+01,1.308317551117500040e-20,0.000000000000000000e+00
1.975000000000000000e+01,1.308648854624999936e-20,0.000000000000000000e+00
1.975499999999999901e+01,1.308980158132499832e-20,0.000000000000000000e+00
1.976000000000000156e+01,1.309311461640000030e-20,0.000000000000000000e+00
1.976500000000000057e+01,1.309642765147499926e-20,0.000000000000000000e+00
1.976999999999999957e+01,1.309974068654999822e-20,0.000000000000000000e+00
1.977500000000000213e+01,1.310305372162500019e-20,0.000000000000000000e+00
1.978000000000000114e+01,1.310636675669999916e-20,0.000000000000000000e+00
1.978500000000000014e+01,1.310967979177499963e-20,0.000000000000000000e+00
1.978999999999999915e+01,1.311299282684999859e-20,0.000000000000000000e+00
1.979500000000000171e+01,1.311630586192500056e-20,0.000000000000000000e+00
1.980000000000000071e+01,1.311961889699999952e-20,0.000000000000000000e+00
1.980499999999999972e+01,1.312293193207499849e-20,0.000000000000000000e+00
1.980999999999999872e+01,1.312624496714999895e-20,0.000000000000000000e+00
1.981500000000000128e+01,1.312955800222499942e-20,0.000000000000000000e+00
1.982000000000000028e+01,1.313287103729999989e-20,0.000000000000000000e+00
1.982499999999999929e+01,1.313618407237499885e-20,0.000000000000000000e+00
1.983000000000000185e+01,1.313949710745000082e-20,0.000000000000000000e+00
1.983500000000000085e+01,1.314281014252499979e-20,0.000000000000000000e+00
1.983999999999999986e+01,1.314612317759999875e-20,0.000000000000000000e+00
1.984499999999999886e+01,1.314943621267499771e-20,0.000000000000000000e+00
1.985000000000000142e+01,1.315274924774999969e-20,0.000000000000000000e+00
1.985500000000000043e+01,1.315606228282499865e-20,0.000000000000000000e+00
1.985999999999999943e+01,1.315937531789999912e-20,0.000000000000000000e+00
1.986500000000000199e+01,1.316268835297500109e-20,0.000000000000000000e+00
1.987000000000000099e+01,1.316600138805000005e-20,0.000000000000000000e+00
1.987500000000000000e+01,1.316931442312499901e-20,0.000000000000000000e+00
1.987999999999999901e+01,1.317262745819999798e-20,0.000000000000000000e+00
1.988500000000000156e+01,1.317594049327499995e-20,0.000000000000000000e+00
1.989000000000000057e+01,1.317925352834999891e-20,0.000000000000000000e+00
1.989499999999999957e+01,1.318256656342499938e-20,0.000000000000000000e+00
1.990000000000000213e+01,1.318587959849999985e-20,0.000000000000000000e+00
1.990500000000000114e+01,1.318919263357500032e-20,0.000000000000000000e+00
1.991000000000000014e+01,1.319250566864999928e-20,0.000000000000000000e+00
1.991499999999999915e+01,1.319581870372499824e-20,0.000000000000000000e+00
1.992000000000000171e+01,1.319913173880000021e-20,0.000000000000000000e+00
1.992500000000000071e+01,1.320244477387499918e-20,0.000000000000000000e+00
1.992999999999999972e+01,1.320575780894999814e-20,0.000000000000000000e+00
1.993499999999999872e+01,1.320907084402499861e-20,0.000000000000000000e+00
1.994000000000000128e+01,1.321238387910000058e-20,0.000000000000000000e+00
1.994500000000000028e+01,1.321569691417499954e-20,0.000000000000000000e+00
1.994999999999999929e+01,1.321900994924999851e-20,0.000000000000000000e+00
1.995500000000000185e+01,1.322232298432500048e-20,0.000000000000000000e+00
1.996000000000000085e+01,1.322563601939999944e-20,0.000000000000000000e+00
1.996499999999999986e+01,1.322894905447499840e-20,0.000000000000000000e+00
1.996999999999999886e+01,1.323226208954999887e-20,0.000000000000000000e+00
1.997500000000000142e+01,1.323557512462499934e-20,0.000000000000000000e+00
1.998000000000000043e+01,1.323888815969999981e-20,0.000000000000000000e+00
1.998499999999999943e+01,1.324220119477499877e-20,0.000000000000000000e+00
1.999000000000000199e+01,1.324551422985000074e-20,0.000000000000000000e+00
1.999500000000000099e+01,1.324882726492499970e-20,0.000000000000000000e+00
2.000000000000000000e+01,1.325214029999999867e-20,0.000000000000000000e+00
