delta_over_Delta0,r_over_ell0,a_over_kBTc,q_delta_ell0,force_dimensionless,energy_excess_density,current_moment_dimensionless
0.05,1e-05,1.763876942464599e-05,0.003999999629566091,-5.9336864566913115e-06,6.407174874601399,4.887158714200092e-05
0.05,1.0097631247682853e-05,1.7810978931286172e-05,0.004039052121847254,-5.991390907710138e-06,6.4071748745748005,4.934872654482786e-05
0.05,1.019621568141812e-05,1.798486974082563e-05,0.004078485888389158,-6.049652025231547e-06,6.407174874547678,4.9830524319174594e-05
0.05,1.0295762607280153e-05,1.816045826803432e-05,0.004118304651617197,-6.108475045661184e-06,6.407174874520026,5.031702594530337e-05
0.05,1.0396281422199655e-05,1.833776108794163e-05,0.004158512170299189,-6.167865250662395e-06,6.407174874491831,5.0808277347505895e-05
0.05,1.0497781614850797e-05,1.8516794937401126e-05,0.0041991122399002104,-6.227827967424534e-06,6.407174874463083,5.130432489843876e-05
0.05,1.0600272766546798e-05,1.869757671667025e-05,0.0042401086929408135,-6.288368568928809e-06,6.407174874433769,5.1805215423500215e-05
0.05,1.0703764552144453e-05,1.8880123491005815e-05,0.004281505399358861,-6.349492474211807e-06,6.40717487440388,5.23109962052509e-05
0.05,1.080826674095739e-05,1.9064452492274856e-05,0.0043233062668748,-6.411205148625606e-06,6.407174874373407,5.282171498787696e-05
0.05,1.0913789197678266e-05,1.9250581120581276e-05,0.004365515241360546,-6.473512104095323e-06,6.407174874342333,5.3337419981696936e-05
0.05,1.1020341883309965e-05,1.943852694590837e-05,0.00440813630721196,-6.53641889937319e-06,6.407174874310654,5.385815986771282e-05
0.05,1.1127934856105858e-05,1.9628307709777315e-05,0.0044511734877249395,-6.599931140289094e-06,6.407174874278347,5.438398380220508e-05
0.05,1.1236578272519373e-05,1.981994132692212e-05,0.004494630845475259,-6.664054479997778e-06,6.407174874245409,5.491494142137352e-05
0.05,1.1346282388162583e-05,2.0013445886980427e-05,0.004538512482701979,-6.7287946192218726e-06,6.407174874211828,5.5451082846021935e-05
0.05,1.1457057558774415e-05,2.020883965620133e-05,0.004582822541694737,-6.794157306490903e-06,6.407174874177584,5.599245868628992e-05
0.05,1.1568914241198156e-05,2.0406141079169577e-05,0.0046275652051847495,-6.860148338376048e-06,6.40717487414267,5.653912004643022e-05
0.05,1.1681862994368567e-05,2.060536878054671e-05,0.00467274469673964,-6.926773559720216e-06,6.40717487410707,5.7091118529632696e-05
0.05,1.1795914480308605e-05,2.0806541566829146e-05,0.00471836528116213,-6.994038863863664e-06,6.40717487407077,5.764850624289561e-05
0.05,1.1911079465135882e-05,2.1009678428123496e-05,0.00476443126489262,-7.0619501928639135e-06,6.4071748740337595,5.8211335801944386e-05
0.05,1.2027368820078941e-05,2.1214798539939092e-05,0.00481094699641569,-7.130513537710928e-06,6.407174873996025,5.877966033619819e-05
0.05,1.2144793522503558e-05,2.142192126499829e-05,0.004857916866670611,-7.199734938536433e-06,6.407174873957547,5.9353533493785694e-05
0.05,1.2263364656948823e-05,2.1631066155063984e-05,0.0049053453094657804,-7.269620484817144e-06,6.407174873918317,5.993300944660856e-05
0.05,1.2383093416173597e-05,2.1842252952785425e-05,0.004953236801897292,-7.340176315572508e-06,6.407174873878315,6.051814289545564e-05
0.05,1.2503991102213032e-05,2.2055501593561796e-05,0.005001595864771542,-7.411408619554951e-06,6.407174873837528,6.110898907516639e-05
0.05,1.262606912744547e-05,2.227083220742409e-05,0.005050427063031985,-7.48332363543453e-06,6.407174873795944,6.170560375984494e-05
0.05,1.2749339015669717e-05,2.2488265120935272e-05,0.00509973500619002,-7.555927651975117e-06,6.407174873753541,6.230804326812484e-05
0.05,1.2873812403192843e-05,2.2707820859109053e-05,0.005149524348760127,-7.629227008204473e-06,6.407174873710305,6.291636446848543e-05
0.05,1.2999501039928714e-05,2.292952014734755e-05,0.005199799790699262,-7.703228093575678e-06,6.4071748736662215,6.353062478462053e-05
0.05,1.3126416790506994e-05,2.3153383913397428e-05,0.0052505660778504465,-7.777937348120553e-06,6.4071748736212735,6.41508822008582e-05
0.05,1.325457163539323e-05,2.3379433289325593e-05,0.005301828002390803,-7.853361262594977e-06,6.407174873575446,6.477719526763487e-05
0.05,1.3383977672019752e-05,2.360768961351396e-05,0.005353590403283896,-7.929506378614692e-06,6.407174873528716,6.540962310702218e-05
0.05,1.3514647115927626e-05,2.3838174432673724e-05,0.005405858166736522,-8.006379288782435e-06,6.407174873481071,6.604822541830791e-05
0.05,1.3646592301919777e-05,2.4070909503879312e-05,0.00545863622665993,-8.083986636805044e-06,6.40717487343249,6.669306248363146e-05
0.05,1.3779825685225314e-05,2.4305916796622138e-05,0.005511929565135567,-8.16233511760045e-06,6.407174873382958,6.734419517367414e-05
0.05,1.3914359842675393e-05,2.4543218494884642e-05,0.005565743212885394,-8.241431477394447e-06,6.407174873332451,6.800168495340572e-05
0.05,1.4050207473890252e-05,2.4782836999234107e-05,0.005620082249746701,-8.3212825138062e-06,6.407174873280957,6.866559388788568e-05
0.05,1.4187381402478139e-05,2.50247949289374e-05,0.0056749518051516686,-8.401895075922073e-06,6.407174873228452,6.933598464812263e-05
0.05,1.4325894577245786e-05,2.5269115124096106e-05,0.005730357058611549,-8.483276064358534e-06,6.407174873174913,7.001292051698999e-05
0.05,1.446576007342074e-05,2.5515820647802574e-05,0.005786303240205583,-8.565432431311601e-06,6.407174873120327,7.069646539519978e-05
0.05,1.4606991093885628e-05,2.5764934788316997e-05,0.005842795631074703,-8.648371180593776e-06,6.407174873064668,7.138668380733463e-05
0.05,1.4749600970424436e-05,2.6016481061265716e-05,0.005899839563920037,-8.732099367657845e-06,6.4071748730079205,7.208364090793865e-05
0.05,1.4893603164981114e-05,2.6270483211861204e-05,0.0059574404235063225,-8.81662409960631e-06,6.407174872950056,7.278740248766816e-05
0.05,1.5039011270930154e-05,2.652696521714327e-05,0.006015603647170157,-8.90195253518654e-06,6.407174872891058,7.349803497950163e-05
0.05,1.5185839014359896e-05,2.678595128824258e-05,0.006074334725333276,-8.9880918847708e-06,6.407174872830901,7.421560546501094e-05
0.05,1.533410025536819e-05,2.7047465872666115e-05,0.006133639202020832,-9.075049410320565e-06,6.407174872769567,7.494018168069383e-05
0.05,1.5483808989370743e-05,2.7311533656604885e-05,0.006193522675384709,-9.162832425334568e-06,6.407174872707025,7.567183202436787e-05
0.05,1.563497934842227e-05,2.757817956726431e-05,0.0062539907982319815,-9.251448294780258e-06,6.407174872643261,7.641062556162715e-05
0.05,1.578762560255045e-05,2.7847428775217103e-05,0.006315049278558461,-9.340904435006535e-06,6.407174872578242,7.71566320323614e-05
0.05,1.594176216110313e-05,2.8119306696779653e-05,0.006376703880087596,-9.431208313640304e-06,6.407174872511949,7.79099218573403e-05
0.05,1.6097403574108307e-05,2.8393838996410795e-05,0.006438960422814434,-9.522367449462028e-06,6.4071748724443545,7.86705661448596e-05
0.05,1.6254564533647772e-05,2.8671051589134776e-05,0.006501824783555065,-9.614389412262922e-06,6.407174872375435,7.943863669745457e-05
0.05,1.641325987524392e-05,2.895097064298741e-05,0.006565302896501331,-9.707281822681288e-06,6.407174872305163,8.021420601867734e-05
0.05,1.657350457926022e-05,2.9233622581486354e-05,0.006629400753781017,-9.801052352018113e-06,6.407174872233515,8.099734731994154e-05
0.05,1.6735313772315288e-05,2.9519034086125344e-05,0.0066941244060234415,-9.89570872203009e-06,6.407174872160457,8.178813452743277e-05
0.05,1.6898702728710773e-05,2.980723209889279e-05,0.006759479962930603,-9.991258704700396e-06,6.407174872085966,8.258664228908699e-05
0.05,1.706368687187334e-05,3.0098243824815304e-05,0.006825473593853977,-1.0087710121986582e-05,6.407174872010016,8.339294598163797e-05
0.05,1.7230281775810393e-05,3.0392096734525375e-05,0.0068921115283767575,-1.0185070845542303e-05,6.407174871932575,8.420712171773126e-05
0.05,1.7398503166580347e-05,3.068881856685476e-05,0.006959400056901973,-1.0283348796415468e-05,6.407174871853615,8.502924635310988e-05
0.05,1.7568366923777076e-05,3.098843733145288e-05,0.0070273455312462344,-1.0382551944719352e-05,6.4071748717731065,8.5859397493869e-05
0.05,1.7739889082028933e-05,3.1290981311430884e-05,0.007095954365239339,-1.0482688309276902e-05,6.407174871691015,8.669765350378189e-05
0.05,1.7913085832512324e-05,3.159647906603143e-05,0.007165233035329668,-1.0583765957236632e-05,6.407174871607317,8.754409351169698e-05
0.05,1.8087973524480148e-05,3.1904959433324656e-05,0.007235188081195556,-1.0685793003659682e-05,6.407174871521975,8.839879741900754e-05
0.05,1.8264568666805055e-05,3.2216451532930286e-05,0.007305826106362569,-1.0788777611076522e-05,6.407174871434961,8.926184590719403e-05
0.05,1.844288792953799e-05,3.2530984768766724e-05,0.007377153778826897,-1.0892727989012819e-05,6.4071748713462355,9.013332044544065e-05
0.05,1.862294814548157e-05,3.28485888318263e-05,0.0074491778316847,-1.099765239348249e-05,6.407174871255774,9.101330329832495e-05
0.05,1.8804766311779218e-05,3.31692937029783e-05,0.007521905063767725,-1.1103559126447697e-05,6.4071748711635355,9.1901877533584e-05
0.05,1.8988359591519567e-05,3.349312965579891e-05,0.007595342340285047,-1.1210456535244228e-05,6.407174871069487,9.279912702995539e-05
0.05,1.9173745315356643e-05,3.3820127259429074e-05,0.007669496593471137,-1.131835301197087e-05,6.407174870973594,9.370513648509552e-05
0.05,1.9360940983145798e-05,3.415031738146006e-05,0.007744374823240197,-1.1427256992842354e-05,6.407174870875822,9.46199914235744e-05
0.05,1.954996426559562e-05,3.448373119084719e-05,0.007819984097846904,-1.1537176957502836e-05,6.40717487077613,9.554377820494892e-05
0.05,1.9740833005936152e-05,3.48204001608524e-05,0.007896331554553665,-1.1648121428300787e-05,6.4071748706744795,9.647658403191565e-05
0.05,1.9933565221602992e-05,3.5160356072014805e-05,0.007973424400304253,-1.1760098969522936e-05,6.407174870570839,9.741849695854141e-05
0.05,2.0128179105938256e-05,3.5503631015150954e-05,0.008051269912404149,-1.1873118186585062e-05,6.407174870465164,9.836960589857599e-05
0.05,2.0324693029907927e-05,3.585025739438404e-05,0.008129875439207462,-1.1987187725179403e-05,6.407174870357416,9.933000063384534e-05
0.05,2.0523125543836018e-05,3.6200267930202756e-05,0.008209248400810571,-1.2102316270377038e-05,6.407174870247554,0.0001002997718227264
0.05,2.0723495379155676e-05,3.655369566254999e-05,0.00828939628975252,-1.2218512545683056e-05,6.4071748701355355,0.00010127901100870521
0.05,2.0925821450177316e-05,3.691057395394164e-05,0.008370326671722264,-1.2335785312043055e-05,6.407174870021324,0.00010226781062901801
0.05,2.113012285587426e-05,3.727093649261625e-05,0.008452047186272892,-1.2454143366801085e-05,6.407174869904866,0.00010326626402337807
0.05,2.133641888168536e-05,3.763481729571461e-05,0.008534565547542639,-1.2573595542603383e-05,6.407174869786126,0.00010427446544278516
0.05,2.1544729001335656e-05,3.800225071249114e-05,0.008617889544983109,-1.2694150706251087e-05,6.407174869665057,0.00010529251005842347
0.05,2.1755072878674593e-05,3.837327142755636e-05,0.008702027044094555,-1.281581775749667e-05,6.407174869541615,0.00010632049397064551
0.05,2.1967470369532232e-05,3.874791446415092e-05,0.008786985987168306,-1.2938605627782562e-05,6.407174869415749,0.00010735851421804329
0.05,2.218194152359359e-05,3.912621518745179e-05,0.008872774394036484,-1.306252327892318e-05,6.407174869287414,0.00010840666878660888
0.05,2.2398506586291197e-05,3.9508209307910436e-05,0.008959400362828978,-1.3187579701723076e-05,6.407174869156562,0.00010946505661898338
0.05,2.2617186000716423e-05,3.98939328846242e-05,0.009046872070737955,-1.3313783914534986e-05,6.407174869023141,0.00011053377762379806
0.05,2.2838000409548935e-05,4.0283422328739614e-05,0.009135197774789593,-1.3441144961750801e-05,6.407174868887105,0.00011161293268510387
0.05,2.3060970657005513e-05,4.067671440688987e-05,0.009224385812623569,-1.356967191222708e-05,6.407174868748401,0.00011270262367189553
0.05,2.328611779080763e-05,4.107384624466538e-05,0.009314444603280054,-1.3699373857639803e-05,6.407174868606973,0.0001138029534477274
0.05,2.351346306416827e-05,4.147485533011832e-05,0.009405382647994414,-1.3830259910769303e-05,6.407174868462773,0.00011491402588042369
0.05,2.374302793779822e-05,4.187977951730141e-05,0.009497208530999652,-1.3962339203709506e-05,6.407174868315747,0.00011603594585188296
0.05,2.397483408193183e-05,4.228865702984119e-05,0.009589930920336706,-1.4095620886002605e-05,6.407174868165834,0.00011716881926797894
0.05,2.4208903378372622e-05,4.270152646454614e-05,0.009683558568672614,-1.4230114122693757e-05,6.407174868012982,0.00011831275306855724
0.05,2.444525792255904e-05,4.311842679505046e-05,0.00977810031412679,-1.4365828092305609e-05,6.407174867857126,0.00011946785523753123
0.05,2.46839200256499e-05,4.353939737549255e-05,0.009873565081105155,-1.450277198472759e-05,6.407174867698221,0.00012063423481307408
0.05,2.4924912216630698e-05,4.3964477944230235e-05,0.009969961881142603,-1.464095499902027e-05,6.407174867536193,0.00012181200189791233
0.05,2.5168257244440227e-05,4.439370862759191e-05,0.010067299813753604,-1.4780386341128369e-05,6.4071748673709905,0.00012300126766971934
0.05,2.5413978080117998e-05,4.4827129943664264e-05,0.010165588067291113,-1.492107522150402e-05,6.407174867202545,0.00012420214439160958
0.05,2.566209791897266e-05,4.5264782806117195e-05,0.01026483591981391,-1.506303085263272e-05,6.407174867030796,0.00012541474542273676
0.05,2.5912640182771495e-05,4.570670852806569e-05,0.010365052739962296,-1.5206262446461505e-05,6.40717486685568,0.00012663918522899347
0.05,2.616562852195158e-05,4.6152948825970166e-05,0.010466247987842554,-1.5350779211727305e-05,6.407174866677126,0.00012787557939381814
0.05,2.6421086817852e-05,4.660354582357371e-05,0.010568431215919738,-1.5496590351178135e-05,6.407174866495071,0.00012912404462910365
0.05,2.667903918496839e-05,4.705854205587892e-05,0.010671612069919456,-1.5643705058689383e-05,6.407174866309445,0.0001303846987862161
0.05,2.693950997322921e-05,4.751798047316285e-05,0.010775800289738293,-1.579213251626512e-05,6.407174866120177,0.00013165766086711903
0.05,2.7202523770294316e-05,4.798190444503153e-05,0.010881005710363207,-1.5941881890929344e-05,6.4071748659272,0.00013294305103560703
0.05,2.746810540387595e-05,4.845035776451383e-05,0.010987238262799825,-1.6092962331493374e-05,6.407174865730433,0.0001342409906286488
0.05,2.773627994408235e-05,4.892338465219532e-05,0.011094507975009864,-1.6245382965206027e-05,6.40717486552981,0.00013555160216784063
0.05,2.8007072705784516e-05,4.940102976039295e-05,0.011202824972857718,-1.6399152894273834e-05,6.407174865325251,0.00013687500937097327
0.05,2.828050925100553e-05,4.988333817736953e-05,0.01131219948106615,-1.6554281192254134e-05,6.407174865116681,0.0001382113371637088
0.05,2.855661539133375e-05,5.0370355431590275e-05,0.011422641824181484,-1.6710776900311923e-05,6.407174864904018,0.00013956071169137442
0.05,2.883541719035928e-05,5.086212749602049e-05,0.011534162427548131,-1.6868649023340173e-05,6.407174864687185,0.00014092326033086986
0.05,2.911694096613432e-05,5.1358700792465276e-05,0.011646771818292628,-1.7027906525935815e-05,6.407174864466098,0.00014229911170269134
0.05,2.9401213293657488e-05,5.186012219595159e-05,0.011760480626317306,-1.7188558328230144e-05,6.4071748642406785,0.000143688395683073
0.05,2.968826100738238e-05,5.236643903915301e-05,0.011875299585303617,-1.7350613301566886e-05,6.407174864010835,0.00014509124341624655
0.05,2.9978111203750875e-05,5.2877699116858245e-05,0.011991239533725403,-1.7514080264024097e-05,6.407174863776483,0.00014650778732682213
0.05,3.027079124375063e-05,5.339395069048215e-05,0.012108311415871759,-1.7678967975774116e-05,6.407174863537536,0.0001479381611322867
0.05,3.056632875549809e-05,5.3915242492621884e-05,0.012226526282880186,-1.7845285134278428e-05,6.4071748632939025,0.00014938249985562823
0.05,3.086475163684645e-05,5.444162373165703e-05,0.012345895293779665,-1.801304036930969e-05,6.407174863045492,0.00015084093983808077
0.05,3.116608805801912e-05,5.4973144096394725e-05,0.012466429716543957,-1.818224223779899e-05,6.407174862792207,0.00015231361875199488
0.05,3.147036646426893e-05,5.5509853760760094e-05,0.012588140929155178,-1.8352899218498914e-05,6.407174862533957,0.0001538006756138333
0.05,3.177761557856325e-05,5.6051803388532596e-05,0.012711040420677772,-1.8525019706459778e-05,6.407174862270639,0.00015530225079729413
0.05,3.208786440429531e-05,5.65990441381283e-05,0.01283513979234288,-1.8698612007312283e-05,6.40717486200216,0.00015681848604656056
0.05,3.240114222802227e-05,5.715162766742967e-05,0.012960450758643534,-1.8873684331350187e-05,6.407174861728414,0.0001583495244896832
0.05,3.271747862222941e-05,5.7709606138661106e-05,0.013086985148440148,-1.905024478740749e-05,6.4071748614493,0.00015989551065208834
0.05,3.3036903448121944e-05,5.827303222331348e-05,0.013214754906077207,-1.922830137652393e-05,6.4071748611647115,0.00016145659047022266
0.05,3.335944685844376e-05,5.884195910711596e-05,0.013343772092510581,-1.940786198539092e-05,6.407174860874543,0.00016303291130532837
0.05,3.368513930032373e-05,5.941644049505661e-05,0.013474048886445968,-1.9588934379573395e-05,6.407174860578684,0.00016462462195735374
0.05,3.40140115181498e-05,5.999653061645187e-05,0.01360559758548838,-1.977152619649811e-05,6.407174860277026,0.0001662318726789992
0.05,3.434609455647139e-05,6.058228423006611e-05,0.01373843060730301,-1.995564493820489e-05,6.40717485996945,0.00016785481518990185
0.05,3.468141976292955e-05,6.117375662928e-05,0.013872560490787137,-2.014129796384852e-05,6.407174859655839,0.00016949360269095582
0.05,3.502001879121631e-05,6.177100364731043e-05,0.014007999897253723,-2.0328492481948477e-05,6.407174859336083,0.0001711483898787744
0.05,3.536192360406265e-05,6.2374081662481e-05,0.0141447616116265,-2.051723554237657e-05,6.407174859010055,0.00017281933296029372
0.05,3.5707166476255696e-05,6.298304760354393e-05,0.014282858543646679,-2.070753402807432e-05,6.407174858677635,0.0001745065896675174
0.05,3.6055779997685316e-05,6.359795895505381e-05,0.014422303729091418,-2.0899394646491624e-05,6.407174858338694,0.00017621031927240598
0.05,3.640779707642057e-05,6.421887376279427e-05,0.014563110331004329,-2.1092823920741573e-05,6.407174857993107,0.00017793068260191252
0.05,3.6763250941816006e-05,6.484585063925688e-05,0.014705291640937737,-2.1287828180456496e-05,6.4071748576407455,0.00017966784205316274
0.05,3.712217514764874e-05,6.547894876917471e-05,0.014848861080207438,-2.1484413552342615e-05,6.407174857281474,0.00018142196160878687
0.05,3.7484603575285376e-05,6.611822791510841e-05,0.014993832201159263,-2.1682585950420542e-05,6.407174856915159,0.00018319320685239728
0.05,3.7850570436880605e-05,6.676374842308797e-05,0.015140218688448333,-2.1882351065942482e-05,6.407174856541659,0.00018498174498421944
0.05,3.822011027860665e-05,6.74155712283093e-05,0.015288034360330705,-2.208371435697769e-05,6.407174856160838,0.00018678774483687588
0.05,3.859325798391431e-05,6.807375786088612e-05,0.01543729316996758,-2.228668103765514e-05,6.407174855772547,0.0001886113768913228
0.05,3.8970048776825896e-05,6.873837045165837e-05,0.015588009206742283,-2.2491256067052127e-05,6.4071748553766446,0.00019045281329294322
0.05,3.935051822526013e-05,6.940947173805696e-05,0.015740196697590074,-2.2697444137721314e-05,6.407174854972981,0.00019231222786779658
0.05,3.9734702244390035e-05,7.008712507002654e-05,0.015893870008341034,-2.2905249663841675e-05,6.4071748545614025,0.00019418979613902867
0.05,4.012263710003269e-05,7.077139441600484e-05,0.01604904364507587,-2.3114676768984572e-05,6.407174854141754,0.00019608569534343886
0.05,4.0514359412072944e-05,7.14623443689614e-05,0.01620573225549508,-2.3325729273481963e-05,6.4071748537138795,0.00019800010444821124
0.05,4.090990615792017e-05,7.216004015249504e-05,0.016363950630301518,-2.3538410681385214e-05,6.407174853277613,0.00019993320416780914
0.05,4.1309314675998793e-05,7.286454762699074e-05,0.016523713704596352,-2.3752724167003567e-05,6.407174852832796,0.00020188517698103354
0.05,4.171262266927293e-05,7.357593329583654e-05,0.016685036559288702,-2.396867256100676e-05,6.407174852379258,0.00020385620714824862
0.05,4.2119868208805455e-05,7.429426431170137e-05,0.01684793442251901,-2.418625833608158e-05,6.407174851916831,0.00020584648072877526
0.05,4.2531089737351674e-05,7.501960848287384e-05,0.017012422671096303,-2.4405483592127796e-05,6.407174851445333,0.00020785618559845422
0.05,4.2946326072988575e-05,7.575203427966381e-05,0.01717851683194963,-2.4626350040979347e-05,6.407174850964596,0.00020988551146738286
0.05,4.336561641277863e-05,7.649161084086487e-05,0.017346232583593316,-2.4848858990638263e-05,6.4071748504744335,0.00021193464989782031
0.05,4.3789000336470195e-05,7.723840798028135e-05,0.017515585757606877,-2.5073011329003913e-05,6.407174849974661,0.00021400379432227242
0.05,4.421651781023365e-05,7.799249619331843e-05,0.017686592340129176,-2.529880750708517e-05,6.407174849465094,0.00021609314006175028
0.05,4.464820919043407e-05,7.875394666363675e-05,0.01785926847336725,-2.5526247521680723e-05,6.407174848945537,0.00021820288434420854
0.05,4.50841152274407e-05,7.952283126987175e-05,0.018033630457119813,-2.5755330897506786e-05,6.407174848415796,0.00022033322632316262
0.05,4.552427706947396e-05,8.029922259241931e-05,0.018209694750315697,-2.598605666876309e-05,6.407174847875673,0.0002224843670964891
0.05,4.596873626648922e-05,8.108319392028633e-05,0.01838747797256714,-2.6218423360113424e-05,6.40717484732496,0.00022465650972540725
0.05,4.6417534774099365e-05,8.187481925800959e-05,0.018566996905738438,-2.6452428967069216e-05,6.407174846763455,0.0002268498592536485
0.05,4.687071495753512e-05,8.267417333264129e-05,0.018748268495529803,-2.668807093575395e-05,6.407174846190943,0.00022906462272681173
0.05,4.732831959564428e-05,8.348133160080321e-05,0.018931309853076665,-2.692534614203297e-05,6.407174845607209,0.00023130100921190755
0.05,4.779039188492984e-05,8.429637025580947e-05,0.019116138256564656,-2.7164250869989133e-05,6.407174845012035,0.000233559229817094
0.05,4.8256975443627666e-05,8.5119366234859e-05,0.019302771152860235,-2.7404780789724745e-05,6.407174844405199,0.00023583949771160398
0.05,4.872811431582379e-05,8.595039722629801e-05,0.019491226159157316,-2.764693093446878e-05,6.407174843786466,0.00023814202814586755
0.05,4.920385297561245e-05,8.678954167695421e-05,0.019681521064640096,-2.7890695676972672e-05,6.407174843155609,0.0002404670384718331
0.05,4.968423633129373e-05,8.763687879954091e-05,0.019873673832161674,-2.813606870516881e-05,6.407174842512385,0.0002428147481634812
0.05,5.0169309729613126e-05,8.849248858013519e-05,0.02006770259993959,-2.838304299707446e-05,6.407174841856557,0.00024518537883754513
0.05,5.065911896004209e-05,8.93564517857281e-05,0.02026362568326749,-2.8631610794914396e-05,6.407174841187878,0.0002475791542744293
0.05,5.11537102591004e-05,9.022884997184894e-05,0.02046146157624381,-2.888176357844613e-05,6.407174840506096,0.00024999630043933427
0.05,5.165313031472071e-05,9.11097654902637e-05,0.02066122895351702,-2.9133492037454123e-05,6.407174839810953,0.00025243704550358657
0.05,5.215742627065573e-05,9.199928149674875e-05,0.02086294667204814,-2.9386786043401002e-05,6.407174839102186,0.0002549016198661773
0.05,5.266664573092879e-05,9.289748195894121e-05,0.02106663377289051,-2.9641634620200455e-05,6.407174838379533,0.000257390256175513
0.05,5.318083676432693e-05,9.380445166426411e-05,0.02127230948298651,-2.989802591409169e-05,6.407174837642721,0.00025990318935137407
0.05,5.370004790893888e-05,9.472027622793078e-05,0.021479993216982258,-3.015594716258809e-05,6.407174836891472,0.0002624406566070917
0.05,5.422432817673675e-05,9.564504210102659e-05,0.021689704579059874,-3.0415384662472843e-05,6.407174836125504,0.00026500289747194097
0.05,5.475372705820269e-05,9.657883657866952e-05,0.021901463364787512,-3.0676323736814e-05,6.407174835344526,0.0002675901538137505
0.05,5.528829452700056e-05,9.752174780825067e-05,0.02211528956298758,-3.09387487009694e-05,6.407174834548249,0.0002702026698617343
0.05,5.5828081044693385e-05,9.847386479775511e-05,0.022331203357623158,-3.120264282755476e-05,6.407174833736372,0.00027284069222954706
0.05,5.637313756550656e-05,9.943527742416362e-05,0.022549225129702692,-3.146798831034041e-05,6.407174832908588,0.0002755044699385619
0.05,5.6923515541138314e-05,0.00010040607644193784,0.022769375459203645,-3.173476622705056e-05,6.407174832064588,0.00027819425444138045
0.05,5.7479266925615884e-05,0.00010138635349158578,0.02299167512701432,-3.200295650102907e-05,6.407174831204055,0.0002809102996455653
0.05,5.804044418020025e-05,0.00010237620110831338,0.02321614511689518,-3.2272537861742475e-05,6.407174830326666,0.0002836528619376108
0.05,5.860710027833825e-05,0.00010337571273075924,0.02344280661745906,-3.254348780408272e-05,6.407174829432089,0.00028642220020714404
0.05,5.917928871066308e-05,0.00010438498270981502,0.023671681024170693,-3.281578254643754e-05,6.407174828519985,0.0002892185758713637
0.05,5.975706349004355e-05,0.00010540410631753165,0.023902789941365767,-3.308939698749544e-05,6.407174827590019,0.00029204225289971664
0.05,6.034047915668319e-05,0.0001064331797561135,0.024136155184289864,-3.336430466173977e-05,6.407174826641836,0.0002948934978388171
0.05,6.0929590783268015e-05,0.00010747230016699847,0.02437179878115687,-3.364047769360667e-05,6.407174825675085,0.00029777257983760574
0.05,6.152445398016564e-05,0.00010852156564002847,0.024609742975227864,-3.39178867502554e-05,6.407174824689401,0.0003006797706727579
0.05,6.212512490067462e-05,0.00010958107522270877,0.02485001022691015,-3.419650099292369e-05,6.40717482368441,0.0003036153447743382
0.05,6.273166024632523e-05,0.00011065092892955775,0.025092623215876738,-3.447628802681646e-05,6.407174822659741,0.00030657957925170587
0.05,6.334411727223178e-05,0.00011173122775154788,0.025337604843206525,-3.4757213849494224e-05,6.407174821615,0.00030957275391967304
0.05,6.396255379249749e-05,0.0001128220736656391,0.025584978233545382,-3.5039242797712065e-05,6.407174820549807,0.00031259515132491845
0.05,6.458702818567168e-05,0.00011392356964440474,0.025834766737288205,-3.532233749266919e-05,6.407174819463752,0.00031564705677265825
0.05,6.521759940026116e-05,0.00011503581966575293,0.026086993932782618,-3.56064587836223e-05,6.407174818356434,0.0003187287583535806
0.05,6.585432696029396e-05,0.00011615892872274021,0.026341683628553533,-3.589156568981363e-05,6.4071748172274345,0.0003218405469710367
0.05,6.649727097093877e-05,0.0001172930028334837,0.02659885986555003,-3.617761534067077e-05,6.407174816076329,0.0003249827163685037
0.05,6.714649212417854e-05,0.00011843814905116845,0.026858546919413823,-3.646456291422273e-05,6.407174814902687,0.00032815556315731235
0.05,6.780205170453957e-05,0.00011959447547415306,0.027120769302769982,-3.675236157368741e-05,6.407174813706067,0.0003313593868446467
0.05,6.84640115948766e-05,0.00012076209125617363,0.02738555176753987,-3.7040962402174715e-05,6.407174812486024,0.0003345944898618157
0.05,6.913243428221472e-05,0.00012194110661664832,0.027652919307276928,-3.733031433545317e-05,6.407174811242097,0.0003378611775928041
0.05,6.980738286364727e-05,0.00012313163285108047,0.02792289715952477,-3.762036409272587e-05,6.407174809973819,0.0003411597584030964
0.05,7.048892105229253e-05,0.00012433378234156544,0.028195510808198727,-3.791105610535655e-05,6.407174808680717,0.00034449054366878786
0.05,7.117711318330789e-05,0.00012554766856739898,0.028470785985990458,-3.8202332443494355e-05,6.407174807362306,0.00034785384780597746
0.05,7.187202421996289e-05,0.0001267734061157891,0.028748748676795874,-3.849413274052703e-05,6.407174806018088,0.0003512499883004463
0.05,7.257371975977161e-05,0.00012801111069267313,0.02902942511816705,-3.878639411531569e-05,6.407174804647565,0.0003546792857376292
0.05,7.328226604068485e-05,0.00012926089913363966,0.029312841803787716,-3.907905109213386e-05,6.407174803250221,0.0003581420638328755
0.05,7.399772994734259e-05,0.00013052288941495731,0.02959902548597308,-3.937203551825947e-05,6.407174801825531,0.0003616386494620067
0.05,7.472017901738839e-05,0.00013179720066471253,0.02988800317819424,-3.9665276479143826e-05,6.407174800372966,0.0003651693726921757
0.05,7.544968144784377e-05,0.0001330839531740531,0.03017980215762655,-3.995870021109551e-05,6.407174798891976,0.00036873456681301873
0.05,7.618630610154646e-05,0.00013438326840854457,0.030474449967723628,-4.025223001140844e-05,6.407174797382009,0.0003723345683681213
0.05,7.693012251365063e-05,0.00013569526901963566,0.030771974420815907,-4.0545786145861685e-05,6.407174795842502,0.0003759697171867844
0.05,7.768120089819088e-05,0.0001370200788562366,0.03107240360073489,-4.08392857535194e-05,6.4071747942728745,0.00037964035641610555
0.05,7.843961215471017e-05,0.00013835782297640965,0.031375765865462646,-4.113264274875167e-05,6.407174792672542,0.0003833468325533681
0.05,7.920542787495236e-05,0.0001397086276591742,0.03168208984980745,-4.1425767720407765e-05,6.407174791040904,0.0003870894954787513
0.05,7.997872034962095e-05,0.00014107262041642817,0.03199140446810552,-4.171856782805253e-05,6.407174789377352,0.0003908686984883594
0.05,8.075956257520211e-05,0.00014244993000498305,0.03230373891694866,-4.201094669518923e-05,6.407174787681263,0.0003946847983275675
0.05,8.154802826085596e-05,0.00014384068643871927,0.03261912267793908,-4.2302804299389984e-05,6.407174785952001,0.0003985381552247005
0.05,8.234419183537436e-05,0.00014524502100085888,0.03293758552047071,-4.259403685923953e-05,6.407174784188921,0.00040242913292503696
0.05,8.314812845420674e-05,0.00014666306625635818,0.03325915750453772,-4.288453671800956e-05,6.407174782391365,0.0004063580987251445
0.05,8.395991400655459e-05,0.00014809495606442168,0.03358386898357059,-4.317419222397715e-05,6.407174780558657,0.000410325423507553
0.05,8.47796251225351e-05,0.00014954082559113767,0.03391175060729947,-4.3462887607286355e-05,6.407174778690117,0.0004143314817757637
0.05,8.56073391804147e-05,0.0001510008113222374,0.03424283332464577,-4.375050285326555e-05,6.407174776785042,0.0004183766516896001
0.05,8.644313431391401e-05,0.00015247505107598015,0.03457714838664204,-4.4036913572101815e-05,6.407174774842726,0.00042246131510090967
0.05,8.728708941958241e-05,0.00015396368401616087,0.034914727349379726,-4.432199086477061e-05,6.407174772862438,0.000426585857589603
0.05,8.813928416424627e-05,0.00015546685066524822,0.035255602076986386,-4.460560118512327e-05,6.407174770843444,0.00043075066850005624
0.05,8.899979899252917e-05,0.00015698469291764903,0.03559980474463145,-4.488760619802136e-05,6.407174768784985,0.0004349561409778619
0.05,8.986871513444556e-05,0.00015851735405310265,0.03594736784156146,-4.516786263341812e-05,6.407174766686297,0.0004392026720069407
0.05,9.074611461306847e-05,0.000160064978750206,0.036298324174164884,-4.5446222136273844e-05,6.407174764546594,0.00044349066244701586
0.05,9.163208025227297e-05,0.00016162771310007187,0.03665270686906692,-4.5722531112188145e-05,6.407174762365077,0.00044782051707145486
0.05,9.252669568455346e-05,0.00016320570462011774,0.03701054937625415,-4.599663056864588e-05,6.407174760140938,0.0004521926446054755
0.05,9.343004535891892e-05,0.000164799102267992,0.03737188547222987,-4.62683559517427e-05,6.4071747578733405,0.00045660745776472986
0.05,9.434221454886462e-05,0.00016640805645563509,0.03773674926320026,-4.653753697828575e-05,6.407174755561442,0.0004610653732942639
0.05,9.526328936042154e-05,0.00016803271906347752,0.03810517518829142,-4.680399746313049e-05,6.407174753204385,0.0004655668120078557
0.05,9.61933567402846e-05,0.0001696732434547774,0.038477198022797886,-4.706755514164159e-05,6.4071747508012855,0.0004701121988277406
0.05,9.71325044840202e-05,0.00017132978449009708,0.038852852881462695,-4.732802148713176e-05,6.407174748351252,0.0004747019628247207
0.05,9.808082124435352e-05,0.00017300249854192135,0.03923217522178948,-4.75852015231613e-05,6.407174745853367,0.00047933653725866835
0.05,9.903839653953805e-05,0.00017469154350941986,0.03961520084738712,-4.78388936305499e-05,6.407174743306707,0.0004840163596194279
0.05,0.00010000532076180448,0.0001763970788333502,0.0400019659113462,-4.8088889348968755e-05,6.407174740710322,0.0004887418716681068
0.05,0.00010098168518589438,0.0001781192655111101,0.040392506919649254,-4.83349731729662e-05,6.407174738063242,0.0004935135194787817
0.05,0.00010196758197767599,0.00017985826611193468,0.04078686073461378,-4.8576922342282625e-05,6.407174735364486,0.0004983317534806044
0.05,0.0001029631042028444,0.0001816142447922424,0.041185064578368874,-4.881450662630509e-05,6.407174732613052,0.0005031970285003217
0.05,0.00010396834583570665,0.000183387367311131,0.04158715603636571,-4.904748810250775e-05,6.407174729807913,0.0005081098038052088
0.05,0.00010498340176805289,0.000185177801046025,0.0419931730609224,-4.927562092872167e-05,6.407174726948029,0.000513070543146424
0.05,0.00010600836781811332,0.00018698571500847474,0.04240315397480311,-4.949865110907572e-05,6.407174724032334,0.0005180797148027842
0.05,0.00010704334073960385,0.00018881127986011172,0.042817137474832345,-4.9716316253443534e-05,6.40717472105975,0.0005231377916249698
0.05,0.00010808841823085869,0.0001906546679287574,0.04323516263554414,-4.992834533022751e-05,6.4071747180291725,0.000528245251080159
0.05,0.00010914369894405318,0.00019251605322469104,0.04365726891286702,-5.013445841231195e-05,6.407174714939472,0.0005334025752971009
0.05,0.00011020928249451616,0.00019439561145707566,0.04408349614784485,-5.0334366416011454e-05,6.4071747117895095,0.0005386102511116254
0.05,0.00011128526947013321,0.00019629352005054408,0.04451388457039369,-5.052777083282601e-05,6.407174708578109,0.0005438687701125996
0.05,0.00011237176144084238,0.00019820995816194836,0.04494847480309578,-5.0714363453837626e-05,6.407174705304081,0.0005491786286883347
0.05,0.00011346886096822121,0.00020014510669726996,0.0453873078650297,-5.089382608654326e-05,6.407174701966216,0.0005545403280734383
0.05,0.0001145766716151692,0.00020209914832869835,0.04583042517563856,-5.10658302639477e-05,6.407174698563278,0.0005599543743961342
0.05,0.00011569529795568295,0.00020407226751187343,0.046277868558635346,-5.123003694571278e-05,6.407174695094,0.0005654212787260365
0.05,0.00011682484558472825,0.00020606465050329833,0.04672968024594666,-5.1386096211171285e-05,6.407174691557102,0.0005709415571223943
0.05,0.00011796542112820762,0.00020807648537792112,0.04718590288169463,-5.15336469439945e-05,6.407174687951269,0.000576515730682805
0.05,0.00011911713225302565,0.00021010796204688873,0.047646579526217744,-5.167231650831537e-05,6.407174684275178,0.0005821443255924065
0.05,0.00012028008767725216,0.00021215927227547347,0.04811175366013064,-5.1801720416089645e-05,6.4071746805274605,0.0005878278731735433
0.05,0.00012145439718038536,0.00021423060970117603,0.048581469188423765,-5.1921461985481174e-05,6.407174676706733,0.0005935669099359272
0.05,0.00012264017161371435,0.0002163221698520036,0.04905577044460259,-5.20311319900557e-05,6.407174672811585,0.0005993619776272784
0.05,0.00012383752291078297,0.00021843415016492684,0.04953470219486723,-5.213030829854893e-05,6.407174668840577,0.0006052136232844646
0.05,0.00012504656409795636,0.00022056675000451778,0.050018309642332844,-5.221855550499452e-05,6.407174664792242,0.000611122399285141
0.05,0.0001262674093050901,0.0002227201706817691,0.05050663843129109,-5.229542454896594e-05,6.407174660665085,0.000617088863399893
0.05,0.00012750017377630385,0.00022489461547309732,0.050999734651512994,-5.236045232570603e-05,6.40717465645759,0.0006231135788448869
0.05,0.00012874497388085985,0.00022709028963953124,0.05149764484259377,-5.2413161285889606e-05,6.4071746521681945,0.0006291971143350366
0.05,0.00013000192712414835,0.0002293074004460886,0.052000415998339926,-5.245305902479267e-05,6.407174647795326,0.0006353400441376899
0.05,0.00013127115215877882,0.00023154615718134008,0.0525080955711989,-5.247963786059555e-05,6.407174643337373,0.0006415429481268334
0.05,0.00013255276879578154,0.00023380677117716683,0.05302073147673214,-5.2492374401581744e-05,6.407174638792689,0.000647806411837836
0.05,0.00013384689801591645,0.00023608945582870842,0.05353837209813128,-5.2490729101965604e-05,6.407174634159609,0.0006541310265227169
0.05,0.0001351536619810938,0.0002383944266145072,0.05406106629077869,-5.2474145806088055e-05,6.4071746294364225,0.0006605173892059613
0.05,0.0001364731840459059,0.0002407219011168488,0.054588863386852,-5.244205128070872e-05,6.407174624621392,0.0006669661027408752
0.05,0.00013780558876927112,0.000243072099042301,0.05512181319997383,-5.239385473512866e-05,6.4071746197127535,0.0006734777758664949
0.05,0.00013915100192619253,0.00024544524224245397,0.055659966029906444,-5.232894732885763e-05,6.407174614708703,0.0006800530232650496
0.05,0.00014050955051962973,0.00024784155473486113,0.05620337266729202,-5.2246701666555913e-05,6.407174609607402,0.0006866924656199837
0.05,0.00014188136279248857,0.0002502612627241874,0.05675208439843951,-5.2146471279955055e-05,6.407174604406974,0.0006933967296745506
0.05,0.00014326656823972602,0.00025270459462356054,0.05730615301015738,-5.202759009647125e-05,6.407174599105523,0.0007001664482909718
0.05,0.00014466529762057455,0.0002551717810761335,0.05786563079463384,-5.1889371894225556e-05,6.407174593701096,0.0007070022605101792
0.05,0.00014607768297088535,0.0002576630549768564,0.05843057055436438,-5.1731109743158113e-05,6.407174588191721,0.000713904811612138
0.05,0.000147503857615592,0.0002601786514944606,0.059001025607127194,-5.155207543194936e-05,6.407174582575377,0.0007208747531767586
0.05,0.00014894395618129643,0.00026271880809365915,0.059577049791007204,-5.135151888043233e-05,6.407174576850009,0.0007279127431454068
0.05,0.0001503981146089763,0.00026528376455756065,0.06015869746946832,-5.1128667537189305e-05,6.407174571013528,0.0007350194458830059
0.05,0.00015186647016681863,0.00026787376301030627,0.06074602353647592,-5.0882725762025746e-05,6.407174565063799,0.000742195532240756
0.05,0.00015334916146317638,0.0002704890479399236,0.06133908342166819,-5.0612874192993516e-05,6.4071745589986495,0.0007494416796194563
0.05,0.0001548463284596533,0.00027312986622140655,0.061937933095578455,-5.031826909765273e-05,6.407174552815866,0.0007567585720334522
0.05,0.0001563581124843158,0.00027579646714001956,0.06254262907490782,-4.99980417082424e-05,6.407174546513193,0.0007641469001752024
0.05,0.0001578846562450336,0.0002784891024148287,0.06315322842784926,-4.9651297540442266e-05,6.407174540088336,0.0007716073614804786
0.05,0.00015942610384295174,0.00028120802622246454,0.06376978877946358,-4.927711569538142e-05,6.407174533538956,0.0007791406601942037
0.05,0.00016098260078609193,0.0002839534952211135,0.06439236831710704,-4.887454814457609e-05,6.407174526862666,0.0007867475074369251
0.05,0.00016255429400308962,0.00028672576857474783,0.06502102579591244,-4.8442618997455955e-05,6.407174520057039,0.000794428621271948
0.05,0.00016414133185706234,0.00028952510797758814,0.06565582054432292,-4.79803237511433e-05,6.407174513119605,0.0008021847267731139
0.05,0.00016574386415961538,0.00029235177767880725,0.06629681246967978,-4.748662852213634e-05,6.407174506047841,0.0008100165560932477
0.05,0.00016736204218498345,0.00029520604450747437,0.06694406206386438,-4.69604692595781e-05,6.407174498839186,0.0008179248485332691
0.05,0.00016899601868431048,0.00029808817789774293,0.06759763040899511,-4.6400750939744384e-05,6.40717449149102,0.0008259103506119818
0.05,0.00017064594790006874,0.0003009984499142842,0.06825757918317937,-4.5806346741424305e-05,6.4071744840006835,0.0008339738161365415
0.05,0.00017231198558061926,0.0003039371352779696,0.06892397066632168,-4.517609720184127e-05,6.407174476365469,0.0008421160062736144
0.05,0.00017399428899491384,0.00030690451139180357,0.06959686774598796,-4.450880935277212e-05,6.407174468582609,0.0008503376896212277
0.05,0.0001756930169473403,0.0003099008583671086,0.07027633392332674,-4.380325583652341e-05,6.407174460649296,0.0008586396422813221
0.05,0.00017740832979271367,0.00031292645904996773,0.070962433319048,-4.30581740014104e-05,6.407174452562659,0.0008670226479330145
0.05,0.00017914038945141304,0.000315981599047924,0.07165523067945999,-4.2272264976409485e-05,6.4071744443197876,0.0008754874979065751
0.05,0.00018088935942466643,0.0003190665667569412,0.07235479138256454,-4.1444192724632055e-05,6.407174435917706,0.0008840349912581268
0.05,0.0001826554048099845,0.00032218165338862657,0.07306118144421148,-4.0572583075279e-05,6.407174427353389,0.0008926659348450706
0.05,0.00018443869231674604,0.0003253271529977221,0.0737744675243132,-3.9656022733747415e-05,6.407174418623753,0.0009013811434022567
0.05,0.00018623939028193366,0.00032850336250985987,0.07449471693311857,-3.869305826954619e-05,6.407174409725662,0.0009101814396188846
0.05,0.00018805766868602557,0.00033171058174959347,0.07522199763754901,-3.76821950816869e-05,6.407174400655924,0.0009190676542161717
0.05,0.0001898936991690401,0.00033494911346869816,0.07595637826759458,-3.662189634123395e-05,6.407174391411278,0.000928040626025762
0.05,0.0001917476550467387,0.00033821926337475105,0.07669792812277322,-3.551058191067275e-05,6.407174381988412,0.000937101202068915
0.05,0.00019361971132698616,0.0003415213401599885,0.07744671717865215,-3.434662723980444e-05,6.407174372383956,0.0009462502376364602
0.05,0.00019551004472627073,0.0003448556555304453,0.07820281609343227,-3.312836223782874e-05,6.40717436259447,0.0009554885963695316
0.05,0.00019741883368638638,0.0003482225242353801,0.07896629621459722,-3.1854070121329604e-05,6.407174352616455,0.0009648171503410999
0.05,0.00019934625839127575,0.0003516222640969845,0.07973722958562555,-3.052198623785436e-05,6.407174342446354,0.0009742367801382836
0.05,0.00020129250078404064,0.0003550551960403868,0.08051568895276931,-2.913029686481216e-05,6.407174332080534,0.0009837483749454824
0.05,0.0002032577445841154,0.00035852164412394406,0.08130174777189722,-2.7677137983408146e-05,6.407174321515306,0.000993352832628307
0.05,0.0002052421753046104,0.00036202193556983387,0.082095480215405,-2.6160594027330275e-05,6.40717431074691,0.0010030510598183404
0.05,0.00020724598026982365,0.00036555640079494195,0.08289696117919178,-2.4578696605961575e-05,6.407174299771521,0.0010128439719987164
0.05,0.00020926934863292333,0.00036912537344205277,0.08370626628970493,-2.2929423201849795e-05,6.407174288585238,0.0010227324935905412
0.05,0.00021131247139380437,0.00037272919041134536,0.08452347191105253,-2.1210695842214478e-05,6.407174277184097,0.001032717558040157
0.05,0.00021337554141711662,0.00037636819189219324,0.0853486551521846,-1.9420379744283084e-05,6.40717426556406,0.0010428001079072521
0.05,0.00021545875345047236,0.00038004272139527997,0.08618189387414464,-1.755628193423173e-05,6.407174253721017,0.001052981094953842
0.05,0.00021756230414282857,0.00038375312578502294,0.08702326669739016,-1.5616149839587956e-05,6.407174241650783,0.001063261480234106
0.05,0.00021968639206305067,0.00038749975531231754,0.087872853009185,-1.3597669854893801e-05,6.407174229349102,0.0010736422341851128
0.05,0.00022183121771865669,0.0003912829636475996,0.08873073297106289,-1.1498465880508234e-05,6.407174216811634,0.0010841243367184252
0.05,0.0002239969835747444,0.00039510310791423,0.08959698752636291,-9.316097834422452e-06,6.40717420403397,0.0010947087773125995
0.05,0.0002261838940731042,0.0003989605487222077,0.09047169840783849,-7.048060136987679e-06,6.4071741910116184,0.0011053965551065948
0.05,0.00022839215565151634,0.00040285565020220727,0.0913549481453389,-4.691780168477672e-06,6.407174177740011,0.0011161886789940797
0.05,0.00023062197676323976,0.00040678878003995477,0.09224682007356634,-2.2446166994447264e-06,6.407174164214495,0.0011270861677186792
0.05,0.00023287356789668788,0.0004107603095109333,0.09314739833990669,2.961417061544047e-07,6.407174150430332,0.0011380900499701322
0.05,0.00023514714159529902,0.0004147706135154318,0.09405676791233693,2.933278315058019e-06,6.407174136382709,0.0011492013644814017
0.05,0.00023744291247759962,0.0004188200706139338,0.0949750145874084,5.669649875979856e-06,6.40717412206672,0.001160421160126727
0.05,0.0002397610972574635,0.00042290906306285237,0.09590222499830743,8.508188297991532e-06,6.407174107477381,0.001171750496020635
0.05,0.00024210191476456885,0.0004270379768506136,0.09683848662299362,1.1451902355909756e-05,6.407174092609612,0.0011831904416179152
0.05,0.0002444655859650561,0.0004312072017340939,0.09778388779241708,1.4503879422532077e-05,6.407174077458251,0.0011947420768145798
0.05,0.00024685233398238476,0.0004354171312754091,0.0987385176988141,1.7667287227545586e-05,6.407174062018043,0.0012064064920497925
0.05,0.00024926238411839723,0.0004396681628790684,0.09970246640408423,2.094537564286726e-05,6.407174046283635,0.0012181847884088135
0.05,0.0002516959638745854,0.0004439606978294855,0.10067582484824679,2.4341478494153482e-05,6.40717403024959,0.0012300780777269305
0.05,0.0002541533029735668,0.00044829514132885967,0.1016586848579799,2.78590153981657e-05,6.407174013910377,0.0012420874826944174
0.05,0.00025663463338076965,0.00045267190253542566,0.10265113915524159,3.15014936256172e-05,6.407173997260362,0.0012542141369625125
0.05,0.000259140189326329,0.0004570913946020756,0.10365328136597379,3.527250998908479e-05,6.40717398029382,0.00126645918525043
0.05,0.00026167020732719906,0.00046155403471536153,0.10466520602889084,3.917575275552689e-05,6.407173963004924,0.0012788237834534242
0.05,0.00026422492620947736,0.00046606024413487315,0.10568700860435157,4.321500358284878e-05,6.407173945387748,0.0012913090987518934
0.05,0.0002668045871309515,0.00047061044823300675,0.10671878548331838,4.739413947998072e-05,6.407173927436256,0.0013039163097215685
0.05,0.0002694094336038618,0.00047520507653511595,0.10776063399640116,5.1717134789758896e-05,6.40717390914433,0.001316646606444762
0.05,0.00027203971151788944,0.00047984456276005887,0.10881265242298921,5.618806319395395e-05,6.407173890505727,0.0013295011906227076
0.05,0.00027469566916336695,0.0004845293448611393,0.10987494000047052,6.081109973961793e-05,6.407173871514106,0.0013424812756890005
0.05,0.00027737755725471626,0.0004892598650674479,0.1109475969335404,6.559052288593155e-05,6.407173852163018,0.001355588086924142
0.05,0.0002800856289541163,0.0004940365699256083,0.11203072440359918,7.05307165706151e-05,6.407173832445904,0.0013688228615712041
0.05,0.00028282013989539874,0.000498859910341927,0.11312442457824018,7.563617229488414e-05,6.407173812356099,0.001382186848952618
0.05,0.00028558134820818145,0.0005037303416249603,0.11422880062082952,8.091149122589762e-05,6.407173791886817,0.0013956813105881131
0.05,0.00028836951454223306,0.0005086483235284907,0.11534395670017704,8.636138631551198e-05,6.407173771031163,0.0014093075203137919
0.05,0.00029118490209207877,0.0005136143202949288,0.1164699980003016,9.199068443408153e-05,6.407173749782128,0.00142306676440239
0.05,0.0002940277766218447,0.0005186288006991345,0.11760703073028844,9.780432851798071e-05,6.407173728132587,0.001436960341684685
0.05,0.00029689840649034505,0.0005236922380926676,0.11875516213424264,0.00010380737972940014,6.407173706075294,0.0014509895636721085
0.05,0.0002997970626764154,0.0005288051104484726,0.11991450050133771,0.00011000501962687998,6.407173683602879,0.0014651557546805545
0.05,0.0003027240188044904,0.0005339679004059938,0.1210851551759597,0.00011640255234492815,6.407173660707858,0.0014794602519553792
0.05,0.0003056795511704354,0.0005391810953167395,0.12226723656795063,0.0001230054067810354,6.407173637382622,0.0014939044057976497
0.05,0.0003086639387676259,0.0005444451872902821,0.1234608561629478,0.00012981913878816592,6.407173613619431,0.001508489579691596
0.05,0.0003116774633132846,0.0005497606732407128,0.12466612653282376,0.00013684943337081127,6.4071735894104265,0.0015232171504333254
0.05,0.0003147204092750749,0.0005551280549335496,0.1258831613462263,0.00014410210688252462,6.407173564747619,0.0015380885082607928
0.05,0.0003177930638979533,0.0005605478390331007,0.12711207537921845,0.00015158310922270776,6.40717353962289,0.001553105056985032
0.05,0.0003208957172312844,0.0005660205371502921,0.12835298452602129,0.00015929852603037756,6.407173514027983,0.0015682682141226723
0.05,0.00032402866215622153,0.0005715466658909626,0.12960600580985926,0.00016725458087242252,6.407173487954516,0.0015835794110297529
0.05,0.00032719219441335333,0.0005771267469046296,0.13087125739390942,0.00017545763742378597,6.407173461393972,0.0015990400930368405
0.05,0.00033038661263062,0.0005827613069337282,0.1321488585923544,0.0001839142016368868,6.407173434337694,0.0016146517195854556
0.05,0.00033361221835150393,0.0005884508778633368,0.13343892988154293,0.00019263092389737219,6.407173406776891,0.0016304157643658548
0.05,0.0003368693160634941,0.0005941959967713839,0.13474159291125554,0.00020161460116328424,6.407173378702628,0.0016463337154561351
0.05,0.000340158213226829,0.000599997205979346,0.13605697051607796,0.00021087217908441748,6.407173350105831,0.0016624070754627089
0.05,0.0003434792203035192,0.0006058550531034405,0.13738518672688405,0.00022041075409865406,6.407173320977284,0.0016786373616621466
0.05,0.00034683265078665584,0.0006117700911063206,0.13872636678242758,0.00023023757550180187,6.4071732913076245,0.0016950261061444085
0.05,0.00035021882123000074,0.0006177428783492697,0.14008063714104463,0.00024036004748732357,6.407173261087342,0.0017115748559574653
0.05,0.0003536380512778711,0.0006237739786449117,0.14144812549246774,0.00025078573115226076,6.407173230306784,0.0017282851732533426
0.05,0.00035709066369531026,0.0006298639613104303,0.14282896076975263,0.0002615223464653554,6.407173198956144,0.0017451586354355812
0.05,0.00036057698439855744,0.0006360134012213113,0.14422327316131855,0.0002725777741933646,6.407173167025464,0.0017621968353081442
0.05,0.0003640973424858126,0.0006422228788656088,0.14563119412310324,0.00028396005778126793,6.407173134504632,0.001779401381225773
0.05,0.0003676520702683024,0.0006484929803987404,0.14705285639083351,0.0002956774051819605,6.407173101383387,0.0017967738972458158
0.05,0.00037124150330165027,0.0006548242976988203,0.14848839399241312,0.0003077381906308554,6.407173067651308,0.00181431602328154
0.05,0.0003748659804175497,0.0006612174284225257,0.1499379422604269,0.00032015095636059006,6.407173033297813,0.0018320294152569263
0.05,0.0003785258437557519,0.000667672976061519,0.15140163784476582,0.00033292441425093636,6.407172998312164,0.0018499157452630003
0.05,0.00038222143879635984,0.0006741915499994096,0.1528796187253701,0.0003460674474087358,6.407172962683463,0.0018679767017156658
0.05,0.00038595311439244226,0.0006807737655692807,0.15437202422509408,0.0003595891116726137,6.407172926400646,0.0018862139895150902
0.05,0.000389721222802964,0.0006874202441117727,0.15587899502269326,0.00037349863703693334,6.407172889452483,0.0019046293302066482
0.05,0.0003935261197260377,0.0006941316130337357,0.15740067316593404,0.00038780542898934607,6.407172851827588,0.0019232244621434314
0.05,0.0003973681643325022,0.0007009085058674565,0.15893720208482862,0.0004025190697561047,6.407172813514393,0.0019420011406503564
0.05,0.00040124771929982454,0.0007077515623304562,0.16048872660499308,0.0004176493194490281,6.407172774501168,0.0019609611381898465
0.05,0.0004051651508463387,0.000714661428385883,0.1620553929611348,0.00043320611710802765,6.407172734776015,0.001980106244529172
0.05,0.00040912082876581266,0.0007216387563034832,0.16363734881066466,0.00044919958163266543,6.4071726943268565,0.001999438266909384
0.05,0.00041311512646235765,0.0007286842047211762,0.16523474324743997,0.00046564001259625327,6.407172653141447,0.002018959030215932
0.05,0.0004171484209856756,0.0007357984387072258,0.16684772681563598,0.0004825378909357043,6.407172611207362,0.00203867037715092
0.05,0.0004212210930666516,0.0007429821298230196,0.1684764515237487,0.000499903879510208,6.407172568512001,0.0020585741684070635
0.05,0.0004253335271532949,0.0007502359561864645,0.17012107085873035,0.0005177488235216306,6.407172525042578,0.002078672282843338
0.05,0.000429486111447027,0.0007575606025359925,0.17178173980025643,0.000536083750789342,6.407172480786139,0.0020989666176623317
0.05,0.00043367923793933004,0.000764956760295204,0.17345861483512975,0.0005549198718720804,6.407172435729539,0.0021194590885893596
0.05,0.00043791330244874666,0.000772425127638129,0.17515185397181687,0.000574268580029186,6.407172389859452,0.0021401516300532863
0.05,0.00044218870465824564,0.0007799664095551356,0.17686161675512405,0.0005941414510135131,6.407172343162369,0.002161046195369149
0.05,0.00044650584815295063,0.0007875813179194769,0.1785880642810097,0.0006145502426880716,6.4071722956245925,0.002182144756922545
0.05,0.000450865140458237,0.0007952705715544885,0.18033135921153592,0.0006355068944583806,6.407172247232233,0.0022034493063558228
0.05,0.0004552669930782008,0.0008030348963014421,0.18209166578996105,0.0006570235265123232,6.407172197971223,0.002224961854756096
0.05,0.00045971182153450494,0.0008108750250880639,0.18386914985597294,0.0006791124388592325,6.407172147827288,0.002246684432845088
0.05,0.0004642000454056021,0.0008187916979977177,0.18566397886106578,0.00070178611015976,6.407172096785981,0.0022686190911708343
0.05,0.0004687320883663407,0.0008267856623392647,0.1874763218840596,0.0007250571963379765,6.407172044832643,0.0022907679003012463
0.05,0.00047330837822796027,0.0008348576727176082,0.18930634964676626,0.000748938528967161,6.40717199195243,0.0023131329510195807
0.05,0.0004779293469784747,0.0008430084911049236,0.19115423452980077,0.000773443113420455,6.4071719381303,0.002335716354521803
0.05,0.0004825954308234507,0.0008512388869125856,0.19302015058854105,0.0007985841267776788,6.407171883351013,0.0023585202426158907
0.05,0.000487307070227184,0.0008595496370637967,0.1949042735692358,0.000824374915479467,6.407171827599124,0.002381546767923067
0.05,0.0004920647099542796,0.0008679415260669278,0.19680678092526346,0.0008508289927197946,6.407171770858997,0.0024047981040810234
0.05,0.0004968687991116329,0.0008764153460895667,0.19872785183354075,0.0008779600355680086,6.407171713114786,0.002428276445949091
0.05,0.0005017197911908279,0.0008849718970333019,0.20066766721108634,0.000905781881811479,6.4071716543504476,0.0024519840098154552
0.05,0.0005066181441109421,0.0008936119866092231,0.20262640973173549,0.000934308526509866,6.407171594549726,0.0024759230336063556
0.05,0.0005115643202617744,0.0009023364304141694,0.20460426384301236,0.0009635541182521972,6.407171533696168,0.002500095777097359
0.05,0.0005165587865474932,0.0009111460520077165,0.2066014157831576,0.0009935329551078512,6.407171471773108,0.0025245045221266773
0.05,0.0005216020144307099,0.0009200416829899158,0.20861805359831306,0.0010242594802626782,6.407171408763672,0.002549151572810568
0.05,0.000526694479976986,0.0009290241630797983,0.21065436715986774,0.00105574827733155,6.4071713446507745,0.0025740392557608636
0.05,0.000531836663899768,0.0009380943401946312,0.21271054818196009,0.001088014065338723,6.407171279417126,0.0025991699203045697
0.05,0.0005370290516057701,0.0009472530705299667,0.21478679023914699,0.001121071693357585,6.40717121304521,0.0026245459387056755
0.05,0.0005422721332407911,0.0009565012186404556,0.21688328878423063,0.0011549361348014034,6.407171145517313,0.002650169706389073
0.05,0.0005475664037359853,0.0009658396575214602,0.21900024116625322,0.0011896224813569898,6.4071710768154935,0.0026760436421666943
0.05,0.000552912362854581,0.0009752692686914603,0.22113784664865524,0.001225145936553291,6.4071710069216,0.002702170188465846
0.05,0.0005583105152390573,0.0009847909422752627,0.223296306427601,0.0012615218089572027,6.407170935817254,0.0027285518115597674
0.05,0.0005637613704587819,0.000994405577088029,0.2254758236504736,0.0012987655049891491,6.407170863483868,0.002755191001800465
0.05,0.00056926544305811,0.0010041140807201113,0.22767660343453633,0.0013368925213511963,6.407170789902629,0.0027820902738537735
0.05,0.0005748232526049595,0.0010139173696227335,0.22989885288576845,0.0013759184370608724,6.407170715054497,0.002809252166936766
0.05,0.0005804353237398534,0.001023816369194491,0.2321427811178703,0.001415858905084077,6.407170638920217,0.0028366792450574374
0.05,0.0005861021862254458,0.0010338120138687083,0.234408599271443,0.0014567296435609401,6.4071705614803,0.002864374097256748
0.05,0.0005918243749965296,0.0010439052472016434,0.23669652053334356,0.0014985464266187888,6.407170482715038,0.0028923393378530358
0.05,0.0005976024302105327,0.0010540970219615538,0.23900676015621466,0.0015413250747668555,6.407170402604487,0.002920577606688797
0.05,0.0006034368972985087,0.001064388300218636,0.2413395354781936,0.0015850814448677667,6.407170321128479,0.0029490915693798935
0.05,0.0006093283270166204,0.0010747800534358335,0.2436950659427975,0.0016298314196813136,6.407170238266609,0.0029778839175671713
0.05,0.0006152772754981343,0.0010852732625605455,0.2460735731189926,0.0016755908969766234,6.407170153998242,0.003006957369170568
0.05,0.0006212843043059133,0.0010958689181172151,0.24847528072144054,0.0017223757782091121,6.407170068302506,0.0030363146686456606
0.05,0.0006273499804854293,0.001106568020300834,0.25090041463093055,0.0017702019567595014,6.407169981158291,0.003065958587242746
0.05,0.00063347487661829,0.001117371579071355,0.2533492029149957,0.001819085305732458,6.407169892544253,0.003095891923268448
0.05,0.0006396595708762885,0.0011282806142490242,0.2558218758487125,0.0018690416653131502,6.407169802438801,0.0031261175023498643
0.05,0.000645904647075981,0.0011392961556106486,0.2583186659356904,0.0019200868296806693,6.407169710820103,0.0031566381777013027
0.05,0.0006522106947337984,0.001150419242986801,0.2608398079292469,0.001972236533477817,6.407169617666083,0.0031874568303936193
0.05,0.0006585783091216947,0.0011616509263599733,0.26338553885377386,0.002025506437837509,6.407169522954413,0.0032185763696261855
0.05,0.0006650080913233362,0.001172992265963687,0.26595609802629405,0.0020799121159666397,6.407169426662519,0.0032499997330014984
0.05,0.0006715006482908453,0.0011844443323825754,0.26855172707821007,0.0021354690382890925,6.407169328767572,0.0032817298868024953
0.05,0.0006780565929020933,0.0011960082066534395,0.2711726699772469,0.0021921925571501515,6.407169229246488,0.0033137698262725476
0.05,0.000684676544018555,0.0012076849803672911,0.27381917304958986,0.002250097891085398,6.407169128075926,0.0033461225758982084
0.05,0.0006913611265437258,0.0012194757557723917,0.27649148500221765,0.0023092001086578483,6.407169025232286,0.0033787911896947078
0.05,0.0006981109714821146,0.0012313816458783024,0.2791898569454353,0.0023695141118679364,6.407168920691692,0.003411778751494248
0.05,0.0007049267159988027,0.001243403774560937,0.2819145424156027,0.002431054619141497,6.407168814430015,0.0034450883752370877
0.05,0.0007118090034795967,0.0012555432766686574,0.2846657973980668,0.002493836147901977,6.407168706422849,0.003478723205265492
0.05,0.0007187584835917569,0.0012678012981293897,0.28744388035029306,0.0025578729967334446,6.407168596645507,0.003512686416620539
0.05,0.0007257758123453269,0.0012801789960587946,0.2902490522252003,0.002623179227142121,6.407168485073032,0.0035469812153418132
0.05,0.0007328616521550579,0.0012926775388694923,0.2930815764947013,0.002689768644924561,6.407168371680178,0.0035816108387700563
0.05,0.0007400166719029388,0.0013052981063813524,0.29594171917344625,0.0027576547811515254,6.407168256441418,0.0036165785558527307
0.05,0.0007472415470013386,0.0013180418899328627,0.2988297488427756,0.002826850872777226,6.4071681393309206,0.0036518876674525957
0.05,0.0007545369594567585,0.0013309100924935786,0.3017459366748784,0.002897369842884246,6.40716802032257,0.0036875415066592704
0.05,0.0007619035979342175,0.0013439039287776837,0.30469055645716336,0.0029692242805752504,6.407167899389943,0.0037235434391038684
0.05,0.0007693421578222548,0.0013570246253586413,0.307663884616836,0.003042426420523007,6.407167776506305,0.003759896863276657
0.05,0.0007768533412985754,0.0013702734207849802,0.3106662002456921,0.0031169881221909898,6.407167651644614,0.0037966052108478624
0.05,0.0007844378573963328,0.0013836515656972036,0.3136977851251211,0.003192920848737342,6.407167524777503,0.0038336719469915723
0.05,0.0007920964220710589,0.0013971603229458395,0.3167589237513259,0.0032702356456153735,6.407167395877281,0.003871100570712816
0.05,0.0007998297582682511,0.001410800967710649,0.31984990336075697,0.0033489431188843785,6.407167264915916,0.00390889461517783
0.05,0.0008076385959916107,0.0014245747876209872,0.322971013955763,0.0034290534132447293,6.407167131865047,0.003947057648047537
0.05,0.0008155236723719597,0.001438483082877354,0.32612254833046134,0.0035105761898118417,6.407166996695963,0.003985593271814304
0.05,0.0008234857317368174,0.0014525271663741153,0.32930480209682456,0.003593520603643412,6.407166859379582,0.004024505124141945
0.05,0.0008315255256806668,0.0014667083638234362,0.33251807371098974,0.0036778952810350395,6.407166719886469,0.004063796878209075
0.05,0.0008396438131359012,0.0014810280138804156,0.3357626644997885,0.003763708296599001,6.407166578186812,0.0041034722430558015
0.05,0.0008478413604444659,0.001495487468269446,0.3390388786874989,0.0038509671501412383,6.4071664342504135,0.004143534963933801
0.05,0.0008561189414301973,0.0015100880919118045,0.3423470234228215,0.0039396787433514215,6.407166288046683,0.004183988822659792
0.05,0.0008644773374718718,0.0015248312630544935,0.34568740880608,0.004029849356320912,6.4071661395446196,0.004224837637972487
0.05,0.0008729173375769648,0.0015397183734003354,0.34906034791664836,0.004121484623903066,6.407165988712812,0.004266085265893004
0.05,0.0008814397384561283,0.001554750828239334,0.3524661568406019,0.0042145895119300265,6.407165835519416,0.004307735600088784
0.05,0.0008900453445984004,0.0015699300465813269,0.3559051546985996,0.004309168293299729,6.407165679932152,0.004349792572241086
0.05,0.0008987349683471461,0.0015852574612899273,0.359377663673994,0.004405224523946252,6.407165521918281,0.004392260152416049
0.05,0.0009075094299767403,0.0016007345192177737,0.3628840090411692,0.004502761018705846,6.407165361444591,0.004435142349439365
0.05,0.0009163695577699978,0.0016163626813431,0.3664245191941115,0.004601779827090372,6.407165198477395,0.0044784432112746205
0.05,0.0009253161880963649,0.0016321434229076455,0.36999952567521244,0.004702282208978864,6.407165032982514,0.0045221668254053415
0.05,0.000934350165490863,0.0016480782335558922,0.37360936320429894,0.004804268610236707,6.407164864925237,0.004566317319220694
0.05,0.0009434723427338184,0.0016641686174756892,0.3772543697079045,0.004907738638271243,6.407164694270334,0.004610898860405047
0.05,0.0009526835809313552,0.0016804160935402226,0.3809348863487672,0.005012691037530709,6.407164520982032,0.004655915657331244
0.05,0.000961984749596685,0.0016968221954513892,0.38465125755556717,0.0051191236649524765,6.407164345023971,0.004701371959457757
0.05,0.0009713767267321852,0.0017133884718845624,0.38840383105289744,0.00522703346536482,6.407164166359218,0.004747272057729705
0.05,0.0009808603989122791,0.0017301164866347731,0.39219295789147185,0.005336416446844729,6.407163984950231,0.004793620284983765
0.05,0.00099043666136713,0.0017470078187643227,0.39601899247857064,0.005447267656032647,6.407163800758839,0.004840421016357064
0.05,0.0010001064180671412,0.0017640640627518192,0.3998822926087196,0.005559581154938634,6.407163613746213,0.004887678669699998
0.05,0.0010098705818082927,0.0017812868286426907,0.40378321949461254,0.0056733499878549596,6.407163423872862,0.004935397705993136
0.05,0.0010197300742983081,0.0017986777422011587,0.4077221377982695,0.005788566174738113,6.4071632310985756,0.004983582629768156
0.05,0.0010296858262436553,0.0018162384450636862,0.4116994156624332,0.005905220666949691,6.407163035382432,0.0050322379895328855
0.05,0.0010397387774374062,0.0018339705948939367,0.41571542474220663,0.006023303329171616,6.4071628366827635,0.005081368378200476
0.05,0.0010498898768479521,0.0018518758655392449,0.41977054023693083,0.006142802921207371,6.407162634957103,0.005130978433522797
0.05,0.0010601400827085785,0.001869955947188602,0.4238651409223001,0.006263707063249454,6.407162430162188,0.00518107283852799
0.05,0.0010704903626079228,0.0018882125465321967,0.42799960918271984,0.006386002214596334,6.407162222253907,0.005231656321962341
0.05,0.00108094169358131,0.0019066473869225075,0.4321743310439049,0.006509673650083358,6.407162011187278,0.00528273365873643
0.05,0.0010914950622029859,0.001925262208536974,0.43638969620571844,0.00663470542920367,6.407161796916417,0.0053343096703756445
0.05,0.001102151464679241,0.0019440587685422412,0.4406460980752496,0.00676108037682204,6.407161579394486,0.005386389225475045
0.05,0.001112911906942452,0.0019630388412600216,0.44494393380013497,0.006888780053308247,6.407161358573683,0.005438977240158705
0.05,0.0011237774047460417,0.0019822042183345765,0.4492836043021197,0.007017784727629229,6.407161134405181,0.0054920786785435044
0.05,0.0011347489837603571,0.0020015567089018164,0.45366551431085794,0.007148073354435765,6.407160906839101,0.005545698553207423
0.05,0.0011458276796694946,0.0020210981397600697,0.45809007239795485,0.0072796235436755116,6.407160675824465,0.005599841925662424
0.05,0.0011570145382690615,0.002040830355542507,0.46255769101124844,0.007412411534833622,6.40716044130915,0.005654513906831906
0.05,0.0011683106155649025,0.002060755218891262,0.46706878650933364,0.007546412170040871,6.407160203239856,0.005709719657532869
0.05,0.001179716977872775,0.002080874610633229,0.4716237791963196,0.007681598866000503,6.407159961562042,0.005765464388962671
0.05,0.0011912347019190116,0.002101190429957598,0.47622309335683155,0.007817943582538931,6.40715971621989,0.005821753363190609
0.05,0.0012028648749421568,0.0021217045945951113,0.4808671572912483,0.007955416800582635,6.4071594671562435,0.005878591893654245
0.05,0.0012146085947956052,0.002142419040999082,0.4855564033511792,0.008093987480930136,6.407159214312565,0.0059359853456605926
0.05,0.0012264669700512265,0.0021633357245281573,0.49029126797517386,0.008233623044473282,6.407158957628876,0.005993939136892115
0.05,0.0012384411201040164,0.002184456619630885,0.49507219172467126,0.008374289337015721,6.407158697043696,0.006052458737917713
0.05,0.001250532175277767,0.002205783720032082,0.4998996193201829,0.008515950594335452,6.407158432493987,0.0061115496727086605
0.05,0.0012627412769317592,0.0022273190389210033,0.5047739996777085,0.00865856941813509,6.407158163915089,0.0061712175191595406
0.05,0.001275069577568508,0.002249064609141368,0.5096957859453839,0.008802106728875726,6.407157891240657,0.00623146790961425
0.05,0.0012875182409425529,0.002271022483383227,0.5146654355403618,0.008946521743276523,6.407157614402591,0.006292306531397147
0.05,0.0013000884421703184,0.0022931947343767176,0.519683410185923,0.009091771930326828,6.407157333330968,0.0063537391273493435
0.05,0.001312781367841033,0.0023155834550876862,0.5247501759488098,0.009237812976800782,6.407157047953969,0.006415771496370173
0.05,0.0013255982161287441,0.002338190758915243,0.5298662032767933,0.009384598755046223,6.407156758197795,0.006478409493963986
0.05,0.0013385401969054256,0.0023610187798912383,0.5350319670364617,0.009532081266887277,6.4071564639866,0.006541659032792221
0.05,0.0013516085318551786,0.0023840696728816744,0.5402479465512293,0.009680210619981602,6.4071561652424,0.006605526083230818
0.05,0.0013648044545895598,0.002407345613790098,0.5455146256395697,0.009828934973679697,6.407155861884993,0.006670016673933084
0.05,0.001378129210764028,0.0024308487997629713,0.5508324926534648,0.009978200499293679,6.407155553831863,0.006735136892398
0.05,0.0013915840581955358,0.002454581449397053,0.556202040517072,0.01012795133146328,6.4071552409980885,0.006800892885544061
0.05,0.0014051702669812558,0.0024785458029487908,0.5616237667656018,0.010278129520163708,6.407154923296261,0.0068672908602886605
0.05,0.0014188891196184788,0.002502744122545769,0.5670981735844063,0.01042867498325482,6.407154600636355,0.006934337084133096
0.05,0.001432741911125675,0.0025271786924002163,0.5726257678482788,0.010579525451612051,6.407154272925652,0.007002037885753284
0.05,0.0014467299491647467,0.002551851819024605,0.5782070611609559,0.010730616414949865,6.407153940068616,0.007070399655596183
0.05,0.0014608545541644573,0.0025767658314493317,0.5838425698948169,0.010881881065375472,6.407153601966783,0.007139428846481945
0.05,0.0014751170594450814,0.002601923081442548,0.5895328152307892,0.011033250238923598,6.407153258518648,0.007209131974211994
0.05,0.00148951881134427,0.002627325943732132,0.5952783231984441,0.011184652356750528,6.407152909619538,0.007279515618182953
0.05,0.0015040611693441324,0.0026529768162298064,0.6010796247162804,0.01133601335623564,6.407152555161479,0.007350586422006467
0.05,0.0015187455061995722,0.0026788781202574663,0.6069372556321991,0.01148725662152424,6.40715219503309,0.007422351094135108
0.05,0.0015335732080678699,0.0027050323007757077,0.6128517567641604,0.011638302929830695,6.407151829119405,0.007494816408494298
0.05,0.0015485456746395362,0.0027314418266145917,0.6188236739410162,0.011789070356245733,6.407151457301764,0.007567989205120343
0.05,0.0015636643192704308,0.0027581091907066427,0.6248535580435165,0.011939474219796842,6.407151079457641,0.007641876390804622
0.05,0.001578930569115184,0.0027850369103221426,0.630941965045486,0.012089426987075005,6.40715069546051,0.007716484939744045
0.05,0.0015943458652619138,0.002812227527306707,0.637089456055163,0.012238838205460869,6.407150305179657,0.007791821894197736
0.05,0.0016099116628682658,0.002839683608321199,0.6432965973566991,0.012387614403692349,6.407149908480045,0.00786789436515016
0.05,0.0016256294312987666,0.002867407745083948,0.6495639604518044,0.01253565901716254,6.407149505222101,0.007944709532980489
0.05,0.0016415006542635315,0.0028954025546153684,0.6558921221015478,0.012682872284261102,6.407149095261569,0.008022274648138579
0.05,0.0016575268299583285,0.002923670679484959,0.6622816643682948,0.01282915115578995,6.407148678449303,0.008100597031827412
0.05,0.0016737094712059924,0.0029522147880606865,0.6687331746577752,0.012974389195909649,6.407148254631069,0.008179684076692057
0.05,0.0016900501055992375,0.002981037574760836,0.6752472457612848,0.013118476475574218,6.407147823647347,0.008259543247515358
0.05,0.001706550275644855,0.0030101417603082977,0.6818244758980044,0.013261299465839909,6.407147385333108,0.00834018208192026
0.05,0.0017232115389093276,0.003039530091987357,0.6884654687574339,0.013402740926111968,6.40714693951761,0.008421608191078948
0.05,0.0017400354681658483,0.0030692053439029545,0.6951708335419275,0.013542679788285751,6.407146486024152,0.008503829260428716
0.05,0.0017570236515427916,0.0030991703172425105,0.7019411850093322,0.01368099103595271,6.407146024669823,0.008586853050394782
0.05,0.0017741776926736325,0.0031294278405402973,0.7087771435157152,0.013817545579269945,6.407145555265283,0.008670687397120081
0.05,0.0017914992108483139,0.0031599807699443693,0.7156793350581662,0.013952210124484185,6.407145077614475,0.008755340213201923
0.05,0.0018089898411661107,0.003190831989486126,0.72264839131768,0.014084847040315087,6.407144591514364,0.008840819488435871
0.05,0.0018266512346899744,0.0032219844113524874,0.7296849497020951,0.014215314218937555,6.4071440967546565,0.00892713329056663
0.05,0.0018444850586023952,0.0032534409761607445,0.7367896533890932,0.014343464929659065,6.407143593117502,0.00901428976604623
0.05,0.0018624929963627686,0.003285204653236059,0.7439631513692297,0.014469147673923387,6.407143080377183,0.009102297140799338
0.05,0.0018806767478663161,0.0033172784408917032,0.7512060984890091,0.014592206024912525,6.407142558299809,0.009191163720995987
0.05,0.0018990380296045463,0.003349665366712016,0.7585191554939729,0.014712478472698173,6.40714202664297,0.00928089789383165
0.05,0.0019175785748272943,0.0033823684878381394,0.7659029890718064,0.01482979825481874,6.407141485155404,0.009371508128314774
0.05,0.001936300133706324,0.0034153908912565073,0.7733582718954338,0.014943993191801758,6.40714093357662,0.009463002976061756
0.05,0.0019552044735005446,0.0034487356940901847,0.7808856826661076,0.015054885498932677,6.40714037163655,0.009555391072099573
0.05,0.00197429337872284,0.0034824060438930406,0.7884859061564712,0.015162291617001413,6.407139799055127,0.009648681135676023
0.05,0.001993568651308511,0.0035164051189467737,0.7961596332535765,0.015266022014573014,6.407139215541909,0.009742881971077632
0.05,0.0020130321107853784,0.003550736128560857,0.8039075610018547,0.015365880998258781,6.407138620795631,0.00983800246845535
0.05,0.002032685594445539,0.0035854023133753948,0.8117303926460155,0.015461666507816416,6.407138014503779,0.00993405160465807
0.05,0.002052530957518807,0.003620406945666959,0.8196288376738714,0.015553169915406468,6.407137396342129,0.010031038444074103
0.05,0.0020725700733478314,0.003655753329657365,0.8276036118590532,0.015640175804220793,6.40713676597427,0.010128972139480464
0.05,0.0020928048335649386,0.0036914448018255017,0.835655437303624,0.015722461752590088,6.407136123051107,0.010227861932900324
0.05,0.002113237148270704,0.003727484731222196,0.8437850424805623,0.015799798109672844,6.407135467210334,0.010327717156468528
0.05,0.0021338689462142464,0.0037638765197881216,0.8519931622760912,0.015871947752752913,6.407134798075911,0.010428547233305151
0.05,0.002154702174975306,0.003800623602674843,0.8602805380318536,0.01593866585420632,6.407134115257493,0.010530361678397422
0.05,0.0021757388011480836,0.0038377294485689743,0.8686479175869017,0.0159996996317273,6.407133418349852,0.010633170099489851
0.05,0.002196980810526892,0.0038751975600195133,0.8770960553194886,0.016054788087364838,6.407132706932255,0.010736982197982718
0.05,0.002218430208293595,0.003913031473768344,0.8856257121886347,0.01610366174984519,6.407131980567849,0.010841807769838948
0.05,0.0022400890192068985,0.00395123476108399,0.8942376557754611,0.016146042401435537,6.40713123880299,0.010947656706499515
0.05,0.002261959287793479,0.003989811028098607,0.9029326603242576,0.01618164279649274,6.407130481166569,0.011054538995807326
0.05,0.002284043078540989,0.004028763916148287,0.9117115067832747,0.01621016637865709,6.407129707169274,0.011162464722939799
0.05,0.0023063424760929236,0.004068097102116634,0.9205749828452017,0.016231306981323645,6.40712891630287,0.011271444071349945
0.05,0.0023288595854454126,0.004107814298781739,0.9295238829873232,0.016244748525304303,6.407128108039408,0.011381487323716334
0.05,0.0023515965321459337,0.004147919255166537,0.9385590085113333,0.01625016470615851,6.407127281830439,0.01149260486290185
0.05,0.0023745554624939416,0.004188415756892533,0.9476811675827537,0.01624721867223688,6.407126437106148,0.011604807172921141
0.05,0.002397738543743484,0.004229307626537037,0.956891175269968,0.016235562693224258,6.4071255732745,0.011718104839917146
0.05,0.002421147964307776,0.0042705987239938445,0.9661898535828214,0.016214837819677693,6.407124689720322,0.011832508553146513
0.05,0.002444785933965793,0.004312292946837473,0.9755780315107719,0.016184673535833156,6.407123785804366,0.011948029105974143
0.05,0.00246865468407085,0.004354394230690894,0.9850565450605473,0.0161446873968765,6.407122860862305,0.012064677396876654
0.05,0.0024927564677612434,0.0043969065495969035,0.9946262372933015,0.01609448466061714,6.4071219142037235,0.012182464430455169
0.05,0.002517093560172947,0.004439833916393114,1.0042879583612323,0.01603365790724544,6.407120945111055,0.0123014013184573
0.05,0.002541668258654363,0.004483180383090547,1.0140425655436078,0.015961786650491167,6.407119952838444,0.012421499280808214
0.05,0.0025664828829831962,0.004526950041255989,1.023890923282214,0.015878436932597387,6.407118936610626,0.01254276964665128
0.05,0.0025915397755854274,0.00457114702239803,1.033833903216146,0.015783160918377215,6.407117895621687,0.012665223855397884
0.05,0.0026168413017564423,0.004615775498356899,1.0438723842159414,0.015675496462715932,6.4071168290338445,0.012788873457786842
0.05,0.002642389849884293,0.004660839681698062,1.054007252416995,0.015554966682841306,6.407115735976122,0.012913730116953097
0.05,0.0026681878316751643,0.004706343826109693,1.0642394012522427,0.015421079507387097,6.407114615543,0.013039805609506116
0.05,0.002694237682381027,0.004752292226804009,1.0745697314840608,0.015273327218554929,6.407113466793007,0.013167111826617822
0.05,0.002720541861029529,0.004798689220922529,1.0849991512353503,0.015111185976526912,6.4071122887472525,0.013295660775120111
0.05,0.0027471028506561037,0.004845539187945255,1.0955285760197568,0.014934115340273741,6.407111080387894,0.013425464578612045
0.05,0.002773923158538369,0.004892846550103871,1.1061589287709976,0.014741557763178377,6.407109840656545,0.013556535478576782
0.05,0.0028010053164328154,0.004940615772798982,1.116891139871252,0.014532938085995593,6.407108568452639,0.013688885835508308
0.05,0.0028283518808137798,0.004988851365021372,1.1277261471785558,0.014307663008586243,6.407107262631683,0.013822528130047829
0.05,0.002855965433114779,0.0050375578797774235,1.1386648960531738,0.01406512055114169,6.407105922003489,0.013957474964130101
0.05,0.002883848579972186,0.005086739914518649,1.1497083393828993,0.013804679500069167,6.407104545330299,0.014093739062139605
0.05,0.0029120039534712974,0.005136402111575446,1.1608574376072267,0.013525688837628504,6.407103131324853,0.014231333272076629
0.05,0.002940434211394778,0.005186549158595029,1.1721131587403484,0.01322747715707946,6.407101678648383,0.014370270566733184
0.05,0.002969142037473557,0.005237185788983677,1.183476478392936,0.01290935206276795,6.407100185908497,0.014510564044878962
0.05,0.0029981301416401726,0.005288316782353292,1.1949483797926432,0.012570599554391715,6.407098651657018,0.014652226932457267
0.05,0.003027401260284563,0.005339946964972264,1.2065298538032783,0.01221048339003358,6.407097074387707,0.014795272583790842
0.05,0.0030569581565123853,0.005392081210220789,1.218221898942594,0.011828244439862013,6.407095452533914,0.014939714482797793
0.05,0.0030868036204058404,0.0054447244390505856,1.230025521398637,0.011423100016853155,6.407093784466108,0.015085566244217478
0.05,0.0031169404692870575,0.005497881620449135,1.2419417350446011,0.010994243191771965,6.407092068489349,0.015232841614846483
0.05,0.0031473715479840253,0.005551557771908384,1.253971561452107,0.010540842087140569,6.40709030284062,0.015381554474784485
0.05,0.003178099729099145,0.005605757959898071,1.2661160299028742,0.010062039157768016,6.407088485686078,0.015531718838690266
0.05,0.0032091279132803905,0.0056604873003436446,1.2783761773987,0.009556950446121266,6.40708661511818,0.01568334885704771
0.05,0.0032404590294951344,0.005715750959108864,1.2907530486696899,0.009024664822056612,6.407084689152711,0.01583645881744182
0.05,0.0032720960353066126,0.005771554152483043,1.3032476961806567,0.008464243201243376,6.407082705725672,0.015991063145844604
0.05,0.0033040419171531197,0.005827902147673107,1.3158611801356423,0.007874717741063363,6.407080662690068,0.01614717640791109
0.05,0.0033362996906299304,0.005884800263300436,1.328594568480475,0.007255091019905591,6.40707855781254,0.01630481331028522
0.05,0.0033688724007739424,0.005942253869902502,1.3414489369032807,0.006604335185764287,6.407076388769914,0.016463988701915542
0.05,0.0034017631223511318,0.006000268390439454,1.3544253688328969,0.005921391095215941,6.40707415314554,0.016624717575380924
0.05,0.0034349749601467945,0.006058849300805599,1.3675249554350848,0.005205167419378988,6.407071848425564,0.01678701506822596
0.05,0.0034685110492586437,0.006118002130345908,1.3807487956064797,0.004454539728625809,6.407069471994979,0.016950896464306173
0.05,0.003502374555392732,0.006177732462377498,1.3940979959661797,0.0036683495579884796,6.407067021133588,0.017116377195142918
0.05,0.003536568675162296,0.0062380459347162465,1.4075736708448996,0.0028454034414364324,6.40706449301177,0.017283472841287836
0.05,0.0035710966363895155,0.006298948240208527,1.421176942271607,0.001984471926678435,6.407061884686071,0.01745219913369696
0.05,0.0036059616984101908,0.006360445127268095,1.4349089399575263,0.0010842885604360163,6.407059193094653,0.017622571955114137
0.05,0.0036411671523814276,0.006422542400418242,1.4487708012774487,0.00014354885037293902,6.40705641505255,0.01779460734146388
0.05,0.003676716321592306,0.006485245920839207,1.4627636712482315,-0.0008390908021061669,6.40705354724672,0.0179683214832534
0.05,0.0037126125617776033,0.00654856160692096,1.4768887025044075,-0.0018650141958608292,6.40705058623094,0.018143730726983897
0.05,0.0037488592614345418,0.0066124954348212965,1.4911470552707744,-0.002935646451270868,6.4070475284204695,0.018320851576570544
0.05,0.0037854598421426695,0.006677053439029448,1.5055398973319005,-0.004052455162509072,6.407044370086529,0.018499700694771623
0.05,0.0038224177588868386,0.006742241712935128,1.5200684039984096,-0.005216951574419863,6.407041107350535,0.018680294904626152
0.05,0.0038597365003833605,0.006808066409403173,1.5347337580699538,-0.006430691796804659,6.407037736178143,0.018862651190900127
0.05,0.0038974195894093087,0.006874533741353709,1.5495371497947492,-0.007695278042667741,6.407034252373045,0.01904678670154099
0.05,0.003935470583135067,0.006941649982348025,1.5644797768255745,-0.009012359901097635,6.407030651570504,0.01923271874914033
0.05,0.003973893073460132,0.007009421467180169,1.5795628441721121,-0.010383635641534793,6.407026929230684,0.019420464812404545
0.05,0.0040126906873521485,0.007077854592474215,1.5947875641494893,-0.011810853551272604,6.407023080631683,0.01961004253763301
0.05,0.004051867087189304,0.007146955817287443,1.6101551563229293,-0.013295813306266231,6.407019100862305,0.01980146974020385
0.05,0.0040914259711060386,0.007216731663719344,1.625666847448368,-0.014840367375057374,6.407014984814571,0.019994764406066966
0.05,0.00413137107334215,0.0072871887175265816,1.641323871408901,-0.016446422460096782,6.407010727175918,0.020189944693243794
0.05,0.004171706164595275,0.007358333628743895,1.6571274691469318,-0.018115940969948216,6.407006322421103,0.020387028933333773
0.05,0.0042124350523768395,0.007430173112311091,1.6730788885918897,-0.0198509425349732,6.407001764803816,0.020586035633027085
0.05,0.004253561581371493,0.007502713948706155,1.689179384583379,-0.02165350555088475,6.406997048347934,0.020786983475623473
0.05,0.004295089633800008,0.007575962984584453,1.7054302187895887,-0.023525768770633435,6.40699216683848,0.02098989132255638
0.05,0.004337023129785767,0.007649927133424225,1.7218326596208504,-0.02546993292518772,6.406987113812193,0.021194778214922542
0.05,0.004379366027724801,0.007724613376178329,1.7383879821381725,-0.027488262388948935,6.406981882547785,0.02140166337501628
0.05,0.004422122324659468,0.00780002876193237,1.7550974679566025,-0.029583086883938847,6.406976466055779,0.02161056620786824
0.05,0.00446529605665574,0.007876180408569149,1.7719624051432399,-0.031756803225915745,6.406970857068005,0.021821506302787827
0.05,0.004508891299184202,0.007953075503439665,1.788984088109767,-0.0340118771077254,6.40696504802664,0.022034503434909255
0.05,0.00455291216750477,0.008030721304040613,1.8061638174993102,-0.03635084492983102,6.406959031072898,0.022249577566740484
0.05,0.004597362817055163,0.00810912513869848,1.8235029000674607,-0.03877631567377272,6.406952798035242,0.022466748849714394
0.05,0.004642247443843148,0.008188294407260276,1.841002648557283,-0.04129097281269835,6.406946340417159,0.022686037625741805
0.05,0.0046875702848426385,0.008268236581791013,1.8586643815681327,-0.04389757627551798,6.406939649384492,0.02290746442876557
0.05,0.004733335618393664,0.008348959207277984,1.876489423418101,-0.04659896444971219,6.406932715752264,0.023131049986315353
0.05,0.004779547764606211,0.00843046990234183,1.894479103999885,-0.04939805623415769,6.40692552997105,0.02335681522106197
0.05,0.0048262110857680415,0.008512776359954594,1.9126347586299106,-0.05229785313378106,6.406918082112768,0.023584781252371078
0.05,0.004873329986756472,0.00859588634816471,1.9309577278904868,-0.05530144140837243,6.406910361856008,0.023814969397854928
0.05,0.004920908915454202,0.008679807710829116,1.9494493574648286,-0.05841199426289363,6.406902358470768,0.02404740117492206
0.05,0.00496895236316915,0.008764548368352365,1.9681109979646783,-0.061632774092126176,6.406894060802635,0.024282098302323134
0.05,0.005017464865058431,0.00885011631843303,1.9869440047503812,-0.06496713477028057,6.40688545725636,0.02451908270169294
0.05,0.005066451000556485,0.00893651963681737,2.0059497377431685,-0.0684185239947348,6.406876535778848,0.02475837649908726
0.05,0.005115915393807322,0.009023766478060209,2.025129561229404,-0.07199048567778468,6.406867283841475,0.025000002026513198
0.05,0.005165862714101055,0.00911186507629336,2.044484843656627,-0.07568666239180931,6.4068576884218,0.02524398182345282
0.05,0.005216297676314652,0.009200823746001403,2.064016957421095,-0.07951079786633633,6.406847735984549,0.025490338638378025
0.05,0.005267225041357029,0.009290650882805113,2.083727278646654,-0.08346673953683745,6.4068374124619325,0.02573909543025644
0.05,0.005318649616618435,0.009381354964252376,2.1036171869546356,-0.08755844114780491,6.406826703233207,0.025990275370046223
0.05,0.005370576256424274,0.009472944550616898,2.123688065224579,-0.09178996541140799,6.406815593103519,0.026243901842179115
0.05,0.00542300986249333,0.009565428285704624,2.143941299345511,-0.09616548671709453,6.40680406628193,0.026499998446030213
0.05,0.005475955384400494,0.00965881489766805,2.1643782779575345,-0.10068929390024911,6.406792106358681,0.026758588997373187
0.05,0.005529417820043961,0.00975311319982834,2.1850003921834404,-0.10536579306253051,6.406779696281579,0.027019697529818924
0.05,0.005583402216117025,0.00984833209150553,2.2058090353501054,-0.11019951045283238,6.406766818331564,0.027283348296236746
0.05,0.005637913668584497,0.009944480558856796,2.226805602699412,-0.11519509539955042,6.406753454097346,0.027549565770156402
0.05,0.005692957323163709,0.010041567675722778,2.247991491088356,-0.1203573233037152,6.406739584449167,0.02781837464714857
0.05,0.0057485383758102805,0.010139602604482212,2.2693680986781293,-0.12569109868762357,6.406725189511561,0.028089799846182824
0.05,0.005804662073208587,0.01023859459691482,2.290936824611844,-0.13120145830138533,6.4067102486351795,0.02836386651096076
0.05,0.005861333713267056,0.01033855299507263,2.312699068680632,-0.13689357428566046,6.406694740367556,0.02864060001122249
0.05,0.00591855864561824,0.010439487232159655,2.334656230977789,-0.14277275739468712,6.406678642422848,0.02892002594402413
0.05,0.005976342272123826,0.010541406833420225,2.356809711540698,-0.14884446027589257,6.406661931650492,0.02920217013498462
0.05,0.006034690047384543,0.010644321417035862,2.3791609099801883,-0.1551142808061372,6.406644584002713,0.02948705863949913
0.05,0.006093607479255088,0.010748240695030947,2.4017112250970536,-0.16158796549039728,6.406626574500915,0.029774717743917104
0.05,0.0061531001293640124,0.010853174474187058,2.4244620544853497,-0.16827141291261427,6.40660787720083,0.030065173966681905
0.05,0.00621317361363874,0.01095913265696628,2.44741479412222,-0.17517067724964913,6.406588465156478,0.03035845405943017
0.05,0.006273833602835714,0.011066125242443478,2.470570837943866,-0.18229197183782458,6.406568310382799,0.030654585008047568
0.05,0.00633508582307566,0.011174162327247512,2.493931577407326,-0.1896416728015583,6.406547383817022,0.030953594033678297
0.05,0.0063969360563841445,0.0112832541065117,2.5174984010377637,-0.19722632273583107,6.406525655278642,0.031255508593685505
0.05,0.00645939014123736,0.01139341087483343,2.541272693960877,-0.20505263444474098,6.406503093427997,0.03156035638255931
0.05,0.006522453973113293,0.011504643027243145,2.565255837420104,-0.2131274947376876,6.406479665723403,0.03186816533276943
0.05,0.006586133505048197,0.011616961060182616,2.589449208278229,-0.2214579682796898,6.406455338376803,0.032178963615558435
0.05,0.006650434748198561,0.01173037557249281,2.6138541785030993,-0.2300513014947627,6.406430076307867,0.03249277964167302
0.05,0.0067153637724085636,0.01184489726641131,2.63847211463701,-0.23891492652450963,6.406403843096511,0.03280964206202873
0.05,0.006780926706783012,0.011960536948579339,2.6633043772494283,-0.2480564652370224,6.40637660093376,0.03312957976830461
0.05,0.006847129740265934,0.01207730553105862,2.688352320372675,-0.25748373328836477,6.406348310570962,0.033452621893463784
0.05,0.00691397912222478,0.012195214032358053,2.713617290920183,-0.2672047442322064,6.4063189312672275,0.033778797812195775
0.05,0.006981481163040381,0.012314273578470399,2.739100628086956,-0.2772277136779898,6.406288420735088,0.03410813714127608
0.05,0.007049642234702579,0.012434495403918874,2.764803662731798,-0.2875610634965379,6.406256735084322,0.034440669739838
0.05,0.007118468771411754,0.012555890852814031,2.7907277167410007,-0.29821342606850393,6.4062238287638635,0.03477642570955302
0.05,0.007187967270186183,0.01267847137992078,2.816874102373008,-0.30919364857712495,6.4061896545017625,0.035115435394713485
0.05,0.007258144291475363,0.012802248551735835,2.843244121583735,-0.32051079734010024,6.406154163243131,0.0354577293822134
0.05,0.007329006459779255,0.012927234047575436,2.8698390653320596,-0.3321741621804852,6.406117304086007,0.03580333850142103
0.05,0.007400560464273643,0.013053439660673766,2.896660212865167,-0.3441932608324648,6.406079024215094,0.03615229382393851
0.05,0.007472813059441586,0.013180877299291946,2.923708830983276,-0.35657784338060894,6.406039268833306,0.03650462666324205
0.05,0.007545771065710988,0.01330955898783769,2.9509861732833604,-0.36933789672820116,6.40599798109105,0.03686036857419655
0.05,0.007619441370098442,0.013439496867995875,2.978493479381452,-0.38248364909246435,6.405955102013189,0.03721955135243862
0.05,0.007693830926859341,0.013570703199870034,3.0062319741131227,-0.39602557452368903,6.405910570423626,0.03758220703362114
0.05,0.007768946758144361,0.013703190363134906,3.0342028667117193,-0.40997439744121866,6.405864322867421,0.037948367892512484
0.05,0.00784479595466229,0.01383697085820004,3.062407349963917,-0.4243410971892517,6.405816293530419,0.03831806644194306
0.05,0.007921385676349391,0.01397205730738475,3.090846599342222,-0.4391369125994734,6.40576641415626,0.03869133543159198
0.05,0.0079987231530453,0.014108462456104441,3.1195217721139783,-0.4543733465630092,6.405714613960752,0.039068207846606064
0.05,0.008076815685175454,0.014246199174068257,3.148434006426445,-0.47006217060400435,6.405660819543517,0.0394487169060426
0.05,0.008155670644440265,0.014385280456488462,3.177584420367578,-0.48621542945060375,6.405604954796842,0.0398328960611282
0.05,0.00823529547451097,0.01452571942530143,3.2069741110020735,-0.5028454455944347,6.4055469408116545,0.0402207789933246
0.05,0.008315697691732318,0.014667529330400463,3.2366041533822636,-0.5199648238406189,6.405486695780574,0.04061239961219239
0.05,0.008396884885832043,0.014810723550880424,3.2664755995334507,-0.537586455833851,6.405424134897933,0.04100779205304314
0.05,0.008478864720637351,0.014955315596294512,3.2965894774133164,-0.5557235245582406,6.4053591702567125,0.04140699067437066
0.05,0.008561644934798338,0.015101319107923077,3.3269467898449494,-0.5743895088057565,6.405291710742335,0.041810030055050684
0.05,0.008645233342518533,0.015248747860054764,3.3575485134231506,-0.5935981876008636,6.405221661923189,0.042216944991298966
0.05,0.008729637834292482,0.015397615761279893,3.388395597393578,-0.6133636445798821,6.405148925937873,0.0426277704933764
0.05,0.008814866377650617,0.015547936855796413,3.4194889625043845,-0.6337002723116454,6.405073401379012,0.04304254178203021
0.05,0.008900927017911384,0.01569972532472849,3.4508294998299824,-0.6546227765550976,6.404994983173648,0.04346129428465993
0.05,0.008987827878940655,0.01585299548745763,3.4824180695665055,-0.6761461804430204,6.404913562460065,0.0438840636311948
0.05,0.009075577163918627,0.01600776180296684,3.514255499798691,-0.6982858285836343,6.404829026461,0.04431088564967142
0.05,0.009164183156114156,0.01616403887119757,3.5463425852377783,-0.7210573910680477,6.404741258353141,0.04474179636149794
0.05,0.009253654219666719,0.01632184143441992,3.5786800859301326,-0.7444768673778772,6.4046501371329025,0.045176831976391635
0.05,0.009343998800375895,0.016481184378615794,3.6112687259362017,-0.7685605901771085,6.404555537478296,0.04561602888697558
0.05,0.009435225426498665,0.016642082734875573,3.644109191979573,-0.7933252289816533,6.40445732960691,0.04605942366302051
0.05,0.00952734270955447,0.016804551680808213,3.6772021320658026,-0.818787793691968,6.404355379129898,0.046507053045317194
0.05,0.009620359345138064,0.01696860654196477,3.7105481540707017,-0.8449656379766584,6.404249546901867,0.046958953939163016
0.05,0.009714284113740387,0.017134262793275786,3.744147824297888,-0.8718764624967263,6.404139688866648,0.04741516340744832
0.05,0.009809125881577398,0.0173015360605024,3.7780016660052924,-0.8995383179548699,6.404025655898846,0.04787571866332491
0.05,0.009904893601427055,0.017470442121701492,3.812110157900441,-0.9279696079569827,6.403907293641101,0.0483406570624409
0.05,0.01000159631347438,0.017640996908704784,3.846473732604272,-0.9571890916703173,6.4037844423369945,0.04881001609472366
0.05,0.010099243146164854,0.017813216508612284,3.881092775083341,-0.9872158862664961,6.403656936659556,0.049283833375693635
0.05,0.010197843317066102,0.0179871171653,3.9159676210502297,-1.0180694691289163,6.403524605535267,0.04976214663729028
0.05,0.010297406133738043,0.018162715280942196,3.9510985553320537,-1.0497696798131442,6.403387271963527,0.050244993718191217
0.05,0.010397940994611436,0.018340027417548175,3.986485810206934,-1.0823367217397488,6.403244752831535,0.05073241255360495
0.05,0.010499457389875086,0.01851907029851383,4.022129563708364,-1.1157911636061293,6.403096858724495,0.05122444116451696
0.05,0.010601964902371733,0.018699860810188238,4.058029937897491,-1.150153940494325,6.4029433937311335,0.05172111764636946
0.05,0.010705473208502571,0.018882416003454975,4.09418699710317,-1.1854463546618257,6.4027841552444515,0.05222248015715166
0.05,0.010809992079140717,0.01906675309532887,4.130600746129961,-1.2216900759899265,6.402618933757672,0.05272856690488099
0.05,0.010915531380553534,0.019252889470567892,4.167271128434007,-1.2589071420765094,6.402447512655368,0.05323941613445116
0.05,0.011022101075334013,0.019440842683300635,4.204198024266999,-1.2971199579463693,6.40226966799972,0.053755066113825446
0.05,0.011129711223341152,0.01963063045866915,4.241381248788255,-1.3363512953623398,6.40208516831186,0.054275555119550414
0.05,0.011238371982649606,0.01982227069448772,4.2788205501451895,-1.3766242917128075,6.401893774348304,0.054800921421567166
0.05,0.011348093610508618,0.020015781462917485,4.316515607522375,-1.4179624484551892,6.401695238872464,0.05533120326729531
0.05,0.011458886464310196,0.02021118101215689,4.35446602915941,-1.4603896290896432,6.401489306421178,0.055866438864963425
0.05,0.011570761002566873,0.02040848776814853,4.392671350338018,-1.5039300566422622,6.40127571306633,0.056406666366161845
0.05,0.011683727785898932,0.02060772033630218,4.431131031338673,-1.548608310630876,6.401054186171506,0.0569519238475905
0.05,0.011797797478031348,0.02080889750323436,4.4698444553672285,-1.5944493234899073,6.400824444143717,0.05750224929197542
0.05,0.01191298084680033,0.021012038238524367,4.508810926451991,-1.6414783764290666,6.400586196180261,0.05805768056812627
0.05,0.012029288765169836,0.02121716169648724,4.548029667311843,-1.689721094697442,6.40033914201064,0.0586182554101077
0.05,0.012146732212257911,0.02142428721796352,4.587499817195959,-1.7392034422298484,6.400082971633732,0.059184011395495735
0.05,0.012265322274373136,0.021633434332126184,4.627220429695868,-1.7899517156443243,6.399817365050109,0.0597549859226909
0.05,0.012385070146061071,0.02184462275830464,4.667190470530476,-1.8419925375659094,6.399541991989693,0.06033121618725825
0.05,0.01250598713116102,0.022057872407826216,4.707408815305003,-1.8953528492485847,6.399256511634786,0.06091273915726571
0.05,0.012628084643873116,0.02227320338587526,4.747874247244626,-1.9500599024625442,6.398960572338504,0.06149959154759018
0.05,0.012751374209835718,0.022490635993369666,4.788585454903763,-2.0061412506239593,6.398653811338814,0.06209180979316087
0.05,0.01287586746721344,0.022710190728855533,4.829541029852137,-2.0636247391323317,6.398335854468253,0.0626894300211102
0.05,0.01300157616779574,0.02293188829041964,4.87073946433861,-2.1225384948885186,6.398006315859401,0.06329248802180035
0.05,0.013128512178106296,0.023155749577620285,4.912179148934097,-2.1829109149624273,6.397664797646378,0.06390101921869547
0.05,0.013256687480523102,0.023381795693436194,4.953858370154742,-2.2447706543798667,6.397310889662405,0.06451505863704697
0.05,0.013386114174409602,0.023610047946234145,4.9957753080668,-2.3081466129984474,6.3969441691337074,0.06513464087136184
0.05,0.013516804477256877,0.023840527851755278,5.037928033874697,-2.373067921441258,6.396564200369889,0.06575980005162209
0.05,0.013648770725836855,0.024073257135119982,5.080314507493733,-2.4395639260577333,6.396170534451044,0.066390569808223
0.05,0.01378202537736692,0.024308257732852036,5.122932575109203,-2.507664172881479,6.3957627089118105,0.06702698323560027
0.05,0.013916581010685816,0.02454555179492181,5.165779966723631,-2.577398390553663,6.39534024742266,0.06766907285451387
0.05,0.014052450327441093,0.024785161686808884,5.208854293693985,-2.648796472181225,6.394902659468655,0.06831687057295771
0.05,0.014189646153288034,0.02502710999158395,5.252153046260807,-2.721888456101561,6.39444944002603,0.06897040764566406
0.05,0.014328181439100406,0.025271419512010646,5.29567359107141,-2.7967045055206214,6.393980069236873,0.06962971463217318
0.05,0.014468069262192958,0.025518113272667117,5.339413168699273,-2.8732748869975877,6.393494012082291,0.07029482135343748
0.05,0.014609322827555943,0.02576721452208769,5.383368891161917,-2.9516299477464094,6.392990718054414,0.07096575684693097
0.05,0.014751955469101533,0.026018746734924544,5.427537739439701,-3.0318000917250796,6.39246962082766,0.07164254932023524
0.05,0.014895980650922546,0.026272733614129972,5.471916560998084,-3.1138157544860086,6.3919301379296325,0.0723252261030744
0.05,0.015041411968563468,0.026529199093159178,5.5165020673159715,-3.1977073767609254,6.391371670412188,0.07301381359777177
0.05,0.015188263150303735,0.02678816733819361,5.561290831422922,-3.283505376753653,6.390793602523081,0.0737083372281016
0.05,0.015336548058453702,0.02704966275038544,5.606279285448137,-3.3712401211177854,6.390195301378732,0.07440882138651232
0.05,0.015486280690663174,0.027313709968122966,5.65146371818422,-3.4609418945949497,6.38957611663866,0.07511528937969633
0.05,0.015637475181242807,0.027580333869317488,5.696840272668904,-3.5526408682912516,6.388935380182126,0.07582776337248513
0.05,0.015790145802498247,0.02784955957371134,5.74240494378795,-3.64636706657459,6.3882724057876334,0.07654626433004845
0.05,0.015944306966077442,0.02812141244520779,5.78815357590268,-3.7421503325709056,6.387586488815861,0.07727081195837875
0.05,0.016099973224331095,0.02839591809422283,5.834081860505727,-3.840020292245213,6.386876905896775,0.07800142464304495
0.05,0.016257159271686295,0.028673102380058674,5.880185333908509,-3.9400063170514548,6.3861429146215025,0.07873811938619829
0.05,0.016415879946033655,0.02895299141329971,5.926459374964411,-4.042137485141402,6.385383753239855,0.07948091174181995
0.05,0.01657615023012796,0.029235611558230772,5.972899202831507,-4.146442541118853,6.384598640364121,0.08022981574919884
0.05,0.016737985253002543,0.029520989435278037,6.019499874778923,-4.252949854336359,6.383786774680027,0.08098484386463227
0.05,0.016901400291397327,0.029809151923472468,6.066256284040964,-4.361687375727131,6.382947334665673,0.08174600689134391
0.05,0.017066410771200975,0.0301001261629365,6.113163157723475,-4.472682593172187,6.382079478319303,0.08251331390761849
0.05,0.017233032268907003,0.030393939557393664,6.160215054766738,-4.585962485403866,6.381182342896864,0.08328677219315339
0.05,0.01740128051308423,0.030690619776701768,6.207406363969605,-4.701553474451828,6.3802550446602275,0.08406638715363263
0.05,0.017571171385861405,0.030990194759409284,6.25473130207949,-4.819481376639493,6.379296678637126,0.08485216224353079
0.05,0.01774272092442648,0.03129269271533575,6.302183911953114,-4.939771352144859,6.3783063183938,0.08564409888716032
0.05,0.01791594532254052,0.03159814212817606,6.349758060792943,-5.0624478531404336,6.377283015821332,0.08644219639797772
0.05,0.018090860932066265,0.03190657175812869,6.397447438464363,-5.187534570535745,6.376225800936913,0.0872464518961697
0.05,0.01826748426451173,0.0322180106445484,6.445245555898796,-5.315054379345534,6.375133681700978,0.08805686022454429
0.05,0.018445831992588826,0.03253248810862341,6.493145743588092,-5.445029282714782,6.374005643851523,0.0888734138627578
0.05,0.018625920951787302,0.03285003375607738,6.5411411501755214,-5.57748035463542,6.37284065075666,0.08969610283991195
0.05,0.01880776814196382,0.03317067747989606,6.589224741148922,-5.7124276813942725,6.371637643286759,0.0905249146455621
0.05,0.0189913907289468,0.033494449463079286,6.637389297641579,-5.849890301797151,6.370395539707298,0.09135983413918244
0.05,0.019176806046156746,0.03382138018141812,6.685627415346518,-5.989886146220575,6.3691132355938125,0.09220084345814025
0.05,0.019364031596242583,0.03415150040629779,6.733931503550016,-6.132431974546131,6.367789603770185,0.09304792192423751
0.05,0.01955308505273372,0.03448484120752589,6.78229378429006,-6.277543313039847,6.3664234942716185,0.09390104594888252
0.05,0.019743984261708435,0.03482143395618684,6.8307062916457735,-6.425234390245107,6.365013734333697,0.09476018893696418
0.05,0.01993674724347856,0.035161310327522524,6.879160871163727,-6.575518071962415,6.363559128408868,0.09562532118950574
0.05,0.02013139219429041,0.035504502303838836,6.927649179427075,-6.7284057953965855,6.362058458211775,0.09649640980518151
0.05,0.020327937488042555,0.0358510421774392,6.976162683773659,-6.883907502557308,6.360510482794846,0.09737341858079018
0.05,0.0205264016780202,0.03620096255358456,7.024692662169095,-7.042031573008156,6.358913938655614,0.09825630791078291
0.05,0.020726803498646654,0.036554296353480537,7.073230203240911,-7.202784756061829,6.357267539877157,0.09914503468595307
0.05,0.020929161867251675,0.036911076817291326,7.121766206479839,-7.366172102529025,6.355569978303186,0.10003955219140243
0.05,0.021133495885857275,0.03727133750718137,7.170291382614331,-7.532196896134503,6.353819923749187,0.1009398100039073
0.05,0.021339824842980946,0.037635112310384446,7.218796254164389,-7.700860584720266,6.352016024251127,0.10184575388881535
0.05,0.021548168215456322,0.03800243544230032,7.2672711561806125,-7.872162711361673,6.350156906353161,0.10275732569661185
0.05,0.021758545670271825,0.038373341449619645,7.3157062371745365,-8.046100845532521,6.348241175435831,0.10367446325930461
0.05,0.021970977066427103,0.03874786521347679,7.364091460246095,-8.222670514457143,6.346267416086167,0.10459710028678339
0.05,0.022185482456807768,0.0391260419526314,7.412416604414048,-8.401865134798182,6.3442341925111645,0.10552516626332047
0.05,0.02240208209007819,0.03950790722667798,7.460671266154978,-8.583675944834273,6.342140048996031,0.10645858634438392
0.05,0.022620796412592997,0.03989349693928479,7.508844861156617,-8.768091937285886,6.3399835104086,0.10739728125395077
0.05,0.022841646070327102,0.04028284734146151,7.556926626290821,-8.95509979295953,6.337763082751289,0.10834116718250907
0.05,0.02306465191082472,0.04067599503485617,7.604905621811494,-9.144683815379244,6.335477253761877,0.10929015568595102
0.05,0.023289834985167176,0.04107297697508134,7.6527707337826625,-9.33682586658788,6.333124493564458,0.11024415358556737
0.05,0.023517216549960116,0.041473830475070014,7.700510676741552,-9.531505304300232,6.330703255371746,0.11120306286936141
0.05,0.02374681806934016,0.04187859320846162,7.748113996601481,-9.728698920599305,6.3282119762399525,0.11216678059491154
0.05,0.023978661217000905,0.04228730321301741,7.795569073798884,-9.92838088237002,6.325649077877331,0.11313519879401572
0.05,0.024212767878238933,0.042699998894066594,7.842864126688901,-10.13052267367075,6.323012967507476,0.1141082043793658
0.05,0.024449160152019686,0.04311671902798273,7.889987215193361,-10.335093040245443,6.320302038788336,0.11508567905350271
0.05,0.024687860353063647,0.043537502765690884,7.936926244704861,-10.542057936385719,6.317514672787841,0.11606749922031422
0.05,0.02492889101395261,0.04396238963620517,7.983668970250219,-10.751380474352572,6.314649239016992,0.11705353589934214
0.05,0.025172274887256797,0.044391419550197896,8.030203000916458,-10.963020876571427,6.311704096521091,0.1180436546431784
0.05,0.02541803494768266,0.0448246328035997,8.076515804541806,-11.176936430818351,6.308677595029765,0.11903771545822948
0.05,0.025666194394241525,0.045262070081230905,8.12259471267405,-11.393081448611737,6.305568076166275,0.12003557272914028
0.05,0.025916776652439574,0.04570377246046488,8.168426925798093,-11.611407227031219,6.3023738747165226,0.12103707514717321
0.05,0.0261698053764891,0.04614978141492289,8.213999518834163,-11.83186201417964,6.299093319958008,0.1220420656428427
0.05,0.02642530445154151,0.046600138818201346,8.259299446907646,-12.05439097850734,6.295724737048895,0.12305038132311226
0.05,0.026683297995941838,0.0470548869476308,8.304313551391054,-12.278936182214878,6.292266448477186,0.12406185341346324
0.05,0.026943810363505558,0.04751406848806766,8.349028566218195,-12.505436558949004,6.288716775569863,0.1250763072051502
0.05,0.027206866145817455,0.04797772653571841,8.393431124470062,-12.733827896002206,6.285074040061703,0.12609356200795935
0.05,0.02747249017455311,0.0484459046019968,8.4375077652315,-12.964042821224893,6.281336565723345,0.1271134311087904
0.05,0.02774070752382277,0.04891864661741349,8.481244940716948,-13.196010794850404,6.277502680047935,0.1281357217363789
0.05,0.028011543512538335,0.04939599693549935,8.524629023663403,-13.429658106432493,6.273570715995659,0.129160235032484
0.05,0.028285023706803504,0.04987800033676205,8.567646314987748,-13.664907877082914,6.269539013795103,0.1301867660298589
0.05,0.028561173922326936,0.050364702032675755,8.610283051705249,-13.90168006719269,6.2654059228004035,0.13121510363732364
0.05,0.028840020226859314,0.05085614766970496,8.65252541510534,-14.139891489810918,6.261169803402774,0.13224503063225623
0.05,0.029121588942653986,0.05135238333336191,8.694359539180216,-14.379455829844144,6.256829028994953,0.13327632366081524
0.05,0.02940590664895184,0.05185345555229834,8.73577151930111,-14.620283669231119,6.252381987986832,0.134308753246201
0.05,0.029693000184490108,0.05235941130243095,8.776747421136472,-14.862282518232554,6.2478270858703695,0.1353420838052572
0.05,0.029982896650035975,0.05287029801110168,8.817273289805657,-15.105356852966793,6.243162747331678,0.1363760736737083
0.05,0.030275623410944884,0.053386163561272446,8.857335159261087,-15.349408159305675,6.23838741840795,0.13741047514032004
0.05,0.03057120809974356,0.053907056295754235,8.89691906189108,-15.59433498323092,6.233499568686753,0.1384450344902577
0.05,0.030869678618738575,0.054433025021471466,8.936011038335057,-15.840032987737032,6.228497693544924,0.13947949205791155
0.05,0.03117106314265016,0.05496411901376102,8.974597147501987,-16.086395016348153,6.22338031642414,0.14051358228944122
0.05,0.03147539012127196,0.05550038802070676,9.012663476782404,-16.333311163301115,6.218145991140061,0.14154703381528114
0.05,0.03178268828215639,0.05604188226750882,9.050196152443586,-16.580668850426534,6.212793304221683,0.14257956953283246
0.05,0.03209298663332661,0.05658865246088882,9.08718135019691,-16.828352910742648,6.207320877277341,0.14361090669955257
0.05,0.032406314466014656,0.05714074979353021,9.12360530592561,-17.076245678755487,6.20172736938368,0.14464075703663326
0.05,0.03272270135742665,0.05769822594855485,9.159454326560763,-17.324227087439635,6.1960114794936105,0.14566882684344434
0.05,0.03304217717353455,0.058261133104034635,9.19471480109241,-17.572174771851184,6.190171948859146,0.14669481712289403
0.05,0.033364772071895525,0.058829523937539596,9.229373211702343,-17.81996417930545,6.184207563464833,0.14771842371784097
0.05,0.03369051650449884,0.059403451630722054,9.263416145004436,-18.067468686027055,6.1781171564672785,0.14873933745866944
0.05,0.03401944122064025,0.059982969873936455,9.296830303377703,-18.3145597201598,6.171899610636139,0.149757244322112
0.05,0.03435157726982471,0.060568132870895866,9.329602516376918,-18.561106890999767,6.16555386079175,0.15077182560138463
0.05,0.03468695600469737,0.061158995343364525,9.36171975220494,-18.80697812429322,6.159078896234483,0.15178275808766967
0.05,0.035025609084003255,0.06175561253588732,9.3931691292305,-19.05203980341649,6.152473763160689,0.15278971426295684
0.05,0.035367568475575574,0.0623580402205549,9.423937927534606,-19.29615691623382,6.145737567060057,0.15379236250422218
0.05,0.035712866459353454,0.06296633470180596,9.454013600468446,-19.539193207404217,6.138869475089033,0.1547903672989008
0.05,0.03606153563042924,0.06358055282126646,9.483383786205204,-19.78101133588836,6.131868718414882,0.15578338947157522
0.05,0.03641360890212509,0.06420075196262448,9.512036319267697,-20.021473037381547,6.124734594524916,0.1567710864217714
0.05,0.036769119509100084,0.06482699005654287,9.539959242013696,-20.260439291378734,6.1174664694952146,0.15775311237272677
0.05,0.037128101010487385,0.0654593255856081,9.567140816060258,-20.497770492556025,6.110063780213336,0.1587291186309595
0.05,0.03749058729306228,0.06609781758931632,9.593569533628253,-20.733326626132104,6.102526036549246,0.1596987538564378
0.05,0.03785661257444074,0.0667425256690956,9.619234128788122,-20.966967446853438,6.094852823468835,0.16066166434311582
0.05,0.03822621140630965,0.06739350999336581,9.64412358858764,-21.19855266122881,6.087043803084336,0.16161749430957062
0.05,0.03859941867768826,0.06805083130263472,9.66822716404243,-21.427942112620062,6.079098716635961,0.16256588619944093
0.05,0.03897626961822182,0.06871455091463156,9.691534380969939,-21.65499596877998,6.071017386399134,0.163506480991338
0.05,0.03935679980150685,0.06938473072947664,9.714035050647487,-21.879574911412625,6.062799717511804,0.16443891851786338
0.05,0.03974104514844935,0.07006143323488828,9.73571928027515,-22.10154032731728,6.054445699716261,0.16536283779334077
0.05,0.04012904193065573,0.0707447215114267,9.756577483224318,-22.320754500664776,6.0459554090101655,0.16627787734983446
0.05,0.040520826773856475,0.07143465923777383,9.776600389052874,-22.53708080594373,6.037329009201458,0.16718367558099623
0.05,0.04091643666136372,0.07213131069605051,9.795779053268216,-22.75038390110479,6.02856675336204,0.1680798710932548
0.05,0.04131590893756222,0.07283474077716981,9.814104866819577,-22.960529920423745,6.019668985175284,0.16896610306382961
0.05,0.04171928131143476,0.07354501498622726,9.83156956530143,-23.167386666597764,6.010636140172533,0.16984201160502616
0.05,0.04212659186012149,0.07426219944792671,9.848165237850104,-23.370823801584777,6.001468746854076,0.1707072381342381
0.05,0.04253787903251445,0.07498636091204304,9.863884335716222,-23.57071303569503,5.992167427690168,0.17156142574906152
0.05,0.04295318165288712,0.07571756675892108,9.878719680496078,-23.76692831444216,5.982732899998,0.17240421960689867
0.05,0.043372538924559084,0.07645588500500972,9.892664472005407,-23.959346002662947,5.973165976690752,0.17323526730840538
0.05,0.043795990433596874,0.07720138430843251,9.905712295779901,-24.147845065419784,5.963467566895126,0.17405421928411885
0.05,0.04422357615255067,0.0779541339745936,9.917857130187196,-24.332307245203637,5.95363867643405,0.17486072918358084
0.05,0.04465533644422779,0.07871420396181932,9.92909335313586,-24.5126172349647,5.943680408171581,0.17565445426625367
0.05,0.04509131206550255,0.07948166488703433,9.939415748367635,-24.68866284650556,5.933593962217321,0.17643505579351296
0.05,0.04553154417116374,0.0802565880314734,9.948819511319938,-24.860335173785394,5.92338063598801,0.17720219942098764
0.05,0.045976074317799466,0.08103904534642749,9.957300254546453,-25.027528750694792,5.913041824124311,0.17795555559050616
0.05,0.0464249444677201,0.08182910945902458,9.964854012684524,-25.190141702878257,5.902579018261183,0.17869479992089995
0.05,0.046878196992919174,0.08262685367804402,9.971477246958921,-25.34807589319637,5.891993806650551,0.1794196135969093
0.05,0.04733587467907326,0.08343235199976524,9.977166849212509,-25.50123706044043,5.881287873635464,0.18012968375543287
0.05,0.047798020729580976,0.0842456791138499,9.981920145455332,-25.649534950931148,5.870462998975151,0.18082470386836139
0.05,0.04826467876964097,0.08506691040925668,9.985734898924546,-25.792883442655594,5.859521057021005,0.1815043741212366
0.05,0.04873589285037019,0.08589612198018921,9.988609312648736,-25.931200661620572,5.84846401574371,0.18216840178698157
0.05,0.049211707452962085,0.08673339063207608,9.990542031511119,-26.064409090124208,5.8372939356122435,0.182816501593954
0.05,0.049692167492885714,0.08757879388758325,9.991532143807293,-26.19243566667453,5.826012968325845,0.183448396087585
0.05,0.050177318324125295,0.0884324099926567,9.991579182294098,-26.315211877310134,5.814623355400485,0.1840638159848742
0.05,0.05066720574346165,0.0892943179225972,9.990683124727468,-26.432673838107227,5.803127426611693,0.18466250052103086
0.05,0.05116187599479546,0.09016459738816521,9.988844393888025,-26.54476236868465,5.79152759829605,0.1852441977875627
0.05,0.051661375773512194,0.0910433288417149,9.98606385709438,-26.651423056549355,5.779826371514032,0.18580866506113666
0.05,0.05216575223089027,0.09193059348335844,9.982342825205242,-26.75260631215479,5.768026330077264,0.1863556691225557
0.05,0.05267505297855186,0.0928264732671584,9.977683051112404,-26.84826741457429,5.756130138443568,0.18688498656522035
0.05,0.053189326092957505,0.09373105090734865,9.972086727727831,-26.938366547723735,5.744140539483666,0.18739640409246888
0.05,0.05370862011994407,0.09464440988458198,9.965556485469206,-27.022868827097053,5.732060352123629,0.18788971880321925
0.05,0.054232984079307524,0.09556663445220505,9.958095389249229,-27.101744317010535,5.719892468867517,0.18836473846536575
0.05,0.054762467469430184,0.09649780964255893,9.94970693497509,-27.174968038381387,5.707639853205065,0.18882128177641427
0.05,0.0552971202719534,0.09743802127330536,9.940395045565554,-27.24251996709685,5.695305536909452,0.1892591786108771
0.05,0.055836992956495364,0.09838735595377643,9.930164066494049,-27.30438502305952,5.682892617230562,0.189678270253979
0.05,0.05638213648541545,0.09934590109134855,9.919018760867143,-27.36055305002436,5.67040425398936,0.19007840962126807
0.05,0.056932602318625056,0.10031374489783931,9.906964304048737,-27.411018786370278,5.657843666579289,0.19045946146376086
0.05,0.05748844241844497,0.101290976395925,9.894006277841193,-27.455781826977837,5.645214130880823,0.19082130255828933
0.05,0.05804970925451063,0.10227768542557994,9.880150664235448,-27.494846576409888,5.632518976095467,0.19116382188276226
0.05,0.05861645580872506,0.103273962650535,9.865403838743074,-27.52822219361817,5.619761581505726,0.19148692077609014
0.05,0.059188735580260325,0.1042798995647553,9.849772563323889,-27.555922528422606,5.606945373167728,0.19179051308256856
0.05,0.05976660259060746,0.10529558849893479,9.833263978923638,-27.57796605003312,5.594073820543326,0.19207452528055596
0.05,0.06035011138867609,0.10632112262700791,9.815885597636738,-27.594375767904253,5.581150433078506,0.19233889659532433
0.05,0.0609393170559436,0.1073565959726763,9.797645294509987,-27.60517914523448,5.568178756735267,0.19258357909600643
0.05,0.061534275211654874,0.10840210341594984,9.778551299003393,-27.610408005437833,5.555162370483888,0.1928085377766047
0.05,0.062135042018072274,0.1094577406996996,9.7586121861252,-27.610098431935164,5.542104882762857,0.19301375062106976
0.05,0.06274167418577731,0.11052360443622285,9.737836867258322,-27.604290661624063,5.529009927913449,0.1931992086525027
0.05,0.06335422897902417,0.11159979211381849,9.71623458069608,-27.59302897240299,5.515881162596265,0.19336491596657168
0.05,0.0639727642211449,0.11268640210336946,9.693814881905418,-27.57636156513375,5.502722262196629,0.19351088974928074
0.05,0.06459733830000804,0.1137835336649337,9.670587633536035,-27.554340440438608,5.489536917226128,0.1936371602792662
0.05,0.0652280101735301,0.11489128695433967,9.646562995194348,-27.5270212707346,5.476328829727068,0.19374377091483672
0.05,0.06586483937524126,0.11600976302978629,9.621751413001107,-27.494463267914966,5.4631017096868675,0.19383077806601323
0.05,0.06650788601990482,0.11713906385844391,9.596163608952011,-27.456729047091788,5.449859271469132,0.19389825115185946
0.05,0.06715721080919199,0.1182792923230566,9.569810570100435,-27.41388448681645,5.436605230268004,0.1939462725434334
0.05,0.06781287503741217,0.11943055222854283,9.542703537581682,-27.365998586196127,5.423343298592287,0.1939749374927239
0.05,0.06847494059729857,0.12059294830859182,9.514853995498065,-27.31314331932382,5.410077182785701,0.19398435404796813
0.05,0.06914346998585093,0.12176658623225543,9.486273659684082,-27.255393487437075,5.396810579589291,0.19397464295577876
0.05,0.06981852631023491,0.12295157261053212,9.456974466370895,-27.192826569217225,5.38354717275195,0.19394593755054146
0.05,0.07050017329373956,0.1241480150029419,9.426968560769096,-27.125522569635788,5.370290629694761,0.19389838363156586
0.05,0.07118847528179208,0.12535602192408812,9.396268285588686,-27.053563867747883,5.357044598234543,0.19383213932850624
0.05,0.07188349724803221,0.1265757028502069,9.364886169514797,-26.97703506382496,5.343812703371842,0.1937473749555873
0.05,0.07258530480044538,0.12780716822569868,9.332834915657493,-26.8960228262098,5.330598544148311,0.19364427285519392
0.05,0.07329396418755615,0.12905052946964218,9.300127389993678,-26.810615738266456,5.317405690578103,0.19352302723140624
0.05,0.07400954230468151,0.1303058989822854,9.26677660981876,-26.720904145786758,5.304237680657727,0.19338384397407662
0.05,0.07473210670024573,0.13157339015151365,9.23279573222523,-26.626980005201926,5.291098017458412,0.193226940474063
0.05,0.07546172558215705,0.13285311735929103,9.19819804262506,-26.528936732935513,5.277990166304821,0.19305254543024608
0.05,0.07619846782424576,0.1341451959880708,9.16299694333222,-26.426869056218823,5.264917552043623,0.192860898648972
0.05,0.07694240297276606,0.13544974242717464,9.12720594222113,-26.320872865676037,5.2518835564051,0.1926522508365682
0.05,0.07769360125296079,0.1367668740791357,9.090838641476426,-26.211045069970126,5.238891515460769,0.19242686338559428
0.05,0.07845213357569086,0.13809670936600363,9.05390872644877,-26.09748345278537,5.225944717179506,0.19218500815548703
0.05,0.07921807154412852,0.13943936773560636,9.016429954630942,-25.980286532405238,5.213046399084592,0.19192696724827257
0.05,0.07999148746051672,0.1407949696677679,8.978416144767776,-25.859553424128173,5.200199746013569,0.19165303278001308
0.05,0.08077245433299449,0.14216363668047735,8.939881166113011,-25.73538370574672,5.187407887982626,0.19136350664865834
0.05,0.08156104588248815,0.14354549133600464,8.900838927845378,-25.60787728629809,5.174673898156962,0.1910587002989741
0.05,0.08235733654967073,0.14494065724696126,8.861303368655715,-25.477134278277326,5.162000790928108,0.19073893448520918
0.05,0.08316140150198875,0.14634925908230098,8.821288446516169,-25.343254873486536,5.149391520099106,0.19040453903216534
0.05,0.08397331664075815,0.1477714225732571,8.780808128641924,-25.206339222677183,5.136848977178023,0.19005585259532287
0.05,0.0847931586083286,0.1492072745192111,8.739876381655343,-25.06648731912487,5.124375989780063,0.18969322242066872
0.05,0.08562100479531873,0.15065694279349015,8.698507161961448,-24.92379888625893,5.111975320138222,0.18931700410486432
0.05,0.0864569333479213,0.1521205563490881,8.656714406343418,-24.778373269453866,5.099649663722232,0.18892756135637997
0.05,0.08730102317528039,0.153598245224306,8.61451202278569,-24.63030933207159,5.087401647965246,0.18852526575821035
0.05,0.08815335395693963,0.15509014054830617,8.571913881531978,-24.479705355829786,5.075233831097478,0.18811049653277165
0.05,0.08901400615036396,0.15659637454657707,8.528933806384549,-24.32665894555408,5.063148701085801,0.1876836403095699
0.05,0.0898830609985349,0.15811708054630363,8.485585566250627,-24.171266938358627,5.051148674678031,0.18724509089621028
0.05,0.090760600537619,0.15965239298163536,8.441882866941166,-24.013625317284344,5.039236096550519,0.18679524905330666
0.05,0.09164670760471229,0.1612024473988512,8.39783934322642,-23.85382912941041,5.027413238557354,0.18633452227382927
0.05,0.09254146584565957,0.16276738046141234,8.353468551152384,-23.691972408441806,5.015682299079355,0.18586332456741406
0.05,0.09344495972295076,0.16434732995489967,8.308783960621298,-23.528148101762113,5.004045402470848,0.18538207625013764
0.05,0.09435727452369334,0.16594243479182763,8.263798948239064,-23.362448001930264,4.992504598602103,0.1848912037402453
0.05,0.09527849636766342,0.16755283501633123,8.218526790431639,-23.194962682587025,4.981061862495004,0.18439113936029825
0.05,0.09620871221543555,0.1691786718087193,8.17298065683203,-23.025781438727556,4.969719094049578,0.18388232114618916
0.05,0.0971480098765909,0.1708200874898854,8.127173603938948,-22.854992231285678,4.958478117858764,0.1833651926634553
0.05,0.09809647801800668,0.1724772255255739,8.08111856904763,-22.682681635966777,4.947340683108683,0.1828402028312982
0.05,0.09905420617222575,0.1741502305304913,8.034828364452828,-22.50893479625698,4.936308463561649,0.1823078057547006
0.05,0.10002128474590875,0.17583924827225791,7.988315671923488,-22.333835380528825,4.92538305761892,0.18176846056501125
0.05,0.10099780502836705,0.17754442567518966,7.941593037448251,-22.15746554315662,4.914565988460351,0.18122263126934773
0.05,0.10198385920018198,0.17926591082390986,7.894672866250192,-21.97990588954658,4.903858704257672,0.18067078660915092
0.05,0.1029795403419046,0.18100385296677232,7.847567418069276,-21.801235444983803,4.893262578458503,0.18011339992820302
0.05,0.1039849424428433,0.1827584025190993,7.800288802709984,-21.621531627189267,4.88277891013775,0.17955094905040234
0.05,0.10500016040993575,0.18452971106621913,7.7528489758517525,-21.440870222478548,4.872408924413259,0.1789839161675728
0.05,0.10602529007670794,0.1863179313662978,7.705259735119108,-21.259325365407843,4.862153772922479,0.17841278773756342
0.05,0.1070604282123205,0.18812321735295587,7.6575327164082685,-21.0769695217906,4.852014534356866,0.17783805439287936
0.05,0.10810567253070322,0.18994572413766153,7.609679390466541,-20.893873474964323,4.841992215050738,0.17726021086006716
0.05,0.10916112169977987,0.19178560801189312,7.561711059720556,-20.7101063151855,4.832087749621341,0.17667975589005833
0.05,0.11022687535078081,0.19364302644905612,7.513638855349275,-20.525735432028632,4.822302001656855,0.17609719219966677
0.05,0.11130303408764873,0.19551813810615287,7.4654737345971025,-20.340826509663337,4.812635764449064,0.17551302642440791
0.05,0.11238969949653517,0.19741110282518945,7.417226478322577,-20.155443524883793,4.803089761767488,0.17492776908280547
0.05,0.11348697415538994,0.19932208163431214,7.368907688777652,-19.969648747763603,4.793664648671756,0.17434193455232716
0.05,0.1145949616436442,0.20125123674866283,7.320527787612478,-19.783502744809443,4.784361012359075,0.17375604105708548
0.05,0.11571376655198774,0.20319873157094162,7.272097014100423,-19.59706438448736,4.775179373043661,0.17317061066741993
0.05,0.11684349449224304,0.20516473069166954,7.223625423577823,-19.41039084499618,4.766120184865053,0.17258616931146828
0.05,0.11798425210733328,0.20714939988913272,7.175122886093039,-19.223537624164113,4.757183836822303,0.17200324679882595
0.05,0.11913614708135002,0.20915290612900547,7.126599085258946,-19.03655855134538,4.748370653731048,0.17142237685637332
0.05,0.12029928814971805,0.21117541756363384,7.078063517303173,-18.849505801196244,4.739680897200621,0.17084409717635057
0.05,0.12147378510945965,0.2132171035309705,7.029525490310179,-18.66242990921105,4.731114766628264,0.17026894947674384
0.05,0.1226597488295592,0.21527813455314757,6.980994123649211,-18.475379788902135,4.722672400207802,0.1696974795740399
0.05,0.12385729126142848,0.217358682334674,6.932478347582153,-18.28840275050897,4.7143538759499855,0.1691302374684005
0.05,0.12506652544947566,0.21945891976024776,6.883986903045148,-18.101544521125017,4.706159212711913,0.16856777744129553
0.05,0.12628756554177484,0.22157902089216175,6.835528341598085,-17.914849266134247,4.698088371233032,0.1680106581656351
0.05,0.12752052680084222,0.22371916096729885,6.787111025535659,-17.728359611850834,4.690141255175208,0.1674594428284268
0.05,0.12876552561451632,0.22587951639369525,6.738743128154086,-17.542116669260288,4.68231771216451,0.16691469926598654
0.05,0.13002267950694468,0.22806026474666002,6.690432634167314,-17.356160058762203,4.67461753483242,0.16637700011172027
0.05,0.1312921071496778,0.23026158476443506,6.6421873402667275,-17.17052793581933,4.66704046185426,0.16584692295649797
0.05,0.13257392837287119,0.23248365634338053,6.594014855818339,-16.985257017420036,4.659586178982709,0.16532505052162935
0.05,0.13386826417659697,0.23472666053266925,6.5459226036914675,-16.800382609265373,4.652254320074377,0.16481197084445667
0.05,0.1351752367422669,0.23699077952847677,6.497917821213001,-16.615938633595164,4.645044468107486,0.1643082774765704
0.05,0.13649496944416417,0.23927619666764288,6.450007561241509,-16.43195765757162,4.637956156188812,0.16381456969466013
0.05,0.13782758686109084,0.24158309642079767,6.402198693355241,-16.248470922141305,4.63098886854808,0.16333145272400457
0.05,0.13917321478812736,0.24391166438492706,6.354497905148479,-16.06550837130141,4.624142041518146,0.16285953797460986
0.05,0.14053198024850724,0.2462620872753627,6.30691170363057,-15.883098681698586,4.617415064499378,0.16239944329000225
0.05,0.14190401150560764,0.24863455291717726,6.259446416722153,-15.701269292492718,4.610807280906656,0.16195179320868633
0.05,0.14328943807505679,0.2510292502359666,6.212108194843163,-15.520046435421406,4.604317989097638,0.16151721923827256
0.05,0.14468839073696108,0.253446369248001,6.164903012587243,-15.339455165003905,4.5979464432808586,0.16109636014229176
0.05,0.14610100154824845,0.2558861010497193,6.117836670477557,-15.159519388827764,4.591691854402462,0.16068986223970397
0.05,0.14752740385513546,0.2583486378065552,6.070914796798653,-14.980261897863162,4.5855533910103,0.16029837971711988
0.05,0.1489677323057144,0.26083417274106785,6.024142849499624,-14.801704396754442,4.579530180094359,0.15992257495375214
0.05,0.15042212286266363,0.26334290012035755,5.977526118163625,-14.62386753404122,4.573621307902426,0.15956311885911692
0.05,0.15189071281608216,0.2658750152427451,5.931069726039033,-14.446770932263897,4.567825820730053,0.1592206912235113
0.05,0.15337364079644905,0.26843071442369193,5.884778632127699,-14.27043321791258,4.562142725683906,0.15889598108129224
0.05,0.154871046787711,0.271010194980941,5.838657633325713,-14.094872051179951,4.5565709914177575,0.15858968708699137
0.05,0.15638307214049438,0.2736136552188465,5.792711366612534,-13.920104155483045,4.551109548840254,0.1583025179042997
0.05,0.15790985958544979,0.27624129441188155,5.74694431128405,-13.746145346719874,4.545757291793903,0.15803519260796123
0.05,0.15945155324672497,0.2788933127872879,5.70136079122566,-13.573010562231152,4.54051307770458,0.15778844109862172
0.05,0.16100829865556965,0.281569911506849,5.655964977221354,-13.400713889438618,4.535375728201049,0.15756300453067942
0.05,0.16258024276407335,0.2842712926477585,5.610760889294995,-13.229268594134798,4.530344029703984,0.15735963575319187
0.05,0.16416753395903677,0.2869976591825578,5.565752399080146,-13.058687148400965,4.52541673398411,0.15717909976389471
0.05,0.16577032207598058,0.2897492149581209,5.520943232214789,-12.888981258131993,4.520592558689022,0.15702217417639858
0.05,0.16738875841328724,0.2925261646736473,5.476336970757725,-12.720161890150226,4.515870187838431,0.1568896497006249
0.05,0.16902299574648455,0.2953287138576505,5.4319370556230995,-12.552239298890584,4.511248272287576,0.15678233063655841
0.05,0.17067318834266684,0.2981570688439025,5.387746789030107,-12.385223052642992,4.506725430158536,0.156701035381388
0.05,0.17233949197505738,0.3010114367463089,5.34376933696472,-12.21912205933878,4.502300247239354,0.15664659695011823
0.05,0.1740220639377128,0.3038920254326861,5.300007731650587,-12.053944591870057,4.497971277350843,0.15661986350973559
0.05,0.17572106306037086,0.30679904349740694,5.256464874026309,-11.889698312932783,4.4937370426809995,0.15662169892701933
0.05,0.177436649723445,0.3097327002328904,5.213143536226359,-11.726390299385061,4.489596034087022,0.15665298333008826
0.05,0.17916898587316155,0.31269320559989283,5.170046364063278,-11.564027066115221,4.485546711364977,0.1567146136837837
0.05,0.1809182350368484,0.3156807701965814,5.12717587950851,-11.402614589413698,4.481587503487142,0.15680750437898336
0.05,0.18268456233837113,0.31869560522634827,5.084534483169703,-11.242158329845624,4.477716808807204,0.15693258783595584
0.05,0.18446813451372027,0.3217379224643349,5.04212445676225,-11.082663254621517,4.473932995233383,0.1570908151218602
0.05,0.18626911992675058,0.3248079342226331,4.999947965572969,-10.92413385946477,4.470234400369745,0.15728315658249764
0.05,0.18808768858507416,0.32790585331412686,4.95800706091397,-10.766574189975707,4.466619331625853,0.15751060248843188
0.05,0.18992401215610827,0.3310318930149404,4.91630368256482,-10.609987862493025,4.463086066295112,0.15777416369558758
0.05,0.19177826398328168,0.33418626702545967,4.874839661201204,-10.454378084454065,4.45963285160199,0.15807487232044581
0.05,0.19365061910239564,0.33736918942988137,4.833616720808557,-10.29974767425705,4.4562579047185205,0.15841378242994997
0.05,0.19554125425814806,0.340580874654265,4.792636481078889,-10.146099080627852,4.452959412750431,0.15879197074624127
0.05,0.19745034792081737,0.3438215374230412,4.751900459789493,-9.993434401495914,4.449735532693236,0.15921053736633894
0.05,0.19937808030310966,0.3470913927139418,4.711410075162089,-9.841755402383843,4.446584391358794,0.15967060649688342
0.05,0.20132463337717016,0.35039065571131095,4.671166648201103,-9.691063534315893,4.443504085272692,0.16017332720405517
0.05,0.20329019089176037,0.3537195417577587,4.631171405009931,-9.541359951251497,4.440492680542995,0.16071987417878614
0.05,0.2052749383896052,0.3570782663041201,4.591425479083947,-9.39264552704961,4.43754821270082,0.16131144851737084
0.05,0.207279063224905,0.3604670448576685,4.551929913579401,-9.244920871971527,4.434668686513321,0.16194927851758656
0.05,0.20930275458102307,0.36388609292855667,4.512685663557048,-9.098186348728452,4.431852075769534,0.16263462049042576
0.05,0.21134620348834343,0.3673356259744325,4.4736935981997314,-8.952442088081805,4.429096323039815,0.1633687595875396
0.05,0.21340960284230356,0.3708158593431909,4.434954503003094,-8.80768800400406,4.426399339409324,0.1641530106444829
0.05,0.2154931474216032,0.37432700821381987,4.396469081938639,-8.663923808408011,4.423759004186312,0.16498871903985
0.05,0.21759703390659038,0.3778692875352945,4.358237959588496,-8.521149025452875,4.4211731645858,0.16587726157037613
0.05,0.21972146089782926,0.3814429119634804,4.3202616832512275,-8.379363005435483,4.418639635389322,0.16682004734207512
0.05,0.2218666289348447,0.3850480957959911,4.282540725018226,-8.238564938275605,4.41615619858155,0.16781851867747105
0.05,0.22403274051505448,0.38868505290496896,4.245075483820074,-8.09875386660346,4.413720602964355,0.16887415203897319
0.05,0.22622000011288387,0.3923539966677334,4.207866287442533,-7.959928698458678,4.41133056374924,0.16998845896842923
0.05,0.2284286141990675,0.39605513989525437,4.1709133945117465,-7.822088219609444,4.408983762128818,0.17116298704287614
0.05,0.23065879126013952,0.39978869475840567,4.134216996448318,-7.685231105500446,4.40667784482819,0.17239932084649817
0.05,0.2329107418181137,0.4035548727119489,4.097777219390018,-7.549355932838806,4.404410423637039,0.17369908295877956
0.05,0.23518467845035784,0.4073538844162078,4.0615941260828095,-7.414461190826334,4.402179074923319,0.17506393495882233
0.05,0.23748081580965777,0.4111859396563722,4.025667717740159,-7.280545292047515,4.399981339129422,0.17649557844578165
0.05,0.23979937064448165,0.41505124725940135,3.9899979358702997,-7.147606583021158,4.397814720251717,0.17799575607534812
0.05,0.24214056181944005,0.41895001500846685,3.954584664071483,-7.0156433544248165,4.3956766853044416,0.17956625261218262
0.05,0.24450461033594598,0.4228824495548914,3.919427729795099,-6.8846538510001976,4.393564663768897,0.18120889599818174
0.05,0.24689173935307682,0.4268487563275353,3.884526906076648,-6.754636281147971,4.391476047028921,0.18292555843643166
0.05,0.2493021742086399,0.43084913943958275,3.849881913234572,-6.62558882622015,4.389408187793742,0.1847181574906654
0.05,0.2517361424404432,0.4348838015926793,3.8154924205369913,-6.497509649518015,4.387358399509171,0.18658865720002069
0.05,0.2541938738077761,0.4389529439783755,3.7813580478363766,-6.3703969050033855,4.385323955758327,0.18853906920885355
0.05,0.25667560031309516,0.4430567661768196,3.747478367172369,-6.244248745731183,4.383302089652926,0.19057145391131913
0.05,0.25918155622392647,0.4471954660526658,3.713852904342719,-6.119063332010182,4.381289993216356,0.19268792161040965
0.05,0.2617119780949791,0.45136923964813735,3.680481140442632,-5.994838839299742,4.379284816759695,0.19489063369107618
0.05,0.2642671047904751,0.4555782810732052,3.647362513372629,-5.871573465849166,4.377283668251891,0.1971818038070302
0.05,0.26684717750669806,0.45982278239283153,3.6144964193151434,-5.749265440086598,4.37528361268539,0.19956369908076255
0.05,0.26945243979476025,0.46410293351123216,3.5818822141800934,-5.627913027764012,4.373281671438457,0.20203864131627167
0.05,0.27208313758359537,0.4684189220531155,3.549519215019612,-5.5075145388643705,4.371274821635584,0.20460900822393047
0.05,0.2747395192031706,0.47277093324184316,3.5174067014123116,-5.388068334277427,4.3692599955073135,0.2072772346568666
0.05,0.2774218354079299,0.4771591497744792,3.485543916817225,-5.269572832249326,4.367234079750891,0.21004581385816656
0.05,0.2801303394004643,0.4815837516936767,3.4539300698978117,-5.15202651461196,4.365193914893221,0.21291729871814327
0.05,0.2828652868554131,0.4860449162563594,3.422564335816305,-5.035427932797061,4.363136294657588,0.2158943030408348
0.05,0.28562693594359934,0.49054281779915865,3.3914458574987254,-4.919775713640001,4.361057965335711,0.2189795028188289
0.05,0.2884155473563992,0.4950776276005604,3.360573746870901,-4.80506856497794,4.3589556251666846,0.22217563751541927
0.05,0.29123138433035306,0.49964951373973104,3.3299470860658102,-4.6913052810465565,4.356825923724459,0.22548551135302053
0.05,0.29407471267201074,0.5042586409519673,3.299564928602685,-4.57848474767967,4.354665461315491,0.2289119946066617
0.05,0.2969458007830253,0.5089051704807535,3.269426300538125,-4.4666059473150375,4.352470788388354,0.23245802490130058
0.05,0.2998449196854884,0.5135892599263739,3.2395302015896905,-4.35566796381016,4.350238404956982,0.23612660851157213
0.05,0.3027723430475143,0.5183110630910567,3.209875606232306,-4.245669987070943,4.3479647600394875,0.23992082166249495
0.05,0.3057283472090733,0.5230707298206098,3.1804614647678866,-4.136611317496112,4.345646251114291,0.2438438118295168
0.05,0.30871321120807654,0.5278684058425247,3.1512867043685766,-4.028491370239824,4.343279223595615,0.24789879903618048
0.05,0.31172721680671905,0.5327042326005211,3.1223502300939576,-3.9213096792944846,4.340859970330218,0.25208907714753903
0.05,0.3147706485180734,0.5375783470854945,3.093650925882737,-3.815065901395924,4.338384731117477,0.2564180151573041
0.05,0.31784379363294946,0.5424908816628617,3.0651876555191824,-3.7097598197519095,4.335849692254863,0.26088905846658317
0.05,0.3209469422470131,0.547441963896273,3.036959263574822,-3.605391347595576,4.333250986110984,0.26550573015187356
0.05,0.3240803872881704,0.5524317163676716,3.0089645763257686,-3.50196053156429,4.3305846907283865,0.2702716322198275
0.05,0.32724442454421904,0.5574602564936935,2.9812024026461037,-3.3994675549045095,4.327846829458401,0.2751904468461152
0.05,0.33043935269076935,0.5625276963383892,2.953671534877723,-3.2979127405027597,4.325033370630354,0.2802659375955261
0.05,0.3336654733194408,0.5676341424222676,2.926370749677051,-3.1972965537423343,4.322140227257531,0.28550195062023787
0.05,0.3369230909663275,0.5727796955276422,2.8992988088390956,-3.09761960518539,4.319163256782355,0.2909024158329663
0.05,0.34021251314074813,0.5779644505002989,2.8724544600991675,-2.9988826530791104,4.316098260863323,0.29647134805149017
0.05,0.3435340503542732,0.5831884960474732,2.8458364379127565,-2.9010866056849296,4.312940985206242,0.30221284811079135
0.05,0.3468880161500364,0.588451914532153,2.819443464213938,-2.804232523428884,4.309687119442471,0.3081311039387887
0.05,0.3502747271323322,0.5937547817637128,2.7932742491527374,-2.7083216208711938,4.306332297056871,0.31423039159137894
0.05,0.3536945029965023,0.5990971667849021,2.7673274918118564,-2.6133552684925037,4.302872095368249,0.3205150762422043
0.05,0.3571476665591131,0.6044791316552051,2.7416018809031764,-2.519334994294063,4.299302035565193,0.3269896131222433
0.05,0.36063454378843174,0.6099007312306045,2.716096095444407,-2.4262624852084134,4.295617582800214,0.3336585484040203
0.05,0.3641554638351919,0.615362012939769,2.690808805416374,-2.3341395883174383,4.291814146345221,0.3405265200248317
0.05,0.3677107590636677,0.6208630165567209,2.6657386724012246,-2.242968311873163,4.287887079811403,0.3475982584430812
0.05,0.3713007650830472,0.6264037739700132,2.640884350202036,-2.152750826117419,4.283831681436723,0.3548785873213545
0.05,0.37492582077911285,0.6319843089484732,2.616244485444182,-2.063489463895298,4.279643194444216,0.3623724241294913
0.05,0.37858626834623116,0.637604636903567,2.5918177181588566,-1.9751867210572727,4.275316807474441,0.37008478066044254
0.05,0.38228245331965416,0.64326476464845,2.567602682349136,-1.8878452566443413,4.270847655095526,0.37802076345123364
0.05,0.3860147246081402,0.6489646901537789,2.5435980065389368,-1.8014678928500554,4.266230818394204,0.3861855741008555
0.05,0.3897834345268848,0.6547044023003457,2.5198023143053194,-1.7160576147532047,4.2614613256515055,0.39458450947634244
0.05,0.3935889388307816,0.6604838806286462,2.496214224794403,-1.6316175698138569,4.256534153106709,0.4032229617977693
0.05,0.39743159674800355,0.666303095085455,2.4728323532213383,-1.548151067125704,4.251444225813294,0.41210641859224223
0.05,0.40131177101391324,0.6721620057675208,2.449655311354667,-1.4656615764167364,4.246186418590777,0.4212404625063506
0.05,0.40522982790530365,0.6780605626624864,2.426681707985438,-1.3841527267900702,4.240755557076267,0.4306307709658202
0.05,0.4091861372749731,0.683998705387158,2.4039101493814226,-1.3036283051960973,4.23514641887987,0.4402831156704048
0.05,0.41318107258664144,0.689976362923255,2.3813392397267554,-1.2240922546267345,4.229353734847954,0.45020336191125915
0.05,0.4172150109501988,0.6959934533507631,2.3589675815474243,-1.1455486720222965,4.223372190438552,0.4603974676971587
0.05,0.4212883331573071,0.7020498835790636,2.3367937761228226,-1.0680018058804126,4.217196427213209,0.47087148267512774
0.05,0.4254014237173449,0.7081455490759775,2.3148164238837974,-0.9914560535566078,4.210821044449653,0.481631546829988
0.05,0.4295546708937036,0.7142803335949028,2.2930341247974746,-0.9159159582452062,4.204240600879878,0.492683888946377
0.05,0.4337484667404386,0.7204541089002227,2.271445478739182,-0.8413862056287478,4.197449616558242,0.5040348248156945
0.05,0.43798320713927713,0.7266667344911726,2.2500490858518076,-0.7678716201837924,4.19044257486434,0.5156907551692378
0.05,0.4422592918369917,0.7329180573243805,2.228843546892858,-0.6953771611299824,4.183213924645555,0.5276581633176052
0.05,0.44657712448312975,0.7392079115352702,2.207827463569599,-0.6239079180093124,4.1757580825042755,0.5399436124750181
0.05,0.4509371126681207,0.7455361181585828,2.1869994388624856,-0.5534691058811632,4.168069435234927,0.5525537427459059
0.05,0.4553396679617499,0.7519024848482332,2.1663580773372435,-0.48406606011878206,4.160142342416098,0.5654952677494676
0.05,0.4597852059520101,0.7583068055967616,2.145901985445857,-0.41570423079174107,4.151971139163184,0.5787749708563392
0.05,0.4642741462843314,0.7647488604546419,2.1256297718167634,-0.34838917661854163,4.143550139047156,0.5923997010097266
0.05,0.46880691270119357,0.7712284152497205,2.1055400475345207,-0.2821265584727139,4.134873637185171,0.6063763681014721
0.05,0.47338393308213,0.7777452213070869,2.085631426409209,-0.2169221324249713,4.125935913508968,0.6207119378715188
0.05,0.4780056394841125,0.7842990151696555,2.0659025252358862,-0.15278174230358055,4.116731236217157,0.6354134262970046
0.05,0.48267246818233994,0.790889518319805,2.0463519640442844,-0.08971131175379136,4.1072538654177055,0.6504878934349609
0.05,0.4873848597114204,0.7975164369023865,2.026978366339053,-0.027716835776782897,4.097498056967153,0.6659424366800036
0.05,0.4921432589069563,0.8041794614494499,2.0077803593307957,0.03319562827242427,4.0874580665132765,0.6817841833957067
0.05,0.4969481149475355,0.8108782666070518,1.9887565741581266,0.09301997024965741,4.077128153748245,0.6980202828754594
0.05,0.5017998813971325,0.8176125108645139,1.969905646101008,0.15175003737130094,4.066502586879469,0.7146578975854133
0.05,0.5066990162479225,0.824381836286521,1.9512262147856005,0.20937964497246309,4.05557564732573,0.7317041936387635
0.05,0.5116459819635184,0.8311858682484676,1.9327169243808286,0.2659025878983772,4.044341634646386,0.7491663304469417
0.05,0.5166412455226201,0.8380242151754529,1.9143764237869596,0.32131265255453534,4.032794871711924,0.7670514494892896
0.05,0.5216852784630999,0.8448964682853776,1.8962033668163238,0.3756036296428992,4.020929710124266,0.7853666621386104
0.05,0.5267785569265129,0.8518022013365749,1.8781964123664652,0.42876932761236464,4.008740535895879,0.8041190364752837
0.05,0.5319215617030437,0.8587409703804383,1.860354224585899,0.48080358685346325,3.9962217753969886,0.8233155830176802
0.05,0.5371147782768918,0.8657123135195255,1.8426754730326953,0.5317002946687003,3.983367901580689,0.8429632392912375
0.05,0.5423586968720979,0.8727157506716202,1.8251588328260913,0.5814534010516329,3.970173440496322,0.8630688531526877
0.05,0.5476538124988249,0.8797507833402706,1.8078029847913084,0.630056935309778,3.9566329781019136,0.8836391647796894
0.05,0.5530006250000781,0.886816894392293,1.7906066155978229,0.6775050235681332,3.9427411673871875,0.9046807872292113
0.05,0.5583996390988937,0.8939135478428079,1.7735684178912035,0.7237919071926435,3.9284927358191926,0.926200185460809
0.05,0.5638513644459817,0.9010401886483231,1.7566870904187621,0.7689119621749164,3.9138824931233613,0.9482036537128548
0.05,0.5693563156678358,0.9081962425084364,1.7399613381491659,0.81285971952226,3.8989053394135498,0.9706972911113241
0.05,0.5749150124153122,0.9153811156767208,1.723389872386201,0.8556298866996667,3.883556273685441,0.9936869753814886
0.05,0.5805279794126821,0.9225941947813758,1.7069714108768512,0.8972173701735213,3.867830402688586,1.0171783345229681
0.05,0.5861957465071687,0.9298348466562445,1.6907046779138544,0.9376172991098084,3.851722950193301,1.0411767162980032
0.05,0.5919188487189564,0.9371024181827778,1.6745884044329333,0.9768250502830025,3.835229266669775,1.065687155371333
0.05,0.5976978262916994,0.9443962361435922,1.6586213281048117,1.0148362742557209,3.8183448393977364,1.0907143379281246
0.05,0.6035332247435182,0.951715607088219,1.6428021934222046,1.0516469228927465,3.8010653030263706,1.1162625635833674
0.05,0.6094255949184948,0.9590598172116879,1.6271297517819272,1.0872532782773772,3.7833864506054184,1.1423357043826405
0.05,0.6153754930386707,0.9664281322465841,1.6116027615622697,1.1216519831022738,3.7653042451097782,1.1689371606799113
0.05,0.621383480756551,0.9738197973692218,1.596219988195786,1.1548400726113617,3.7468148314814456,1.1960698136631795
0.05,0.6274501252081287,0.9812340371206,1.5809802042376158,1.186815008174009,3.7279145492141406,1.223735974283624
0.05,0.633575999066412,0.9886700553427713,1.5658821894295327,1.2175747125769674,3.708599945507668,1.2519373283283168
0.05,0.6397616805954884,0.9961270351313191,1.5509247307597818,1.2471176071242671,3.6888677890206734,1.28067487736148
0.05,0.6460077537051102,1.0036041388045822,1.5361066225188855,1.2754426506390186,3.668715084252251,1.3099488752442008
0.05,0.652314808005813,1.0111005078903028,1.5214266663515315,1.302549380464727,3.6481390865846297,1.3397587599289227
0.05,0.6586834388645738,1.0186152631303593,1.506883671304666,1.3284379555662849,3.6271373180208073,1.3701030802130147
0.05,0.6651142474610107,1.0261475045042485,1.4924764538719162,1.353109201832221,3.6057075836527557,1.4009794171265308
0.05,0.6716078408441367,1.0336963112719835,1.4782038380344422,1.376564659679292,3.583847988897269,1.4323842996241039
0.05,0.6781648319896568,1.041260742037044,1.4640646552983803,1.3988066340574612,3.5615569575378903,1.4643131142511219
0.05,0.6847858398578351,1.0488398348300556,1.450057744728927,1.419838246947269,3.5388332506121962,1.4967600084624515
0.05,0.6914714894519223,1.0564326072138164,1.436181952981217,1.4396634924306537,3.515675986184303,1.5297177872896632
0.05,0.6982224118771535,1.0640380564103165,1.4224361343280874,1.45828729440004,3.4920846600422157,1.5631778030839403
0.05,0.7050392444003234,1.0716551594503598,1.4088191506848289,1.4757155669466215,3.468059167358578,1.5971298381098118
0.05,0.7119226305099414,1.0792828733464022,1.3953298716310283,1.491955277435597,3.443599825351151,1.6315619798345462
0.05,0.7188732199769744,1.0869201352891904,1.3819671744296005,1.5070145122311567,3.418707396975636,1.6664604888549261
0.05,0.7258916689161887,1.0945658628687847,1.368729944043092,1.5209025449742164,3.39338311567772,1.701809659534081
0.05,0.7329786398480764,1.1022189543204923,1.3556170731473838,1.5336299072381647,3.367628711223332,1.7375916735936743
0.05,0.7401348017614012,1.109878288796277,1.3426274621428362,1.5452084612879753,3.3414464366147305,1.7737864471307792
0.05,0.747360830176348,1.117542726662127,1.3297600191629964,1.555651474541609,3.3148390960854774,1.8103714718136983
0.05,0.7546574072082891,1.1252111098218633,1.3170136600809457,1.5649736951746869,3.2878100741478535,1.8473216513690958
0.05,0.7620252216321743,1.13288226206785,1.3043873085133664,1.5731914281148949,3.2603633656415028,1.884609134915789
0.05,0.769464968947548,1.1405549894590121,1.291879895822411,1.5803226104356323,3.2325036067007082,1.9222031492407992
0.05,0.7769773514442079,1.148228080726565,1.2794903611154422,1.5863868848747615,3.2042361065187324,1.9600698327624642
0.05,0.7845630782684896,1.1559003077077767,1.267217651242754,1.5914056698693002,3.175566879739991,1.998172074692487
0.05,0.7922228654902149,1.1635704258081083,1.2550607207932953,1.5954022241088535,3.146502679252754,2.0364693637991715
0.05,0.7999574361702845,1.1712371744919803,1.2430185320885112,1.5984017031703681,3.117051029086591,2.074917652184775
0.05,0.8077675204289326,1.1788992778023992,1.231090055174354,1.6004312053102243,3.08722025703786,2.1134692406083153
0.05,0.8156538555146489,1.1865554449096278,1.2192742678115331,1.601519802969343,3.057019526553719,2.152072693082678
0.05,0.8236171858737698,1.1942043706890297,1.2075701554640752,1.6016985560146104,3.026458867300281,2.190672789702028
0.05,0.8316582632207594,1.2018447363281837,1.1959767112862412,1.601000502228589,2.9955492037250027,2.2292105278372243
0.05,0.8397778466091592,1.2094752099632722,1.1844929361079013,1.599460620116712,2.9643023807999533,2.2676231828657185
0.05,0.8479767025032465,1.2170944473447571,1.1731178384183807,1.5971157587897653,2.9327311860052294,2.3058444403366005
0.05,0.856255604850385,1.2247010925322328,1.161850434348865,1.5940045295783147,2.9008493664875084,2.343804611731763
0.05,0.864615335154083,1.232293778618333,1.1506897476534181,1.5901671542379723,2.868671640215802,2.3814309455629257
0.05,0.8730566825477651,1.2398711284814858,1.139634809688659,1.5856452652106128,2.8362136998666427,2.418648044213723
0.05,0.8815804438692625,1.2474317555672514,1.1286846593921644,1.580481654516033,2.803492208117815,2.4553783944758187
0.05,0.8901874237360385,1.254974264697929,1.1178383432596262,1.5747199695420322,2.77052478302887,2.491543015958216
0.05,0.898878434621132,1.2624972529100076,1.1070949153208556,1.5684043563208958,2.737329972254247,2.527062226376837
0.05,0.9076542969298592,1.2699993103190395,1.096453437114634,1.5615790538070853,2.7039272149856814,2.561856516207065
0.05,0.9165158390772559,1.2774790210113716,1.085912977662493,1.5542879460981742,2.670336790766697,2.5958475175461357
0.05,0.9254638975662769,1.2849349639621492,1.075472613441457,1.5465740832598165,2.6365797546681553,2.628959043758961
0.05,0.9344993170667601,1.2923657139789149,1.0651314283557944,1.5384791851095865,2.6026778587567696,2.6611181682787954
0.05,0.9436229504951604,1.2997698426700555,1.0548885137078223,1.5300431455783867,2.5686534603127202,2.6922563037093172
0.05,0.9528356590950603,1.3071459194372768,1.0447429681678067,1.521303557649246,2.534529417830746,2.722310237133277
0.05,0.9621383125184769,1.314492512491227,1.0346938977429898,1.5122952799375102,2.500328976431957,2.751223075232606
0.05,0.9715317889079423,1.32180818988927,1.0247404157458135,1.5030500653904366,2.466075644873343,2.7789450541938185
0.05,0.9810169749794061,1.329091520594409,1.0148816427613345,1.4935962701938306,2.4317930668168177,2.8054341747347173
0.05,0.990594766105936,1.3363410755542153,1.0051167066139026,1.4839586568625953,2.3975048893622266,2.830656631735979
0.05,1.0002660664022387,1.343555428798591,0.9954447423331231,1.4741582999982243,2.363234632021005,2.8545870201270622
0.05,1.0100317888100059,1.3507331585550948,0.9858648921191425,1.4642125968748085,2.329005559288749,2.877208312614407
0.05,1.0198928551840902,1.3578728483805107,0.9763763053072928,1.454135378554982,2.2948405597658854,2.8985116190201885
0.05,1.0298501963795355,1.364973088307253,0.9669781383321122,1.4439371113449317,2.2607620343962624,2.9184957498644426
0.05,1.039904752339432,1.3720324760031244,0.9576695546908112,1.4336251736783487,2.2267917958828605,2.9371666170498827
0.05,1.0500574721836549,1.3790496179429148,0.9484497249061654,1.4232041903814943,2.1929509807471845,2.9545365112189037
0.05,1.0603093142984543,1.3860231305902162,0.9393178264889038,1.4126764048792175,2.1592599748795362,2.970623298211828
0.05,1.0706612464269252,1.3929516415877963,0.9302730438996033,1.4020420701754361,2.1257383528311915,2.985449576266312
0.05,1.0811142457603593,1.3998337909548069,0.9213145685101216,1.3912998411076234,2.092404830568852,2.9990418317843655
0.05,1.0916692990304862,1.406668232289036,0.9124415985645993,1.380447153038854,2.059277230975195,3.0114296255380157
0.05,1.1023274026026275,1.4134536339723847,0.9036533391400402,1.369480575379051,2.026372461051814,3.022644834047673
0.05,1.113089562569737,1.4201886803776491,0.8949490021065326,1.3583961317148108,1.9937064995647034,3.0327209634350125
0.05,1.1239567948473814,1.4268720730747118,0.8863278060870876,1.3471895815468187,1.9612943937590417,3.041692546036788
0.05,1.1349301252696387,1.4335025320341375,0.8777889764171553,1.3358566614575087,1.9291502637452347,3.0495946239556666
0.05,1.146010589685932,1.4400787968261666,0.8693317451038259,1.3243932858311147,1.8972873132028343,3.056462318786797
0.05,1.157199234058812,1.4465996278130593,0.860955350784742,1.3127957089825133,1.8657178451438199,3.0623304830721225
0.05,1.1684971145626901,1.4530638073327051,0.8526590386867404,1.301060651743912,1.8344532816042831,3.0672334265353904
0.05,1.1799052976835471,1.4594701408714041,0.8444420605842429,1.289185396274968,1.8035041862775683,3.071204708688583
0.05,1.1914248603195925,1.4658174582236791,0.8363036747574316,1.2771678531891189,1.7728802892509028,3.0742769887785473
0.05,1.2030568898829297,1.4721046146370034,0.8282431459502012,1.2650066051186535,1.7425905131515869,3.076481924057451
0.05,1.2148024844022023,1.4783304919392855,0.8202597453279289,1.2527009306601307,1.7126430001427217,3.0778501078213334
0.05,1.226662752626244,1.484493999646968,0.8123527504350713,1.2402508123243108,1.6830451393277335,3.0784110394049415
0.05,1.2386388141287423,1.4905940760515939,0.8045214451526055,1.2276569317214712,1.6538035942264324,3.0781931192177363
0.05,1.2507317994139198,1.4966296892827085,0.7967651196553364,1.2149206547893607,1.6249243300727554,3.0772236628573477
0.05,1.26294285002326,1.5025998383449783,0.7890830703690722,1.2020440094493812,1.5964126407560841,3.075528929273771
0.05,1.275273118643251,1.5085035541274179,0.781474599927712,1.1890296576790491,1.5682731752859207,3.073134158835398
0.05,1.2877237692142056,1.5143399003826723,0.7739390171302254,1.1758808636272469,1.5405099637048112,3.070063617940166
0.05,1.3002959770401306,1.5201079746743038,0.7664756368975651,1.1626014590804257,1.5131264424091222,3.0663406475099015
0.05,1.312990928899673,1.525806909290094,0.7590837802295151,1.1491958073138056,1.4861254788628395,3.0619877133006277
0.05,1.3258098231581474,1.5314358721194072,0.7517627741614911,1.1356687661306717,1.4595093957077312,3.0570264564604375
0.05,1.338753869880659,1.5369940674927218,0.7445119517213047,1.122025650701735,1.4332799942855678,3.0514777431773523
0.05,1.351824290946326,1.542480736981487,0.7373306518859083,1.1082721966611395,1.4074385775957816,3.045361712592125
0.05,1.3650223201636338,1.54789516015654,0.7302182195381198,1.0944145237910266,1.3819859727158452,3.0386978224157573
0.05,1.3783492033868858,1.55323665530336,0.7231740054233646,1.080459100528731,1.3569225527132587,3.0315048918989396
0.05,1.3918061986338188,1.558504580092561,0.7161973661064159,1.0664127094544134,1.3322482580770911,3.023801141960113
0.05,1.4053945762043538,1.5636983322040514,0.7092876639281646,1.0522824138592772,1.3079626176953212,3.015604232399151
0.05,1.4191156188005085,1.568817349903422,0.7024442669624221,1.0380755254513063,1.284064769401087,3.006931296212336
0.05,1.4329706216474805,1.5738611125691813,0.6956665489727681,1.0237995732240999,1.2605534801076044,2.99779897108753
0.05,1.4469608926159094,1.5788291411695827,0.6889538893694527,1.0094622734922682,1.2374271655477227,2.9882234282020304
0.05,1.461087752345348,1.583720998687872,0.682305673166355,0.995071501081926,1.2146839096302542,2.9782203984735696
0.05,1.4753525343689093,1.5885362904948843,0.6757212909380285,0.9806352616553614,1.1923214834215738,2.9678051964313714
0.05,1.4897565852391592,1.5932746646680602,0.6692001387768127,0.9661616651435933,1.1703373637573824,2.956992741881641
0.05,1.5043012646552238,1.597935812256025,0.6627416182500425,0.9516589002581555,1.1487287514863582,2.945797579543008
0.05,1.5189879455911424,1.6025194674880234,0.6563451363573517,0.9371352100532264,1.127492589344467,2.934233896823903
0.05,1.5338180144254703,1.6070254079275994,0.6500101054880839,0.9225988685103719,1.1066255794561868,2.9223155399071756
0.05,1.5487928710721466,1.6114534545700496,0.6437359433788167,0.9080581581203276,1.0861242004567395,2.9100560282984946
0.05,1.563913929112655,1.6158034718832983,0.6375220730709983,0.8935213484387705,1.0659847242274705,2.8974685679850847
0.05,1.5791826159294413,1.6200753677919513,0.6313679228687262,0.8789966755960255,1.0462032322353423,2.8845660633407975
0.05,1.5946003728406677,1.624269093604448,0.6252729262966448,0.8644923227432892,1.0267756314660883,2.8713611279026665
0.05,1.6101686552362657,1.6283846438833267,0.6192365220579895,0.8500164014207935,1.007697669940011,2.857866094133646
0.05,1.6258889327153196,1.6324220562587606,0.6132581539927779,0.835576933835692,0.9889649517989454,2.8440930222759464
0.05,1.6417626892247936,1.63638141118565,0.6073372710361495,0.8211818360395741,0.9705729519526147,2.8300537083897708
0.05,1.6577914231996078,1.6402628316446846,0.6014733271768681,0.806838901997208,0.9525170302727775,2.8157596916632395
0.05,1.673976647704099,1.6440664827879141,0.5956657814159787,0.7925557885395698,0.9347924453239105,2.8012222610709188
0.05,1.6903198905748302,1.6477925715294888,0.5899140977256471,0.7783400011951681,0.9173943676196866,2.7864524614507356
0.05,1.7068226945648268,1.6514413460823656,0.5842177450081595,0.7641988808942416,0.9003178923951783,2.771461099062004
0.05,1.7234866174892043,1.6550130954418865,0.578576197055108,0.7501395915408786,0.8835580518857388,2.756258746680993
0.05,1.7403132323722217,1.6585081488172606,0.5729889325067572,0.7361691084479027,0.8671098271044831,2.740855748284715
0.05,1.7573041275957697,1.661926875012095,0.5674554348115989,0.7222942076292066,0.8509681591114225,2.725262223368424
0.05,1.7744609070493065,1.6652696817552346,0.5619751921861,0.7085214559436082,0.8351279597686654,2.7094880709377045
0.05,1.7917851902812738,1.6685370149832823,0.5565476975746406,0.694857202083549,0.8195841219773604,2.6935429732118283
0.05,1.8092786126519558,1.6717293580762629,0.5511724486096642,0.6813075684010399,0.8043315293935025,2.6774363990714436
0.05,1.8269428254878672,1.6748472310480158,0.5458489475720195,0.6678784435620717,0.7893650656211821,2.6611776072801496
0.05,1.8447794962376292,1.6778911896929816,0.5405767013515169,0.6545754760195928,0.7746796228832965,2.6447756495067423
0.05,1.8627903086293718,1.6808618246911387,0.5353552214076934,0.6414040682937159,0.760270110171249,2.6282393731721116
0.05,1.8809769628296733,1.6837597606729444,0.5301840237307932,0.6283693720465415,0.7461314608766966,2.6115774241424954
0.05,1.89934117560405,1.6865856552461957,0.5250626288029651,0.6154762839374263,0.7322586399097779,2.594798249288581
0.05,1.9178846804790102,1.6893401979868201,0.5199905615596823,0.6027294422431928,0.7186466503097309,2.5779100989281676
0.05,1.9366092279057099,1.6920241093956587,0.5149673513513798,0.59013322422621,0.7052905393552422,2.5609210291682487
0.05,1.9555165854251664,1.694638139823369,0.5099925319053303,0.5776917442319534,0.6921854041831924,2.543838904161014
0.05,1.9746085378351237,1.6971830683656408,0.5050656412877365,0.5654088524961276,0.6793263969256341,2.5266713982867097
0.05,1.9938868873585296,1.6996597017309552,0.5001862218660615,0.5532881346401916,0.666708729376224,2.509425998275205
0.05,2.013353453813659,1.702068873083165,0.495353820271593,0.5413329118328106,0.654327677198361,2.4921100052769267
0.05,2.0330100747859,1.7044114408612132,0.49056798736224166,0.5295462415935529,0.6421785836883019,2.4747305368927557
0.05,2.052858605801212,1.706688287578331,0.485828278185581,0.517930919213996,0.6302568631075859,2.457294529171663
0.05,2.0729009205012976,1.708900318603084,0.4811342519421211,0.5064894797704708,0.6185580035998486,2.439808738583872
0.05,2.0931389108204455,1.7110484609246492,0.47648547194883645,0.49522420070170353,0.6070775697080135,2.422279743976729
0.05,2.1135744871641386,1.7131336619047182,0.47188150560292624,0.4841371049237649,0.5958112045083711,2.404713948519565
0.05,2.134209578589387,1.7151568880184185,0.4673219243458272,0.47322996445410404,0.584754631378787,2.3871175816433152
0.05,2.1550461329868247,1.7171191235866534,0.46280630362747177,0.4625043045158421,0.5739036554185768,2.3694967009799957
0.05,2.1760861172645862,1.7190213695022392,0.4583342228707954,0.45196140809300545,0.5632541645381913,2.3518571943065862
0.05,2.1973315175339696,1.7208646419522087,0.4539052654364962,0.44160232090704155,0.5528021302369001,2.3342047814973377
0.05,2.2187843392969397,1.7226499711386345,0.4495190185880399,0.4314278567847488,0.5425436080870144,2.3165450164880412
0.05,2.2404466076354135,1.7243784000002782,0.44517507345692825,0.42143860338757017,0.5324747379431927,2.298883289255373
0.05,2.26232036740244,1.726050982937366,0.4408730250082107,0.41163492827228204,0.5225917438954376,2.281224827813924
0.05,2.284407683415223,1.7276687845417282,0.4366124720062566,0.40201698525308144,0.5128909339842026,2.2635747002332294
0.05,2.3067106406500355,1.7292328783345081,0.4323930169807807,0.3925847210354658,0.5033686996960179,2.2459378166766677
0.05,2.3292313444390333,1.730744345513595,0.4282142661931257,0.3833378820923762,0.49402151525763466,2.22831893146378
0.05,2.351971920668988,1.7322042737128778,0.42407582960280266,0.37427602175372676,0.4848459367465036,2.2107226451572433
0.05,2.3749345159819835,1.733613755775367,0.41997732083428335,0.36539850748072483,0.4758386010349011,2.193153406675367
0.05,2.398121297978023,1.73497388854215,0.41591835714406017,0.35670452829713284,0.4669962245847031,2.1756155154308288
0.05,2.421534455419665,1.7362857716591056,0.4118985593879542,0.34819310235016887,0.458315602109153,2.1581131234959066
0.05,2.445176198438629,1.7375505064032053,0.40791755198868723,0.3398630845745682,0.4497936051175706,2.1406502377943912
0.05,2.469048758744427,1.7387691945301746,0.40397496290370943,0.33171317443407605,0.4414271803582047,2.123230722320012
0.05,2.4931543898350292,1.7399429371451973,0.40007042359328704,0.32374192371553234,0.43321334817393925,2.105858300381054
0.05,2.517495367209582,1.741072833598271,0.3962035689888475,0.3159477443516225,0.42514920078472423,2.088536556870603
0.05,2.5420739885832297,1.7421599804057424,0.39237403746157967,0.3083289162493524,0.4172319005101227,2.0712689405616826
0.05,2.5668925741039805,1.7432054701994513,0.3885814707912988,0.3008835951023117,0.4094586779444132,2.0540587664263836
0.05,2.591953466571743,1.744210390704846,0.384825514135561,0.29360982016577897,0.4018268300961371,2.0369092179778883
0.05,2.617259031659473,1.7451758237493216,0.38110581599903876,0.2865055219749275,0.39433371850313303,2.0198233496341866
0.05,2.642811658136486,1.7461028443019577,0.3774220282031509,0.27956852998732495,0.3869767673333692,2.0028040891021144
0.05,2.668613758093952,1.7469925195457356,0.3737738058559486,0.2727965801321811,0.37975346148117045,1.9858542397802448
0.05,2.6946677671725863,1.747845907983213,0.3701608073222557,0.2661873222498236,0.3726613446676208,1.9689764831790346
0.05,2.7209761447925636,1.7486640585765583,0.3665826941940634,0.2597383274060278,0.3656980175532388,1.9521733813565318
0.05,2.7475413743857016,1.7494480099227394,0.363039131261174,0.2534470950670382,0.35886113587026375,1.935447379367871
0.05,2.774365963629856,1.7501987894645692,0.3595297864821035,0.24731106012210952,0.3521484085811632,1.9188008077267305
0.05,2.8014524446856583,1.7509174127382208,0.35605433095522826,0.24132759974162155,0.3455575960693049,1.9022358848767702
0.05,2.8288033744355428,1.7516048826577353,0.3526124388901826,0.2354940400598982,0.339086508367051,1.885754719671134
0.05,2.8564213347251037,1.7522621888369383,0.3492037875795062,0.22980766267287367,0.3327330034258405,1.8693593138579714
0.05,2.884308932606817,1.7528903069491042,0.3458280573705355,0.22426571094197814,0.32649498543226546,1.8530515645699182
0.05,2.9124688005861317,1.7534901981246134,0.34248493163754307,0.21886539609642172,0.3203704031734757,1.8368332668154694
0.05,2.9409035968699926,1.7540628083867498,0.33917409675411564,0.21360390312732913,0.3143572484547516,1.8207061159701163
0.05,2.9696160056177336,1.7546090681257105,0.3358952420657821,0.20847839646789254,0.30845355457147194,1.8046717102651848
0.05,2.998608737194477,1.755129891610807,0.33264805986287377,0.203486025454902,0.3026573948372304,1.7887315532722026
0.05,3.0278845284269775,1.7556261765407526,0.32943224535362775,0.1986239295677905,0.29696688116939174,1.7728870563807329
0.05,3.057446142861971,1.7560988036318543,0.326247496637526,0.19388924344217914,0.2913801627329277,1.7571395412675694
0.05,3.0872963710270453,1.7565486362438432,0.3230935146788691,0.18927910165587158,0.2858954246429247,1.741490242355221
0.05,3.117438030694051,1.7569765200429999,0.31997000328058484,0.1847906432859767,0.2805108867258378,1.7259403092576378
0.05,3.147873967145115,1.7573832827021685,0.316876669058263,0.1804210162365881,0.2752248023391904,1.7104908092111695
0.05,3.17860705344119,1.7577697336371594,0.3138132214144278,0.1761673813371821,0.2700354572491005,1.6951427294887953
0.05,3.2096401906932885,1.7581366637789984,0.31077937251302934,0.1720269162126155,0.26494116856474853,1.6798969797956829
0.05,3.2409763083363305,1.7584848453813922,0.3077748372541647,0.16799681892622215,0.2599402837286704,1.664754394644195
0.05,3.272618364405675,1.7588150318627334,0.30479933324902103,0.16407431139803527,0.2550311795614807,1.6497157357065366
0.05,3.3045693458163496,1.7591279576818986,0.3018525807950391,0.16025664260087327,0.2502122613595117,1.6347816941432713
0.05,3.3368322686449994,1.759424338247045,0.29893430285129735,0.15654109153739956,0.2454819620436408,1.619952892905988
0.05,3.369410178414621,1.7597048698565512,0.29604422501410904,0.15292497000179833,0.24083874135745906,1.6052298890125019
0.05,3.402306150382014,1.759970229671208,0.29318207549283987,0.1494056251302362,0.2362810851128094,1.590613175793017
0.05,3.4355232898280983,1.7602210757167087,0.2903475850859324,0.14598044174446,0.2318075044806975,1.576103185105742
0.05,3.46906473235104,1.7604580469154576,0.2875404871571438,0.1426468444935387,0.22741653532535136,1.561700289520546
0.05,3.5029336441622423,1.7606817631466676,0.2847605176119906,0.13940229979880037,0.22310673757939167,1.5474048044693145
0.05,3.537133222385223,1.7608928253336893,0.28200741487439984,0.1362443176075077,0.21887669465782417,1.5332169903617285
0.05,3.571666695357417,1.7610918155574828,0.27928091986356374,0.1331704529610374,0.21472501290869822,1.519137054665292
0.05,3.606537322934914,1.7612792971951072,0.27658077597099645,0.13017830738338093,0.2106503210981963,1.5051651539484914
0.05,3.6417483968002053,1.7614558150820978,0.2739067290377881,0.12726553009630456,0.20665126992803,1.4913013958860621
0.05,3.6773032407728694,1.761621895697557,0.27125852733206124,0.12442981906734318,0.2027265315829467,1.4775458412254565
0.05,3.713205211123355,1.7617780473707878,0.26863592152661686,0.12166892189716141,0.19887479930624496,1.4638985057135985
0.05,3.7494576968898,1.7619247605082802,0.26603866467677684,0.11898063655277448,0.19509478700126764,1.4503593619831996
0.05,3.7860641201979433,1.7620625078398402,0.2634665121984168,0.11636281195335257,0.19138522885687578,1.436928341397927
0.05,3.823027936584164,1.7621917446826687,0.26091922184618815,0.11381334841522721,0.18774487899498413,1.4236053358558207
0.05,3.8603526353216684,1.762312909222167,0.2583965536919273,0.11133019796286202,0.18417251113828806,1.4103901995504269
0.05,3.898041739749893,1.7624264228082718,0.2558982701032483,0.1089113645125527,0.18066691829645198,1.3972827506892083
0.05,3.9360988076070558,1.762532690266109,0.2534241357223229,0.10655490393549506,0.17722691246904215,1.384282773168885
0.05,3.9745274313660226,1.7626321002197698,0.2509739174448379,0.10425892400706949,0.17385132436365977,1.37139001820738
0.05,4.013331238573422,1.7627250254280267,0.2485473843991332,0.10202158424880278,0.17053900312770998,1.3586042059322028
0.05,4.052513892192072,1.7628118231308072,0.24614430792551847,0.09984109566975656,0.16728881609241317,1.3459250269251084
0.05,4.092079090946753,1.7628928354052766,0.24376446155576434,0.09771572041373607,0.16409964852777406,1.333352143723
0.05,4.13203056967335,1.762968389530386,0.24140762099276936,0.09564377131875156,0.16097040340720406,1.3208851922750613
0.05,4.17237209967144,1.7630387983587663,0.23907356409039618,0.09362361139502486,0.1579000011806942,1.3085237833562118
0.05,4.213107489060246,1.7631043606948817,0.23676207083348408,0.09165365322772147,0.15488737955548695,1.2962675039370608
0.05,4.254240583138138,1.7631653616783662,0.2344729233180252,0.0897323583103944,0.15193149328326064,1.2841159185105218
0.05,4.295775264745619,1.7632220731715131,0.2322059057315112,0.08785823631506466,0.14903131395292724,1.2720685703754093
0.05,4.337715454631844,1.7632747541498996,0.22996080433344582,0.08602984430462787,0.14618582978825279,1.2601249828773387
0.05,4.380065111824735,1.7633236510951793,0.22773740743602133,0.08424578589320794,0.1433940454495755,1.2482846606073223
0.05,4.422828234004685,1.7633689983890921,0.22553550538495967,0.08250471035976784,0.1406549818389637,1.2365470905585108
0.05,4.4660088578819686,1.7634110187077927,0.22335489054051202,0.08080531172025567,0.1379676759081988,1.2249117432415773
0.05,4.509611059577738,1.7634499234156205,0.22119535725862438,0.07914632776327128,0.13533118046908355,1.2133780737593078
0.05,4.553638955008835,1.7634859129574854,0.21905670187225712,0.07752653905412553,0.13274456400567997,1.2019455228409663
0.05,4.598096700276311,1.7635191772490741,0.2169387226728649,0.07594476791191038,0.13020691048795832,1.1906135178370831
0.05,4.64298849205775,1.7635498960641267,0.21484121989203295,0.07439987736397662,0.12771731918660303,1.1793814736753545
0.05,4.688318568003423,1.763578239418073,0.21276399568326854,0.07289077008221707,0.12527490448869358,1.16824879377834
0.05,4.7340912071363,1.7636043679473592,0.21070685410394704,0.07141638730496831,0.12287879571396362,1.1572148709437298
0.05,4.780310730256015,1.7636284332838363,0.20866960109740987,0.06997570774859606,0.12052813693145104,1.1462790881879301
0.05,4.826981500346678,1.7636505784236296,0.20665204447521743,0.06856774651224756,0.11822208677645832,1.1354408195538073
0.05,4.874107922988768,1.7636709380899434,0.20465399389954986,0.0671915539792376,0.11595981826755009,1.1246994308833795
0.05,4.921694446774995,1.7636896390893029,0.20267526086575957,0.06584621471833198,0.11374051862367844,1.114054280556337
0.05,4.969745563730237,1.7637068006607743,0.20071565868507202,0.06453084638789595,0.11156338908121363,1.103504720195238
0.05,5.018265809735569,1.7637225348177512,0.19877500246743482,0.06324459864581036,0.10942764471097564,1.0930500953382865
0.05,5.067259764956438,1.7637369466819262,0.19685310910451387,0.061986652067626956,0.10733251423514385,1.082689746080573
0.05,5.116732054275009,1.7637501348091216,0.19494979725283554,0.060756217075628505,0.10527723984419222,1.072423007684693
0.05,5.166687347726781,1.763762191506681,0.19306488731707247,0.05955253288077222,0.1032610770136968,1.062249211161659
0.05,5.2171303609413595,1.7637732031421682,0.1911982014334775,0.05837486643977722,0.10128329432128028,1.0521676838230432
0.05,5.26806585558764,1.7637832504431588,0.18934956345345683,0.05722251142910706,0.09934317326353861,1.0421777498052465
0.05,5.319498639823286,1.7637924087879444,0.18751879892728787,0.05609478723756806,0.09744000807316269,1.0322787305668455
0.05,5.371433568748605,1.763800748487006,0.18570573508797833,0.05499103797903611,0.09557310553627225,1.0224699453599342
0.05,5.423875544864855,1.7638083350551488,0.18391020083526596,0.05391063152666549,0.0937417848100853,1.0127507116763759
0.05,5.476829518537011,1.7638152294742244,0.18213202671975906,0.052852958569752154,0.09194537724093363,1.003120345669892
0.05,5.530300488461116,1.7638214884463952,0.1803710449272137,0.05181743169427374,0.0901832261828055,0.9935781625548782
0.05,5.584293502136072,1.763827164637928,0.17862708926295356,0.05080348448800273,0.08845468681650039,0.9841234769828712
0.05,5.638813656340152,1.7638323069135375,0.17689999513642338,0.04981057067089857,0.08675912596942333,0.9747556033975254
0.05,5.693866097612113,1.7638369605613162,0.17518959954588084,0.04883816325138075,0.08509592193619626,0.9654738563689911
0.05,5.74945602273701,1.7638411675083256,0.17349574106322455,0.047885753708960054,0.08346446430015664,0.9562775509085518
0.05,5.805588679236761,1.763844966526939,0.1718182598189565,0.04695285120354542,0.08186415375581498,0.9471660027643602
0.05,5.862269365865483,1.7638483934320517,0.17015699748727958,0.04603898181165537,0.08029440193240613,0.938138528699106
0.05,5.919503433109726,1.7638514812692954,0.16851179727132706,0.04514368778963837,0.07875463121859855,0.929194446750414
0.05,5.9772962836934695,1.7638542604944114,0.16688250388852793,0.044266526863968335,0.07724427458847156,0.920333076474791
0.05,6.035653373088177,1.7638567591439553,0.16526896355610096,0.0434070715483846,0.07576277542879756,0.9115537391758559
0.05,6.09458021002776,1.7638590029975203,0.1636710239766814,0.042564908487881775,0.07430958736779479,0.9028557581176243
0.05,6.154082357028584,1.763861015731684,0.16208853432407808,0.04173963782916105,0.07288417410530348,0.8942384587235848
0.05,6.214165430914558,1.7638628190658905,0.16052134522915962,0.040930872617243735,0.07148600924460245,0.885701168762253
0.05,6.27483510334733,1.7638644329004909,0.15896930876586984,0.040138238217869264,0.07011457612582225,0.8772432185199043
0.05,6.3360971013617275,1.7638658754471868,0.1574322784373695,0.03936137176518431,0.06876936766102157,0.8688639409611394
0.05,6.397957207906293,1.7638671633521044,0.1559101091623082,0.03859992163420067,0.06744988617108325,0.8605626718779364
0.05,6.460421262389233,1.763868311811763,0.1544026572612194,0.03785354693751415,0.06615564322435243,0.8523387500277868
0.05,6.523495161229623,1.7638693346821803,0.15290978044304232,0.037121917045547355,0.06488615947714833,0.8441915172615218
0.05,6.587184858414014,1.7638702445813765,0.15143133779176812,0.03640471112981749,0.06364096451619763,0.8361203186414
0.05,6.6514963660584705,1.7638710529855417,0.14996718975321,0.0357016177284373,0.062419596702927536,0.8281245025499987
0.05,6.716435754976083,1.7638717703191165,0.1485171981218958,0.03501233433317503,0.061221603019792556,0.8202034207904376
0.05,6.782009155250088,1.7638724060390585,0.1470812260280819,0.03433656699736874,0.060046538918557074,0.8123564286784315
0.05,6.848222756812448,1.76387296871355,0.1456591379248906,0.03367402996394031,0.058893968170604084,0.8045828851266666
0.05,6.91508281002822,1.7638734660954023,0.144250799575565,0.033024445312724755,0.057763462719309024,0.7968821527219382
0.05,6.98259562628555,1.763873905190419,0.1428560780408447,0.032387542626355716,0.05665460253440319,0.7892535977954989
0.05,7.0507675785914605,1.7638742923209672,0.1414748416664596,0.03176305867402586,0.05556697546848878,0.7816965904870339
0.05,7.119605102173431,1.7638746331850002,0.14010696007074144,0.031150737112216442,0.054500177115580924,0.774210504802647
0.05,7.189114695086871,1.7638749329107823,0.1387523041323518,0.030550328201738704,0.05345381067173789,0.7667947186672436
0.05,7.259302918828503,1.7638751961075474,0.13741074597812622,0.029961588540298966,0.05242748679781832,0.7594486139716595
0.05,7.330176398955804,1.7638754269123225,0.13608215897103199,0.029384280809816917,0.05142082348426895,0.7521715766148648
0.05,7.401741825712351,1.7638756290331417,0.1347664176982425,0.02881817353785081,0.05043344591808134,0.7449629965415827
0.05,7.474005954659417,1.763875805788868,0.13346339795932188,0.02826304087224773,0.04946498635174351,0.7378222677755942
0.05,7.546975607313665,1.7638759601458307,0.13217297675452322,0.027718662368518547,0.048515083974328715,0.7307487884490285
0.05,7.620657671791075,1.7638760947514824,0.1308950322731977,0.027184822789092657,0.04758338478465048,0.7237419608279029
0.05,7.6950591034571625,1.7638762119652687,0.12962944388231426,0.026661311913878168,0.046669541466424644,0.7168011913341623
0.05,7.77018692558353,1.763876313886898,0.12837609211508838,0.026147924361438066,0.045773213265539396,0.7099258905644482
0.05,7.846048230010902,1.763876402382188,0.12713485865971866,0.025644459420200678,0.04489406586931002,0.7031154733058211
0.05,7.922650177818483,1.7638764791066595,0.12590562634823313,0.02515072088909312,0.04403177128776684,0.696369358548655
0.05,8.0,1.7638765455270395,0.12468827914543981,0.024666516927001024,0.043186007736927365,0.6896869694968712
0.1,1e-05,1.763876942464599e-05,0.000999999937391518,-5.944421998078793e-06,6.407174874601368,4.887158714200028e-05
0.1,1.0097631247682853e-05,1.7810978931286172e-05,0.0010097630613490965,-6.002443948356048e-06,6.4071748745747685,4.93487265448272e-05
0.1,1.019621568141812e-05,1.798486974082563e-05,0.0010196215038981026,-6.061031954685101e-06,6.4071748745476444,4.98305243191739e-05
0.1,1.0295762607280153e-05,1.816045826803432e-05,0.0010295761956456617,-6.1201915311349655e-06,6.407174874519991,5.031702594530265e-05
0.1,1.0396281422199655e-05,1.833776108794163e-05,0.0010396280762845268,-6.179928245242432e-06,6.407174874491794,5.080827734750512e-05
0.1,1.0497781614850797e-05,1.8516794937401126e-05,0.0010497780946817897,-6.2402477185230315e-06,6.4071748744630455,5.130432489843796e-05
0.1,1.0600272766546798e-05,1.869757671667025e-05,0.0010600272089684361,-6.301155626986743e-06,6.40717487443373,5.180521542349937e-05
0.1,1.0703764552144453e-05,1.8880123491005815e-05,0.001070376386629803,-6.362657701658875e-06,6.4071748744038395,5.231099620525002e-05
0.1,1.080826674095739e-05,1.9064452492274856e-05,0.0010808266045969012,-6.424759729104897e-06,6.407174874373364,5.282171498787602e-05
0.1,1.0913789197678266e-05,1.9250581120581276e-05,0.0010913788493386331,-6.487467551960956e-06,6.407174874342289,5.333741998169596e-05
0.1,1.1020341883309965e-05,1.943852694590837e-05,0.0011020341169549162,-6.550787069468459e-06,6.407174874310606,5.385815986771179e-05
0.1,1.1127934856105858e-05,1.9628307709777315e-05,0.0011127934132707051,-6.614724238013781e-06,6.4071748742783,5.4383983802204e-05
0.1,1.1236578272519373e-05,1.981994132692212e-05,0.0011236577539309519,-6.679285071673039e-06,6.407174874245358,5.4914941421372386e-05
0.1,1.1346282388162583e-05,2.0013445886980427e-05,0.0011346281644964604,-6.7444756427614436e-06,6.4071748742117745,5.545108284602075e-05
0.1,1.1457057558774415e-05,2.020883965620133e-05,0.0011457056805407103,-6.81030208238792e-06,6.40717487417753,5.5992458686288674e-05
0.1,1.1568914241198156e-05,2.0406141079169577e-05,0.0011568913477476063,-6.8767705810146645e-06,6.407174874142613,5.65391200464289e-05
0.1,1.1681862994368567e-05,2.060536878054671e-05,0.0011681862220101883,-6.943887389021288e-06,6.40717487410701,5.709111852963132e-05
0.1,1.1795914480308605e-05,2.0806541566829146e-05,0.0011795913695303035,-7.0116588172748285e-06,6.407174874070709,5.7648506242894164e-05
0.1,1.1911079465135882e-05,2.1009678428123496e-05,0.0011911078669192543,-7.0800912377042135e-06,6.407174874033696,5.821133580194287e-05
0.1,1.2027368820078941e-05,2.1214798539939092e-05,0.0012027368012994227,-7.149191083880239e-06,6.4071748739959595,5.87796603361966e-05
0.1,1.2144793522503558e-05,2.142192126499829e-05,0.0012144792704069005,-7.218964851600449e-06,6.407174873957478,5.935353349378402e-05
0.1,1.2263364656948823e-05,2.1631066155063984e-05,0.0012263363826950989,-7.289419099479377e-06,6.407174873918246,5.9933009446606803e-05
0.1,1.2383093416173597e-05,2.1842252952785425e-05,0.0012383092574393914,-7.360560449544148e-06,6.40717487387824,6.05181428954538e-05
0.1,1.2503991102213032e-05,2.2055501593561796e-05,0.0012503990248427675,-7.432395587835046e-06,6.407174873837451,6.110898907516446e-05
0.1,1.262606912744547e-05,2.227083220742409e-05,0.0012626068261425223,-7.504931265011842e-06,6.4071748737958645,6.170560375984292e-05
0.1,1.2749339015669717e-05,2.2488265120935272e-05,0.0012749338137179795,-7.578174296964988e-06,6.407174873753458,6.230804326812271e-05
0.1,1.2873812403192843e-05,2.2707820859109053e-05,0.0012873811511992764,-7.652131565432714e-06,6.407174873710219,6.291636446848319e-05
0.1,1.2999501039928714e-05,2.292952014734755e-05,0.001299950013577214,-7.726810018623088e-06,6.407174873666132,6.353062478461819e-05
0.1,1.3126416790506994e-05,2.3153383913397428e-05,0.0013126415873141565,-7.802216671841853e-06,6.407174873621179,6.415088220085574e-05
0.1,1.325457163539323e-05,2.3379433289325593e-05,0.0013254570704560405,-7.878358608125723e-06,6.407174873575348,6.477719526763228e-05
0.1,1.3383977672019752e-05,2.360768961351396e-05,0.0013383976727454623,-7.955242978881008e-06,6.407174873528616,6.540962310701947e-05
0.1,1.3514647115927626e-05,2.3838174432673724e-05,0.0013514646157358758,-8.032877004528026e-06,6.407174873480965,6.604822541830508e-05
0.1,1.3646592301919777e-05,2.4070909503879312e-05,0.0013646591329069015,-8.111267975151205e-06,6.40717487343238,6.669306248362847e-05
0.1,1.3779825685225314e-05,2.4305916796622138e-05,0.0013779824697807616,-8.190423251154439e-06,6.407174873382845,6.7344195173671e-05
0.1,1.3914359842675393e-05,2.4543218494884642e-05,0.001391435884039862,-8.270350263922557e-06,6.407174873332334,6.800168495340243e-05
0.1,1.4050207473890252e-05,2.4782836999234107e-05,0.001405020645645498,-8.351056516488035e-06,6.407174873280834,6.866559388788223e-05
0.1,1.4187381402478139e-05,2.50247949289374e-05,0.0014187380369577458,-8.432549584204182e-06,6.407174873228324,6.9335984648119e-05
0.1,1.4325894577245786e-05,2.5269115124096106e-05,0.0014325893528565087,-8.514837115423038e-06,6.407174873174782,7.001292051698618e-05
0.1,1.446576007342074e-05,2.5515820647802574e-05,0.0014465759008637504,-8.597926832180237e-06,6.407174873120189,7.069646539519579e-05
0.1,1.4606991093885628e-05,2.5764934788316997e-05,0.0014606990012669201,-8.68182653088476e-06,6.407174873064524,7.138668380733043e-05
0.1,1.4749600970424436e-05,2.6016481061265716e-05,0.0014749599872435819,-8.766544083015099e-06,6.407174873007771,7.208364090793423e-05
0.1,1.4893603164981114e-05,2.6270483211861204e-05,0.0014893602049872697,-8.852087435821261e-06,6.407174872949901,7.278740248766354e-05
0.1,1.5039011270930154e-05,2.652696521714327e-05,0.0015039010138345515,-8.938464613032605e-06,6.407174872890897,7.349803497949678e-05
0.1,1.5185839014359896e-05,2.678595128824258e-05,0.001518583786393352,-9.025683715571446e-06,6.407174872830733,7.421560546500583e-05
0.1,1.533410025536819e-05,2.7047465872666115e-05,0.0015334099086725238,-9.113752922273194e-06,6.407174872769392,7.494018168068848e-05
0.1,1.5483808989370743e-05,2.7311533656604885e-05,0.0015483807802126777,-9.202680490611913e-06,6.407174872706843,7.567183202436226e-05
0.1,1.563497934842227e-05,2.757817956726431e-05,0.0015634978142183,-9.292474757432613e-06,6.407174872643073,7.641062556162126e-05
0.1,1.578762560255045e-05,2.7847428775217103e-05,0.0015787624376911427,-9.383144139688832e-06,6.407174872578047,7.715663203235521e-05
0.1,1.594176216110313e-05,2.8119306696779653e-05,0.001594176091564949,-9.474697135187037e-06,6.407174872511746,7.79099218573338e-05
0.1,1.6097403574108307e-05,2.8393838996410795e-05,0.0016097402308414472,-9.567142323336649e-06,6.407174872444143,7.867056614485278e-05
0.1,1.6254564533647772e-05,2.8671051589134776e-05,0.0016254563247277139,-9.66048836590682e-06,6.407174872375216,7.94386366974474e-05
0.1,1.641325987524392e-05,2.895097064298741e-05,0.0016413258567748543,-9.754744007788609e-06,6.4071748723049335,8.021420601866982e-05
0.1,1.657350457926022e-05,2.9233622581486354e-05,0.0016573503250180523,-9.84991807776403e-06,6.407174872233276,8.099734731993365e-05
0.1,1.6735313772315288e-05,2.9519034086125344e-05,0.0016735312421179709,-9.946019489281297e-06,6.407174872160209,8.178813452742449e-05
0.1,1.6898702728710773e-05,2.980723209889279e-05,0.0016898701355035413,-1.004305724123568e-05,6.407174872085709,8.258664228907831e-05
0.1,1.706368687187334e-05,3.0098243824815304e-05,0.0017063685475161656,-1.0141040418757818e-05,6.407174872009748,8.339294598162884e-05
0.1,1.7230281775810393e-05,3.0392096734525375e-05,0.0017230280355552813,-1.023997819400695e-05,6.407174871932297,8.420712171772168e-05
0.1,1.7398503166580347e-05,3.068881856685476e-05,0.0017398501722253898,-1.0339879826971756e-05,6.407174871853326,8.502924635309983e-05
0.1,1.7568366923777076e-05,3.098843733145288e-05,0.0017568365454845008,-1.0440754666276581e-05,6.407174871772805,8.585939749385845e-05
0.1,1.7739889082028933e-05,3.1290981311430884e-05,0.001773988758794034,-1.0542612149994857e-05,6.407174871690703,8.66976535037708e-05
0.1,1.7913085832512324e-05,3.159647906603143e-05,0.001791308431270172,-1.0645461806467996e-05,6.407174871606993,8.754409351168532e-05
0.1,1.8087973524480148e-05,3.1904959433324656e-05,0.0018087971978367073,-1.0749313255131627e-05,6.4071748715216374,8.839879741899531e-05
0.1,1.8264568666805055e-05,3.2216451532930286e-05,0.001826456709379365,-1.0854176207347494e-05,6.407174871434609,8.92618459071812e-05
0.1,1.844288792953799e-05,3.2530984768766724e-05,0.0018442886329016533,-1.096006046724236e-05,6.407174871345871,9.013332044542718e-05
0.1,1.862294814548157e-05,3.28485888318263e-05,0.0018622946516822054,-1.1066975932552903e-05,6.407174871255394,9.10133032983108e-05
0.1,1.8804766311779218e-05,3.31692937029783e-05,0.001880476465433688,-1.1174932595477412e-05,6.40717487116314,9.190187753356915e-05
0.1,1.8988359591519567e-05,3.349312965579891e-05,0.0018988357904632378,-1.1283940543533595e-05,6.407174871069078,9.279912702993983e-05
0.1,1.9173745315356643e-05,3.3820127259429074e-05,0.0019173743598344863,-1.1394009960423512e-05,6.407174870973167,9.370513648507918e-05
0.1,1.9360940983145798e-05,3.415031738146006e-05,0.001936093923531145,-1.1505151126904176e-05,6.407174870875378,9.461999142355723e-05
0.1,1.954996426559562e-05,3.448373119084719e-05,0.0019549962486221967,-1.1617374421665187e-05,6.40717487077567,9.554377820493092e-05
0.1,1.9740833005936152e-05,3.48204001608524e-05,0.001974083119428714,-1.1730690322212474e-05,6.407174870674,9.647658403189673e-05
0.1,1.9933565221602992e-05,3.5160356072014805e-05,0.0019933563376922747,-1.1845109405759369e-05,6.407174870570341,9.741849695852156e-05
0.1,2.0128179105938256e-05,3.5503631015150954e-05,0.002012817722745046,-1.1960642350122922e-05,6.407174870464646,9.836960589855516e-05
0.1,2.0324693029907927e-05,3.585025739438404e-05,0.002032469111681529,-1.2077299934627795e-05,6.407174870356878,9.933000063382344e-05
0.1,2.0523125543836018e-05,3.6200267930202756e-05,0.002052312359531964,-1.219509304101598e-05,6.407174870246995,0.00010029977182270343
0.1,2.0723495379155676e-05,3.655369566254999e-05,0.0020723493394374415,-1.2314032654363172e-05,6.407174870134954,0.00010127901100868109
0.1,2.0925821450177316e-05,3.691057395394164e-05,0.0020925819428267173,-1.2434129864002112e-05,6.407174870020718,0.0001022678106289927
0.1,2.113012285587426e-05,3.727093649261625e-05,0.0021130120795947735,-1.2555395864451624e-05,6.407174869904237,0.00010326626402335148
0.1,2.133641888168536e-05,3.763481729571461e-05,0.0021336416782830763,-1.2677841956352625e-05,6.4071748697854725,0.00010427446544275725
0.1,2.1544729001335656e-05,3.800225071249114e-05,0.002154472686261638,-1.2801479547410286e-05,6.407174869664376,0.0001052925100583942
0.1,2.1755072878674593e-05,3.837327142755636e-05,0.002175507069912846,-1.2926320153342796e-05,6.407174869540907,0.00010632049397061478
0.1,2.1967470369532232e-05,3.874791446415092e-05,0.0021967468148170696,-1.3052375398836592e-05,6.407174869415014,0.00010735851421801102
0.1,2.218194152359359e-05,3.912621518745179e-05,0.0022181939259401026,-1.317965701850789e-05,6.407174869286649,0.000108406668786575
0.1,2.2398506586291197e-05,3.9508209307910436e-05,0.002239850427822409,-1.330817685787019e-05,6.407174869155767,0.00010946505661894781
0.1,2.2617186000716423e-05,3.98939328846242e-05,0.002261718364770257,-1.3437946874309002e-05,6.407174869022317,0.00011053377762376072
0.1,2.2838000409548935e-05,4.0283422328739614e-05,0.0022837998010486636,-1.3568979138062336e-05,6.407174868886246,0.00011161293268506467
0.1,2.3060970657005513e-05,4.067671440688987e-05,0.00230609682107627,-1.3701285833206675e-05,6.407174868747508,0.00011270262367185439
0.1,2.328611779080763e-05,4.107384624466538e-05,0.0023286115296220983,-1.3834879258651217e-05,6.407174868606046,0.00011380295344768423
0.1,2.351346306416827e-05,4.147485533011832e-05,0.0023513460520042354,-1.3969771829136178e-05,6.407174868461809,0.00011491402588037833
0.1,2.374302793779822e-05,4.187977951730141e-05,0.0023743025342904513,-1.4105976076238255e-05,6.407174868314744,0.00011603594585183537
0.1,2.397483408193183e-05,4.228865702984119e-05,0.00239748314350078,-1.4243504649382606e-05,6.407174868164791,0.00011716881926792897
0.1,2.4208903378372622e-05,4.270152646454614e-05,0.002420890067812072,-1.43823703168599e-05,6.407174868011898,0.00011831275306850479
0.1,2.444525792255904e-05,4.311842679505046e-05,0.002444525516764569,-1.4522585966849987e-05,6.407174867856,0.00011946785523747618
0.1,2.46839200256499e-05,4.353939737549255e-05,0.0024683917214704475,-1.4664164608451234e-05,6.40717486769705,0.00012063423481301628
0.1,2.4924912216630698e-05,4.3964477944230235e-05,0.0024924909348244422,-1.4807119372716165e-05,6.407174867534973,0.00012181200189785165
0.1,2.5168257244440227e-05,4.439370862759191e-05,0.0025168254317165105,-1.4951463513692006e-05,6.407174867369726,0.00012300126766965562
0.1,2.5413978080117998e-05,4.4827129943664264e-05,0.002541397509246563,-1.509721040946872e-05,6.4071748672012285,0.00012420214439154268
0.1,2.566209791897266e-05,4.5264782806117195e-05,0.002566209486941313,-1.5244373563230354e-05,6.407174867029427,0.00012541474542266653
0.1,2.5912640182771495e-05,4.570670852806569e-05,0.0025912637069732103,-1.5392966604313532e-05,6.407174866854257,0.00012663918522891977
0.1,2.616562852195158e-05,4.6152948825970166e-05,0.002616562534381566,-1.5543003289272117e-05,6.407174866675648,0.00012787557939374078
0.1,2.6421086817852e-05,4.660354582357371e-05,0.0026421083572957596,-1.5694497502944426e-05,6.407174866493533,0.0001291240446290224
0.1,2.667903918496839e-05,4.705854205587892e-05,0.002667903587160698,-1.5847463259529945e-05,6.407174866307846,0.00013038469878613084
0.1,2.693950997322921e-05,4.751798047316285e-05,0.002693950658964432,-1.6001914703666283e-05,6.407174866118516,0.00013165766086702953
0.1,2.7202523770294316e-05,4.798190444503153e-05,0.0027202520314680164,-1.615786611151677e-05,6.407174865925472,0.00013294305103551311
0.1,2.746810540387595e-05,4.845035776451383e-05,0.0027468101874375964,-1.631533189185767e-05,6.407174865728636,0.00013424099062855015
0.1,2.773627994408235e-05,4.892338465219532e-05,0.002773627633878776,-1.6474326587174854e-05,6.407174865527944,0.0001355516021677371
0.1,2.8007072705784516e-05,4.940102976039295e-05,0.002800706902273277,-1.663486487476214e-05,6.407174865323309,0.00013687500937086458
0.1,2.828050925100553e-05,4.988333817736953e-05,0.0028280505488178765,-1.67969615678254e-05,6.407174865114663,0.00013821133716359466
0.1,2.855661539133375e-05,5.0370355431590275e-05,0.0028556611546657154,-1.6960631616591616e-05,6.40717486490192,0.00013956071169125462
0.1,2.883541719035928e-05,5.086212749602049e-05,0.002883541326169949,-1.7125890109421682e-05,6.407174864685004,0.0001409232603307441
0.1,2.911694096613432e-05,5.1358700792465276e-05,0.0029116936951297666,-1.7292752273927067e-05,6.407174864463831,0.00014229911170255934
0.1,2.9401213293657488e-05,5.186012219595159e-05,0.0029401209190388247,-1.7461233478091852e-05,6.40717486423832,0.00014368839568293447
0.1,2.968826100738238e-05,5.236643903915301e-05,0.002968825681336097,-1.7631349231397593e-05,6.407174864008384,0.0001450912434161011
0.1,2.9978111203750875e-05,5.2877699116858245e-05,0.0029978106916592026,-1.7803115185951925e-05,6.4071748637739345,0.00014650778732666945
0.1,3.027079124375063e-05,5.339395069048215e-05,0.003027078686100142,-1.797654713762104e-05,6.4071748635348875,0.00014793816113212638
0.1,3.056632875549809e-05,5.3915242492621884e-05,0.0030566324274635998,-1.815166102716596e-05,6.407174863291148,0.00014938249985545993
0.1,3.086475163684645e-05,5.444162373165703e-05,0.003086474705527732,-1.832847294138118e-05,6.407174863042629,0.00015084093983790413
0.1,3.116608805801912e-05,5.4973144096394725e-05,0.003116608337307508,-1.850699911423637e-05,6.407174862789231,0.00015231361875180945
0.1,3.147036646426893e-05,5.5509853760760094e-05,0.003147036167320622,-1.8687255928021335e-05,6.407174862530862,0.00015380067561363865
0.1,3.177761557856325e-05,5.6051803388532596e-05,0.0031777610678560063,-1.8869259914493714e-05,6.407174862267422,0.0001553022507970898
0.1,3.208786440429531e-05,5.65990441381283e-05,0.003208785939244942,-1.9053027756027395e-05,6.407174861998815,0.00015681848604634602
0.1,3.240114222802227e-05,5.715162766742967e-05,0.0032401137101348786,-1.923857628676554e-05,6.407174861724937,0.000158349524489458
0.1,3.271747862222941e-05,5.7709606138661106e-05,0.003271747337765827,-1.942592249377248e-05,6.407174861445686,0.00015989551065185195
0.1,3.3036903448121944e-05,5.827303222331348e-05,0.0033036898082495496,-1.9615083518190472e-05,6.407174861160954,0.00016145659046997454
0.1,3.335944685844376e-05,5.884195910711596e-05,0.0033359441368514165,-1.9806076656394126e-05,6.4071748608706365,0.00016303291130506786
0.1,3.368513930032373e-05,5.941644049505661e-05,0.003368513368275035,-1.999891936114943e-05,6.407174860574623,0.0001646246219570803
0.1,3.40140115181498e-05,5.999653061645187e-05,0.0034014005769496453,-2.0193629242769836e-05,6.407174860272803,0.0001662318726787121
0.1,3.434609455647139e-05,6.058228423006611e-05,0.0034346088673203588,-2.039022407027678e-05,6.4071748599650595,0.0001678548151896005
0.1,3.468141976292955e-05,6.117375662928e-05,0.0034681413741411613,-2.058872177255665e-05,6.407174859651276,0.00016949360269063945
0.1,3.502001879121631e-05,6.177100364731043e-05,0.003502001262770838,-2.0789140439519054e-05,6.407174859331338,0.00017114838987844236
0.1,3.536192360406265e-05,6.2374081662481e-05,0.0035361917294717683,-2.0991498323255394e-05,6.4071748590051225,0.0001728193329599451
0.1,3.5707166476255696e-05,6.298304760354393e-05,0.0035707160017116324,-2.1195813839194776e-05,6.407174858672508,0.00017450658966715145
0.1,3.6055779997685316e-05,6.359795895505381e-05,0.0036055773384680557,-2.140210556725969e-05,6.407174858333363,0.00017621031927202185
0.1,3.640779707642057e-05,6.421887376279427e-05,0.0036407790305362604,-2.16103922530197e-05,6.407174857987565,0.00017793068260150925
0.1,3.6763250941816006e-05,6.484585063925688e-05,0.003676324400839665,-2.1820692808842174e-05,6.407174857634984,0.00017966784205273936
0.1,3.712217514764874e-05,6.547894876917471e-05,0.0037122168047435985,-2.2033026315042943e-05,6.407174857275483,0.0001814219616083425
0.1,3.7484603575285376e-05,6.611822791510841e-05,0.0037484596303719764,-2.2247412021031258e-05,6.407174856908932,0.00018319320685193072
0.1,3.7850570436880605e-05,6.676374842308797e-05,0.0037850562989271436,-2.2463869346452097e-05,6.407174856535185,0.0001849817449837297
0.1,3.822011027860665e-05,6.74155712283093e-05,0.0038220102650128197,-2.2682417882326016e-05,6.407174856154107,0.00018678774483636178
0.1,3.859325798391431e-05,6.807375786088612e-05,0.003859325016960184,-2.2903077392183574e-05,6.40717485576555,0.00018861137689078316
0.1,3.8970048776825896e-05,6.873837045165837e-05,0.0038970040771571573,-2.3125867813193454e-05,6.407174855369371,0.00019045281329237672
0.1,3.935051822526013e-05,6.940947173805696e-05,0.003935051002380888,-2.335080925728892e-05,6.407174854965419,0.0001923122278672019
0.1,3.9734702244390035e-05,7.008712507002654e-05,0.003973469384133512,-2.357792201228444e-05,6.407174854553541,0.00019418979613840435
0.1,4.012263710003269e-05,7.077139441600484e-05,0.004012262848981141,-2.3807226542988783e-05,6.407174854133581,0.00019608569534278355
0.1,4.0514359412072944e-05,7.14623443689614e-05,0.004051435058896193,-2.4038743492308893e-05,6.407174853705382,0.00019800010444752332
0.1,4.090990615792017e-05,7.216004015249504e-05,0.004090989711603072,-2.4272493682347705e-05,6.4071748532687804,0.00019993320416708703
0.1,4.1309314675998793e-05,7.286454762699074e-05,0.004130930540927205,-2.4508498115493232e-05,6.407174852823612,0.00020188517698027547
0.1,4.171262266927293e-05,7.357593329583654e-05,0.004171261317147484,-2.4746777975498916e-05,6.407174852369712,0.00020385620714745284
0.1,4.2119868208805455e-05,7.429426431170137e-05,0.004211985847352165,-2.4987354628552703e-05,6.407174851906905,0.0002058464807279399
0.1,4.2531089737351674e-05,7.501960848287384e-05,0.004253107975798213,-2.5230249624339293e-05,6.407174851435015,0.00020785618559757726
0.1,4.2946326072988575e-05,7.575203427966381e-05,0.004294631584274226,-2.54754846970888e-05,6.407174850953869,0.0002098855114664623
0.1,4.336561641277863e-05,7.649161084086487e-05,0.004336560592466782,-2.5723081766613975e-05,6.4071748504632815,0.00021193464989685394
0.1,4.3789000336470195e-05,7.723840798028135e-05,0.004378898958330472,-2.5973062939336096e-05,6.407174849963068,0.00021400379432125804
0.1,4.421651781023365e-05,7.799249619331843e-05,0.004421650678461492,-2.6225450509296633e-05,6.407174849453041,0.00021609314006068548
0.1,4.464820919043407e-05,7.875394666363675e-05,0.004464819788474897,-2.6480266959155266e-05,6.407174848933007,0.00021820288434309072
0.1,4.50841152274407e-05,7.952283126987175e-05,0.004508410363385537,-2.673753496117333e-05,6.407174848402769,0.0002203332263219892
0.1,4.552427706947396e-05,8.029922259241931e-05,0.004552426517992715,-2.6997277378180855e-05,6.407174847862131,0.00022248436709525733
0.1,4.596873626648922e-05,8.108319392028633e-05,0.004596872407268571,-2.72595172645264e-05,6.407174847310881,0.0002246565097241142
0.1,4.6417534774099365e-05,8.187481925800959e-05,0.004641752226750307,-2.7524277867012066e-05,6.407174846748818,0.00022684985925229117
0.1,4.687071495753512e-05,8.267417333264129e-05,0.004687070212936202,-2.7791582625806133e-05,6.407174846175726,0.00022906462272538687
0.1,4.732831959564428e-05,8.348133160080321e-05,0.004732830643685509,-2.8061455175338526e-05,6.407174845591388,0.00023130100921041187
0.1,4.779039188492984e-05,8.429637025580947e-05,0.004779037838622257,-2.8333919345175997e-05,6.407174844995589,0.0002335592298155239
0.1,4.8256975443627666e-05,8.5119366234859e-05,0.004825696159542982,-2.860899916087304e-05,6.407174844388102,0.00023583949770995577
0.1,4.872811431582379e-05,8.595039722629801e-05,0.0048728100108284475,-2.8886718844803572e-05,6.407174843768692,0.00023814202814413735
0.1,4.920385297561245e-05,8.678954167695421e-05,0.004920383839859417,-2.9167102816965635e-05,6.407174843137131,0.00024046703847001687
0.1,4.968423633129373e-05,8.763687879954091e-05,0.004968422137436389,-2.9450175695762597e-05,6.407174842493175,0.00024281474816157468
0.1,5.0169309729613126e-05,8.849248858013519e-05,0.0050169294382035505,-2.9735962298758648e-05,6.4071748418365875,0.00024518537883554386
0.1,5.065911896004209e-05,8.93564517857281e-05,0.005065910321076772,-3.0024487643404087e-05,6.407174841167116,0.00024757915427232847
0.1,5.11537102591004e-05,9.022884997184894e-05,0.005115369409675853,-3.031577694773542e-05,6.407174840484512,0.00024999630043712895
0.1,5.165313031472071e-05,9.11097654902637e-05,0.0051653113727609225,-3.060985563104118e-05,6.4071748397885155,0.00025243704550127164
0.1,5.215742627065573e-05,9.199928149674875e-05,0.005215740924673141,-3.090674931449959e-05,6.407174839078859,0.00025490161986374717
0.1,5.266664573092879e-05,9.289748195894121e-05,0.0052666628257797355,-3.1206483821782875e-05,6.4071748383552825,0.0002573902561729621
0.1,5.318083676432693e-05,9.380445166426411e-05,0.005318081882923264,-3.1509085179623784e-05,6.40717483761751,0.0002599031893486963
0.1,5.370004790893888e-05,9.472027622793078e-05,0.0053700029498753845,-3.1814579618349564e-05,6.407174836865263,0.0002624406566042808
0.1,5.422432817673675e-05,9.564504210102659e-05,0.005422430927795012,-3.21229935723778e-05,6.407174836098257,0.0002650028974689903
0.1,5.475372705820269e-05,9.657883657866952e-05,0.005475370765690922,-3.2434353680670385e-05,6.4071748353162,0.0002675901538106531
0.1,5.528829452700056e-05,9.752174780825067e-05,0.005528827460888909,-3.274868678715085e-05,6.4071748345188,0.000270202669858483
0.1,5.5828081044693385e-05,9.847386479775511e-05,0.005582806059503489,-3.306601994107489e-05,6.40717483370576,0.0002728406922261341
0.1,5.637313756550656e-05,9.943527742416362e-05,0.005637311656914179,-3.338638039735901e-05,6.407174832876761,0.00027550446993497926
0.1,5.6923515541138314e-05,0.00010040607644193784,0.005692349398246517,-3.370979561686206e-05,6.407174832031502,0.0002781942544376197
0.1,5.7479266925615884e-05,0.00010138635349158578,0.005747924478857633,-3.403629326661852e-05,6.407174831169659,0.0002809102996416176
0.1,5.804044418020025e-05,0.00010237620110831338,0.005804042144826694,-3.4365901220021326e-05,6.4071748302909075,0.00028365286193346683
0.1,5.860710027833825e-05,0.00010337571273075924,0.005860707693450064,-3.4698647556952625e-05,6.407174829394913,0.00028642220020279406
0.1,5.917928871066308e-05,0.00010438498270981502,0.005917926473741323,-3.503456056386132e-05,6.407174828481339,0.0002892185758667976
0.1,5.975706349004355e-05,0.00010540410631753165,0.0059757038869361475,-3.537366873378143e-05,6.407174827549843,0.0002920422528949235
0.1,6.034047915668319e-05,0.0001064331797561135,0.006034045387002174,-3.5716000766295286e-05,6.407174826600071,0.00029489349783378576
0.1,6.0929590783268015e-05,0.00010747230016699847,0.006092956481153738,-3.6061585567431924e-05,6.407174825631665,0.0002977725798323244
0.1,6.152445398016564e-05,0.00010852156564002847,0.00615244273037173,-3.6410452249505096e-05,6.407174824644262,0.000300679770667214
0.1,6.212512490067462e-05,0.00010958107522270877,0.006212509749928495,-3.676263013088272e-05,6.407174823637484,0.0003036153447685187
0.1,6.273166024632523e-05,0.00011065092892955775,0.006273163209917848,-3.711814873569106e-05,6.4071748226109575,0.00030657957924559715
0.1,6.334411727223178e-05,0.00011173122775154788,0.006334408835790267,-3.747703779344469e-05,6.407174821564286,0.00030957275391326074
0.1,6.396255379249749e-05,0.0001128220736656391,0.0063962524088933236,-3.783932723860414e-05,6.407174820497085,0.00031259515131818746
0.1,6.458702818567168e-05,0.00011392356964440474,0.0064586997670173455,-3.820504721005669e-05,6.407174819408942,0.0003156470567655928
0.1,6.521759940026116e-05,0.00011503581966575293,0.006521756804946511,-3.8574228050518614e-05,6.4071748182994535,0.00031872875834616413
0.1,6.585432696029396e-05,0.00011615892872274021,0.006585429475015153,-3.894690030585401e-05,6.407174817168198,0.00032184054696325165
0.1,6.649727097093877e-05,0.0001172930028334837,0.006649723787669659,-3.932309472430736e-05,6.4071748160147495,0.00032498271636033176
0.1,6.714649212417854e-05,0.00011843814905116845,0.006714645812035753,-3.970284225565026e-05,6.40717481483867,0.00032815556314873436
0.1,6.780205170453957e-05,0.00011959447547415306,0.00678020167649137,-4.008617405023223e-05,6.407174813639516,0.0003313593868356425
0.1,6.84640115948766e-05,0.00012076209125617363,0.006846397569245072,-4.047312145794099e-05,6.407174812416837,0.0003345944898523641
0.1,6.913243428221472e-05,0.00012194110661664832,0.006913239738920192,-4.086371602705966e-05,6.407174811170172,0.0003378611775828829
0.1,6.980738286364727e-05,0.00012313163285108047,0.006980734495144556,-4.1257989503025214e-05,6.407174809899047,0.00034115975839268237
0.1,7.048892105229253e-05,0.00012433378234156544,0.007048888209146071,-4.16559738270764e-05,6.407174808602987,0.0003444905436578564
0.1,7.117711318330789e-05,0.00012554766856739898,0.0071177073143540975,-4.205770113479923e-05,6.4071748072815,0.000347853847794503
0.1,7.187202421996289e-05,0.0001267734061157891,0.00718719830700664,-4.2463203754549775e-05,6.4071748059340825,0.00035124998828840184
0.1,7.257371975977161e-05,0.00012801111069267313,0.0072573677467635545,-4.2872514205767815e-05,6.407174804560235,0.0003546792857249864
0.1,7.328226604068485e-05,0.00012926089913363966,0.007328222257325652,-4.328566519716167e-05,6.407174803159436,0.00035814206381960486
0.1,7.399772994734259e-05,0.00013052288941495731,0.0073997685270598855,-4.370268962477109e-05,6.407174801731152,0.00036163864944807687
0.1,7.472017901738839e-05,0.00013179720066471253,0.007472013309630709,-4.412362056989861e-05,6.407174800274853,0.00036516937267755406
0.1,7.544968144784377e-05,0.0001330839531740531,0.007544963424637411,-4.4548491296903883e-05,6.40717479878998,0.0003687345667976708
0.1,7.618630610154646e-05,0.00013438326840854457,0.007618625758257882,-4.497733525086233e-05,6.407174797275977,0.00037233456835201117
0.1,7.693012251365063e-05,0.00013569526901963566,0.007693007263898519,-4.541018605507215e-05,6.407174795732274,0.0003759697171698743
0.1,7.768120089819088e-05,0.0001370200788562366,0.007768114962850557,-4.5847077508420224e-05,6.407174794158285,0.0003796403563983557
0.1,7.843961215471017e-05,0.00013835782297640965,0.007843955944952737,-4.6288043582586285e-05,6.40717479255342,0.00038334683253473696
0.1,7.920542787495236e-05,0.0001397086276591742,0.0079205373692605,-4.673311841908935e-05,6.407174790917067,0.00038708949545919507
0.1,7.997872034962095e-05,0.00014107262041642817,0.007997866464721731,-4.718233632617006e-05,6.407174789248616,0.00039086869846783213
0.1,8.075956257520211e-05,0.00014244993000498305,0.008075950530858963,-4.763573177549776e-05,6.407174787547434,0.0003946847983060211
0.1,8.154802826085596e-05,0.00014384068643871927,0.008154796938458409,-4.809333939870508e-05,6.407174785812877,0.00039853815520208446
0.1,8.234419183537436e-05,0.00014524502100085888,0.008234413130265626,-4.855519398373633e-05,6.407174784044294,0.0004024291329012982
0.1,8.314812845420674e-05,0.00014666306625635818,0.008314806621687973,-4.902133047100586e-05,6.407174782241015,0.00040635809870022725
0.1,8.395991400655459e-05,0.00014809495606442168,0.008395985001503969,-4.94917839493662e-05,6.407174780402361,0.00041032542348139905
0.1,8.47796251225351e-05,0.00014954082559113767,0.008477955932579512,-4.996658965186601e-05,6.407174778527637,0.00041433148174831153
0.1,8.56073391804147e-05,0.0001510008113222374,0.008560727152591121,-5.044578295130432e-05,6.407174776616135,0.00041837665166078537
0.1,8.644313431391401e-05,0.00015247505107598015,0.008644306474756303,-5.09293993555701e-05,6.407174774667139,0.0004224613150706649
0.1,8.728708941958241e-05,0.00015396368401616087,0.008728701788570872,-5.141747450275213e-05,6.407174772679906,0.0004265858575578573
0.1,8.813928416424627e-05,0.00015546685066524822,0.008813921060553658,-5.191004415602571e-05,6.4071747706536915,0.00043075066846673523
0.1,8.899979899252917e-05,0.00015698469291764903,0.008899972334998361,-5.2407144198296514e-05,6.40717476858773,0.0004349561409428876
0.1,8.986871513444556e-05,0.00015851735405310265,0.008986863734732788,-5.2908810626599316e-05,6.40717476648124,0.000439202671970231
0.1,9.074611461306847e-05,0.000160064978750206,0.00907460346188549,-5.3415079546245014e-05,6.407174764333428,0.0004434906624084849
0.1,9.163208025227297e-05,0.00016162771310007187,0.009163199798659927,-5.39259871647014e-05,6.40717476214348,0.00044782051703101233
0.1,9.252669568455346e-05,0.00016320570462011774,0.009252661108116072,-5.444156978520573e-05,6.407174759910579,0.0004521926445630267
0.1,9.343004535891892e-05,0.000164799102267992,0.009342995834959757,-5.496186380009642e-05,6.4071747576338725,0.0004566074577201755
0.1,9.434221454886462e-05,0.00016640805645563509,0.009434212506339672,-5.548690568385527e-05,6.407174755312506,0.0004610653732474995
0.1,9.526328936042154e-05,0.00016803271906347752,0.00952631973265216,-5.6016731985852906e-05,6.407174752945606,0.00046556681195877197
0.1,9.61933567402846e-05,0.0001696732434547774,0.009619326208353847,-5.655137932278375e-05,6.407174750532276,0.0004701121987762226
0.1,9.71325044840202e-05,0.00017132978449009708,0.009713240712782215,-5.7090884370784595e-05,6.407174748071606,0.0004747019627706479
0.1,9.808082124435352e-05,0.00017300249854192135,0.009808072110984164,-5.7635283857225634e-05,6.407174745562665,0.0004793365372019143
0.1,9.903839653953805e-05,0.00017469154350941986,0.009903829354552753,-5.818461455215963e-05,6.407174743004515,0.0004840163595598598
0.1,0.00010000532076180448,0.0001763970788333502,0.010000521482471898,-5.873891325942389e-05,6.407174740396183,0.0004887418716055853
0.1,0.00010098168518589438,0.0001781192655111101,0.01009815762196954,-5.929821680738041e-05,6.4071747377366846,0.0004935135194131607
0.1,0.00010196758197767599,0.00017985826611193468,0.010196746989379023,-5.9862562039282435e-05,6.407174735025023,0.0004983317534117307
0.1,0.0001029631042028444,0.0001816142447922424,0.010296298891008878,-6.0431985803258636e-05,6.407174732260172,0.0005031970284280341
0.1,0.00010396834583570665,0.000183387367311131,0.010396822724021126,-6.1006524941899734e-05,6.407174729441087,0.0005081098037293383
0.1,0.00010498340176805289,0.000185177801046025,0.01049832797731816,-6.158621628143172e-05,6.407174726566707,0.0005130705430667937
0.1,0.00010600836781811332,0.00018698571500847474,0.010600824232438215,-6.217109662047442e-05,6.407174723635943,0.0005180797147192077
0.1,0.00010704334073960385,0.00018881127986011172,0.010704321164459673,-6.276120271835705e-05,6.407174720647695,0.000523137791537252
0.1,0.00010808841823085869,0.0001906546679287574,0.010808828542914093,-6.335657128298837e-05,6.407174717600837,0.0005282452509880953
0.1,0.00010914369894405318,0.00019251605322469104,0.010914356232708223,-6.395723895825935e-05,6.407174714494213,0.000533402575200476
0.1,0.00011020928249451616,0.00019439561145707566,0.011020914195054982,-6.456324231097341e-05,6.407174711326658,0.0005386102510102143
0.1,0.00011128526947013321,0.00019629352005054408,0.011128512488413504,-6.517461781727437e-05,6.407174708096971,0.0005438687700061655
0.1,0.00011237176144084238,0.00019820995816194836,0.01123716126943845,-6.579140184857279e-05,6.407174704803937,0.000549178628576629
0.1,0.00011346886096822121,0.00020014510669726996,0.011346870793938407,-6.641363065694437e-05,6.4071747014463165,0.0005545403279562008
0.1,0.0001145766716151692,0.00020209914832869835,0.011457651417843825,-6.704134035998413e-05,6.407174698022843,0.0005599543742730915
0.1,0.00011569529795568295,0.00020407226751187343,0.011569513598184264,-6.767456692510761e-05,6.40717469453222,0.0005654212785969018
0.1,0.00011682484558472825,0.00020606465050329833,0.011682467894075255,-6.831334615327012e-05,6.407174690973134,0.0005709415569868664
0.1,0.00011796542112820762,0.00020807648537792112,0.011796524967714748,-6.895771366209751e-05,6.40717468734424,0.0005765157305405686
0.1,0.00011911713225302565,0.00021010796204688873,0.011911695585389308,-6.960770486839825e-05,6.407174683644179,0.0005821443254431296
0.1,0.00012028008767725216,0.00021215927227547347,0.012027990618490086,-7.026335497004927e-05,6.407174679871547,0.0005878278730168789
0.1,0.00012145439718038536,0.00021423060970117603,0.012145421044538786,-7.092469892722804e-05,6.407174676024921,0.0005935669097715102
0.1,0.00012264017161371435,0.0002163221698520036,0.012263997948223547,-7.159177144297334e-05,6.4071746721028555,0.0005993619774547261
0.1,0.00012383752291078297,0.00021843415016492684,0.012383732522444976,-7.226460694305424e-05,6.40717466810387,0.0006052136231033757
0.1,0.00012504656409795636,0.00022056675000451778,0.012504636069372368,-7.29432395551222e-05,6.407174664026453,0.0006111223990950942
0.1,0.0001262674093050901,0.0002227201706817691,0.012626720001510282,-7.362770308713379e-05,6.407174659869069,0.0006170888632004461
0.1,0.00012750017377630385,0.00022489461547309732,0.012749995842775455,-7.431803100500903e-05,6.407174655630157,0.0006231135786355763
0.1,0.00012874497388085985,0.00022709028963953124,0.012874475229584261,-7.501425640950966e-05,6.407174651308107,0.000629197114115376
0.1,0.00013000192712414835,0.0002293074004460886,0.013000169911950792,-7.571641201231294e-05,6.407174646901298,0.0006353400439071685
0.1,0.00013127115215877882,0.00023154615718134008,0.01312709175459557,-7.642453011125078e-05,6.407174642408068,0.0006415429478849161
0.1,0.00013255276879578154,0.00023380677117716683,0.013255252738065203,-7.713864256469628e-05,6.407174637826719,0.0006478064115839609
0.1,0.00013384689801591645,0.00023608945582870842,0.013384664959862833,-7.785878076506672e-05,6.4071746331555275,0.0006541310262562947
0.1,0.0001351536619810938,0.0002383944266145072,0.013515340635589707,-7.858497561141478e-05,6.407174628392732,0.0006605173889263738
0.1,0.0001364731840459059,0.0002407219011168488,0.01364729210009783,-7.931725748108573e-05,6.407174623536535,0.0006669661024474736
0.1,0.00013780558876927112,0.000243072099042301,0.013780531808653892,-8.0055656200404e-05,6.407174618585107,0.0006734777755585989
0.1,0.00013915100192619253,0.00024544524224245397,0.013915072338114556,-8.080020101436753e-05,6.407174613536584,0.0006800530229419456
0.1,0.00014050955051962973,0.00024784155473486113,0.014050926388113122,-8.155092055531648e-05,6.407174608389061,0.0006866924652809225
0.1,0.00014188136279248857,0.0002502612627241874,0.01418810678225793,-8.230784281054131e-05,6.407174603140595,0.0006933967293187469
0.1,0.00014326656823972602,0.00025270459462356054,0.014326626469342268,-8.307099508880152e-05,6.407174597789214,0.0007001664479176018
0.1,0.00014466529762057455,0.0002551717810761335,0.014466498524566208,-8.384040398572684e-05,6.407174592332897,0.0007070022601183785
0.1,0.00014607768297088535,0.0002576630549768564,0.014607736150770321,-8.461609534805525e-05,6.407174586769588,0.0007139048112009999
0.1,0.000147503857615592,0.0002601786514944606,0.014750352679681408,-8.53980942366832e-05,6.407174581097193,0.0007208747527453321
0.1,0.00014894395618129643,0.00026271880809365915,0.014894361573170457,-8.618642488848559e-05,6.407174575313569,0.0007279127426926945
0.1,0.0001503981146089763,0.00026528376455756065,0.01503977642452269,-8.69811106768726e-05,6.407174569416544,0.0007350194454079612
0.1,0.00015186647016681863,0.00026787376301030627,0.015186610959720256,-8.77821740710402e-05,6.407174563403888,0.0007421955317422817
0.1,0.00015334916146317638,0.0002704890479399236,0.015334879038737157,-8.858963659388366e-05,6.407174557273344,0.000749441679096401
0.1,0.0001548463284596533,0.00027312986622140655,0.015484594656847041,-8.940351877851845e-05,6.407174551022595,0.0007567585714846088
0.1,0.0001563581124843158,0.00027579646714001956,0.015635771945943577,-9.022384012338567e-05,6.407174544649289,0.0007641468995993041
0.1,0.0001578846562450336,0.0002784891024148287,0.0157884251758738,-9.105061904588257e-05,6.407174538151023,0.0007716073608761973
0.1,0.00015942610384295174,0.00028120802622246454,0.015942568755784484,-9.188387283448733e-05,6.407174531525354,0.0007791406595601464
0.1,0.00016098260078609193,0.0002839534952211135,0.01609821723548148,-9.272361759931983e-05,6.407174524769781,0.0007867475067716308
0.1,0.00016255429400308962,0.00028672576857474783,0.01625538530680252,-9.356986822110151e-05,6.407174517881758,0.0007944286205738843
0.1,0.00016414133185706234,0.00028952510797758814,0.01641408780500327,-9.442263829846398e-05,6.407174510858697,0.0008021847260406739
0.1,0.00016574386415961538,0.00029235177767880725,0.016574339710156927,-9.528194009355241e-05,6.407174503697947,0.000810016555324746
0.1,0.00016736204218498345,0.00029520604450747437,0.016736156148567476,-9.614778447588051e-05,6.407174496396813,0.0008179248477269384
0.1,0.00016899601868431048,0.00029808817789774293,0.01689955239419675,-9.702018086437358e-05,6.407174488952544,0.0008259103497659687
0.1,0.00017064594790006874,0.0003009984499142842,0.017064543870105336,-9.78991371675608e-05,6.407174481362336,0.0008339738152489025
0.1,0.00017231198558061926,0.0003039371352779696,0.017231146149907624,-9.878465972184591e-05,6.407174473623336,0.0008421160053423109
0.1,0.00017399428899491384,0.00030690451139180357,0.017399374959240942,-9.967675322780814e-05,6.407174465732622,0.0008503376886441225
0.1,0.0001756930169473403,0.0003099008583671086,0.017569246177249063,-0.00010057542068447638,6.407174457687229,0.000858639641256174
0.1,0.00017740832979271367,0.00031292645904996773,0.01774077583808018,-0.00010148066332150516,6.407174449484123,0.0008670226468574735
0.1,0.00017914038945141304,0.000315981599047924,0.01791398013239947,-0.00010239248052920423,6.407174441120221,0.0008754874967781767
0.1,0.00018088935942466643,0.0003190665667569412,0.018088875408916443,-0.00010331086978634871,6.4071744325923685,0.0008840349900742872
0.1,0.0001826554048099845,0.00032218165338862657,0.01826547817592706,-0.00010423582658570373,6.4071744238973585,0.0008926659336030808
0.1,0.00018443869231674604,0.0003253271529977221,0.0184438051028711,-0.00010516734435720333,6.407174415031916,0.000901381142099276
0.1,0.00018623939028193366,0.00032850336250985987,0.01862387302190442,-0.00010610541438870515,6.407174405992704,0.0009101814382519349
0.1,0.00018805766868602557,0.00033171058174959347,0.018805698929486844,-0.00010705002574425577,6.407174396776324,0.0009190676527821305
0.1,0.0001898936991690401,0.00033494911346869816,0.01898929998798526,-0.00010800116517979215,6.4071743873793015,0.0009280406245213561
0.1,0.0001917476550467387,0.00033821926337475105,0.019174693527292515,-0.00010895881705619482,6.407174377798102,0.0009371012004907118
0.1,0.00019361971132698616,0.0003415213401599885,0.019361897046462056,-0.0001099229632496304,6.407174368029125,0.000946250235980862
0.1,0.00019551004472627073,0.0003448556555304453,0.019550928215358393,-0.00011089358305909182,6.407174358068688,0.0009554885946327666
0.1,0.00019741883368638638,0.0003482225242353801,0.019741804876323894,-0.00011187065311105416,6.407174347913043,0.0009648171485192138
0.1,0.00019934625839127575,0.0003516222640969845,0.019934545045861472,-0.00011285414726116848,6.407174337558375,0.0009742367782271317
0.1,0.00020129250078404064,0.0003550551960403868,0.02012916691633401,-0.00011384403649289623,6.407174327000783,0.0009837483729407193
0.1,0.0002032577445841154,0.00035852164412394406,0.020325688857680095,-0.00011484028881300948,6.407174316236297,0.000993352830525379
0.1,0.0002052421753046104,0.00036202193556983387,0.020524129419146653,-0.00011584286914384434,6.4071743052608685,0.0010030510576124736
0.1,0.00020724598026982365,0.00036555640079494195,0.0207245073310383,-0.00011685173921223481,6.407174294070369,0.0010128439696849068
0.1,0.00020926934863292333,0.00036912537344205277,0.020926841506483895,-0.00011786685743501013,6.407174282660589,0.0010227324911635445
0.1,0.00021131247139380437,0.00037272919041134536,0.021131151043220223,-0.00011888817880097112,6.4071742710272375,0.001032717555494476
0.1,0.00021337554141711662,0.00037636819189219324,0.021337455225392994,-0.00011991565474922582,6.407174259165939,0.0010428001052371263
0.1,0.00021545875345047236,0.00038004272139527997,0.021545773525375577,-0.00012094923304380442,6.407174247072236,0.0010529810921532338
0.1,0.00021756230414282857,0.00038375312578502294,0.0217561256056052,-0.00012198885764440538,6.407174234741579,0.001063261477296688
0.1,0.00021968639206305067,0.00038749975531231754,0.021968531320437235,-0.00012303446857320663,6.407174222169336,0.0010736422311042543
0.1,0.00022183121771865669,0.0003912829636475996,0.02218301071801751,-0.00012408600177758581,6.407174209350774,0.0010841243334871774
0.1,0.0002239969835747444,0.00039510310791423,0.02239958404217274,-0.0001251433889886562,6.4071741962810815,0.0010947087739236814
0.1,0.0002261838940731042,0.0003989605487222077,0.022618271734319587,-0.0001262065575754917,6.407174182955343,0.0011053965515523767
0.1,0.00022839215565151634,0.00040285565020220727,0.022839094435392015,-0.0001272754303949046,6.407174169368551,0.0011161886752665672
0.1,0.00023062197676323976,0.00040678878003995477,0.023062072987787768,-0.00012834992563666512,6.407174155515602,0.0011270861638094961
0.1,0.00023287356789668788,0.0004107603095109333,0.023287228437333444,-0.00012942995666401607,6.407174141391285,0.0011380900458705019
0.1,0.00023514714159529902,0.0004147706135154318,0.02351458203526901,-0.00013051543184935065,6.407174126990298,0.0011492013601821294
0.1,0.00023744291247759962,0.0004188200706139338,0.02374415524025144,-0.00013160625440492037,6.407174112307226,0.0011604211556181796
0.1,0.0002397610972574635,0.00042290906306285237,0.02397596972037798,-0.00013270232220842238,6.40717409733656,0.00117175049129272
0.1,0.00024210191476456885,0.0004270379768506136,0.024210047355229025,-0.0001338035276233145,6.4071740820726735,0.0011831904366600618
0.1,0.0002444655859650561,0.0004312072017340939,0.02444641023793102,-0.00013490975731372508,6.407174066509833,0.001194742071615713
0.1,0.00024685233398238476,0.0004354171312754091,0.024685080677239183,-0.00013602089205377074,6.407174050642198,0.0012064064865983121
0.1,0.00024926238411839723,0.0004396681628790684,0.024926081199640876,-0.0001371368065311607,6.407174034463807,0.0012181847826925687
0.1,0.0002516959638745854,0.0004439606978294855,0.025169434551479082,-0.00013825736914488746,6.4071740179685825,0.0012300780717331946
0.1,0.0002541533029735668,0.00044829514132885967,0.025415163701096782,-0.00013938244179685408,6.4071740011503415,0.0012420874764098608
0.1,0.00025663463338076965,0.00045267190253542566,0.02566329184100217,-0.00014051187967726434,6.407173984002764,0.0012542141303731754
0.1,0.000259140189326329,0.0004570913946020756,0.02591384239005483,-0.00014164553104358845,6.407173966519418,0.0012664591783416925
0.1,0.00026167020732719906,0.00046155403471536153,0.02616683899567341,-0.00014278323699292326,6.40717394869374,0.0012788237762099762
0.1,0.00026422492620947736,0.00046606024413487315,0.026422305536064426,-0.0001439248312275742,6.407173930519045,0.001291309091157702
0.1,0.0002668045871309515,0.00047061044823300675,0.0266802661224732,-0.00014507013981362928,6.407173911988506,0.0013039163017598472
0.1,0.0002694094336038618,0.00047520507653511595,0.026940745101456307,-0.00014621898093237644,6.407173893095181,0.001316646598097932
0.1,0.00027203971151788944,0.00047984456276005887,0.027203767057176344,-0.00014737116462431045,6.407173873831978,0.0013295011818723651
0.1,0.00027469566916336695,0.0004845293448611393,0.02746935681371894,-0.00014852649252555247,6.407173854191675,0.0013424812665158773
0.1,0.00027737755725471626,0.0004892598650674479,0.027737539437432415,-0.00014968475759645977,6.407173834166905,0.0013555880773080658
0.1,0.0002800856289541163,0.0004940365699256083,0.02800834023929008,-0.00015084574384219008,6.407173813750163,0.0013688228514910571
0.1,0.00028282013989539874,0.000498859910341927,0.02828178477727554,-0.00015200922602501922,6.4071737929337935,0.0013821868383862952
0.1,0.00028558134820818145,0.0005037303416249603,0.028557898858791262,-0.00015317496936814961,6.407173771709993,0.001395681299512475
0.1,0.00028836951454223306,0.0005086483235284907,0.0288367085430904,-0.0001543427292507938,6.407173750070808,0.0014093075087046197
0.1,0.00029118490209207877,0.0005136143202949288,0.029118240143732595,-0.00015551225089427764,6.40717372800813,0.0014230667522343355
0.1,0.0002940277766218447,0.0005186288006991345,0.029402520231063226,-0.00015668326903891207,6.407173705513695,0.0014369603289312192
0.1,0.00029689840649034505,0.0005236922380926676,0.029689575634717115,-0.0001578555076113619,6.407173682579074,0.00145098955030547
0.1,0.0002997970626764154,0.0005288051104484726,0.029979433446146498,-0.00015902867938228038,6.407173659195676,0.0014651557406716914
0.1,0.0003027240188044904,0.0005339679004059938,0.030272121021173312,-0.00016020248561388504,6.407173635354746,0.0014794602372738923
0.1,0.0003056795511704354,0.0005391810953167395,0.03056766598256681,-0.0001613766156972488,6.407173611047357,0.0014939043904117323
0.1,0.0003086639387676259,0.0005444451872902821,0.030866096222645623,-0.000162550746778977,6.407173586264409,0.0015084895635679705
0.1,0.0003116774633132846,0.0005497606732407128,0.031167439905905554,-0.00016372454337699262,6.407173560996624,0.001523217133537177
0.1,0.0003147204092750749,0.0005551280549335496,0.03147172547167278,-0.0001648976569851279,6.407173535234548,0.0015380884905557017
0.1,0.0003177930638979533,0.0005605478390331007,0.031778981636782784,-0.00016606972566621806,6.407173508968543,0.0015531050384329013
0.1,0.0003208957172312844,0.0005660205371502921,0.03208923739828532,-0.00016724037363334375,6.40717348218878,0.0015682681946836534
0.1,0.00032402866215622153,0.0005715466658909626,0.03240252203617578,-0.00016840921081894518,6.407173454885241,0.0015835793906621683
0.1,0.00032719219441335333,0.0005771267469046296,0.03271886511615303,-0.00016957583243143784,6.4071734270477165,0.0015990400716971028
0.1,0.00033038661263062,0.0005827613069337282,0.03303829649240377,-0.00017073981849899064,6.407173398665798,0.0016146516972279827
0.1,0.00033361221835150393,0.0005884508778633368,0.0333608463104145,-0.0001719007334001192,6.407173369728877,0.0016304157409429826
0.1,0.0003368693160634941,0.0005941959967713839,0.03368654500981027,-0.00017305812538074186,6.40717334022614,0.0016463336909180266
0.1,0.000340158213226829,0.000599997205979346,0.03401542332722123,-0.00017421152605729586,6.407173310146556,0.0016624070497572579
0.1,0.0003434792203035192,0.0006058550531034405,0.034347512299177034,-0.00017536044990556834,6.407173279478892,0.0016786373347348787
0.1,0.00034683265078665584,0.0006117700911063206,0.0346828432650293,-0.00017650439373482967,6.407173248211691,0.0016950260779383778
0.1,0.00035021882123000074,0.0006177428783492697,0.03502144786990238,-0.0001776428361468781,6.407173216333277,0.001711574826413149
0.1,0.0003536380512778711,0.0006237739786449117,0.03536335806767284,-0.00017877523697956593,6.4071731838317465,0.0017282851423085267
0.1,0.00035709066369531026,0.0006298639613104303,0.035708606123977846,-0.0001799010367344378,6.407173150694969,0.001745158603025246
0.1,0.00036057698439855744,0.0006360134012213113,0.03605722461925274,-0.00018101965598796944,6.4071731169105774,0.0017621968013643414
0.1,0.0003640973424858126,0.0006422228788656088,0.03640924645179806,-0.0001821304947860526,6.407173082465962,0.0017794013456775026
0.1,0.0003676520702683024,0.0006484929803987404,0.03676470484087638,-0.00018323293202119657,6.40717304734828,0.0017967738600188935
0.1,0.00037124150330165027,0.0006548242976988203,0.03712363332983921,-0.00018432632479204025,6.407173011544433,0.0018143159842984615
0.1,0.0003748659804175497,0.0006612174284225257,0.037486065789284,-0.00018541000774466052,6.40717297504107,0.001832029374436727
0.1,0.0003785258437557519,0.000667672976061519,0.03785203642024211,-0.00018648329239522087,6.407172937824583,0.0018499157025211068
0.1,0.00038222143879635984,0.0006741915499994096,0.03822157975739742,-0.0001875454664334192,6.407172899881106,0.0018679766569637444
0.1,0.00038595311439244226,0.0006807737655692807,0.03859473067233622,-0.0001885957930062859,6.407172861196503,0.0018862139426608895
0.1,0.000389721222802964,0.0006874202441117727,0.03897152437682863,-0.0001896335099817356,6.407172821756356,0.0019046292811538321
0.1,0.0003935261197260377,0.0006941316130337357,0.039351996426141865,-0.00019065782919141638,6.407172781545992,0.0019232244107914107
0.1,0.0003973681643325022,0.0007009085058674565,0.03973618272238567,-0.00019166793565222182,6.407172740550431,0.0019420010868941083
0.1,0.00040124771929982454,0.0007077515623304562,0.04012411951788971,-0.00019266298676599012,6.407172698754419,0.001960961081919734
0.1,0.0004051651508463387,0.000714661428385883,0.04051584341861451,-0.00019364211149674998,6.407172656142408,0.00198010618563075
0.1,0.00040912082876581266,0.0007216387563034832,0.040911391387594524,-0.00019460440952495642,6.407172612698544,0.001999438205263204
0.1,0.00041311512646235765,0.0007286842047211762,0.04131080074841532,-0.00019554895037811386,6.407172568406676,0.002018958965697334
0.1,0.0004171484209856756,0.0007357984387072258,0.041714109188723925,-0.00019647477253716873,6.40717252325034,0.0020386703096298207
0.1,0.0004212210930666516,0.0007429821298230196,0.04212135476377339,-0.00019738088251802753,6.407172477212752,0.0020585740977477336
0.1,0.0004253335271532949,0.0007502359561864645,0.042532575900001764,-0.00019826625392757396,6.407172430276806,0.002078672208904176
0.1,0.000429486111447027,0.0007575606025359925,0.04294781139864525,-0.00019912982649354457,6.407172382425076,0.002098966540295625
0.1,0.00043367923793933004,0.000764956760295204,0.04336710043938709,-0.00019997050506751981,6.407172333639793,0.002119459007641039
0.1,0.00043791330244874666,0.000772425127638129,0.04379048258404086,-0.00020078715860043705,6.40717228390285,0.0021401515453626724
0.1,0.00044218870465824564,0.0007799664095551356,0.04421799778027017,-0.00020157861908984964,6.407172233195796,0.0021610461067686866
0.1,0.00044650584815295063,0.0007875813179194769,0.04464968636534392,-0.00020234368049824752,6.407172181499823,0.0021821446642375335
0.1,0.000450865140458237,0.0007952705715544885,0.04508558906992792,-0.00020308109764168502,6.407172128795761,0.0022034492094041317
0.1,0.0004552669930782008,0.0008030348963014421,0.04552574702191333,-0.0002037895850479986,6.40717207506408,0.0022249617533478755
0.1,0.00045971182153450494,0.0008108750250880639,0.04597020175028198,-0.00020446781578381168,6.407172020284868,0.0022466843267824653
0.1,0.0004642000454056021,0.0008187916979977177,0.04641899518900909,-0.00020511442024956508,6.407171964437842,0.0022686189802476027
0.1,0.0004687320883663407,0.0008267856623392647,0.046872169681003606,-0.0002057279849417644,6.407171907502321,0.002290767784302543
0.1,0.00047330837822796027,0.0008348576727176082,0.04732976798208676,-0.00020630705118165145,6.407171849457238,0.0023131328297215548
0.1,0.0004779293469784747,0.0008430084911049236,0.04779183326500896,-0.0002068501138094298,6.407171790281116,0.00233571622769127
0.1,0.0004825954308234507,0.0008512388869125856,0.048258409123505534,-0.0002073556198432364,6.407171729952077,0.0023585201100099805
0.1,0.000487307070227184,0.0008595496370637967,0.04872953957639149,-0.00020782196710196393,6.407171668447816,0.0023815466292888554
0.1,0.0004920647099542796,0.0008679415260669278,0.049205269071696194,-0.0002082475027910696,6.407171605745611,0.0024047979591551552
0.1,0.0004968687991116329,0.0008764153460895667,0.04968564249083723,-0.0002086305220504547,6.407171541822302,0.0024282762944573917
0.1,0.0005017197911908279,0.0008849718970333019,0.05017070515283542,-0.0002089692664635308,6.407171476654293,0.002451983851472528
0.1,0.0005066181441109421,0.0008936119866092231,0.05066050281856968,-0.00020926192252647709,6.40717141021753,0.002475922868115171
0.1,0.0005115643202617744,0.0009023364304141694,0.05115508169507348,-0.0002095066200768102,6.407171342487515,0.002500095604148824
0.1,0.0005165587865474932,0.0009111460520077165,0.05165448843987255,-0.00020970143068023894,6.407171273439273,0.002524504341399202
0.1,0.0005216020144307099,0.0009200416829899158,0.052158770165364146,-0.00020984436597485978,6.407171203047362,0.002549151383969613
0.1,0.000526694479976986,0.0009290241630797983,0.052667974443239236,-0.00020993337597164036,6.4071711312858515,0.002574039058458473
0.1,0.000531836663899768,0.0009380943401946312,0.05318214930894611,-0.00020996634731022075,6.407171058128325,0.0025991697141788984
0.1,0.0005370290516057701,0.0009472530705299667,0.05370134326619838,-0.00020994110146896772,6.407170983547856,0.0026245457233804973
0.1,0.0005422721332407911,0.0009565012186404556,0.054225605291525196,-0.00020985539292820687,6.407170907517022,0.002650169481473277
0.1,0.0005475664037359853,0.0009658396575214602,0.054754984838865935,-0.00020970690728560392,6.407170830007869,0.0026760434072537666
0.1,0.000552912362854581,0.0009752692686914603,0.05528953184420895,-0.00020949325932255713,6.4071707509919245,0.002702169943133342
0.1,0.0005583105152390573,0.0009847909422752627,0.055829296730274786,-0.0002092119910205097,6.407170670440163,0.0027285515553687654
0.1,0.0005637613704587819,0.000994405577088029,0.05637433041124491,-0.0002088605695260794,6.407170588323028,0.0027551907342950105
0.1,0.00056926544305811,0.0010041140807201113,0.05692468429753512,-0.0002084363850638254,6.407170504610395,0.002782089994560308
0.1,0.0005748232526049595,0.0010139173696227335,0.0574804103006157,-0.00020793674879548995,6.407170419271572,0.0028092518753635404
0.1,0.0005804353237398534,0.001023816369194491,0.05804156083787726,-0.00020735889062460379,6.407170332275292,0.0028366789406939147
0.1,0.0005861021862254458,0.0010338120138687083,0.05860818883754353,-0.00020669995694516408,6.407170243589698,0.0028643737795729916
0.1,0.0005918243749965296,0.0010439052472016434,0.05918034774363159,-0.00020595700833327287,6.407170153182336,0.0028923390062990844
0.1,0.0005976024302105327,0.0010540970219615538,0.05975809152095921,-0.00020512701718043848,6.407170061020134,0.002920577260694025
0.1,0.0006034368972985087,0.001064388300218636,0.06034147466020081,-0.00020420686526735008,6.407169967069409,0.002949091208352361
0.1,0.0006093283270166204,0.0010747800534358335,0.060930552182991246,-0.00020319334127685357,6.407169871295837,0.0029778835408929573
0.1,0.0006152772754981343,0.0010852732625605455,0.06152537964707946,-0.00020208313824485787,6.4071697736644575,0.0030069569762130968
0.1,0.0006212843043059133,0.0010958689181172151,0.06212601315153045,-0.00020087285094790448,6.407169674139649,0.0030363142587450085
0.1,0.0006273499804854293,0.001106568020300834,0.06273250934197797,-0.00019955897322610598,6.407169572685129,0.00306595815971494
0.1,0.00063347487661829,0.001117371579071355,0.06334492541592726,-0.0001981378952401451,6.407169469263936,0.0030958914774047576
0.1,0.0006396595708762885,0.0011282806142490242,0.06396331912810833,-0.00019660590066100975,6.407169363838411,0.00312611703741607
0.1,0.000645904647075981,0.0011392961556106486,0.06458774879588089,-0.0001949591637911735,6.407169256370199,0.0031566376929369664
0.1,0.0006522106947337984,0.001150419242986801,0.0652182733046907,-0.00019319374661582817,6.40716914682023,0.003187456325011337
0.1,0.0006585783091216947,0.0011616509263599733,0.06585495211357824,-0.0001913055957828983,6.407169035148702,0.003218575842810833
0.1,0.0006650080913233362,0.001172992265963687,0.06649784526073992,-0.00018929053951040757,6.407168921315076,0.0032499991839094705
0.1,0.0006715006482908453,0.0011844443323825754,0.06714701336914265,-0.000187144284419929,6.407168805278055,0.00328172931456093
0.1,0.0006780565929020933,0.0011960082066534395,0.06780251765219189,-0.00018486241229464238,6.407168686995581,0.0033137692299785525
0.1,0.000684676544018555,0.0012076849803672911,0.06846441991945379,-0.00018244037676076267,6.4071685664248115,0.0033461219546180743
0.1,0.0006913611265437258,0.0012194757557723917,0.0691327825824321,-0.00017987349989087554,6.407168443522116,0.003378790542463119
0.1,0.0006981109714821146,0.0012313816458783024,0.06980766866040021,-0.00017715696872783507,6.407168318243044,0.0034117780773134897
0.1,0.0007049267159988027,0.001243403774560937,0.07048914178628848,-0.00017428583172789038,6.407168190542336,0.0034450876730762474
0.1,0.0007118090034795967,0.0012555432766686574,0.07117726621262807,-0.00017125499512161692,6.407168060373895,0.0034787224740596644
0.1,0.0007187584835917569,0.0012678012981293897,0.07187210681755116,-0.00016805921919133557,6.407167927690764,0.0035126856552700238
0.1,0.0007257758123453269,0.0012801789960587946,0.0725737291108483,-0.00016469311446365965,6.407167792445133,0.003546980422711325
0.1,0.0007328616521550579,0.0012926775388694923,0.07328219924008371,-0.00016115113781578827,6.407167654588305,0.003581610013687922
0.1,0.0007400166719029388,0.0013052981063813524,0.07399758399676831,-0.00015742758849424915,6.407167514070693,0.0036165776971101063
0.1,0.0007472415470013386,0.0013180418899328627,0.0747199508225918,-0.00015351660404474082,6.407167370841792,0.0036518867738026825
0.1,0.0007545369594567585,0.0013309100924935786,0.0754493678157136,-0.00014941215615178467,6.40716722485018,0.003687540576816538
0.1,0.0007619035979342175,0.0013439039287776837,0.07618590373711422,-0.00014510804638687833,6.407167076043492,0.003723542471743294
0.1,0.0007693421578222548,0.0013570246253586413,0.07692962801700576,-0.0001405979018638619,6.407166924368397,0.003759895857032973
0.1,0.0007768533412985754,0.0013702734207849802,0.07768061076130447,-0.0001358751708003183,6.4071667697706065,0.00379660416431482
0.1,0.0007844378573963328,0.0013836515656972036,0.07843892275816386,-0.00013093311798369677,6.407166612194825,0.0038336708587212273
0.1,0.0007920964220710589,0.0013971603229458395,0.07920463548456999,-0.00012576482014102733,6.407166451584766,0.003871099439214828
0.1,0.0007998297582682511,0.001410800967710649,0.07997782111299931,-0.00012036316121103154,6.407166287883104,0.00390889343891879
0.1,0.0008076385959916107,0.0014245747876209872,0.0807585525181392,-0.00011472082751755558,6.407166121031487,0.003947056425450321
0.1,0.0008155236723719597,0.001438483082877354,0.08154690328367249,-0.00010883030284316946,6.407165950970505,0.003985592001257452
0.1,0.0008234857317368174,0.0014525271663741153,0.08234294770912565,-0.00010268386340193773,6.4071657776396576,0.00402450380395908
0.1,0.0008315255256806668,0.0014667083638234362,0.08314676081678192,-9.627357271039627e-05,6.4071656009773665,0.004063795506688356
0.1,0.0008396438131359012,0.0014810280138804156,0.08395841835865986,-8.95912763557101e-05,6.407165420920938,0.004103470818439415
0.1,0.0008478413604444659,0.001495487468269446,0.08477799682355731,-8.262859666021473e-05,6.407165237406549,0.004143533484417493
0.1,0.0008561189414301973,0.0015100880919118045,0.08560557344416209,-7.53769272414814e-05,6.40716505036923,0.004183987286392463
0.1,0.0008644773374718718,0.0015248312630544935,0.08644122620422949,-6.78274274671421e-05,6.407164859742844,0.004224836043055827
0.1,0.0008729173375769648,0.0015397183734003354,0.08728503384582766,-5.997101680380154e-05,6.407164665460068,0.004266083610381193
0.1,0.0008814397384561283,0.001554750828239334,0.08813707587665029,-5.179836905943908e-05,6.407164467452381,0.004307733881988248
0.1,0.0008900453445984004,0.0015699300465813269,0.08899743257739913,-4.329990651877883e-05,6.407164265650033,0.004349790789510332
0.1,0.0008987349683471461,0.0015852574612899273,0.08986618500923509,-3.4465793971141725e-05,6.4071640599820325,0.0043922583029655645
0.1,0.0009075094299767403,0.0016007345192177737,0.0907434150212995,-2.5285932630496214e-05,6.4071638503761195,0.0044351404311316015
0.1,0.0009163695577699978,0.0016163626813431,0.09162920525830581,-1.5749953947444056e-05,6.40716363675876,0.004478441221924063
0.1,0.0009253161880963649,0.0016321434229076455,0.09252363916820296,-5.847213312995211e-06,6.407163419055118,0.004522164762778665
0.1,0.000934350165490863,0.0016480782335558922,0.09342680100990898,4.433216345856462e-06,6.407163197189023,0.004566315181037025
0.1,0.0009434723427338184,0.0016641686174756892,0.09433877586111912,1.5102551078714527e-05,6.4071629710829665,0.004610896644336331
0.1,0.0009526835809313552,0.0016804160935402226,0.09525964962618487,2.617230253222348e-05,6.407162740658085,0.0046559133610027245
0.1,0.000961984749596685,0.0016968221954513892,0.09618950904406777,3.765428467803237e-05,6.407162505834107,0.00470136958044857
0.1,0.0009713767267321852,0.0017133884718845624,0.09712844169636708,4.9560620647809276e-05,6.407162266529366,0.004747269593573609
0.1,0.0009808603989122791,0.0017301164866347731,0.09807653601542216,6.19037496745615e-05,6.407162022660768,0.004793617733170012
0.1,0.00099043666136713,0.0017470078187643227,0.09903388129249067,7.469643413950691e-05,6.407161774143767,0.004840418374331409
0.1,0.0010001064180671412,0.0017640640627518192,0.1000005676860019,8.79517682593387e-05,6.407161520892334,0.004887675934865866
0.1,0.0010098705818082927,0.0017812868286426907,0.10097668622988794,0.00010168317703052309,6.407161262818962,0.004935394875712962
0.1,0.0010197300742983081,0.0017986777422011587,0.10196232884199156,0.00011590444179796112,6.407160999834605,0.004983579701364898
0.1,0.0010296858262436553,0.0018162384450636862,0.10295758833255199,0.00013062968834342295,6.4071607318486885,0.0050322349602917125
0.1,0.0010397387774374062,0.0018339705948939367,0.10396255841276944,0.00014587340131739412,6.4071604587690825,0.005081365245370677
0.1,0.0010498898768479521,0.0018518758655392449,0.10497733370344925,0.0001616504387366559,6.407160180502052,0.005130975194319879
0.1,0.0010601400827085785,0.001869955947188602,0.10600200974372505,0.00017797603014073284,6.407159896952264,0.005181069490136012
0.1,0.0010704903626079228,0.0018882125465321967,0.10703668299986317,0.00019486578840581786,6.407159608022746,0.005231652861536475
0.1,0.00108094169358131,0.0019066473869225075,0.10808145087414803,0.0002123357194985899,6.4071593136148755,0.005282730083405778
0.1,0.0010914950622029859,0.001925262208536974,0.10913641171384961,0.00023040222516651423,6.407159013628344,0.005334305977246315
0.1,0.001102151464679241,0.0019440587685422412,0.11020166482027256,0.000249082117490924,6.407158707961132,0.005386385411633511
0.1,0.001112911906942452,0.0019630388412600216,0.11127731045788951,0.0002683926231552161,6.407158396509504,0.005438973302675446
0.1,0.0011237774047460417,0.0019822042183345765,0.11236344986355778,0.00028835139099642963,6.40715807916796,0.005492074614476977
0.1,0.0011347489837603571,0.0020015567089018164,0.11346018525582015,0.0003089765039074865,6.40715775582923,0.0055456943596083365
0.1,0.0011458276796694946,0.0020210981397600697,0.1145676198442913,0.00033028648365634783,6.407157426384231,0.0055998375995783825
0.1,0.0011570145382690615,0.002040830355542507,0.11568585783912959,0.00035230030076070426,6.407157090722059,0.005654509445312399
0.1,0.0011683106155649025,0.002060755218891262,0.11681500446059642,0.0003750373836983964,6.407156748729956,0.005709715057634655
0.1,0.001179716977872775,0.002080874610633229,0.1179551659487006,0.00039851762744799366,6.407156400293281,0.005765459647755561
0.1,0.0011912347019190116,0.002101190429957598,0.11910644957293252,0.0004227613992105126,6.407156045295498,0.005821748477763679
0.1,0.0012028648749421568,0.0021217045945951113,0.1202689636420857,0.00044778955416370617,6.407155683618129,0.005878586861122498
0.1,0.0012146085947956052,0.002142419040999082,0.12144281751416812,0.000473623432669376,6.407155315140752,0.005935980163172086
0.1,0.0012264669700512265,0.0021633357245281573,0.12262812160640256,0.0005002848796426314,6.40715493974096,0.005993933801635594
0.1,0.0012384411201040164,0.002184456619630885,0.12382498740531796,0.0005277962492880809,6.407154557294338,0.006052453247130767
0.1,0.001250532175277767,0.002205783720032082,0.12503352747693205,0.0005561804109097781,6.407154167674443,0.006111544023686423
0.1,0.0012627412769317592,0.0022273190389210033,0.1262538554770253,0.0005854607665012712,6.407153770752764,0.006171211709263975
0.1,0.001275069577568508,0.002249064609141368,0.12748608616150744,0.0006156612461764618,6.4071533663987115,0.006231461936284047
0.1,0.0012875182409425529,0.002271022483383227,0.1287303353968775,0.0006468063292910328,6.407152954479585,0.006292300392158255
0.1,0.0013000884421703184,0.0022931947343767176,0.12998672017077784,0.0006789210451709502,6.407152534860545,0.006353732819826182
0.1,0.001312781367841033,0.0023155834550876862,0.13125535860264134,0.0007120309845102752,6.4071521074045865,0.006415765018297548
0.1,0.0013255982161287441,0.002338190758915243,0.13253636995443563,0.0007461623142838473,6.40715167197251,0.00647840284319976
0.1,0.0013385401969054256,0.0023610187798912383,0.13382987464150195,0.0007813417700907013,6.407151228422908,0.006541652207330753
0.1,0.0013516085318551786,0.0023840696728816744,0.13513599424349054,0.0008175966823469765,6.407150776612118,0.0066055190812172385
0.1,0.0013648044545895598,0.002407345613790098,0.13645485151539388,0.0008549549734555384,6.4071503163942145,0.006670009493678434
0.1,0.001378129210764028,0.0024308487997629713,0.137786570398677,0.0008934451709408493,6.407149847620972,0.006735129532395272
0.1,0.0013915840581955358,0.002454581449397053,0.13913127603250722,0.0009330964133197458,6.407149370141833,0.006800885344485203
0.1,0.0014051702669812558,0.0024785458029487908,0.14048909476508206,0.0009739384583367259,6.407148883803906,0.006867283137082585
0.1,0.0014188891196184788,0.002502744122545769,0.14186015416505734,0.0010160016935483874,6.4071483884519065,0.0069343291779247395
0.1,0.001432741911125675,0.0025271786924002163,0.14324458303307616,0.0010593171413835522,6.40714788392815,0.0070020297959437735
0.1,0.0014467299491647467,0.002551851819024605,0.14464251141339907,0.001103916466877177,6.407147370072522,0.007070391381864175
0.1,0.0014608545541644573,0.0025767658314493317,0.14605407060563447,0.0011498319852033393,6.407146846722448,0.007139420388806182
0.1,0.0014751170594450814,0.002601923081442548,0.14747939317657371,0.0011970966693466145,6.407146313712872,0.007209123332895143
0.1,0.00148951881134427,0.002627325943732132,0.14891861297212836,0.0012457441596787945,6.4071457708762205,0.007279506793876803
0.1,0.0015040611693441324,0.0026529768162298064,0.15037186512936987,0.0012958087657784598,6.407145218042384,0.007350577415738536
0.1,0.0015187455061995722,0.0026788781202574663,0.15183928608867578,0.0013473254701164795,6.407144655038698,0.00742234190733674
0.1,0.0015335732080678699,0.0027050323007757077,0.15332101360597972,0.0014003299500159189,6.407144081689891,0.007494807043030323
0.1,0.0015485456746395362,0.0027314418266145917,0.15481718676512707,0.0014548585607196132,6.407143497818087,0.007567979663320387
0.1,0.0015636643192704308,0.0027581091907066427,0.15632794599033695,0.0015109483624037678,6.407142903242758,0.007641866675496127
0.1,0.001578930569115184,0.0027850369103221426,0.15785343305877106,0.001568637107539681,6.407142297780718,0.007716475054287102
0.1,0.0015943458652619138,0.002812227527306707,0.15939379111320995,0.0016279632607257974,6.407141681246066,0.007791811842521837
0.1,0.0016099116628682658,0.002839683608321199,0.16094916467483816,0.0016889659888201726,6.407141053450205,0.007867884151792917
0.1,0.0016256294312987666,0.002867407745083948,0.1625196996561357,0.0017516851788507534,6.407140414201763,0.007944699163128472
0.1,0.0016415006542635315,0.0028954025546153684,0.1641055433738815,0.0018161614301038242,6.407139763306616,0.008022264127670339
0.1,0.0016575268299583285,0.002923670679484959,0.1657068445622654,0.0018824360625086642,6.407139100567839,0.008100586367358819
0.1,0.0016737094712059924,0.0029522147880606865,0.16732375338610958,0.0019505511198619182,6.40713842578567,0.008179673275624064
0.1,0.0016900501055992375,0.002981037574760836,0.1689564214542028,0.002020549368934885,6.407137738757509,0.008259532318084302
0.1,0.001706550275644855,0.0030101417603082977,0.17060500183274468,0.0020924743019356926,6.407137039277878,0.008340171033250843
0.1,0.0017232115389093276,0.003039530091987357,0.17226964905890316,0.002166370137475213,6.407136327138407,0.00842159703324002
0.1,0.0017400354681658483,0.0030692053439029545,0.17395051915448292,0.002242281821078509,6.407135602127797,0.008503818004491985
0.1,0.0017570236515427916,0.0030991703172425105,0.17564776963970816,0.0023202550244966784,6.407134864031794,0.008586841708496643
0.1,0.0017741776926736325,0.0031294278405402973,0.17736155954711927,0.0024003361445024485,6.407134112633186,0.008670675982526644
0.1,0.0017914992108483139,0.0031599807699443693,0.17909204943558144,0.0024825723002448344,6.4071333477117545,0.008755328740377486
0.1,0.0018089898411661107,0.003190831989486126,0.18083940140441032,0.002567011331452093,6.407132569044264,0.008840807973114925
0.1,0.0018266512346899744,0.0032219844113524874,0.18260377910761072,0.00265370179530727,6.4071317764044355,0.008927121749829629
0.1,0.0018444850586023952,0.0032534409761607445,0.1843853477682328,0.0027426929601772542,6.407130969562924,0.009014278218399278
0.1,0.0018624929963627686,0.003285204653236059,0.18618427419284125,0.0028340348049120797,6.407130148287286,0.009102285606258009
0.1,0.0018806767478663161,0.0033172784408917032,0.18800072678610363,0.002927778007072436,6.407129312341976,0.009191152221173464
0.1,0.0018990380296045463,0.003349665366712016,0.1898348755654934,0.0030239739411232897,6.407128461488297,0.009280886452031385
0.1,0.0019175785748272943,0.0033823684878381394,0.19168689217611184,0.00312267466655807,6.407127595484406,0.009371496769627933
0.1,0.001936300133706324,0.0034153908912565073,0.19355694990562508,0.0032239329255620095,6.407126714085262,0.009462991727469634
0.1,0.0019552044735005446,0.0034487356940901847,0.1954452236993209,0.003327802121606923,6.407125817042635,0.009555379962581259
0.1,0.00197429337872284,0.0034824060438930406,0.19735189017528318,0.0034343363218008725,6.407124904105056,0.009648670196321544
0.1,0.001993568651308511,0.0035164051189467737,0.19927712763968394,0.0035435902356340766,6.4071239750178135,0.009742871235206852
0.1,0.0020130321107853784,0.003550736128560857,0.20122111610219484,0.0036556192066942313,6.407123029522916,0.00983799197174293
0.1,0.002032685594445539,0.0035854023133753948,0.2031840372915173,0.0037704791942791993,6.407122067359082,0.009934041385264734
0.1,0.002052530957518807,0.003620406945666959,0.20516607467103287,0.003888226764337083,6.407121088261713,0.010031028542784565
0.1,0.0020725700733478314,0.003655753329657365,0.20716741345457063,0.0040089190650546315,6.407120091962872,0.010128962599848296
0.1,0.0020928048335649386,0.0036914448018255017,0.2091882406222965,0.004132613813310612,6.407119078191268,0.010227852801400152
0.1,0.002113237148270704,0.003727484731222196,0.21122874493672184,0.004259369278209031,6.407118046672215,0.010327708482655856
0.1,0.0021338689462142464,0.0037638765197881216,0.21328911695883043,0.004389244251836804,6.407116997127631,0.01042853906998423
0.1,0.002154702174975306,0.003800623602674843,0.21536954906432715,0.004522298035427846,6.407115929276009,0.010530354081797522
0.1,0.0021757388011480836,0.0038377294485689743,0.21747023546000602,0.004658590414649982,6.4071148428323905,0.010633163129450342
0.1,0.002196980810526892,0.0038751975600195133,0.21959137220023867,0.004798181629697458,6.407113737508342,0.010736975918147415
0.1,0.002218430208293595,0.003913031473768344,0.2217331572035819,0.004941132354801341,6.407112613011943,0.010841802247860136
0.1,0.0022400890192068985,0.00395123476108399,0.22389579026950657,0.005087503668555745,6.407111469047751,0.010947652014252133
0.1,0.002261959287793479,0.003989811028098607,0.22607947309524562,0.0052373570223525874,6.407110305316794,0.011054535209613798
0.1,0.002284043078540989,0.004028763916148287,0.2282844092927633,0.00539075421404028,6.407109121516522,0.011162461923806011
0.1,0.0023063424760929236,0.004068097102116634,0.2305108044058416,0.005547757351600629,6.407107917340811,0.011271442345212946
0.1,0.0023288595854454126,0.004107814298781739,0.23275886592728856,0.005708428820926625,6.407106692479914,0.011381486761704255
0.1,0.0023515965321459337,0.004147919255166537,0.23502880331626666,0.005872831250355679,6.4071054466204584,0.011492605561606707
0.1,0.0023745554624939416,0.004188415756892533,0.23732082801573687,0.0060410274731865395,6.407104179445404,0.011604809234685065
0.1,0.002397738543743484,0.004229307626537037,0.23963515347002456,0.00621308048815945,6.407102890634021,0.011718108373132736
0.1,0.002421147964307776,0.0042705987239938445,0.24197199514250284,0.006389053418595582,6.407101579861864,0.011832513672571978
0.1,0.002444785933965793,0.004312292946837473,0.24433157053339483,0.006569009472679394,6.407100246800754,0.011948035933063914
0.1,0.00246865468407085,0.004354394230690894,0.2467140991976911,0.00675301189629752,6.407098891118721,0.012064686060128253
0.1,0.0024927564677612434,0.0043969065495969035,0.24911980276318704,0.006941123928601193,6.407097512480007,0.012182475065773059
0.1,0.002517093560172947,0.004439833916393114,0.2515489049486367,0.007133408754210387,6.4070961105450195,0.01230141406953459
0.1,0.002541668258654363,0.004483180383090547,0.25400163158201894,0.007329929455623699,6.4070946849702874,0.01242151429952701
0.1,0.0025664828829831962,0.004526950041255989,0.25647821061892406,0.007530748958507036,6.40709323540846,0.012542787093502629
0.1,0.0025915397755854274,0.00457114702239803,0.25897887216105125,0.007735929985394948,6.407091761508227,0.012665243899922211
0.1,0.0026168413017564423,0.004615775498356899,0.26150384847482216,0.007945534992446442,6.4070902629143225,0.012788896279035865
0.1,0.002642389849884293,0.004660839681698062,0.26405337401010526,0.008159626120866447,6.407088739267467,0.012913755903974271
0.1,0.0026681878316751643,0.004706343826109693,0.26662768541905396,0.008378265135318854,6.407087190204318,0.01303983456185067
0.1,0.002694237682381027,0.004752292226804009,0.2692270215750559,0.008601513365947347,6.407085615357444,0.013167144154873474
0.1,0.002720541861029529,0.004798689220922529,0.27185162359179155,0.008829431643479239,6.407084014355277,0.013295696701469729
0.1,0.0027471028506561037,0.004845539187945255,0.2745017348424015,0.009062080241891451,6.407082386822054,0.013425504337419415
0.1,0.002773923158538369,0.004892846550103871,0.27717760097876176,0.009299518807405076,6.4070807323777705,0.013556579317000815
0.1,0.0028010053164328154,0.004940615772798982,0.2798794699508675,0.009541806296687012,6.407079050638141,0.01368893401414705
0.1,0.0028283518808137798,0.004988851365021372,0.28260759202631813,0.009789000906066868,6.407077341214525,0.013822580923613671
0.1,0.002855965433114779,0.0050375578797774235,0.28536221980990906,0.010041160002867453,6.407075603713874,0.013957532662157721
0.1,0.002883848579972186,0.005086739914518649,0.28814360826332486,0.01029834005441384,6.407073837738672,0.01409380196972817
0.1,0.0029120039534712974,0.005136402111575446,0.2909520147249337,0.010560596554217667,6.407072042886867,0.014231401710667923
0.1,0.002940434211394778,0.005186549158595029,0.2937876989296784,0.010827983947514908,6.407070218751802,0.014370344874927372
0.1,0.002969142037473557,0.005237185788983677,0.2966509230290671,0.0111005555560168,6.407068364922145,0.01451064457928979
0.1,0.0029981301416401726,0.005288316782353292,0.29954195161125896,0.01137836350155799,6.407066480981797,0.014652314068608592
0.1,0.003027401260284563,0.005339946964972264,0.3024610517212411,0.011661458623685204,6.40706456650983,0.014795366717056476
0.1,0.0030569581565123853,0.005392081210220789,0.30540849288109884,0.01194989040355499,6.407062621080386,0.014939816029386717
0.1,0.0030868036204058404,0.0054447244390505856,0.30838454711037416,0.012243706880974464,6.407060644262582,0.015085675642206631
0.1,0.0031169404692870575,0.005497881620449135,0.31138948894651186,0.012542954572315183,6.407058635620425,0.0152329593252634
0.1,0.0031473715479840253,0.005551557771908384,0.3144235954653873,0.012847678384531873,6.407056594712698,0.015381680982742146
0.1,0.003178099729099145,0.005605757959898071,0.3174871463019185,0.013157921533377331,6.407054521092853,0.015531854654576715
0.1,0.0032091279132803905,0.0056604873003436446,0.3205804236707568,0.013473725454620217,6.407052414308903,0.01568349451777302
0.1,0.0032404590294951344,0.005715750959108864,0.32370371238705425,0.013795129718324813,6.407050273903293,0.015836614887745213
0.1,0.0032720960353066126,0.005771554152483043,0.3268572998873019,0.014122171941073557,6.407048099412773,0.015991230219664577
0.1,0.0033040419171531197,0.005827902147673107,0.3300414762502415,0.014454887695479443,6.407045890368263,0.016147355109821585
0.1,0.0033362996906299304,0.005884800263300436,0.333256534217844,0.014793310423478413,6.407043646294701,0.01630500429700104
0.1,0.0033688724007739424,0.005942253869902502,0.3365027692163495,0.01513747133989181,6.407041366710919,0.016464192663870305
0.1,0.0034017631223511318,0.006000268390439454,0.33978047937737066,0.015487399347929417,6.407039051129451,0.016624935238381103
0.1,0.0034349749601467945,0.006058849300805599,0.3430899655590511,0.015843120943836338,6.4070366990563885,0.0167872471951846
0.1,0.0034685110492586437,0.006118002130345908,0.34643153136727745,0.0162046601230674,6.407034309991187,0.0169511438570602
0.1,0.003502374555392732,0.006177732462377498,0.3498054831769407,0.01657203829054915,6.407031883426492,0.017116640696357998
0.1,0.003536568675162296,0.0062380459347162465,0.35321213015324127,0.016945274163837835,6.407029418847945,0.01728375333645508
0.1,0.0035710966363895155,0.006298948240208527,0.3566517842730376,0.017324383681462992,6.407026915733967,0.01745249755322585
0.1,0.0036059616984101908,0.006360445127268095,0.3601247603462276,0.017709379907046723,6.407024373555547,0.017622889276526308
0.1,0.0036411671523814276,0.006422542400418242,0.3636313760371644,0.018100272936036752,6.407021791776019,0.017794944591692688
0.1,0.003676716321592306,0.006485245920839207,0.3671719518860974,0.018497069799923063,6.4070191698508125,0.01796867974105433
0.1,0.0037126125617776033,0.00654856160692096,0.3707468113306376,0.018899774370930236,6.40701650722721,0.01814411112546115
0.1,0.0037488592614345418,0.0066124954348212965,0.37435628072723515,0.01930838726740485,6.40701380334408,0.01832125530582547
0.1,0.0037854598421426695,0.006677053439029448,0.378000689372673,0.019722905756809753,6.407011057631611,0.018500129004678848
0.1,0.0038224177588868386,0.006742241712935128,0.381680369525563,0.02014332366341017,6.4070082695109924,0.018680749107743557
0.1,0.0038597365003833605,0.006808066409403173,0.385395656427844,0.020569631268534554,6.407005438394146,0.018863132665519172
0.1,0.0038974195894093087,0.006874533741353709,0.3891468883262711,0.02100181521753752,6.4070025636833865,0.01904729689488417
0.1,0.003935470583135067,0.006941649982348025,0.3929344064938941,0.021439858423478213,6.406999644771089,0.019233259180712798
0.1,0.003973893073460132,0.007009421467180169,0.3967585552515188,0.021883739971448983,6.406996681039344,0.019421037077507496
0.1,0.0040126906873521485,0.007077854592474215,0.40061968198913733,0.02233343502239246,6.4069936718595955,0.019610648311046457
0.1,0.004051867087189304,0.007146955817287443,0.4045181371873296,0.02278891471702349,6.40699061659224,0.01980211078004716
0.1,0.0040914259711060386,0.007216731663719344,0.4084542744386245,0.0232501460807311,6.406987514586252,0.019995442557845557
0.1,0.00413137107334215,0.0072871887175265816,0.41242845046881216,0.023717091925862882,6.4069843651787455,0.020190661894091185
0.1,0.004171706164595275,0.007358333628743895,0.4164410251582003,0.024189710758588917,6.40698116769454,0.02038778721645823
0.1,0.0042124350523768395,0.007430173112311091,0.42049236156280756,0.024667956678424568,6.406977921445718,0.020586837132372866
0.1,0.004253561581371493,0.007502713948706155,0.4245828259354876,0.025151779286697457,6.406974625731122,0.02078783043075699
0.1,0.004295089633800008,0.007575962984584453,0.4287127877469663,0.025641123584159795,6.406971279835885,0.020990786083788134
0.1,0.004337023129785767,0.007649927133424225,0.43288261970679437,0.026135929877849934,6.406967883030878,0.02119572324867617
0.1,0.004379366027724801,0.007724613376178329,0.43709269778419946,0.026636133682115374,6.406964434572197,0.021402661269456693
0.1,0.004422122324659468,0.00780002876193237,0.4413434012288305,0.027141665620306343,6.406960933700581,0.021611619678801295
0.1,0.00446529605665574,0.007876180408569149,0.44563511259137945,0.027652451324619548,6.4069573796408275,0.02182261819984462
0.1,0.004508891299184202,0.007953075503439665,0.4499682177440786,0.028168411339417512,6.406953771601163,0.02203567674802875
0.1,0.00455291216750477,0.008030721304040613,0.4543431059010567,0.028689461018693588,6.406950108772619,0.02225081543296483
0.1,0.004597362817055163,0.00810912513869848,0.4587601696385433,0.029215510422537665,6.406946390328359,0.022468054560311968
0.1,0.004642247443843148,0.008188294407260276,0.4632198049149118,0.029746464219053186,6.40694261542297,0.02268741463367371
0.1,0.0046875702848426385,0.008268236581791013,0.46772241109054713,0.03028222157575197,6.4069387831917535,0.022908916356512182
0.1,0.004733335618393664,0.008348959207277984,0.4722683909475305,0.03082267605596109,6.406934892749951,0.023132580634080045
0.1,0.004779547764606211,0.00843046990234183,0.47685815070911997,0.0313677155094227,6.406930943191979,0.023358428575370252
0.1,0.0048262110857680415,0.008512776359954594,0.4814921000590248,0.03191722196581164,6.406926933590587,0.023586481495084015
0.1,0.004873329986756472,0.00859588634816471,0.4861706521604482,0.03247107151934558,6.40692286299602,0.02381676091561674
0.1,0.004920908915454202,0.008679807710829116,0.4908942236748991,0.03302913421765391,6.406918730435125,0.024049288569062598
0.1,0.00496895236316915,0.008764548368352365,0.4956632347807394,0.033591273942521434,6.406914534910434,0.02428408639923709
0.1,0.005017464865058431,0.00885011631843303,0.5004781091914708,0.034157348292346484,6.406910275399188,0.024521176563718463
0.1,0.005066451000556485,0.00893651963681737,0.5053392741737371,0.034727208457569714,6.406905950852362,0.02476058143590788
0.1,0.005115915393807322,0.009023766478060209,0.5102471605650192,0.035300699095586766,6.406901560193594,0.02500232360710796
0.1,0.005165862714101055,0.00911186507629336,0.5152022027910242,0.03587765820013171,6.406897102318139,0.025246425888620815
0.1,0.005216297676314652,0.009200823746001403,0.5202048388827324,0.03645791696698153,6.406892576091716,0.025492911313864535
0.1,0.005267225041357029,0.009290650882805113,0.5252555104931016,0.03704129965648556,6.406887980349358,0.0257418031405094
0.1,0.005318649616618435,0.009381354964252376,0.5303546629133953,0.03762762345064505,6.406883313894182,0.02599312485263283
0.1,0.005370576256424274,0.009472944550616898,0.5355027450891284,0.03821669830371162,6.4068785754961395,0.026246900162894007
0.1,0.00542300986249333,0.009565428285704624,0.5407002096356056,0.03880832679115782,6.406873763890691,0.02650315301472789
0.1,0.005475955384400494,0.00965881489766805,0.5459475128530361,0.039402303949097967,6.406868877777452,0.026761907584558896
0.1,0.005529417820043961,0.00975311319982834,0.5512451147411955,0.03999841711167747,6.406863915818765,0.027023188284034005
0.1,0.005583402216117025,0.00984833209150553,0.5565934790136255,0.04059644573760396,6.40685887663823,0.027287019762275818
0.1,0.005637913668584497,0.009944480558856796,0.5619930731113469,0.041196161235202394,6.40685375881916,0.027553426908155584
0.1,0.005692957323163709,0.010041567675722778,0.5674443682160533,0.04179732677644239,6.4068485609030095,0.027822434852585853
0.1,0.0057485383758102805,0.010139602604482212,0.5729478392627767,0.04239969710529414,6.406843281387687,0.028094068970833334
0.1,0.005804662073208587,0.01023859459691482,0.5785039649519932,0.04300301833790694,6.40683791872587,0.02836835488485186
0.1,0.005861333713267056,0.01033855299507263,0.5841132277611476,0.04360702775621092,6.406832471323182,0.028645318465635526
0.1,0.00591855864561824,0.010439487232159655,0.589776113955566,0.044211453590644656,6.406826937536352,0.028924985835591863
0.1,0.005976342272123826,0.010541406833420225,0.5954931135987394,0.04481601479548086,6.406821315671277,0.029207383370935525
0.1,0.006034690047384543,0.010644321417035862,0.6012647205619442,0.045420420816379585,6.406815603981011,0.029492537704102144
0.1,0.006093607479255088,0.010748240695030947,0.6070914325331781,0.04602437134399582,6.406809800663679,0.029780475726182726
0.1,0.0061531001293640124,0.010853174474187058,0.6129737510253729,0.04662755606345012,6.406803903860302,0.030071224589378154
0.1,0.00621317361363874,0.01095913265696628,0.61891218138387,0.04722965438822199,6.406797911652557,0.030364811709474488
0.1,0.006273833602835714,0.011066125242443478,0.6249072327931157,0.047830335188366255,6.406791822060407,0.0306612647683385
0.1,0.00633508582307566,0.011174162327247512,0.630959418282549,0.04842925650286462,6.406785633039684,0.030960611716433637
0.1,0.0063969360563841445,0.0112832541065117,0.6370692547316547,0.04902606524360632,6.406779342479553,0.031262880775356564
0.1,0.00645939014123736,0.01139341087483343,0.643237262874142,0.04962039688786858,6.406772948199871,0.031568100440394084
0.1,0.006522453973113293,0.011504643027243145,0.6494639673012229,0.0502118751567959,6.406766447948453,0.03187629948310064
0.1,0.006586133505048197,0.011616961060182616,0.6557498964639419,0.05080011168229144,6.406759839398229,0.03218750695389581
0.1,0.006650434748198561,0.01173037557249281,0.6620955826745406,0.051384705662237386,6.406753120144286,0.032501752184682674
0.1,0.0067153637724085636,0.01184489726641131,0.6685015621068051,0.05196524350057165,6.406746287700798,0.032819064791486184
0.1,0.006780926706783012,0.011960536948579339,0.6749683747953615,0.052541298435717684,6.406739339497815,0.03313947467711169
0.1,0.006847129740265934,0.01207730553105862,0.6814965646338853,0.05311243015354673,6.406732272877951,0.03346301203382378
0.1,0.00691397912222478,0.012195214032358053,0.6880866793721817,0.053678184387617976,6.406725085092936,0.03378970734604512
0.1,0.006981481163040381,0.012314273578470399,0.6947392706120982,0.054238092504492984,6.406717773300003,0.03411959139307534
0.1,0.007049642234702579,0.012434495403918874,0.701454893802215,0.054791671073217904,6.406710334558177,0.03445269525182932
0.1,0.007118468771411754,0.012555890852814031,0.7082341082312925,0.0553384214214669,6.406702765824377,0.03478905029959563
0.1,0.007187967270186183,0.01267847137992078,0.7150774770204086,0.055877829174547894,6.406695063949392,0.03512868821681412
0.1,0.007258144291475363,0.012802248551735835,0.7219855671137562,0.05640936377999553,6.406687225673675,0.035471640989873134
0.1,0.007329006459779255,0.012927234047575436,0.7289589492680381,0.056932478015167924,6.406679247622986,0.03581794091392535
0.1,0.007400560464273643,0.013053439660673766,0.7359981980404291,0.057446607479151465,6.406671126303852,0.03616762059572303
0.1,0.007472813059441586,0.013180877299291946,0.7431038917750417,0.057951170067291904,6.406662858098855,0.03652071295647166
0.1,0.007545771065710988,0.01330955898783769,0.7502766125878454,0.05844556542948531,6.406654439261727,0.03687725123470189
0.1,0.007619441370098442,0.013439496867995875,0.7575169463499938,0.05892917441091178,6.406645865912249,0.03723726898915966
0.1,0.007693830926859341,0.013570703199870034,0.7648254826695006,0.05940135847447789,6.4066371340309605,0.03760080010171416
0.1,0.007768946758144361,0.013703190363134906,0.7722028148712127,0.05986145910803224,6.406628239453632,0.037967878780283196
0.1,0.00784479595466229,0.01383697085820004,0.7796495399750123,0.060308797209152776,6.406619177865558,0.03833853956177538
0.1,0.007921385676349391,0.01397205730738475,0.787166258672206,0.06074267245602229,6.406609944795578,0.038712817315049254
0.1,0.0079987231530453,0.014108462456104441,0.7947535753000328,0.0611623626571063,6.406600535609904,0.039090747243888634
0.1,0.008076815685175454,0.014246199174068257,0.8024120978142208,0.061567123082260984,6.406590945505662,0.039472364889993464
0.1,0.008155670644440265,0.014385280456488462,0.8101424377595473,0.06195618577414988,6.406581169504226,0.03985770613598613
0.1,0.00823529547451097,0.01452571942530143,0.817945210238323,0.062328758843179864,6.406571202444232,0.040246807208432614
0.1,0.008315697691732318,0.014667529330400463,0.8258210338767413,0.06268402573791823,6.406561038974368,0.040639704680877624
0.1,0.008396884885832043,0.014810723550880424,0.8337705307890158,0.0630211444991139,6.406550673545846,0.041036435476893285
0.1,0.008478864720637351,0.014955315596294512,0.8417943265392498,0.0633392469929458,6.40654010040458,0.04143703687314091
0.1,0.008561644934798338,0.015101319107923077,0.8498930501009518,0.0636374381215779,6.406529313583085,0.041841546502444885
0.1,0.008645233342518533,0.015248747860054764,0.8580673338141348,0.0639147950160189,6.406518306892009,0.04225000235687815
0.1,0.008729637834292482,0.015397615761279893,0.8663178133399124,0.06417036620490144,6.406507073911378,0.042662442790858277
0.1,0.008814866377650617,0.015547936855796413,0.8746451276125227,0.0644031707644016,6.406495607981462,0.04307890652425338
0.1,0.008900927017911384,0.01569972532472849,0.8830499187887044,0.0646121974450094,6.406483902193305,0.04349943264549749
0.1,0.008987827878940655,0.01585299548745763,0.8915328321943277,0.06479640377684485,6.406471949378876,0.04392406061471329
0.1,0.009075577163918627,0.01600776180296684,0.9000945162682126,0.06495471515230805,6.406459742100838,0.044352830266842454
0.1,0.009164183156114156,0.01616403887119757,0.908735622503042,0.06508602388806826,6.406447272641892,0.04478578181478188
0.1,0.009253654219666719,0.01632184143441992,0.9174568053832886,0.0651891882616535,6.406434532993762,0.04522295585252498
0.1,0.009343998800375895,0.016481184378615794,0.9262587223200497,0.0652630315275896,6.406421514845689,0.045664393358306334
0.1,0.009435225426498665,0.016642082734875573,0.9351420335827193,0.06530634090826029,6.406408209572513,0.04611013569774915
0.1,0.00952734270955447,0.016804551680808213,0.9441074022273938,0.06531786656215863,6.406394608222287,0.04656022462701407
0.1,0.009620359345138064,0.01696860654196477,0.953155494021908,0.06529632052912235,6.406380701503403,0.0470147022959473
0.1,0.009714284113740387,0.017134262793275786,0.9622869773674192,0.06524037564995375,6.406366479771223,0.047473611251227545
0.1,0.009809125881577398,0.0173015360605024,0.9715025232164249,0.06514866446242959,6.406351933014199,0.04793699443950941
0.1,0.009904893601427055,0.017470442121701492,0.9808028049871208,0.06501977807248721,6.406337050839458,0.04840489521056229
0.1,0.01000159631347438,0.017640996908704784,0.9901884984739837,0.06485226500143355,6.406321822457814,0.048877357320402263
0.1,0.010099243146164854,0.017813216508612284,0.9996602817544854,0.06464463000578057,6.4063062366682395,0.049354424934416045
0.1,0.010197843317066102,0.0179871171653,1.0092188350918143,0.06439533287430808,6.40629028184171,0.04983614263047438
0.1,0.010297406133738043,0.018162715280942196,1.0188648408335024,0.06410278719735722,6.406273945904436,0.050322555402033356
0.1,0.010397940994611436,0.018340027417548175,1.0285989833058373,0.06376535911184769,6.406257216320485,0.05081370866122118
0.1,0.010499457389875086,0.01851907029851383,1.0384219487039372,0.06338136601783617,6.406240080073692,0.05130964824190809
0.1,0.010601964902371733,0.018699860810188238,1.048334424977392,0.06294907527141241,6.406222523648935,0.05181042040275812
0.1,0.010705473208502571,0.018882416003454975,1.0583371017113083,0.06246670284793815,6.406204533012666,0.05231607183025826
0.1,0.010809992079140717,0.01906675309532887,1.0684306700026784,0.0619324119816884,6.406186093592713,0.052826649641724586
0.1,0.010915531380553534,0.019252889470567892,1.0786158223319064,0.06134431177480268,6.406167190257329,0.05334220138828109
0.1,0.011022101075334013,0.019440842683300635,1.0888932524293957,0.060700455781717136,6.406147807293452,0.05386277505780929
0.1,0.011129711223341152,0.01963063045866915,1.09926365513703,0.059998840564374656,6.406127928384144,0.05438841907786481
0.1,0.011238371982649606,0.01982227069448772,1.1097277262644447,0.05923740422065988,6.406107536585179,0.0549191823185585
0.1,0.011348093610508618,0.020015781462917485,1.1202861624399365,0.05841402488383945,6.40608661430079,0.05545511409539878
0.1,0.011458886464310196,0.02021118101215689,1.130939660955858,0.0575265191954034,6.406065143258461,0.05599626417209068
0.1,0.011570761002566873,0.02040848776814853,1.1416889196083828,0.05657264074831467,6.406043104482836,0.056542682763289484
0.1,0.011683727785898932,0.02060772033630218,1.1525346365314684,0.05555007850297132,6.406020478268624,0.05709442053730414
0.1,0.011797797478031348,0.02080889750323436,1.1634775100248869,0.05445645517445038,6.405997244152517,0.057651528618746756
0.1,0.01191298084680033,0.021012038238524367,1.1745182383761543,0.053289325590572555,6.405973380884101,0.058214058591123705
0.1,0.012029288765169836,0.02121716169648724,1.185657519676225,0.052046175023114,6.4059488663956365,0.05878206249936468
0.1,0.012146732212257911,0.02142428721796352,1.196896051628775,0.050724417488545115,6.405923677770814,0.05935559285228415
0.1,0.012265322274373136,0.021633434332126184,1.2082345313529337,0.04932139402224758,6.405897791212294,0.0599347026249714
0.1,0.012385070146061071,0.02184462275830464,1.2196736551792784,0.04783437092328059,6.405871182008112,0.06051944526110294
0.1,0.01250598713116102,0.022057872407826216,1.2312141184389496,0.046260537969787796,6.40584382449687,0.061109874675173294
0.1,0.012628084643873116,0.02227320338587526,1.2428566152457148,0.04459700660924343,6.4058156920316325,0.0617060452546379
0.1,0.012751374209835718,0.022490635993369666,1.2546018382707893,0.042840808117378136,6.405786756942558,0.06230801186196205
0.1,0.01287586746721344,0.022710190728855533,1.2664504785102781,0.04098889173153518,6.405756990498192,0.06291582983657097
0.1,0.01300157616779574,0.02293188829041964,1.2784032250450306,0.03903812275565169,6.40572636286533,0.06352955499669348
0.1,0.013128512178106296,0.023155749577620285,1.2904607647927557,0.03698528063816246,6.405694843067507,0.06414924364109376
0.1,0.013256687480523102,0.023381795693436194,1.302623782252193,0.03482705702320516,6.405662398941979,0.06477495255068311
0.1,0.013386114174409602,0.023610047946234145,1.3148929592391778,0.03256005377519681,6.405628997095197,0.06540673899000563
0.1,0.013516804477256877,0.023840527851755278,1.3272689746144188,0.03018078097780852,6.405594602856702,0.06604466070859027
0.1,0.013648770725836855,0.024073257135119982,1.339752504002765,0.02768565490763586,6.40555918023141,0.06668877594215983
0.1,0.01378202537736692,0.024308257732852036,1.352344219503822,0.02507099598277536,6.405522691850219,0.06733914341369096
0.1,0.013916581010685816,0.02454555179492181,1.3650447893936941,0.022333026687659255,6.405485098918915,0.06799582233431523
0.1,0.014052450327441093,0.024785161686808884,1.3778548778176698,0.0194678694751622,6.405446361165273,0.06865887240405269
0.1,0.014189646153288034,0.02502710999158395,1.3907751444736447,0.016471544644827148,6.405406436784363,0.06932835381236806
0.1,0.014328181439100406,0.025271419512010646,1.4038062442861046,0.01333996820144269,6.405365282381953,0.07000432723854126
0.1,0.014468069262192958,0.025518113272667117,1.416948827070456,0.010068949692210602,6.40532285291599,0.07068685385184076
0.1,0.014609322827555943,0.02576721452208769,1.430203537187505,0.006654190024422892,6.405279101636064,0.07137599531149
0.1,0.014751955469101533,0.026018746734924544,1.4435710131878814,0.0030912792656655613,6.405233980020844,0.07207181376641515
0.1,0.014895980650922546,0.026272733614129972,1.457051887446211,-0.0006243055729619751,6.405187437713368,0.0727743718547638
0.1,0.015041411968563468,0.026529199093159178,1.4706467857848344,-0.004497202769325068,6.405139422454195,0.07348373270318202
0.1,0.015188263150303735,0.02678816733819361,1.4843563270868454,-0.008532168135884158,6.405089880012281,0.07419995992583699
0.1,0.015336548058453702,0.02704966275038544,1.498181122898278,-0.012734077278266226,6.405038754113585,0.07492311762317341
0.1,0.015486280690663174,0.027313709968122966,1.512121777019199,-0.01710792786396574,6.404985986367294,0.0756532703803891
0.1,0.015637475181242807,0.027580333869317488,1.5261788850835316,-0.021658841898528666,6.4049315161896105,0.0763904832656168
0.1,0.015790145802498247,0.02784955957371134,1.5403530341273732,-0.02639206801018759,6.404875280725066,0.07713482182779637
0.1,0.015944306966077442,0.02812141244520779,1.55464480214562,-0.03131298373714825,6.404817214765236,0.07788635209422366
0.1,0.016099973224331095,0.02839591809422283,1.569054757636696,-0.036427097817534254,6.404757250664871,0.07864514056775986
0.1,0.016257159271686295,0.028673102380058674,1.5835834591351476,-0.041740052478262485,6.4046953182552455,0.0794112542236838
0.1,0.016415879946033655,0.02895299141329971,1.5982314547319367,-0.04725762572229862,6.404631344754823,0.0801847605061722
0.1,0.01657615023012796,0.029235611558230772,1.6129992815822078,-0.05298573360775166,6.404565254677006,0.080965727324389
0.1,0.016737985253002543,0.029520989435278037,1.6278874654003326,-0.05893043252007808,6.404496969735005,0.08175422304816592
0.1,0.016901400291397327,0.029809151923472468,1.6428965199420087,-0.06509792143142806,6.404426408743695,0.0825503165032543
0.1,0.017066410771200975,0.0301001261629365,1.6580269464732589,-0.07149454414494158,6.4043534875184305,0.08335407696613038
0.1,0.017233032268907003,0.030393939557393664,1.6732792332260846,-0.07812679152001115,6.404278118770702,0.08416557415833177
0.1,0.01740128051308423,0.030690619776701768,1.6886538548406196,-0.08500130367544884,6.404200212000589,0.08498487824030512
0.1,0.017571171385861405,0.030990194759409284,1.704151271793556,-0.09212487216596046,6.404119673385912,0.08581205980474195
0.1,0.01774272092442648,0.03129269271533575,1.7197719298126897,-0.09950444212885806,6.404036405668064,0.0866471898693809
0.1,0.01791594532254052,0.03159814212817606,1.7355162592773807,-0.10714711439486391,6.40395030803432,0.0874903398692525
0.1,0.018090860932066265,0.03190657175812869,1.7513846746047566,-0.11506014756100766,6.403861275996736,0.08834158164834144
0.1,0.01826748426451173,0.0322180106445484,1.7673775736214812,-0.12325096001858626,6.403769201267361,0.08920098745064174
0.1,0.018445831992588826,0.03253248810862341,1.7834953369209297,-0.13172713193227947,6.403673971629857,0.09006862991057882
0.1,0.018625920951787302,0.03285003375607738,1.7997383272056007,-0.14049640716532846,6.403575470807324,0.09094458204277074
0.1,0.01880776814196382,0.03317067747989606,1.8161068886146086,-0.1495666951449462,6.403473578326354,0.09182891723110102
0.1,0.0189913907289468,0.033494449463079286,1.8326013460361101,-0.15894607266197724,6.403368169377161,0.09272170921707419
0.1,0.019176806046156746,0.03382138018141812,1.8492220044045278,-0.16864278559980292,6.403259114669769,0.09362303208742404
0.1,0.019364031596242583,0.03415150040629779,1.8659691479824445,-0.17866525058502847,6.403146280286175,0.09453296026094472
0.1,0.01955308505273372,0.03448484120752589,1.8828430396270184,-0.1890220565540377,6.403029527528363,0.09545156847451051
0.1,0.019743984261708435,0.03482143395618684,1.8998439200408375,-0.19972196622902366,6.402908712762203,0.09637893176825431
0.1,0.01993674724347856,0.035161310327522524,1.9169720070071041,-0.2107739174957218,6.402783687257061,0.09731512546986955
0.1,0.02013139219429041,0.035504502303838836,1.9342274946090294,-0.2221870246759956,6.402654297021141,0.09826022517799993
0.1,0.020327937488042555,0.0358510421774392,1.9516105524334053,-0.2339705796865558,6.402520382632406,0.09921430674468308
0.1,0.0205264016780202,0.03620096255358456,1.9691213247582497,-0.2461340530778837,6.40238177906513,0.10017744625680947
0.1,0.020726803498646654,0.036554296353480537,1.986759929724493,-0.2586870949430855,6.402238315511906,0.10114972001655961
0.1,0.020929161867251675,0.036911076817291326,2.004526458491644,-0.2716395356889597,6.402089815201142,0.10213120452077912
0.1,0.021133495885857275,0.03727133750718137,2.0224209743774466,-0.2850013866606585,6.401936095209939,0.10312197643925296
0.1,0.021339824842980946,0.037635112310384446,2.040443511981495,-0.2987828406105055,6.4017769662723545,0.10412211259183717
0.1,0.021548168215456322,0.03800243544230032,2.058594076292816,-0.31299427200068397,6.40161223258293,0.10513168992440425
0.1,0.021758545670271825,0.038373341449619645,2.0768726417814616,-0.32764623713186475,6.4014416915955445,0.10615078548356081
0.1,0.021970977066427103,0.03874786521347679,2.0952791514741533,-0.34274947408547146,6.401265133817463,0.10717947639009136
0.1,0.022185482456807768,0.0391260419526314,2.1138135160140488,-0.3583149024703234,6.40108234259861,0.10821783981108386
0.1,0.02240208209007819,0.03950790722667798,2.132475612704698,-0.37435362296355784,6.400893093916034,0.10926595293068782
0.1,0.022620796412592997,0.03989349693928479,2.1512652845383378,-0.3908769166321143,6.4006971561535195,0.11032389291946047
0.1,0.022841646070327102,0.04028284734146151,2.1701823392086386,-0.4078962440271841,6.400494289876383,0.11139173690224943
0.1,0.02306465191082472,0.04067599503485617,2.189226548108053,-0.4254232440358063,6.400284247601382,0.1124695619245628
0.1,0.023289834985167176,0.04107297697508134,2.2083976453099656,-0.4434697324811471,6.40006677356182,0.11355744491737534
0.1,0.023517216549960116,0.041473830475070014,2.227695326535857,-0.46204770045662824,6.399841603467788,0.11465546266031919
0.1,0.02374681806934016,0.04187859320846162,2.2471192481077287,-0.48116931238249283,6.399608464261619,0.11576369174320665
0.1,0.023978661217000905,0.04228730321301741,2.266669025886016,-0.5008469037715644,6.399367073868538,0.11688220852582805
0.1,0.024212767878238933,0.042699998894066594,2.28634423419335,-0.521092978691144,6.399117140942586,0.11801108909597408
0.1,0.024449160152019686,0.04311671902798273,2.3061444047244684,-0.5419202069067479,6.398858364607842,0.11915040922562375
0.1,0.024687860353063647,0.043537502765690884,2.326069025442636,-0.5633414206954837,6.398590434195029,0.1203002443252429
0.1,0.02492889101395261,0.04396238963620517,2.3461175394629756,-0.5853696113139026,6.398313028973537,0.121460669396134
0.1,0.025172274887256797,0.044391419550197896,2.366289343923178,-0.6080179251055604,6.398025817879004,0.12263175898078234
0.1,0.02541803494768266,0.0448246328035997,2.386583788842024,-0.6312996592362969,6.397728459236499,0.12381358711113688
0.1,0.025666194394241525,0.045262070081230905,2.407000175966239,-0.6552282570391762,6.397420600479453,0.12500622725476776
0.1,0.025916776652439574,0.04570377246046488,2.427537757606259,-0.6798173029577,6.397101877864463,0.12620975225884093
0.1,0.0261698053764891,0.04614978141492289,2.4481957354614656,-0.7050805170697103,6.396771916182093,0.1274242342918489
0.1,0.02642530445154151,0.046600138818201346,2.468973259435562,-0.7310317491782081,6.396430328463842,0.12864974478303823
0.1,0.026683297995941838,0.0470548869476308,2.489869426442729,-0.757684972453583,6.396076715685463,0.1298863543594716
0.1,0.026943810363505558,0.04751406848806766,2.5108832792053297,-0.7850542766123647,6.395710666466809,0.13113413278066482
0.1,0.027206866145817455,0.04797772653571841,2.5320138050439116,-0.8131538606161449,6.39533175676842,0.1323931488707376
0.1,0.02747249017455311,0.0484459046019968,2.5532599346603457,-0.8419980248770275,6.394939549585111,0.1336634704480183
0.1,0.02774070752382277,0.04891864661741349,2.574620540914936,-0.8716011629523566,6.3945335946367425,0.13494516425203984
0.1,0.028011543512538335,0.04939599693549935,2.596094437598477,-0.9019777527157371,6.394113428056544,0.13623829586786995
0.1,0.028285023706803504,0.04987800033676205,2.617680378200205,-0.9331423469871954,6.393678572077178,0.1375429296477156
0.1,0.028561173922326936,0.050364702032675755,2.6393770546726603,-0.9651095636088363,6.393228534714957,0.13885912862974126
0.1,0.028840020226859314,0.05085614766970496,2.6611830961945726,-0.9978940749511951,6.392762809452474,0.1401869544540463
0.1,0.029121588942653986,0.05135238333336191,2.6830970679328976,-1.0315105968350438,6.392280874920063,0.14152646727574333
0.1,0.02940590664895184,0.05185345555229834,2.7051174698052045,-1.065973876855845,6.391782194576461,0.14287772567508378
0.1,0.029693000184490108,0.05235941130243095,2.7272427352436615,-1.101298682095381,6.391266216389079,0.14424078656457537
0.1,0.029982896650035975,0.05287029801110168,2.7494712299619546,-1.1374997862088545,6.390732372514334,0.14561570509304253
0.1,0.030275623410944884,0.053386163561272446,2.7718012507265106,-1.174591955873758,6.39018007897851,0.14700253454657858
0.1,0.03057120809974356,0.053907056295754235,2.7942310241334476,-1.2125899365881685,6.389608735359647,0.14840132624634245
0.1,0.030869678618738575,0.054433025021471466,2.8167587053927825,-1.2515084378073107,6.389017724470985,0.14981212944315625
0.1,0.03117106314265016,0.05496411901376102,2.8393823771214364,-1.2913621174068253,6.388406412046514,0.15123499120886155
0.1,0.03147539012127196,0.05550038802070676,2.862100048146686,-1.3321655654632838,6.387774146429222,0.1526699563243959
0.1,0.03178268828215639,0.05604188226750882,2.884909652321731,-1.3739332873418793,6.387120258262684,0.15411706716455353
0.1,0.03209298663332661,0.05658865246088882,2.90780904735517,-1.4166796860834052,6.386444060186586,0.15557636357940155
0.1,0.032406314466014656,0.05714074979353021,2.930796013656167,-1.4604190440829665,6.385744846536948,0.15704788277232096
0.1,0.03272270135742665,0.05769822594855485,2.9538682531972538,-1.5051655040541851,6.385021893051681,0.15853165917465378
0.1,0.03304217717353455,0.058261133104034635,2.977023388396659,-1.5509330492734796,6.384274456582293,0.16002772431693482
0.1,0.033364772071895525,0.058829523937539596,3.0002589610222326,-1.5977354831015436,6.383501774812504,0.16153610669669785
0.1,0.03369051650449884,0.059403451630722054,3.023572431119049,-1.6455864077783824,6.382703065984575,0.1630568316428494
0.1,0.03401944122064025,0.059982969873936455,3.046961175962812,-1.6944992024920196,6.381877528634258,0.1645899211766076
0.1,0.03435157726982471,0.060568132870895866,3.070422489041307,-1.7444870007207147,6.381024341335171,0.16613539386901274
0.1,0.03468695600469737,0.061158995343364525,3.093953579066168,-1.795562666851767,6.380142662453623,0.16769326469502227
0.1,0.035025609084003255,0.06175561253588732,3.11755156901732,-1.8477387720799392,6.379231629914771,0.1692635448842103
0.1,0.035367568475575574,0.0623580402205549,3.1412134952224613,-1.9010275695929024,6.378290360981142,0.17084624176809632
0.1,0.035712866459353454,0.06296633470180596,3.1649363064740945,-1.955440969049848,6.377317952044523,0.1724413586241424
0.1,0.03606153563042924,0.06358055282126646,3.1887168631866336,-2.0109905103648837,6.376313478432335,0.1740488945164626
0.1,0.03641360890212509,0.06420075196262448,3.2125519365961073,-2.0676873368066406,6.375275994229524,0.17566884413329525
0.1,0.036769119509100084,0.06482699005654287,3.2364382080051732,-2.125542167428328,6.374204532117136,0.17730119762130495
0.1,0.037128101010487385,0.0654593255856081,3.260372268076088,-2.184565268845715,6.373098103228745,0.1789459404167858
0.1,0.03749058729306228,0.06609781758931632,3.2843506161743763,-2.2447664263820624,6.371955697025909,0.18060305307385038
0.1,0.03785661257444074,0.0667425256690956,3.3083696597659906,-2.306154914601827,6.370776281193888,0.18227251108969802
0.1,0.03822621140630965,0.06739350999336581,3.332425713870804,-2.36873946725803,6.369558801558897,0.18395428472707215
0.1,0.03859941867768826,0.06805083130263472,3.356515000575275,-2.4325282466804863,6.368302182028147,0.18564833883402182
0.1,0.03897626961822182,0.06871455091463156,3.380633648607244,-2.497528812635035,6.367005324553986,0.18735463266110264
0.1,0.03935679980150685,0.06938473072947664,3.4047776929757316,-2.56374809068738,6.365667109123536,0.18907311967615703
0.1,0.03974104514844935,0.07006143323488828,3.4289430746787715,-2.6311923401072494,6.364286393775065,0.19080374737683564
0.1,0.04012904193065573,0.0707447215114267,3.4531256404822543,-2.699867121352522,6.362862014642591,0.19254645710103113
0.1,0.040520826773856475,0.07143465923777383,3.477321142772756,-2.7697772631757047,6.361392786030046,0.19430118383540798
0.1,0.04091643666136372,0.07213131069605051,3.5015252394874334,-2.840926829398253,6.359877500516403,0.1960678560222341
0.1,0.04131590893756222,0.07283474077716981,3.5257334941239717,-2.9133190854021254,6.358314929093247,0.19784639536472673
0.1,0.04171928131143476,0.07354501498622726,3.549941375833665,-2.986956464390651,6.35670382133614,0.19963671663114946
0.1,0.04212659186012149,0.07426219944792671,3.574144259600597,-3.0618405334740415,6.355042905611301,0.2014387274579038
0.1,0.04253787903251445,0.07498636091204304,3.5983374265099997,-3.1379719596392497,6.353330889318968,0.20325232815188454
0.1,0.04295318165288712,0.07571756675892108,3.6225160641087797,-3.2153504756659483,6.351566459174931,0.20507741149238065
0.1,0.043372538924559084,0.07645588500500972,3.6466752668611324,-3.293974846054682,6.3497482815316335,0.20691386253281602
0.1,0.043795990433596874,0.07720138430843251,3.670810036702262,-3.3738428330365124,6.3478750027402775,0.20876155840265237
0.1,0.04422357615255067,0.0779541339745936,3.694915283693066,-3.4549511627361307,6.345945249555351,0.21062036810978457
0.1,0.04465533644422779,0.07871420396181932,3.7189858267786335,-3.5372954915650694,6.343957629582942,0.21249015234378113
0.1,0.04509131206550255,0.07948166488703433,3.743016394653351,-3.6208703729230307,6.341910731774217,0.21437076328033725
0.1,0.04553154417116374,0.0802565880314734,3.7670016267353654,-3.7056692242905376,6.339803126965393,0.21626204438733154
0.1,0.045976074317799466,0.08103904534642749,3.7909360742530156,-3.79168429479739,6.337633368465505,0.21816383023288796
0.1,0.0464249444677201,0.08182910945902458,3.8148142014458295,-3.8789066333558084,6.335399992693209,0.22007594629586855
0.1,0.046878196992919174,0.08262685367804402,3.8386303868825253,-3.9673260574487617,6.333101519863858,0.2219982087792352
0.1,0.04733587467907326,0.08343235199976524,3.862378924898396,-4.056931122667933,6.330736454727987,0.22393042442674163
0.1,0.047798020729580976,0.0842456791138499,3.8860540271543385,-4.147709093097089,6.328303287362302,0.22587239034343012
0.1,0.04826467876964097,0.08506691040925668,3.909649824319608,-4.239645912639624,6.325800494014217,0.22782389382042473
0.1,0.04873589285037019,0.08589612198018921,3.9331603678803266,-4.332726177391526,6.323226538000903,0.22978471216453195
0.1,0.049211707452962085,0.08673339063207608,3.9565796320755475,-4.426933109161909,6.320579870663696,0.2317546125331725
0.1,0.049692167492885714,0.08757879388758325,3.979901515962612,-4.522248530245827,6.3178589323786785,0.2337333517751891
0.1,0.050177318324125295,0.0884324099926567,4.003119845613219,-4.61865283955504,6.315062153624153,0.23572067627807816
0.1,0.05066720574346165,0.0892943179225972,4.0262283764416535,-4.7161249902138955,6.312187956105561,0.23771632182222519
0.1,0.05116187599479546,0.09016459738816521,4.049220795666244,-4.81464246872763,6.309234753938368,0.23972001344272048
0.1,0.051661375773512194,0.0910433288417149,4.072090724904999,-4.914181275831597,6.30620095488929,0.2417314652993511
0.1,0.05216575223089027,0.09193059348335844,4.0948317229062114,-5.014715909129759,6.303084961676106,0.24375038055538004
0.1,0.05267505297855186,0.0928264732671584,4.117437288414469,-5.116219347630228,6.299885173326172,0.24577645126572548
0.1,0.053189326092957505,0.09373105090734865,4.139900863172425,-5.218663038285948,6.296599986593649,0.24780935827516815
0.1,0.05370862011994407,0.09464440988458198,4.162215835058304,-5.3220168846460725,6.293227797435293,0.24984877112721962
0.1,0.054232984079307524,0.09556663445220505,4.184375541358985,-5.426249237723832,6.289767002544447,0.25189434798429183
0.1,0.054762467469430184,0.09649780964255893,4.2063732721781495,-5.53132688918371,6.286216000942853,0.25394573555981115
0.1,0.0552971202719534,0.09743802127330536,4.228202273978796,-5.637215066948664,6.282573195629619,0.2560025690629267
0.1,0.055836992956495364,0.09838735595377643,4.249855753259041,-5.743877433325326,6.278836995286528,0.2580644721564565
0.1,0.05638213648541545,0.09934590109134855,4.271326880359956,-5.851276085742301,6.275005816038778,0.2601310569287252
0.1,0.056932602318625056,0.10031374489783931,4.292608793403813,-5.959371560191936,6.271078083269962,0.2622019238799352
0.1,0.05748844241844497,0.101290976395925,4.313694602360817,-6.068122837462905,6.267052233489975,0.26427666192371085
0.1,0.05804970925451063,0.10227768542557994,4.334577393242154,-6.17748735224528,6.262926716254337,0.2663548484044534
0.1,0.05861645580872506,0.103273962650535,4.35525023241679,-6.2874210051847434,6.258699996133174,0.2684360491311289
0.1,0.059188735580260325,0.1042798995647553,4.375706171049199,-6.397878177957433,6.254370554728009,0.27051981842810435
0.1,0.05976660259060746,0.10529558849893479,4.395938249654842,-6.5088117514298975,6.24993689273423,0.272605699203631
0.1,0.06035011138867609,0.10632112262700791,4.415939502769891,-6.620173126962332,6.245397532046866,0.27469322303656113
0.1,0.0609393170559436,0.1073565959726763,4.435702963731409,-6.731912250906206,6.240751017907278,0.27678191028186466
0.1,0.061534275211654874,0.10840210341594984,4.455221669563787,-6.843977642339254,6.235995921087893,0.2788712701954889
0.1,0.062135042018072274,0.1094577406996996,4.474488665966969,-6.956316424073384,6.231130840112208,0.28096080107908433
0.1,0.06274167418577731,0.11052360443622285,4.493497012401648,-7.068874356961452,6.226154403506788,0.28304999044509266
0.1,0.06335422897902417,0.11159979211381849,4.512239787266313,-7.181595877521515,6.22106527208209,0.2851383152026664
0.1,0.0639727642211449,0.11268640210336946,4.530710093160589,-7.294424138885512,6.215862141238375,0.28722524186484993
0.1,0.06459733830000804,0.1137835336649337,4.5489010622291755,-7.407301055072301,6.210543743293222,0.28931022677743246
0.1,0.0652280101735301,0.11489128695433967,4.566805861580198,-7.520167348572037,6.205108849826491,0.2913927163698329
0.1,0.06586483937524126,0.11600976302978629,4.584417698771565,-7.632962601221195,6.1995562740387795,0.2934721474283475
0.1,0.06650788601990482,0.11713906385844391,4.601729827358595,-7.745625308334677,6.193884873119039,0.2955479473920427
0.1,0.06715721080919199,0.1182792923230566,4.618735552495888,-7.858092936052086,6.188093550616839,0.2976195346715388
0.1,0.06781287503741217,0.11943055222854283,4.635428236586128,-7.970301981843088,6.1821812588147065,0.2996863189908789
0.1,0.06847494059729857,0.12059294830859182,4.651801304968205,-8.082188038106535,6.176147001095741,0.3017477017526285
0.1,0.06914346998585093,0.12176658623225543,4.66784825163682,-8.193685858785756,6.1699898343015125,0.30380307642630505
0.1,0.06981852631023491,0.12295157261053212,4.683562644985472,-8.304729428911566,6.163708871075219,0.3058518289601818
0.1,0.07050017329373956,0.1241480150029419,4.698938133564465,-8.41525203697348,6.15730328218491,0.30789333821645354
0.1,0.07118847528179208,0.12535602192408812,4.713968451845385,-8.525186350007203,6.150772298821385,0.3099269764296961
0.1,0.07188349724803221,0.1265757028502069,4.728647425983302,-8.634464491276487,6.144115214865447,0.3119521096885003
0.1,0.07258530480044538,0.12780716822569868,4.742968979567719,-8.743018120415629,6.137331389118936,0.3139680984400886
0.1,0.07329396418755615,0.12905052946964218,4.756927139353196,-8.850778515888265,6.130420247494021,0.3159742980176751
0.1,0.07400954230468151,0.1303058989822854,4.770516040960346,-8.957676659607506,6.1233812851551015,0.31797005919025706
0.1,0.07473210670024573,0.13157339015151365,4.783729934537885,-9.063643323552407,6.11621406860768,0.3199547287344727
0.1,0.07546172558215705,0.13285311735929103,4.796563190376206,-9.168609158205854,6.108918237728511,0.32192765002808976
0.1,0.07619846782424576,0.1341451959880708,4.8090103044629435,-9.272504782629156,6.101493507731351,0.3238881636646266
0.1,0.07694240297276606,0.13544974242717464,4.821065903970926,-9.37526087598063,6.093939671062663,0.3258356080885497
0.1,0.07769360125296079,0.1367668740791357,4.832724752668864,-9.476808270276361,6.086256599221643,0.3277693202504201
0.1,0.07845213357569086,0.13809670936600363,4.843981756245166,-9.577078044183988,6.078444244499002,0.3296886362813029
0.1,0.07921807154412852,0.13943936773560636,4.854831967535203,-9.676001617633158,6.070502641629012,0.3315928921856881
0.1,0.07999148746051672,0.1407949696677679,4.865270591642513,-9.773510847020217,6.062431909349452,0.33348142455211255
0.1,0.08077245433299449,0.14216363668047735,4.875292990944444,-9.86953812077888,6.054232251864099,0.3353535712806119
0.1,0.08156104588248815,0.14354549133600464,4.8848946899728025,-9.964016455084042,6.045903960202766,0.33720867232606677
0.1,0.08235733654967073,0.14494065724696126,4.8940713801603035,-10.056879589451682,6.037447413473759,0.33904607045645935
0.1,0.08316140150198875,0.14634925908230098,4.902818924443697,-10.148062081995198,6.0288630800040295,0.34086511202499464
0.1,0.08397331664075815,0.1477714225732571,4.911133361714629,-10.23749940409608,6.020151518362432,0.34266514775498946
0.1,0.0847931586083286,0.1492072745192111,4.919010911109596,-10.325128034245456,6.011313378261652,0.3444455335363824
0.1,0.08562100479531873,0.15065694279349015,4.926447976130436,-10.410885550813143,6.002349401334655,0.34620563123267084
0.1,0.0864569333479213,0.1521205563490881,4.933441148587248,-10.494710723501402,5.993260421781818,0.3479448094970373
0.1,0.08730102317528039,0.153598245224306,4.939987212355752,-10.576543603242005,5.9840473668850285,0.34966244459638435
0.1,0.08815335395693963,0.15509014054830617,4.94608314694153,-10.656325610298293,5.974711257385502,0.35135792124196125
0.1,0.08901400615036396,0.15659637454657707,4.951726130843874,-10.733999620337297,5.965253207722214,0.3530306334252337
0.1,0.0898830609985349,0.15811708054630363,4.956913544712372,-10.809510048241613,5.955674426128256,0.35467998525761807
0.1,0.090760600537619,0.15965239298163536,4.961642974289666,-10.882802929436204,5.9459762145827675,0.35630539181267146
0.1,0.09164670760471229,0.1612024473988512,4.965912213134344,-10.953825998512286,5.936159968616353,0.3579062799693185
0.1,0.09254146584565957,0.16276738046141234,4.969719265118249,-11.022528764937256,5.926227176968356,0.35948208925466957
0.1,0.09344495972295076,0.16434732995489967,4.973062346692984,-11.088862585648318,5.916179421094616,0.36103227268498095
0.1,0.09435727452369334,0.16594243479182763,4.9759398889208475,-11.152780734336663,5.90601837452488,0.3625562976032955
0.1,0.09527849636766342,0.16755283501633123,4.978350539265906,-11.214238467238907,5.895745802069185,0.36405364651230754
0.1,0.09620871221543555,0.1691786718087193,4.980293163141426,-11.273193085263543,5.885363558873167,0.3655238179009936
0.1,0.0971480098765909,0.1708200874898854,4.981766845210344,-11.329603992291112,5.874873589322439,0.36696632706355947
0.1,0.09809647801800668,0.1724772255255739,4.982770890436045,-11.383432749499894,5.864277925796733,0.368380706909276
0.1,0.09905420617222575,0.1741502305304913,4.983304824881186,-11.434643125580767,5.853578687274793,0.3697665087617813
0.1,0.10002128474590875,0.17583924827225791,4.98336839625284,-11.483201142718794,5.842778077791411,0.3711233031464659
0.1,0.10099780502836705,0.17754442567518966,4.982961574192834,-11.529075118232932,5.831878384748523,0.37245068056457287
0.1,0.10198385920018198,0.17926591082390986,4.982084550312631,-11.572235701779118,5.8208819770824105,0.37374825225269265
0.1,0.1029795403419046,0.18100385296677232,4.980737737972686,-11.612655908037123,5.809791303289761,0.3750156509263567
0.1,0.1039849424428433,0.1827584025190993,4.9789217718067444,-11.650311144815966,5.798608889315419,0.37625253150649257
0.1,0.10500016040993575,0.18452971106621913,4.976637506992128,-11.685179236528207,5.787337336305233,0.37745857182753967
0.1,0.10602529007670794,0.1863179313662978,4.973886018267523,-11.71724044299825,5.7759793182276535,0.3786334733260836
0.1,0.1070604282123205,0.18812321735295587,4.970668598700411,-11.74647747358548,5.764537579368147,0.3797769617089242
0.1,0.10810567253070322,0.18994572413766153,4.966986758206742,-11.77287549661787,5.753014931700754,0.3808887875995503
0.1,0.10916112169977987,0.19178560801189312,4.962842221826012,-11.796422144147407,5.741414252141489,0.3819687271620641
0.1,0.11022687535078081,0.19364302644905612,4.958236927755385,-11.817107512053013,5.729738479688615,0.3830165827016587
0.1,0.11130303408764873,0.19551813810615287,4.953173025147044,-11.834924155532223,5.717990612454968,0.3840321832408345
0.1,0.11238969949653517,0.19741110282518945,4.94765287167337,-11.84986708003651,5.706173704597957,0.38501538507060584
0.1,0.11348697415538994,0.19932208163431214,4.941679030865089,-11.86193372771989,5.694290863152967,0.3859660722760323
0.1,0.1145949616436442,0.20125123674866283,4.93525426922793,-11.871123959483795,5.682345244776207,0.38688415723548547
0.1,0.11571376655198774,0.20319873157094162,4.928381553143781,-11.877440032714336,5.670340052403184,0.38776958109314696
0.1,0.11684349449224304,0.20516473069166954,4.921064045562733,-11.880886574820854,5.658278531829243,0.38862231420431703
0.1,0.11798425210733328,0.20714939988913272,4.913305102492841,-11.881470552696499,5.646163968218672,0.389442356553192
0.1,0.11913614708135002,0.20915290612900547,4.905108269294732,-11.879201238233016,5.633999682549131,0.39022973814286716
0.1,0.12029928814971805,0.21117541756363384,4.89647727678856,-11.874090170032712,5.621789027998184,0.390984519357396
0.1,0.12147378510945965,0.2132171035309705,4.887416037181179,-11.866151111469797,5.609535386278791,0.39170679129583286
0.1,0.1226597488295592,0.21527813455314757,4.877928639821613,-11.855400005263732,5.597242163930844,0.3923966760782683
0.1,0.12385729126142848,0.217358682334674,4.868019346793263,-11.84185492473405,5.584912788575622,0.3930543271239561
0.1,0.12506652544947566,0.21945891976024776,4.857692588351446,-11.825536021914736,5.5725507051402925,0.3936799294017195
0.1,0.12628756554177484,0.22157902089216175,4.846952958215197,-11.806465472712521,5.560159372059448,0.3942736996529007
0.1,0.12752052680084222,0.22371916096729885,4.835805208722307,-11.784667419299048,5.547742257460681,0.394835886587216
0.1,0.12876552561451632,0.22587951639369525,4.824254245856881,-11.760167909932349,5.5353028353411515,0.3953667710519479
0.1,0.13002267950694468,0.22806026474666002,4.812305124158744,-11.732994836406412,5.522844581742017,0.39586666617499616
0.1,0.1312921071496778,0.23026158476443506,4.799963041524151,-11.70317786933169,5.510370970927527,0.3963359174823829
0.1,0.13257392837287119,0.23248365634338053,4.787233333907389,-11.670748391450914,5.497885471575442,0.3967749029908867
0.1,0.13386826417659697,0.23472666053266925,4.774121469932837,-11.635739429196626,5.485391542985321,0.39718403327654955
0.1,0.1351752367422669,0.23699077952847677,4.760633045427136,-11.598185582697269,5.472892631311025,0.39756375151987955
0.1,0.13649496944416417,0.23927619666764288,4.746773777881134,-11.558122954438542,5.460392165823748,0.39791453352862916
0.1,0.13782758686109084,0.24158309642079767,4.732549500851174,-11.515589076785773,5.447893555211468,0.39823688773910315
0.1,0.13917321478812736,0.24391166438492706,4.71796615830934,-11.470622838571403,5.435400183920737,0.39853135519700433
0.1,0.14053198024850724,0.2462620872753627,4.7030297989521435,-11.423264410949127,5.422915408546383,0.3987985095188849
0.1,0.14190401150560764,0.24863455291717726,4.687746570477063,-11.373555172713154,5.410442554274464,0.39903895683532703
0.1,0.14328943807505679,0.2510292502359666,4.672122713836229,-11.321537635277235,5.397984911383652,0.399253335717021
0.1,0.14468839073696108,0.253446369248001,4.656164557476378,-11.267255367503568,5.385545731809855,0.3994423170849576
0.1,0.14610100154824845,0.2558861010497193,4.639878511574144,-11.210752920566893,5.37312822577873,0.3996066041059947
0.1,0.14752740385513546,0.2583486378065552,4.62327106227539,-11.152075753033198,5.36073555851037,0.39974693207508977
0.1,0.1489677323057144,0.26083417274106785,4.606348765947298,-11.091270156326633,5.348370847000229,0.3998640682855305
0.1,0.15042212286266363,0.26334290012035755,4.589118243451561,-11.028383180751808,5.336037156880049,0.39995881188851756
0.1,0.15189071281608216,0.2658750152427451,4.57158617444686,-10.963462562231232,5.323737499362213,0.40003199374348314
0.1,0.15337364079644905,0.26843071442369193,4.553759291728572,-10.896556649911107,5.31147482827073,0.4000844762605498
0.1,0.154871046787711,0.271010194980941,4.53564437561333,-10.827714334780435,5.299252037161695,0.40011715323654423
0.1,0.15638307214049438,0.2736136552188465,4.5172482483758944,-10.756984979441004,5.2870719565357955,0.4001309496860022
0.1,0.15790985958544979,0.27624129441188155,4.49857776874537,-10.684418349157289,5.274937351145117,0.40012682166860375
0.1,0.15945155324672497,0.2788933127872879,4.479639826467634,-10.610064544307725,5.262850917396249,0.4001057561144798
0.1,0.16100829865556965,0.281569911506849,4.460441336940478,-10.533973934349522,5.250815280851312,0.40006877064884167
0.1,0.16258024276407335,0.2842712926477585,4.440989235927651,-10.456197093401606,5.238832993828321,0.4000169134173689
0.1,0.16416753395903677,0.2869976591825578,4.421290474357712,-10.376784737541216,5.22690653310199,0.39995126291379507
0.1,0.16577032207598058,0.2897492149581209,4.40135201321322,-10.29578766390108,5.2150382977057035,0.399872927811117
0.1,0.16738875841328724,0.2925261646736473,4.38118081851556,-10.21325669164624,5.203230606835302,0.3997830467978354
0.1,0.16902299574648455,0.2953287138576505,4.360783856410235,-10.129242604900256,5.191485697854853,0.3996827884206255
0.1,0.17067318834266684,0.2981570688439025,4.340168088357268,-10.043796097682982,5.179805724404438,0.39957335093481156
0.1,0.17233949197505738,0.3010114367463089,4.319340466430928,-9.956967720913372,5.168192754609699,0.39945596216399687
0.1,0.1740220639377128,0.3038920254326861,4.298307928732691,-9.868807831522982,5.156648769392671,0.39933187937017883
0.1,0.17572106306037086,0.30679904349740694,4.277077394921054,-9.779366543718083,5.145175660883151,0.39920238913564576
0.1,0.177436649723445,0.3097327002328904,4.255655761861397,-9.688693682420057,5.133775230929621,0.3990688072579247
0.1,0.17916898587316155,0.31269320559989283,4.234049899398928,-9.596838738907454,5.122449189708644,0.3989324786590182
0.1,0.1809182350368484,0.3156807701965814,4.212266646257209,-9.503850828674578,5.111199154431275,0.39879477731013113
0.1,0.18268456233837113,0.31869560522634827,4.190312806064634,-9.409778651515756,5.100026648145008,0.3986571061730498
0.1,0.18446813451372027,0.3217379224643349,4.168195143510832,-9.314670453837122,5.088933098629463,0.3985208971593059
0.1,0.18626911992675058,0.3248079342226331,4.145920380634669,-9.218573993191901,5.077919837383999,0.39838761110820603
0.1,0.18808768858507416,0.32790585331412686,4.123495193245237,-9.121536505028836,5.066988098705089,0.3982587377847775
0.1,0.18992401215610827,0.3310318930149404,4.100926207476951,-9.02360467163816,5.05613901885141,0.3981357958986323
0.1,0.19177826398328168,0.33418626702545967,4.078219996479519,-8.924824593273684,5.045373635294185,0.3980203331447055
0.1,0.19365061910239564,0.33736918942988137,4.055383077243414,-8.82524176142515,5.0346928860504665,0.3979139262667921
0.1,0.19554125425814806,0.340580874654265,4.032421907561039,-8.724901034209957,5.024097609096761,0.39781818114473944
0.1,0.19745034792081737,0.3438215374230412,4.009342883123663,-8.623846613848961,5.013588541860359,0.39773473290612915
0.1,0.19937808030310966,0.3470913927139418,3.986152334753919,-8.522122026187642,5.003166320785729,0.39766524606322173
0.1,0.20132463337717016,0.35039065571131095,3.962856525773369,-8.419770102219552,4.992831480973129,0.39761141467589045
0.1,0.20329019089176037,0.3537195417577587,3.93946164950452,-8.316832961566245,4.9825844558866725,0.39757496254123054
0.1,0.2052749383896052,0.3570782663041201,3.9159738269063173,-8.213351997864311,4.972425577128927,0.39755764341047495
0.1,0.207279063224905,0.3604670448576685,3.8923991043421458,-8.109367866008359,4.962355074279209,0.39756124123380265
0.1,0.20930275458102307,0.36388609292855667,3.868743451478925,-8.004920471195234,4.952373074792559,0.39758757043357457
0.1,0.21134620348834343,0.3673356259744325,3.8450127593159174,-7.900048959713642,4.942479603956579,0.3976384762064914
0.1,0.21340960284230356,0.3708158593431909,3.821212838341579,-7.794791711421295,4.932674584903081,0.39771583485510315
0.1,0.2154931474216032,0.37432700821381987,3.7973494168166697,-7.689186333849987,4.922957838671742,0.3978215541490729
0.1,0.21759703390659038,0.3778692875352945,3.7734281391816684,-7.583269657878158,4.913329084322769,0.39795757371652807
0.1,0.21972146089782926,0.3814429119634804,3.749454564586387,-7.477077734909014,4.903787939095716,0.3981258654657985
0.1,0.2218666289348447,0.3850480957959911,3.7254341655396366,-7.37064583549253,4.894333918611709,0.39832843403778295
0.1,0.22403274051505448,0.38868505290496896,3.701372326676527,-7.264008449327754,4.88496643711612,0.3985673172891444
0.1,0.22622000011288387,0.3923539966677334,3.6772743436410136,-7.157199286582967,4.875684807759107,0.39884458680647733
0.1,0.2284286141990675,0.39605513989525437,3.6531454220811472,-7.0502512804704125,4.866488242911271,0.39916234845155074
0.1,0.23065879126013952,0.39978869475840567,3.628990676754384,-6.943196591012542,4.857375854511812,0.39952274293767454
0.1,0.2329107418181137,0.4035548727119489,3.6048151307402705,-6.836066609937393,4.8483466544466935,0.39992794643719015
0.1,0.23518467845035784,0.4073538844162078,3.5806237147576927,-6.728891966640699,4.839399554954314,0.400380171220041
0.1,0.23748081580965777,0.4111859396563722,3.5564212665839277,-6.621702535153673,4.830533369056379,0.4008816663233211
0.1,0.23979937064448165,0.41505124725940135,3.5322125305725143,-6.514527442055355,4.821746811011629,0.4014347182516598
0.1,0.24214056181944005,0.41895001500846685,3.508002157267086,-6.40739507527012,4.813038496790304,0.4020416517082403
0.1,0.24450461033594598,0.4228824495548914,3.483794703108166,-6.300333093691576,4.80440694456726,0.4027048303562093
0.1,0.24689173935307682,0.4268487563275353,3.4595946302299425,-6.193368437575283,4.795850575231719,0.40342665761017266
0.1,0.2493021742086399,0.43084913943958275,3.4354063063440026,-6.086527339644153,4.787367712911888,0.4042095774574301
0.1,0.2517361424404432,0.4348838015926793,3.411234004707011,-5.979835336851485,4.778956585512601,0.405056075308542
0.1,0.2541938738077761,0.4389529439783755,3.387081904169259,-5.873317282748097,4.770615325264428,0.405968678876766
0.1,0.25667560031309516,0.4430567661768196,3.3629540893011365,-5.766997360401798,4.762341969282717,0.4069499590858542
0.1,0.25918155622392647,0.4471954660526658,3.338854550594388,-5.66089909581818,4.754134460135173,0.40800253100563094
0.1,0.2617119780949791,0.45136923964813735,3.314787184735224,-5.5550453718142485,4.745990646416724,0.4091290548147296
0.1,0.2642671047904751,0.4555782810732052,3.2907557949462505,-5.449458442297282,4.737908283330546,0.41033223678978575
0.1,0.26684717750669806,0.45982278239283153,3.2667640913942426,-5.344159946903247,4.7298850332742175,0.41161483032034224
0.1,0.26945243979476025,0.46410293351123216,3.242815691660835,-5.239170925950737,4.721918466430134,0.4129796369486399
0.1,0.27208313758359537,0.4684189220531155,3.2189141212731602,-5.13451183566784,4.714006061359438,0.41442950743341234
0.1,0.2747395192031706,0.47277093324184316,3.1950628142916457,-5.030202563651548,4.706145205598855,0.4159673428367222
0.1,0.2774218354079299,0.4771591497744792,3.171265113952018,-4.926262444520026,4.698333196259913,0.41759609563281724
0.1,0.2801303394004643,0.4815837516936767,3.1475242733587945,-4.822710275720748,4.690567240630247,0.41931877083789004
0.1,0.2828652868554131,0.4860449162563594,3.123843456227479,-4.719564333458369,4.682844456776716,0.42113842715956085
0.1,0.28562693594359934,0.49054281779915865,3.1002257376727607,-4.616842388708161,4.675161874150281,0.42305817816481517
0.1,0.2884155473563992,0.4950776276005604,3.076674105040078,-4.5145617232823945,4.667516434192665,0.4250811934650276
0.1,0.29123138433035306,0.49964951373973104,3.053191458777909,-4.412739145918309,4.659904990945007,0.4272106999166342
0.1,0.29407471267201074,0.5042586409519673,3.0297806133483345,-4.3113910083584654,4.652324311658761,0.4294499828358885
0.1,0.2969458007830253,0.5089051704807535,3.0064442981732795,-4.21053322139486,4.64477107740937,0.4318023872260658
0.1,0.2998449196854884,0.5135892599263739,2.983185158614103,-4.1101812708503935,4.637241883713169,0.43427131901533966
0.1,0.3027723430475143,0.5183110630910567,2.9600057569821265,-4.010350233472315,4.629733241148372,0.43686024630346615
0.1,0.3057283472090733,0.5230707298206098,2.9369085735778198,-3.9110547927135726,4.622241575980821,0.4395727006152732
0.1,0.30871321120807654,0.5278684058425247,2.913896007756416,-3.81230925437953,4.614763230795586,0.44241227815883044
0.1,0.31172721680671905,0.5327042326005211,2.890970379017747,-3.7141275621183505,4.607294465135432,0.44538264108604086
0.1,0.3147706485180734,0.5375783470854945,2.8681339281182767,-3.616523312735225,4.599831456147416,0.448487518753244
0.1,0.31784379363294946,0.5424908816628617,2.8453888182031917,-3.5195097713108234,4.592370299238922,0.4517307089792769
0.1,0.3209469422470131,0.547441963896273,2.8227371359566478,-3.4230998861063395,4.584907008744661,0.45511607929827275
0.1,0.3240803872881704,0.5524317163676716,2.800180892768237,-3.327306303237937,4.5774375186061595,0.45864756820430264
0.1,0.32724442454421904,0.5574602564936935,2.7777220259138353,-3.232141381104613,4.569957683065519,0.4623291863847879
0.1,0.33043935269076935,0.5625276963383892,2.755362399749063,-3.137617204554447,4.562463277375274,0.4661650179394173
0.1,0.3336654733194408,0.5676341424222676,2.7331038069136167,-3.0437455987748367,4.554949998526272,0.47015922158109713
0.1,0.3369230909663275,0.5727796955276422,2.710947969544889,-2.950538142893558,4.54741346599573,0.4743160318152355
0.1,0.34021251314074813,0.5779644505002989,2.6888965404992144,-2.8580061832776793,4.53984922251761,0.4786397600934524
0.1,0.3435340503542732,0.5831884960474732,2.6669511045792818,-2.7661608465185825,4.532252734877655,0.4831347959375331
0.1,0.3468880161500364,0.588451914532153,2.6451131797662293,-2.6750130520916433,4.524619394735554,0.4878056080292045
0.1,0.3502747271323322,0.5937547817637128,2.6233842184550378,-2.5845735246798935,4.516944519476731,0.49265674526102027
0.1,0.3536945029965023,0.5990971667849021,2.6017656086918874,-2.4948528061514565,4.509223353096498,0.49769283774335477
0.1,0.3571476665591131,0.6044791316552051,2.5802586754122045,-2.4058612671810455,4.501451067119297,0.5029185977621822
0.1,0.36063454378843174,0.6099007312306045,2.558864681678164,-2.3176091185061507,4.4936227615559705,0.5083388206819995
0.1,0.3641554638351919,0.615362012939769,2.5375848299145534,-2.230106421809355,4.485733465902062,0.5139583857878631
0.1,0.3677107590636677,0.6208630165567209,2.516420263141813,-2.143363100217751,4.477778140180252,0.5197822570601828
0.1,0.3713007650830472,0.6264037739700132,2.495372066205269,-2.057388948411577,4.469751676030209,0.5258154838754534
0.1,0.37492582077911285,0.6319843089484732,2.4744412669995497,-1.972193642333897,4.4616488978491535,0.5320632016257292
0.1,0.37858626834623116,0.637604636903567,2.453628837687248,-1.8877867484935134,4.453464563986625,0.5385306322491508
0.1,0.38228245331965416,0.64326476464845,2.4329356959109463,-1.804177732853432,4.445193367997037,0.5452230846633743
0.1,0.3860147246081402,0.6489646901537789,2.41236270599775,-1.7213759692972987,4.43682993995364,0.5521459550932262
0.1,0.3897834345268848,0.6547044023003457,2.3919106801555983,-1.639390747666431,4.428368847827752,0.5593047272833349
0.1,0.3935889388307816,0.6604838806286462,2.371580379660537,-1.5582312813597277,4.419804598937122,0.5667049725859552
0.1,0.39743159674800355,0.666303095085455,2.3513725160343117,-1.4779067144891285,4.411131641467442,0.5743523499135155
0.1,0.40131177101391324,0.6721620057675208,2.331287752211618,-1.398426128583012,4.402344366071152,0.5822526055447894
0.1,0.40522982790530365,0.6780605626624864,2.3113267036964102,-1.3197985488299004,4.3934371075477285,0.5904115727728642
0.1,0.4091861372749731,0.683998705387158,2.291489939706691,-1.242032949854614,4.384404146609894,0.5988351713823243
0.1,0.41318107258664144,0.689976362923255,2.2717779843072536,-1.165138261018893,4.375239711740118,0.6075294069422639
0.1,0.4172150109501988,0.6959934533507631,2.252191317529951,-1.0891233712385304,4.365937981142064,0.6165003699008388
0.1,0.4212883331573071,0.7020498835790636,2.2327303764809505,-1.0139971333082323,4.3564930847916585,0.6257542344662134
0.1,0.4254014237173449,0.7081455490759775,2.2133955564346413,-0.9397683677257921,4.3468991065925895,0.6352972572576909
0.1,0.4295546708937036,0.7142803335949028,2.1941872119137904,-0.8664458660064465,4.337150086641232,0.6451357757098141
0.1,0.4337484667404386,0.7204541089002227,2.1751056577556014,-0.7940383934780091,4.327240023606034,0.6552762062110643
0.1,0.43798320713927713,0.7266667344911726,2.1561511701633878,-0.7225546915471451,4.317162877226573,0.6657250419575842
0.1,0.4422592918369917,0.7329180573243805,2.1373239877435424,-0.6520034794263818,4.306912570937651,0.6764888505010687
0.1,0.44657712448312975,0.7392079115352702,2.118624312527626,-0.582393455311546,4.296482994623908,0.687574270968532
0.1,0.4509371126681207,0.7455361181585828,2.1000523109792693,-0.5137332969981229,4.28586800751055,0.6989880109302447
0.1,0.4553396679617499,0.7519024848482332,2.0816081149857624,-0.4460316619251538,4.275061441196021,0.710736842890475
0.1,0.4597852059520101,0.7583068055967616,2.0632918228341315,-0.3792971866342682,4.264057102832524,0.7228276003739876
0.1,0.4642741462843314,0.7647488604546419,2.045103500171578,-0.3135384856310906,4.252848778460538,0.735267173579413
0.1,0.46880691270119357,0.7712284152497205,2.0270431809501557,-0.24876414963549826,4.241430236503582,0.748062504568615
0.1,0.47338393308213,0.7777452213070869,2.0091108683555734,-0.1849827432064476,4.2297952314297405,0.7612205819590971
0.1,0.4780056394841125,0.7842990151696555,1.991306535720106,-0.1222028017266375,4.217937507586597,0.7747484350841389
0.1,0.48267246818233994,0.790889518319805,1.9736301274194872,-0.060432827731042194,4.205850803216485,0.7886531275829969
0.1,0.4873848597114204,0.7975164369023865,1.956081559753798,0.0003187134371480105,4.1935288546591645,0.8029417503807772
0.1,0.4921432589069563,0.8041794614494499,1.9386607218123302,0.0600433986606026,4.180965400749265,0.8176214140147902
0.1,0.4969481149475355,0.8108782666070518,1.9213674763224113,0.11873285279052204,4.168154187416159,0.832699240261119
0.1,0.5017998813971325,0.8176125108645139,1.9042016604822256,0.17637875511724505,4.15508897249411,0.8481823530118326
0.1,0.5066990162479225,0.824381836286521,1.8871630867776619,0.23297284658941814,4.141763530750945,0.8640778683497046
0.1,0.5116459819635184,0.8311858682484676,1.8702515437832146,0.28850693780355613,4.1281716591437165,0.880392883763479
0.1,0.5166412455226201,0.8380242151754529,1.8534667969470615,0.3429729177867989,4.114307182310338,0.8971344664425105
0.1,0.5216852784630999,0.8448964682853776,1.8368085893603143,0.39636276359750416,4.100163958306309,0.9143096405852257
0.1,0.5267785569265129,0.8518022013365749,1.8202766425105914,0.4486685507693565,4.0857358845963265,0.931925373650928
0.1,0.5319215617030437,0.8587409703804383,1.8038706570199854,0.4998824646264486,4.071016904310847,0.9499885614792773
0.1,0.5371147782768918,0.8657123135195255,1.787590313367541,0.5499968124985042,4.056001012778201,0.9685060121961526
0.1,0.5423586968720979,0.8727157506716202,1.7714352725963713,0.5990040368671148,4.040682264343428,0.9874844288184723
0.1,0.5476538124988249,0.8797507833402706,1.7554051770055132,0.6468967294760611,4.0250547794855,1.0069303904640536
0.1,0.5530006250000781,0.886816894392293,1.7394996508267189,0.6936676464405817,4.009112752245322,1.0268503320653675
0.1,0.5583996390988937,0.8939135478428079,1.7237183008862547,0.7393097243932074,3.992850457977454,1.0472505224786
0.1,0.5638513644459817,0.9010401886483231,1.7080607172519218,0.7838160977058449,3.976262261439342,1.0681370408710231
0.1,0.5693563156678358,0.9081962425084364,1.6925264738654255,0.8271801168307474,3.959342625232572,1.0895157512609706
0.1,0.5749150124153122,0.9153811156767208,1.6771151291602748,0.8693953678057623,3.94208611861158,1.111392275075161
0.1,0.5805279794126821,0.9225941947813758,1.6618262266653785,0.9104556929723869,3.9244874266760967,1.1337719615780155
0.1,0.5861957465071687,0.9298348466562445,1.6466592955945043,0.9503552129585361,3.9065413599647085,1.1566598560167725
0.1,0.5919188487189564,0.9371024181827778,1.6316138514218226,0.9890883499812058,3.8882428644679465,1.1800606653146364
0.1,0.5976978262916994,0.9443962361435922,1.6166893964436644,1.0266498525283774,3.8695870320804557,1.2039787211321662
0.1,0.6035332247435182,0.951715607088219,1.6018854203267265,1.063034821482998,3.8505691115130958,1.2284179401041468
0.1,0.6094255949184948,0.9590598172116879,1.5872014006428987,1.0982387377562677,3.8311845196871035,1.2533817810458991
0.1,0.6153754930386707,0.9664281322465841,1.5726368033909153,1.1322574915015637,3.811428853633857,1.278873198909154
0.1,0.621383480756551,0.9738197973692218,1.5581910835050288,1.1650874129846225,3.7912979029252716,1.3048945952534394
0.1,0.6274501252081287,0.9812340371206,1.5438636853508911,1.1967253051899198,3.770787662661334,1.3314477649848129
0.1,0.633575999066412,0.9886700553427713,1.5296540432088883,1.2271684782470977,3.7498943470429924,1.3585338390996566
0.1,0.6397616805954884,0.9961270351313191,1.5155615817450776,1.2564147857653076,3.72861440356006,1.3861532231581344
0.1,0.6460077537051102,1.0036041388045822,1.5015857164699644,1.2844626631662837,3.7069445278255486,1.4143055311996418
0.1,0.652314808005813,1.0111005078903028,1.4877258541853287,1.311311168109385,3.684881679089381,1.442989514802476
0.1,0.6586834388645738,1.0186152631303593,1.4739813934192874,1.336960023102951,3.662423096465897,1.4722029869827042
0.1,0.6651142474610107,1.0261475045042485,1.4603517248498197,1.3614096603955523,3.639566315910945,1.501942740623939
0.1,0.6716078408441367,1.0336963112719835,1.4468362317169383,1.3846612692376938,3.6163091879854052,1.5322044611322467
0.1,0.6781648319896568,1.041260742037044,1.4334342902237551,1.4067168455981671,3.5926498964428406,1.5629826330202121
0.1,0.6847858398578351,1.0488398348300556,1.4201452699265984,1.427579244408898,3.5685869776790593,1.5942704401443268
0.1,0.6914714894519223,1.0564326072138164,1.4069685341144178,1.4472522343960392,3.544119341081144,1.6260596593524528
0.1,0.6982224118771535,1.0640380564103165,1.3939034401776818,1.4657405555322087,3.519246290312104,1.658340547347618
0.1,0.7050392444003234,1.0716551594503598,1.3809493399669581,1.4830499791129814,3.4939675455649297,1.6911017206446421
0.1,0.7119226305099414,1.0792828733464022,1.3681055801413944,1.4991873704178276,3.4682832668158885,1.7243300285927141
0.1,0.7188732199769744,1.0869201352891904,1.3553715025072939,1.514160753859069,3.4421940781011324,1.7580104195660822
0.1,0.7258916689161887,1.0945658628687847,1.3427464443469757,1.5279793804488344,3.4157010928325096,1.7921258005940335
0.1,0.7329786398480764,1.1022189543204923,1.3302297387381583,1.5406537973199097,3.388805940157556,1.8266568909184346
0.1,0.7401348017614012,1.109878288796277,1.3178207148640095,1.5521959189177457,3.3615107923537897,1.8615820702423158
0.1,0.747360830176348,1.117542726662127,1.3055186983140956,1.5626190993331435,3.333818393228681,1.8968772227758315
0.1,0.7546574072082891,1.1252111098218633,1.2933230113764145,1.5719382050634765,3.305732087472393,1.9325155786080623
0.1,0.7620252216321743,1.13288226206785,1.2812329733206997,1.5801696872704212,3.277255850880076,1.9684675544450314
0.1,0.769464968947548,1.1405549894590121,1.2692479006731905,1.587331652338808,3.2483943213229636,2.004700596365696
0.1,0.7769773514442079,1.148228080726565,1.2573671074830415,1.5934439292320182,3.219152830301729,2.0411790279664723
0.1,0.7845630782684896,1.1559003077077767,1.2455899055805926,1.5985281317816646,3.189537434860589,2.077863908093636
0.1,0.7922228654902149,1.1635704258081083,1.2339156048276307,1.6026077136451813,3.1595549495750492,2.114712903298893
0.1,0.7999574361702845,1.1712371744919803,1.222343513359865,1.605708013219436,3.1292129782502975,2.1516801811815744
0.1,0.8077675204289326,1.1788992778023992,1.2108729378217757,1.6078562853236855,3.09851994487963,2.1887163318740592
0.1,0.8156538555146489,1.1865554449096278,1.1995031835940142,1.6090817159807038,3.0674851233142038,2.225768326037591
0.1,0.8236171858737698,1.1942043706890297,1.1882335550135317,1.6094154161612924,3.0361186649877596,2.262779518792879
0.1,0.8316582632207594,1.2018447363281837,1.177063355586589,1.608890389956861,3.0044316239253233,2.2996897099149924
0.1,0.8397778466091592,1.2094752099632722,1.1659918881948563,1.6075414723640515,2.9724359781475664,2.336435271244595
0.1,0.8479767025032465,1.2170944473447571,1.155018455294715,1.6054052317746275,2.9401446464680907,2.372949352447344
0.1,0.856255604850385,1.2247010925322328,1.1441423591099606,1.6025198324451566,2.9075714995782187,2.409162175802501
0.1,0.864615335154083,1.232293778618333,1.133362901818058,1.5989248527637063,2.874731364232621,2.4450014294211315
0.1,0.8730566825477651,1.2398711284814858,1.1226793857300972,1.5946610561214123,2.841640019302245,2.4803927659904783
0.1,0.8815804438692625,1.2474317555672514,1.1120911134646188,1.58977011270652,2.8083141824623468,2.5152604106607925
0.1,0.8901874237360385,1.254974264697929,1.1015973881154382,1.5842942726047957,2.7747714863473756,2.549527876960704
0.1,0.898878434621132,1.2624972529100076,1.091197513413655,1.5782759931958408,2.741030443144636,2.5831187836988874
0.1,0.9076542969298592,1.2699993103190395,1.0808907938839483,1.5717575268891257,2.7071103968247923,2.615957758906797
0.1,0.9165158390772559,1.2774790210113716,1.0706765349953347,1.5647804785658435,2.673031462524612,2.6479714094222158
0.1,0.9254638975662769,1.2849349639621492,1.0605540433065188,1.5573853454109186,2.638814453001799,2.6790893273360155
0.1,0.9344993170667601,1.2923657139789149,1.05052262660597,1.5496110547832245,2.6044807925602753,2.7092450980218916
0.1,0.9436229504951604,1.2997698426700555,1.0405815940468708,1.5414945179880075,2.570052419372124,2.7383772697243622
0.1,0.9528356590950603,1.3071459194372768,1.0307302562770633,1.533070218903402,2.5355516776649427,2.766430242534958
0.1,0.9621383125184769,1.314492512491227,1.0209679255641158,1.5243698560730812,2.5010012017580054,2.7933550356840673
0.1,0.9715317889079423,1.32180818988927,1.0112939159156658,1.5154220549596857,2.4664237943717726,2.8191098967118293
0.1,0.9810169749794061,1.329091520594409,1.0017075431951263,1.5062521636082955,2.4318423019593287,2.8436607240959355
0.1,0.990594766105936,1.3363410755542153,0.992208125232906,1.4968821402635903,2.397279489982005,2.866981285658481
0.1,1.0002660664022387,1.343555428798591,0.98279498193325,1.4873305359770874,2.3627579210540444,2.889053227482238
0.1,1.0100317888100059,1.3507331585550948,0.9734674353768243,1.4776125695156084,2.328299838711525,2.9098658808102518
0.1,1.0198928551840902,1.3578728483805107,0.9642248099191584,1.4677402865515625,2.293927059235217,2.92941588611162
0.1,1.0298501963795355,1.364973088307253,0.9550664322850442,1.4577227907201626,2.2596608735079986,2.9477066629848796
0.1,1.039904752339432,1.3720324760031244,0.9459916316590373,1.4475665310533534,2.225521960358712,2.9647477610201047
0.1,1.0500574721836549,1.3790496179429148,0.9369997397721211,1.4372756287255841,2.1915303122831675,2.9805541297996063
0.1,1.0603093142984543,1.3860231305902162,0.928090090984674,1.426852225945234,2.1577051738862147,2.9951453459997657
0.1,1.0706612464269252,1.3929516415877963,0.9192620223658277,1.4162968409943844,2.124064992894146,3.0085448325622015
0.1,1.0811142457603593,1.3998337909548069,0.9105148737693199,1.4056087155403663,2.0906273831722437,3.020779099874359
0.1,1.0916692990304862,1.406668232289036,0.9018479879059434,1.394786143047605,2.0574090988636073,3.0318770326739615
0.1,1.1023274026026275,1.4134536339723847,0.8932607104126709,1.3838267700529918,2.0244260185462024,3.041869239761453
0.1,1.113089562569737,1.4201886803776491,0.8847523899185834,1.3727278649336598,1.9916931381806149,3.050787477224576
0.1,1.1239567948473814,1.4268720730747118,0.876322378107653,1.361486551373903,1.959224571578262,3.0586641502179606
0.1,1.1349301252696387,1.4335025320341375,0.8679700297784978,1.3501000058950774,1.9270335571442159,3.06553189367242
0.1,1.146010589685932,1.4400787968261666,0.8596947029011854,1.338565620491848,1.8951324697222889,3.0714232287371876
0.1,1.157199234058812,1.4465996278130593,0.8514957586711729,1.326881132623817,1.8635328364767954,3.0763702892557347
0.1,1.1684971145626901,1.4530638073327051,0.8433725615604654,1.3150447255881903,1.8322453558712204,3.0804046110263994
0.1,1.1799052976835471,1.4594701408714041,0.8353244793660684,1.3030551027146962,1.8012799189367612,3.0835569758404904
0.1,1.1914248603195925,1.4658174582236791,0.8273508832558348,1.2909115389552384,1.7706456321551922,3.0858573021445523
0.1,1.2030568898829297,1.4721046146370034,0.8194511478117521,1.2786139133627128,1.7403508414037177,3.0873345744700695
0.1,1.2148024844022023,1.4783304919392855,0.8116246510707695,1.2661627257333108,1.7104031565214801,3.088016804362958
0.1,1.226662752626244,1.484493999646968,0.80387077456323,1.2535591003797806,1.6808094761553212,3.0879310163043403
0.1,1.2386388141287423,1.4905940760515939,0.7961889033489773,1.2408047796534074,1.6515760126261025,3.087103252948776
0.1,1.2507317994139198,1.4966296892827085,0.788578426051215,1.2279021094718108,1.6227083166266232,3.085558594847935
0.1,1.26294285002326,1.5025998383449783,0.7810387348881705,1.2148540187602528,1.5942113016187869,3.0833211906303313
0.1,1.275273118643251,1.5085035541274179,0.7735692257026587,1.2016639943903134,1.566089267842784,3.080414294342919
0.1,1.2877237692142056,1.5143399003826723,0.7661692979895758,1.1883360529089453,1.5383459258857242,3.0768603073131575
0.1,1.3002959770401306,1.5201079746743038,0.7588383549214117,1.174874710097034,1.5109844197835927,3.072680822455329
0.1,1.312990928899673,1.525806909290094,0.7515758033718328,1.1612849491793105,1.4840073496493889,3.0678966694241088
0.1,1.3258098231581474,1.5314358721194072,0.7443810539373978,1.1475721883251229,1.4574167938335594,3.062527959416981
0.1,1.338753869880659,1.5369940674927218,0.737253520957462,1.1337422479293684,1.4312143306315275,3.056594128753114
0.1,1.351824290946326,1.542480736981487,0.7301926225323339,1.1198013180407058,1.4054010595581055,3.0501139806186655
0.1,1.3650223201636338,1.54789516015654,0.723197780539726,1.10575592620655,1.3799776222107416,3.0431057245761566
0.1,1.3783492033868858,1.55323665530336,0.716268420649579,1.0916129059276194,1.3549442227439508,3.0355870135972554
0.1,1.3918061986338188,1.558504580092561,0.7094039723372819,1.0773793658550679,1.3303006479756445,3.027574978501916
0.1,1.4053945762043538,1.5636983322040514,0.7026038688953631,1.0630626598180692,1.3060462871441414,3.0190862597792916
0.1,1.4191156188005085,1.568817349903422,0.6958675474436903,1.048670357735788,1.2821801513314106,3.010137036833327
0.1,1.4329706216474805,1.5738611125691813,0.6891944489382346,1.034210217443066,1.2587008925649315,3.000743054743532
0.1,1.4469608926159094,1.5788291411695827,0.6825840181784442,1.019690157441758,1.23560682260704,2.990919648663453
0.1,1.461087752345348,1.583720998687872,0.6760357038132675,1.005118230577817,1.2128959314372156,2.9806817659993365
0.1,1.4753525343689093,1.5885362904948843,0.6695489583458915,0.990502598636755,1.1905659054294875,2.9700439865224233
0.1,1.4897565852391592,1.5932746646680602,0.6631232381372117,0.9758515078456671,1.1686141452240055,2.9590205405722587
0.1,1.5043012646552238,1.597935812256025,0.656758003408099,0.961173265268151,1.1470377832891203,2.947625325507624
0.1,1.5189879455911424,1.6025194674880234,0.6504527182404934,0.9464762160779056,1.1258337011677613,2.935871920557211
0.1,1.5338180144254703,1.6070254079275994,0.6442068505773723,0.9317687216977186,1.104998546399849,2.923773600215414
0.1,1.5487928710721466,1.6114534545700496,0.6380198722216303,0.9170591387918299,1.084528749110667,2.911343346320297
0.1,1.563913929112655,1.6158034718832983,0.631891258833903,0.9023557991015225,1.0644205382535863,2.8985938589416453
0.1,1.5791826159294413,1.6200753677919513,0.6258204899293933,0.8876669901158214,1.044669957494656,2.8855375661975073
0.1,1.5946003728406677,1.624269093604448,0.6198070488737104,0.873000936570951,1.025272880725494,2.8721866331080075
0.1,1.6101686552362657,1.6283846438833267,0.6138504228777751,0.8583657827741208,1.0062250271906676,2.858552969585977
0.1,1.6258889327153196,1.6324220562587606,0.6079501029918243,0.8437695757486422,0.9875219762154286,2.8446482376549618
0.1,1.6417626892247936,1.63638141118565,0.6021055840985429,0.8292202491987799,0.9691591815197942,2.8304838579767724
0.1,1.6577914231996078,1.6402628316446846,0.5963163649053651,0.8147256082935413,0.9511319851051867,2.8160710157629034
0.1,1.673976647704099,1.6440664827879141,0.5905819479359653,0.8002933152693493,0.9334356307004584,2.801420666136853
0.1,1.6903198905748302,1.6477925715294888,0.5849018395209904,0.7859308758518994,0.9160652767548093,2.7865435390078233
0.1,1.7068226945648268,1.6514413460823656,0.5792755497880417,0.7716456264973671,0.899016008965931,2.771450143510076
0.1,1.7234866174892043,1.6550130954418865,0.5737025926509527,0.7574447224530717,0.8822828523328411,2.7561507720568956
0.1,1.7403132323722217,1.6585081488172606,0.5681824857983861,0.7433351266370278,0.8658607827240145,2.740655504053
0.1,1.7573041275957697,1.661926875012095,0.5627147506817807,0.7293235993351345,0.8497447379526298,2.7249742093048726
0.1,1.7744609070493065,1.6652696817552346,0.5572989125026764,0.7154166887137853,0.8339296283522319,2.7091165511644335
0.1,1.7917851902812738,1.6685370149832823,0.5519345001994387,0.7016207221445206,0.8184103468474225,2.6930919894378653
0.1,1.8092786126519558,1.6717293580762629,0.546621046433426,0.6879417983361286,0.8031817785158055,2.6769097830882407
0.1,1.8269428254878672,1.6748472310480158,0.5413580875746042,0.6743857802680868,0.788238809638842,2.660578992757633
0.1,1.8447794962376292,1.6778911896929816,0.5361451636866501,0.6609582889178762,0.773576336240831,2.6441084831319173
0.1,1.8627903086293718,1.6808618246911387,0.5309818185115612,0.6476646977730366,0.75918927211687,2.627506925169075
0.1,1.8809769628296733,1.6837597606729444,0.5258675994538001,0.6345101281172875,0.7450725563520535,2.610782798209843
0.1,1.89934117560405,1.6865856552461957,0.5208020575639932,0.6214994450783548,0.7312211603357942,2.593944391987613
0.1,1.9178846804790102,1.6893401979868201,0.5157847475222119,0.6086372544236212,0.7176300942765556,2.576999808552931
0.1,1.9366092279057099,1.6920241093956587,0.5108152276208493,0.5959279000879589,0.7042944132237718,2.559956964126343
0.1,1.9555165854251664,1.694638139823369,0.5058930597471315,0.5833754624167189,0.6912092226051365,2.542823590892164
0.1,1.9746085378351237,1.6971830683656408,0.501017809365265,0.5709837571051447,0.6783696832886188,2.525607238744342
0.1,1.9938868873585296,1.6996597017309552,0.496189045498254,0.5587563348141529,0.6657710161799697,2.5083152769946473
0.1,2.013353453813659,1.702068873083165,0.49140634070940475,0.546696481441,0.6534085063675868,2.490954896052405
0.1,2.0330100747859,1.7044114408612132,0.48666927108353564,0.5348072190220513,0.6412775068275854,2.4735331090840047
0.1,2.052858605801212,1.706688287578331,0.4819774162079139,0.5230913072437073,0.6293734417031066,2.4560567536597255
0.1,2.0729009205012976,1.708900318603084,0.477330359152932,0.5115512455363607,0.6176918091725645,2.4385324933945363
0.1,2.0931389108204455,1.7110484609246492,0.4727276864525568,0.5001892757254721,0.6062281839225118,2.4209668195889864
0.1,2.1135744871641386,1.7131336619047182,0.468168988084549,0.4890073852126753,0.5949782192413693,2.403366052875505
0.1,2.134209578589387,1.7151568880184185,0.463653857450485,0.4780073106594078,0.5839376487509625,2.3857363448749744
0.1,2.1550461329868247,1.7171191235866534,0.45918189135559234,0.4671905421446529,0.5731022877931702,2.3680836798678344
0.1,2.1760861172645862,1.7190213695022392,0.4547526899884151,0.4565583277680492,0.5624680344895632,2.350413876483485
0.1,2.1973315175339696,1.7208646419522087,0.45036585690032777,0.4461116786691251,0.5520308704920209,2.3327325894112896
0.1,2.2187843392969397,1.7226499711386345,0.44602099898490377,0.43585137443319516,0.5417868614426454,2.3150453111360045
0.1,2.2404466076354135,1.7243784000002782,0.4417177264571716,0.425777968854299,0.5317321571613418,2.2973573737001596
0.1,2.26232036740244,1.726050982937366,0.4374556528327502,0.415891796025489,0.5218629915794347,2.2796739504953596
0.1,2.284407683415223,1.7276687845417282,0.4332343949068944,0.40619297672688853,0.5121756824376575,2.262000058084281
0.1,2.3067106406500355,1.7292328783345081,0.4290535727334558,0.3966814250821187,0.5026666307666634,2.2443405580546973
0.1,2.3292313444390333,1.730744345513595,0.42491280960377387,0.3873568554539282,0.4933323201679863,2.226700158906597
0.1,2.351971920668988,1.7322042737128778,0.4208117320255112,0.37821878955032845,0.48416931591307627,2.209083417973149
0.1,2.3749345159819835,1.733613755775367,0.4167499697014368,0.3692665637129432,0.4751742638776252,2.1914947433759475
0.1,2.398121297978023,1.73497388854215,0.41272715550818506,0.36049933635986803,0.4663438893280173,2.173938396014829
0.1,2.421534455419665,1.7362857716591056,0.4087429254749812,0.3519160955560323,0.45767499557618424,2.156418491592126
0.1,2.445176198438629,1.7375505064032053,0.40479691876235824,0.34351566668466565,0.4491644625186546,2.138939002671165
0.1,2.469048758744427,1.7387691945301746,0.400888777640869,0.3352967201943947,0.44080924507495595,2.121503760768488
0.1,2.4931543898350292,1.7399429371451973,0.3970181474698045,0.32725777939726913,0.4326063715398847,2.1041164584791243
0.1,2.517495367209582,1.741072833598271,0.39318467667592716,0.31939722829390804,0.4245529418635702,2.0867806516340495
0.1,2.5420739885832297,1.7421599804057424,0.38938801673222384,0.3117133194030009,0.4166461258724897,2.06949976148876
0.1,2.5668925741039805,1.7432054701994513,0.38562782213669766,0.304204181573323,0.40888316144390974,2.052277076941812
0.1,2.591953466571743,1.744210390704846,0.3819037503911903,0.2968678277574956,0.4012613526455042,2.035115756781899
0.1,2.617259031659473,1.7451758237493216,0.3782154619802546,0.2897021627277451,0.39377806785113867,2.0180188319620496
0.1,2.642811658136486,1.7461028443019577,0.37456262035007826,0.2827049907150944,0.3864307378430876,2.000989207899295
0.1,2.668613758093952,1.7469925195457356,0.3709448918874661,0.27587402295442676,0.3792168539102103,1.984029666798085
0.1,2.6946677671725863,1.747845907983213,0.36736194589888693,0.2692068851190315,0.3721339659507703,1.967142869995668
0.1,2.7209761447925636,1.7486640585765583,0.3638134545895901,0.26270112462934286,0.3651796805880149,1.9503313603274695
0.1,2.7475413743857016,1.7494480099227394,0.3602990930427934,0.2563542178217657,0.35835165930574914,1.9335975645105188
0.1,2.774365963629856,1.7501987894645692,0.35681853919895706,0.25016357696449637,0.3516476166104862,1.9169437955428754
0.1,2.8014524446856583,1.7509174127382208,0.35337147383513356,0.24412655710847084,0.34506531822609265,1.9003722551169067
0.1,2.8288033744355428,1.7516048826577353,0.34995758054440684,0.23824046276256355,0.338602579326096,1.883885036044272
0.1,2.8564213347251037,1.7522621888369383,0.34657654571542235,0.23250255438334147,0.33225726280825496,1.8674841246904417
0.1,2.884308932606817,1.7528903069491042,0.34322805851200816,0.22691005467067826,0.32602727761528755,1.851171403416475
0.1,2.9124688005861317,1.7534901981246134,0.3399118108528936,0.22146015466158392,0.31991057710514675,1.8349486530258605
0.1,2.9409035968699926,1.7540628083867498,0.3366274973915214,0.21615001961557925,0.31390515747353553,1.8188175552141053
0.1,2.9696160056177336,1.7546090681257105,0.333374815495966,0.21097679468599798,0.30800905623100194,1.8027796950188848
0.1,2.998608737194477,1.755129891610807,0.33015346522894634,0.20593761037251512,0.3022203507362315,1.786836563268417
0.1,3.0278845284269775,1.7556261765407526,0.3269631493279442,0.20102958775101365,0.29653715678684206,1.7709895590258704
0.1,3.057446142861971,1.7560988036318543,0.32380357318542474,0.19624984347797902,0.2909576272685074,1.7552399920275579
0.1,3.0872963710270453,1.7565486362438432,0.32067444482916146,0.19159549456725394,0.2854799508628017,1.7395890851127283
0.1,3.117438030694051,1.7569765200429999,0.3175754749026653,0.18706366293788437,0.28010235081373164,1.7240379766427756
0.1,3.147873967145115,1.7573832827021685,0.31450637664571524,0.1826514797325344,0.27482308375277686,1.7085877229077335
0.1,3.17860705344119,1.7577697336371594,0.31146686587499944,0.17835608940668848,0.2696404385816613,1.6932393005179978
0.1,3.2096401906932885,1.7581366637789984,0.3084566609648539,0.17417465358944487,0.26455273541209484,1.6779936087792
0.1,3.2409763083363305,1.7584848453813922,0.30547548282810794,0.17010435471750213,0.25955832456121586,1.6628514720482719
0.1,3.272618364405675,1.7588150318627334,0.3025230548970311,0.16614239944432596,0.2546555856014451,1.6478136420687746
0.1,3.3045693458163496,1.7591279576818986,0.2995991031043827,0.16228602182729682,0.24984292646315176,1.6328808002836213
0.1,3.3368322686449994,1.759424338247045,0.2967033558645623,0.15853248629593783,0.24511878258845865,1.61805356012341
0.1,3.369410178414621,1.7597048698565512,0.2938355440548572,0.1548790904048593,0.2404816161342477,1.6033324692686104
0.1,3.402306150382014,1.759970229671208,0.2909954009967936,0.15132316737562798,0.2359299152224792,1.588718011884009
0.1,3.4355232898280983,1.7602210757167087,0.28818266243757995,0.14786208843191198,0.23146219323573974,1.5742106108237581
0.1,3.46906473235104,1.7604580469154576,0.2853970665316479,0.14449326493291562,0.2270769881558545,1.5598106298055903
0.1,3.5029336441622423,1.7606817631466676,0.28263835382228725,0.14121415031016435,0.2227728619434759,1.5455183755527466
0.1,3.537133222385223,1.7608928253336893,0.279906267223373,0.13802224181318076,0.21854839995637854,1.5313340999022855
0.1,3.571666695357417,1.7610918155574828,0.27720055200118365,0.13491508206982225,0.21440221040428523,1.5172580018785309
0.1,3.606537322934914,1.7612792971951072,0.27452095575630897,0.131890260467143,0.21033292383804092,1.5032902297304587
0.1,3.6417483968002053,1.7614558150820978,0.2718672284056428,0.12894541435904106,0.20633919267087433,1.4894308829319605
0.1,3.6773032407728694,1.761621895697557,0.26923912216446705,0.12607823010696817,0.20241969072974197,1.4756800141439954
0.1,3.713205211123355,1.7617780473707878,0.26663639152861474,0.12328644396010068,0.19857311283445805,1.4620376311376653
0.1,3.7494576968898,1.7619247605082802,0.2640587932567178,0.12056784278166488,0.19479817440275818,1.448503698677446
0.1,3.7860641201979433,1.7620625078398402,0.2615060863525368,0.11792026462791144,0.19109361107912018,1.435078140363786
0.1,3.823027936584164,1.7621917446826687,0.2589780320473682,0.11534159918655676,0.18745817838557077,1.4217608404344488
0.1,3.8603526353216684,1.762312909222167,0.2564743937825322,0.11282978808131747,0.18389065139255126,1.408551645524003
0.1,3.898041739749893,1.7624264228082718,0.2539949371919336,0.11038282504936527,0.18038982440807744,1.3954503663809779
0.1,3.9360988076070558,1.762532690266109,0.2515394300847034,0.10799875599836671,0.17695451068356674,1.3824567795423004
0.1,3.9745274313660226,1.7626321002197698,0.24910764242790973,0.1056756789498303,0.17358354213466687,1.3695706289646494
0.1,4.013331238573422,1.7627250254280267,0.24669934632934357,0.10341174387542879,0.17027576907568187,1.3567916276125136
0.1,4.052513892192072,1.7628118231308072,0.24431431602037715,0.10120515243277682,0.16703005996603834,1.3441194590027692
0.1,4.092079090946753,1.7628928354052766,0.24195232783889217,0.09905415760733145,0.16384530116763787,1.331553778705698
0.1,4.13203056967335,1.762968389530386,0.23961316021227946,0.09695706326662905,0.1607203967117067,1.3190942158024204
0.1,4.17237209967144,1.7630387983587663,0.23729659364050523,0.09491222363327287,0.15765426807412203,1.3067403742987824
0.1,4.213107489060246,1.7631043606948817,0.23500241067925137,0.09291804268278818,0.15464585395809827,1.2944918344958738
0.1,4.254240583138138,1.7631653616783662,0.23273039592311887,0.09097297347235274,0.15169411008325484,1.2823481543172857
0.1,4.295775264745619,1.7632220731715131,0.23048033598890172,0.08907551740633969,0.14879800898025225,1.2703088705934393
0.1,4.337715454631844,1.7632747541498996,0.22825201949892837,0.08722422344428872,0.14595653979008594,1.2583735003032508
0.1,4.380065111824735,1.7633236510951793,0.2260452370644699,0.08541768725703973,0.14316870806740808,1.24654154177353
0.1,4.422828234004685,1.7633689983890921,0.22385978126921716,0.08365455033621251,0.14043353558718988,1.2348124758365397
0.1,4.4660088578819686,1.7634110187077927,0.22169544665282193,0.08193349906237017,0.13775006015409144,1.2231857669461894
0.1,4.509611059577738,1.7634499234156205,0.21955202969451146,0.08025326373688746,0.13511733541412946,1.2116608642534181
0.1,4.553638955008835,1.7634859129574854,0.21742932879676585,0.07861261758228463,0.13253443066810228,1.2002372026413233
0.1,4.598096700276311,1.7635191772490741,0.21532714426906605,0.07701037571570608,0.13000043068641876,1.188914203720669
0.1,4.64298849205775,1.7635498960641267,0.21324527831171058,0.07544539410000163,0.1275144355249464,1.1776912767864467
0.1,4.688318568003423,1.763578239418073,0.21118353499970133,0.07391656847660938,0.12507556034170728,1.1665678197361824
0.1,4.7340912071363,1.7636043679473592,0.20914172026669997,0.07242283328432492,0.12268293521404482,1.15554321995073
0.1,4.780310730256015,1.7636284332838363,0.2071196418890535,0.07096316056772196,0.12033570495613401,1.144616855138319
0.1,4.826981500346678,1.7636505784236296,0.20511710946989484,0.06953655887893609,0.11803302893671799,1.1337880941426657
0.1,4.874107922988768,1.7636709380899434,0.20313393442331248,0.06814207217617242,0.11577408089684378,1.1230562977159522
0.1,4.921694446774995,1.7636896390893029,0.2011699299585956,0.06677877872218017,0.11355804876762192,1.1124208192575402
0.1,4.969745563730237,1.7637068006607743,0.19922491106455298,0.065445789985739,0.1113841344879119,1.1018810055192683
0.1,5.018265809735569,1.7637225348177512,0.197298694493908,0.0641422495489341,0.10925155382186305,1.091436197278228
0.1,5.067259764956438,1.7637369466819262,0.19539109874777028,0.06286733202285394,0.10715953617636137,1.081085729977915
0.1,5.116732054275009,1.7637501348091216,0.19350194406018514,0.0616202419741729,0.10510732441840479,1.070828934338653
0.1,5.166687347726781,1.763762191506681,0.191631052382761,0.06040021286480266,0.10309417469235055,1.0606651369382145
0.1,5.2171303609413595,1.7637732031421682,0.18977824736938062,0.059206506006677144,0.10111935623720103,1.0505936607635764
0.1,5.26806585558764,1.7637832504431588,0.18794335436098983,0.05803840953356635,0.09918215120389849,1.0406138257347077
0.1,5.319498639823286,1.7637924087879444,0.18612620037047142,0.056895237391543826,0.09728185447271599,1.0307249492013348
0.1,5.371433568748605,1.763800748487006,0.18432661406760276,0.05577632834967985,0.0954177734709016,1.020926346413616
0.1,5.423875544864855,1.7638083350551488,0.18254442576409838,0.05468104503226374,0.09358922799052967,1.0112173309676342
0.1,5.476829518537011,1.7638152294742244,0.18077946739874035,0.05360877297372403,0.09179555000676601,1.0015972152266395
0.1,5.530300488461116,1.7638214884463952,0.17903157252259375,0.05255891969734982,0.09003608349658072,0.9920653107189348
0.1,5.584293502136072,1.763827164637928,0.1773005762843158,0.051530913818547644,0.08831018425804195,0.982620928513337
0.1,5.638813656340152,1.7638323069135375,0.1755863154155515,0.05052420417353087,0.08661721973026931,0.9732633795730695
0.1,5.693866097612113,1.7638369605613162,0.17388862821642218,0.04953825897387562,0.08495656881415795,0.96399197508898
0.1,5.74945602273701,1.7638411675083256,0.1722073545411073,0.048572564987475475,0.08332762169394878,0.9548060267929598
0.1,5.805588679236761,1.763844966526939,0.17054233578351957,0.04762662674630832,0.08172977965979597,0.9457048472523888
0.1,5.862269365865483,1.7638483934320517,0.1688934148630752,0.046699965781018045,0.0801624549313536,0.9366877501464559
0.1,5.919503433109726,1.7638514812692954,0.16726043621055908,0.04579211988269821,0.07862507048257,0.9277540505251577
0.1,5.9772962836934695,1.7638542604944114,0.16564324575409015,0.0449026423916148,0.07711705986765943,0.9189030650517924
0.1,6.035653373088177,1.7638567591439553,0.16404169090518114,0.04403110151301954,0.07563786704845409,0.9101341122296892
0.1,6.09458021002776,1.7638590029975203,0.16245562054489918,0.043177079659651244,0.07418694622314263,0.9014465126139573
0.1,6.154082357028584,1.763861015731684,0.16088488501012588,0.042340172820881365,0.07276376165648513,0.89283958900898
0.1,6.214165430914558,1.7638628190658905,0.15932933607991778,0.04151998995795796,0.07136778751159657,0.88431266665236
0.1,6.27483510334733,1.7638644329004909,0.15778882696196864,0.04071615242512952,0.0699985076833791,0.8758650733860123
0.1,6.3360971013617275,1.7638658754471868,0.15626321227917195,0.0399282934160488,0.06865541563360304,0.8674961398150652
0.1,6.397957207906293,1.7638671633521044,0.15475234805628954,0.03915605743502556,0.06733801422774777,0.8592051994552251
0.1,6.460421262389233,1.763868311811763,0.15325609170671986,0.03839909979246596,0.06604581557364761,0.8509915888692111
0.1,6.523495161229623,1.7638693346821803,0.15177430201937192,0.03765708612401385,0.06477834086201174,0.8428546477928651
0.1,6.587184858414014,1.7638702445813765,0.15030683914564275,0.036929691932585385,0.06353512020876252,0.8347937192515109
0.1,6.6514963660584705,1.7638710529855417,0.14885356458649976,0.036216602152774065,0.062315692499364625,0.8268081496671168
0.1,6.716435754976083,1.7638717703191165,0.14741434117966787,0.035517510736790964,0.06111960523511843,0.8188972889567802
0.1,6.782009155250088,1.7638724060390585,0.14598903308692068,0.03483212026129713,0.059946414381401844,0.8110604906230446
0.1,6.848222756812448,1.76387296871355,0.14457750578147974,0.03416014155431151,0.05879568421795859,0.8032971118365472
0.1,6.91508281002822,1.7638734660954023,0.14317962603551632,0.03350129334153271,0.05766698719123301,0.795606513511424
0.1,6.98259562628555,1.763873905190419,0.1417952619077605,0.03285530191118525,0.05655990376875556,0.7879880603739433
0.1,7.0507675785914605,1.7638742923209672,0.1404242827312153,0.03222190079675392,0.05547402229557297,0.7804411210247679
0.1,7.119605102173431,1.7638746331850002,0.13906655910097662,0.03160083047673122,0.05440893885281798,0.7729650679952519
0.1,7.189114695086871,1.7638749329107823,0.13772196286215868,0.030991838090686744,0.05336425711829,0.7655592777981377
0.1,7.259302918828503,1.7638751961075474,0.1363903670979251,0.030394677170876485,0.052339588229205564,0.7582231309730255
0.1,7.330176398955804,1.7638754269123225,0.1350716461176239,0.029809107388623246,0.051334550646976715,0.750956012126931
0.1,7.401741825712351,1.7638756290331417,0.13376567544503032,0.02923489431478702,0.05034877002412186,0.7437573099702804
0.1,7.474005954659417,1.763875805788868,0.13247233180669166,0.028671809193556542,0.04938187907324803,0.7366264173486125
0.1,7.546975607313665,1.7638759601458307,0.1311914931203778,0.028119628728887926,0.048433517438111265,0.7295627312702916
0.1,7.620657671791075,1.7638760947514824,0.12992303848363587,0.02757813488290964,0.04750333156675085,0.7225656529304925
0.1,7.6950591034571625,1.7638762119652687,0.12866684816244828,0.02704711468557656,0.04659097458665548,0.715634587731708
0.1,7.77018692558353,1.763876313886898,0.12742280357999472,0.02652636005504499,0.045696106182051534,0.7087689453010197
0.1,7.846048230010902,1.763876402382188,0.12619078730551536,0.026015667628025624,0.044818392473138506,0.7019681395043422
0.1,7.922650177818483,1.7638764791066595,0.12497068304327916,0.025514838599573368,0.04395750589735997,0.6952315884578685
0.1,8.0,1.7638765455270395,0.12376237562165152,0.02502367857174686,0.04311312509272885,0.6885587145368887
0.2,1e-05,1.763876942464599e-05,0.0002499999862228793,-5.945093021356613e-06,6.407174874601365,4.887158714200024e-05
0.2,1.0097631247682853e-05,1.7810978931286172e-05,0.00025244076726772943,-6.003134817922947e-06,6.407174874574766,4.934872654482716e-05
0.2,1.019621568141812e-05,1.798486974082563e-05,0.00025490537796207655,-6.0617432575165965e-06,6.407174874547642,4.9830524319173855e-05
0.2,1.0295762607280153e-05,1.816045826803432e-05,0.0002573940509577507,-6.120923871567036e-06,6.407174874519988,5.031702594530261e-05
0.2,1.0396281422199655e-05,1.833776108794163e-05,0.00025990702117798984,-6.18068224548473e-06,6.407174874491792,5.080827734750508e-05
0.2,1.0497781614850797e-05,1.8516794937401126e-05,0.00026244452583961856,-6.2410240191876585e-06,6.407174874463042,5.1304324898437915e-05
0.2,1.0600272766546798e-05,1.869757671667025e-05,0.00026500680447543617,-6.301954887632607e-06,6.407174874433727,5.180521542349932e-05
0.2,1.0703764552144453e-05,1.8880123491005815e-05,0.0002675940989568314,-6.36348060135184e-06,6.407174874403837,5.2310996205249964e-05
0.2,1.080826674095739e-05,1.9064452492274856e-05,0.00027020665351661294,-6.425606966994979e-06,6.407174874373361,5.282171498787597e-05
0.2,1.0913789197678266e-05,1.9250581120581276e-05,0.0002728447147720644,-6.488339847876049e-06,6.407174874342285,5.33374199816959e-05
0.2,1.1020341883309965e-05,1.943852694590837e-05,0.00027550853174822455,-6.551685164526106e-06,6.407174874310604,5.385815986771173e-05
0.2,1.1127934856105858e-05,1.9628307709777315e-05,0.00027819835590139327,-6.615648895250738e-06,6.407174874278296,5.438398380220393e-05
0.2,1.1236578272519373e-05,1.981994132692212e-05,0.00028091444114287164,-6.680237076693513e-06,6.4071748742453565,5.491494142137232e-05
0.2,1.1346282388162583e-05,2.0013445886980427e-05,0.0002836570438629256,-6.745455804404686e-06,6.407174874211772,5.5451082846020674e-05
0.2,1.1457057558774415e-05,2.020883965620133e-05,0.00028642642295499183,-6.811311233415257e-06,6.407174874177526,5.5992458686288606e-05
0.2,1.1568914241198156e-05,2.0406141079169577e-05,0.00028922283984011537,-6.8778095788170855e-06,6.40717487414261,5.653912004642883e-05
0.2,1.1681862994368567e-05,2.060536878054671e-05,0.00029204655849162715,-6.9449571163478776e-06,6.407174874107007,5.709111852963124e-05
0.2,1.1795914480308605e-05,2.0806541566829146e-05,0.00029489784546006173,-7.01276018298279e-06,6.407174874070705,5.764850624289408e-05
0.2,1.1911079465135882e-05,2.1009678428123496e-05,0.00029777696989831995,-7.081225177530951e-06,6.407174874033692,5.821133580194278e-05
0.2,1.2027368820078941e-05,2.1214798539939092e-05,0.0003006842035870746,-7.1503585612384e-06,6.407174873995954,5.8779660336196504e-05
0.2,1.2144793522503558e-05,2.142192126499829e-05,0.0003036198209604283,-7.220166858396389e-06,6.407174873957475,5.935353349378392e-05
0.2,1.2263364656948823e-05,2.1631066155063984e-05,0.00030658409913181576,-7.290656656955923e-06,6.407174873918241,5.99330094466067e-05
0.2,1.2383093416173597e-05,2.1842252952785425e-05,0.0003095773179201648,-7.3618346091482494e-06,6.407174873878237,6.0518142895453695e-05
0.2,1.2503991102213032e-05,2.2055501593561796e-05,0.00031259975987630976,-7.433707432111089e-06,6.407174873837446,6.110898907516434e-05
0.2,1.262606912744547e-05,2.227083220742409e-05,0.0003156517103096637,-7.506281908521313e-06,6.407174873795859,6.17056037598428e-05
0.2,1.2749339015669717e-05,2.2488265120935272e-05,0.0003187334573151498,-7.579564887233418e-06,6.407174873753452,6.230804326812259e-05
0.2,1.2873812403192843e-05,2.2707820859109053e-05,0.0003218452918003971,-7.653563283924647e-06,6.407174873710213,6.291636446848307e-05
0.2,1.2999501039928714e-05,2.292952014734755e-05,0.0003249875075132037,-7.728284081745732e-06,6.407174873666126,6.353062478461804e-05
0.2,1.3126416790506994e-05,2.3153383913397428e-05,0.000328160401069261,-7.80373433197875e-06,6.407174873621173,6.415088220085558e-05
0.2,1.325457163539323e-05,2.3379433289325593e-05,0.00033136427198015667,-7.879921154700495e-06,6.407174873575343,6.477719526763214e-05
0.2,1.3383977672019752e-05,2.360768961351396e-05,0.0003345994226816464,-7.956851739453098e-06,6.407174873528609,6.54096231070193e-05
0.2,1.3514647115927626e-05,2.3838174432673724e-05,0.00033786615856220333,-8.03453334592026e-06,6.407174873480959,6.604822541830489e-05
0.2,1.3646592301919777e-05,2.4070909503879312e-05,0.00034116478799184563,-8.112973304611331e-06,6.407174873432374,6.669306248362829e-05
0.2,1.3779825685225314e-05,2.4305916796622138e-05,0.00034449562235124514,-8.192179017550526e-06,6.4071748733828375,6.734419517367082e-05
0.2,1.3914359842675393e-05,2.4543218494884642e-05,0.000347858976061123,-8.272157958973993e-06,6.407174873332326,6.800168495340221e-05
0.2,1.4050207473890252e-05,2.4782836999234107e-05,0.0003512551666119263,-8.352917676032922e-06,6.407174873280827,6.866559388788201e-05
0.2,1.4187381402478139e-05,2.50247949289374e-05,0.00035468451459380113,-8.434465789503978e-06,6.407174873228316,6.933598464811878e-05
0.2,1.4325894577245786e-05,2.5269115124096106e-05,0.00035814734372685396,-8.516809994506277e-06,6.407174873174773,7.001292051698594e-05
0.2,1.446576007342074e-05,2.5515820647802574e-05,0.00036164398089171023,-8.599958061225336e-06,6.40717487312018,7.069646539519553e-05
0.2,1.4606991093885628e-05,2.5764934788316997e-05,0.00036517475616037077,-8.683917835644277e-06,6.407174873064516,7.138668380733017e-05
0.2,1.4749600970424436e-05,2.6016481061265716e-05,0.0003687400028273692,-8.768697240281942e-06,6.407174873007762,7.208364090793398e-05
0.2,1.4893603164981114e-05,2.6270483211861204e-05,0.00037234005744123593,-8.854304274938016e-06,6.407174872949891,7.278740248766325e-05
0.2,1.5039011270930154e-05,2.652696521714327e-05,0.00037597525983626423,-8.94074701744582e-06,6.407174872890886,7.349803497949648e-05
0.2,1.5185839014359896e-05,2.678595128824258e-05,0.0003796459531645907,-9.02803362443169e-06,6.407174872830724,7.421560546500552e-05
0.2,1.533410025536819e-05,2.7047465872666115e-05,0.0003833524839285888,-9.116172332082775e-06,6.407174872769382,7.494018168068816e-05
0.2,1.5483808989370743e-05,2.7311533656604885e-05,0.00038709520201357634,-9.205171456920702e-06,6.4071748727068325,7.567183202436191e-05
0.2,1.563497934842227e-05,2.757817956726431e-05,0.0003908744607208447,-9.295039396584702e-06,6.40717487264306,7.64106255616209e-05
0.2,1.578762560255045e-05,2.7847428775217103e-05,0.0003946906168010068,-9.385784630620204e-06,6.407174872578034,7.715663203235483e-05
0.2,1.594176216110313e-05,2.8119306696779653e-05,0.0003985440304876786,-9.477415721277047e-06,6.407174872511732,7.790992185733339e-05
0.2,1.6097403574108307e-05,2.8393838996410795e-05,0.0004024350655314774,-9.569941314313732e-06,6.40717487244413,7.867056614485236e-05
0.2,1.6254564533647772e-05,2.8671051589134776e-05,0.0004063640892343635,-9.66337013981087e-06,6.407174872375202,7.943863669744696e-05
0.2,1.641325987524392e-05,2.895097064298741e-05,0.00041033147248430954,-9.757711012991171e-06,6.40717487230492,8.021420601866936e-05
0.2,1.657350457926022e-05,2.9233622581486354e-05,0.00041433758979031384,-9.852972835048475e-06,6.407174872233262,8.099734731993317e-05
0.2,1.6735313772315288e-05,2.9519034086125344e-05,0.0004183828193177505,-9.94916459398445e-06,6.407174872160194,8.178813452742397e-05
0.2,1.6898702728710773e-05,2.980723209889279e-05,0.0004224675429240669,-1.0046295365452498e-05,6.407174872085693,8.258664228907776e-05
0.2,1.706368687187334e-05,3.0098243824815304e-05,0.00042659214619483445,-1.0144374313611868e-05,6.4071748720097315,8.339294598162827e-05
0.2,1.7230281775810393e-05,3.0392096734525375e-05,0.0004307570184801396,-1.0243410691987254e-05,6.40717487193228,8.420712171772107e-05
0.2,1.7398503166580347e-05,3.068881856685476e-05,0.00043496255293134215,-1.0343413844339463e-05,6.407174871853307,8.502924635309919e-05
0.2,1.7568366923777076e-05,3.098843733145288e-05,0.0004392091465381853,-1.044439320554245e-05,6.407174871772787,8.585939749385778e-05
0.2,1.7739889082028933e-05,3.1290981311430884e-05,0.00044349720016627207,-1.054635830247001e-05,6.407174871690684,8.66976535037701e-05
0.2,1.7913085832512324e-05,3.159647906603143e-05,0.00044782711859490395,-1.0649318754890168e-05,6.407174871606973,8.754409351168459e-05
0.2,1.8087973524480148e-05,3.1904959433324656e-05,0.00045219931055529185,-1.0753284276369165e-05,6.407174871521617,8.839879741899455e-05
0.2,1.8264568666805055e-05,3.2216451532930286e-05,0.00045661418876913784,-1.0858264675183146e-05,6.407174871434588,8.92618459071804e-05
0.2,1.844288792953799e-05,3.2530984768766724e-05,0.0004610721699875978,-1.0964269855239564e-05,6.407174871345848,9.013332044542634e-05
0.2,1.862294814548157e-05,3.28485888318263e-05,0.0004655736750306174,-1.1071309817006727e-05,6.40717487125537,9.101330329830992e-05
0.2,1.8804766311779218e-05,3.31692937029783e-05,0.0004701191288266584,-1.1179394658452802e-05,6.407174871163116,9.190187753356823e-05
0.2,1.8988359591519567e-05,3.349312965579891e-05,0.0004747089604528097,-1.128853457599365e-05,6.407174871069053,9.279912702993883e-05
0.2,1.9173745315356643e-05,3.3820127259429074e-05,0.00047934360317529223,-1.1398739865449673e-05,6.407174870973141,9.370513648507815e-05
0.2,1.9360940983145798e-05,3.415031738146006e-05,0.0004840234944903567,-1.1510020923012693e-05,6.407174870875351,9.461999142355616e-05
0.2,1.954996426559562e-05,3.448373119084719e-05,0.0004887490761655806,-1.1622388246220244e-05,6.407174870775641,9.554377820492978e-05
0.2,1.9740833005936152e-05,3.48204001608524e-05,0.0004935207942815743,-1.173585243494188e-05,6.40717487067397,9.647658403189553e-05
0.2,1.9933565221602992e-05,3.5160356072014805e-05,0.0004983390992740841,-1.1850424192372925e-05,6.4071748705703095,9.741849695852031e-05
0.2,2.0128179105938256e-05,3.5503631015150954e-05,0.0005032044459765145,-1.196611432603827e-05,6.407174870464614,9.836960589855384e-05
0.2,2.0324693029907927e-05,3.585025739438404e-05,0.0005081172936628637,-1.2082933748806529e-05,6.407174870356845,9.933000063382207e-05
0.2,2.0523125543836018e-05,3.6200267930202756e-05,0.0005130781060910761,-1.2200893479913026e-05,6.40717487024696,0.00010029977182270199
0.2,2.0723495379155676e-05,3.655369566254999e-05,0.00051808735154682,-1.232000464599347e-05,6.407174870134917,0.00010127901100867958
0.2,2.0925821450177316e-05,3.691057395394164e-05,0.0005231455028876917,-1.2440278482126524e-05,6.407174870020681,0.00010226781062899111
0.2,2.113012285587426e-05,3.727093649261625e-05,0.0005282530375878558,-1.2561726332887646e-05,6.407174869904198,0.00010326626402334981
0.2,2.133641888168536e-05,3.763481729571461e-05,0.0005334104377831107,-1.2684359653412094e-05,6.407174869785432,0.00010427446544275552
0.2,2.1544729001335656e-05,3.800225071249114e-05,0.0005386181903164041,-1.2808190010468185e-05,6.407174869664335,0.00010529251005839235
0.2,2.1755072878674593e-05,3.837327142755636e-05,0.0005438767867837903,-1.2933229083541912e-05,6.407174869540865,0.00010632049397061287
0.2,2.1967470369532232e-05,3.874791446415092e-05,0.0005491867235808331,-1.305948866593036e-05,6.407174869414968,0.00010735851421800899
0.2,2.218194152359359e-05,3.912621518745179e-05,0.0005545485019494658,-1.3186980665846997e-05,6.407174869286601,0.00010840666878657288
0.2,2.2398506586291197e-05,3.9508209307910436e-05,0.000559962628025304,-1.3315717107536577e-05,6.4071748691557175,0.00010946505661894559
0.2,2.2617186000716423e-05,3.98939328846242e-05,0.0005654296128854289,-1.3445710132401766e-05,6.407174869022264,0.00011053377762375839
0.2,2.2838000409548935e-05,4.0283422328739614e-05,0.0005709499725966244,-1.3576972000139353e-05,6.407174868886193,0.00011161293268506221
0.2,2.3060970657005513e-05,4.067671440688987e-05,0.0005765242282640957,-1.3709515089888247e-05,6.407174868747452,0.0001127026236718518
0.2,2.328611779080763e-05,4.107384624466538e-05,0.0005821529060806597,-1.3843351901388306e-05,6.407174868605988,0.0001138029534476815
0.2,2.351346306416827e-05,4.147485533011832e-05,0.0005878365373764159,-1.3978495056149978e-05,6.407174868461749,0.0001149140258803755
0.2,2.374302793779822e-05,4.187977951730141e-05,0.0005935756586689018,-1.411495729863496e-05,6.407174868314681,0.00011603594585183239
0.2,2.397483408193183e-05,4.228865702984119e-05,0.0005993708117137383,-1.4252751497449558e-05,6.407174868164726,0.00011716881926792584
0.2,2.4208903378372622e-05,4.270152646454614e-05,0.0006052225435557688,-1.4391890646546906e-05,6.407174868011831,0.0001183127530685015
0.2,2.444525792255904e-05,4.311842679505046e-05,0.0006111314065807029,-1.4532387866443533e-05,6.407174867855929,0.0001194678552374727
0.2,2.46839200256499e-05,4.353939737549255e-05,0.0006170979585672532,-1.4674256405445347e-05,6.407174867696976,0.00012063423481301265
0.2,2.4924912216630698e-05,4.3964477944230235e-05,0.0006231227627397918,-1.4817509640886442e-05,6.4071748675348985,0.00012181200189784784
0.2,2.5168257244440227e-05,4.439370862759191e-05,0.0006292063878215165,-1.4962161080379163e-05,6.407174867369646,0.0001230012676696516
0.2,2.5413978080117998e-05,4.4827129943664264e-05,0.0006353494080881347,-1.5108224363077022e-05,6.407174867201146,0.00012420214439153848
0.2,2.566209791897266e-05,4.5264782806117195e-05,0.0006415524034220758,-1.5255713260948433e-05,6.407174867029342,0.00012541474542266214
0.2,2.5912640182771495e-05,4.570670852806569e-05,0.0006478159593672256,-1.5404641680063197e-05,6.4071748668541675,0.00012663918522891516
0.2,2.616562852195158e-05,4.6152948825970166e-05,0.0006541406671842082,-1.5555023661891822e-05,6.407174866675554,0.00012787557939373593
0.2,2.6421086817852e-05,4.660354582357371e-05,0.000660527123906188,-1.570687338461565e-05,6.4071748664934365,0.00012912404462901735
0.2,2.667903918496839e-05,4.705854205587892e-05,0.0006669759323952362,-1.586020516445177e-05,6.407174866307747,0.00013038469878612553
0.2,2.693950997322921e-05,4.751798047316285e-05,0.0006734877013992342,-1.6015033456987223e-05,6.407174866118411,0.00013165766086702392
0.2,2.7202523770294316e-05,4.798190444503153e-05,0.0006800630456093405,-1.61713728585303e-05,6.407174865925364,0.00013294305103550723
0.2,2.746810540387595e-05,4.845035776451383e-05,0.0006867025857180127,-1.6329238107469897e-05,6.407174865728524,0.00013424099062854397
0.2,2.773627994408235e-05,4.892338465219532e-05,0.0006934069484776,-1.64886440856519e-05,6.407174865527827,0.00013555160216773064
0.2,2.8007072705784516e-05,4.940102976039295e-05,0.0007001767667595095,-1.6649605819765985e-05,6.407174865323189,0.0001368750093708578
0.2,2.828050925100553e-05,4.988333817736953e-05,0.0007070126796139405,-1.6812138482746352e-05,6.407174865114537,0.00013821133716358756
0.2,2.855661539133375e-05,5.0370355431590275e-05,0.0007139153323302138,-1.6976257395186675e-05,6.407174864901789,0.00013956071169124714
0.2,2.883541719035928e-05,5.086212749602049e-05,0.0007208853764976836,-1.7141978026766725e-05,6.407174864684866,0.00014092326033073626
0.2,2.911694096613432e-05,5.1358700792465276e-05,0.0007279234700672445,-1.7309315997693534e-05,6.407174864463689,0.0001422991117025511
0.2,2.9401213293657488e-05,5.186012219595159e-05,0.0007350302774134403,-1.74782870801572e-05,6.407174864238173,0.0001436883956829258
0.2,2.968826100738238e-05,5.236643903915301e-05,0.0007422064693971775,-1.7648907199797277e-05,6.40717486400823,0.00014509124341609202
0.2,2.9978111203750875e-05,5.2877699116858245e-05,0.0007494527234290585,-1.7821192437187412e-05,6.4071748637737755,0.00014650778732665985
0.2,3.027079124375063e-05,5.339395069048215e-05,0.0007567697235333159,-1.799515902932986e-05,6.407174863534722,0.00014793816113211638
0.2,3.056632875549809e-05,5.3915242492621884e-05,0.0007641581604123909,-1.817082337116685e-05,6.407174863290977,0.00014938249985544944
0.2,3.086475163684645e-05,5.444162373165703e-05,0.0007716187315121286,-1.8348202017104885e-05,6.40717486304245,0.00015084093983789307
0.2,3.116608805801912e-05,5.4973144096394725e-05,0.0007791521410876177,-1.8527311682554404e-05,6.407174862789044,0.00015231361875179785
0.2,3.147036646426893e-05,5.5509853760760094e-05,0.0007867591002696664,-1.8708169245482718e-05,6.407174862530669,0.00015380067561362643
0.2,3.177761557856325e-05,5.6051803388532596e-05,0.0007944403271319345,-1.8890791747982433e-05,6.4071748622672215,0.000155302250797077
0.2,3.208786440429531e-05,5.65990441381283e-05,0.0008021965467587108,-1.907519639785467e-05,6.407174861998606,0.0001568184860463326
0.2,3.240114222802227e-05,5.715162766742967e-05,0.0008100284913133695,-1.9261400570206715e-05,6.40717486172472,0.0001583495244894439
0.2,3.271747862222941e-05,5.7709606138661106e-05,0.0008179369001074699,-1.9449421809064466e-05,6.407174861445459,0.00015989551065183715
0.2,3.3036903448121944e-05,5.827303222331348e-05,0.0008259225196705556,-1.9639277829001338e-05,6.407174861160719,0.000161456590469959
0.2,3.335944685844376e-05,5.884195910711596e-05,0.000833986103820619,-1.9830986516780912e-05,6.407174860870391,0.0001630329113050516
0.2,3.368513930032373e-05,5.941644049505661e-05,0.0008421284137352608,-2.0024565933015444e-05,6.407174860574369,0.00016462462195706318
0.2,3.40140115181498e-05,5.999653061645187e-05,0.0008503502180235402,-2.022003431384011e-05,6.407174860272539,0.00016623187267869412
0.2,3.434609455647139e-05,6.058228423006611e-05,0.0008586522927985361,-2.041741007260372e-05,6.407174859964785,0.00016785481518958166
0.2,3.468141976292955e-05,6.117375662928e-05,0.0008670354217505991,-2.061671180157327e-05,6.407174859650992,0.00016949360269061966
0.2,3.502001879121631e-05,6.177100364731043e-05,0.0008755003962213344,-2.0817958273655957e-05,6.407174859331041,0.00017114838987842158
0.2,3.536192360406265e-05,6.2374081662481e-05,0.0008840480152783023,-2.1021168444136688e-05,6.407174859004814,0.0001728193329599233
0.2,3.5707166476255696e-05,6.298304760354393e-05,0.0008926790857904466,-2.122636145243233e-05,6.407174858672186,0.00017450658966712855
0.2,3.6055779997685316e-05,6.359795895505381e-05,0.0009013944225042569,-2.1433556623860864e-05,6.407174858333029,0.00017621031927199778
0.2,3.640779707642057e-05,6.421887376279427e-05,0.0009101948481206837,-2.1642773471429538e-05,6.407174857987219,0.000177930682601484
0.2,3.6763250941816006e-05,6.484585063925688e-05,0.0009190811933727904,-2.1854031697636782e-05,6.407174857634623,0.00017966784205271288
0.2,3.712217514764874e-05,6.547894876917471e-05,0.0009280542971041828,-2.2067351196292643e-05,6.407174857275109,0.00018142196160831465
0.2,3.7484603575285376e-05,6.611822791510841e-05,0.0009371150063481812,-2.228275205435569e-05,6.407174856908542,0.00018319320685190155
0.2,3.7850570436880605e-05,6.676374842308797e-05,0.0009462641764077819,-2.250025455378691e-05,6.40717485653478,0.00018498174498369905
0.2,3.822011027860665e-05,6.74155712283093e-05,0.0009555026709363962,-2.2719879173420443e-05,6.407174856153686,0.00018678774483632963
0.2,3.859325798391431e-05,6.807375786088612e-05,0.0009648313620193742,-2.294164659085249e-05,6.407174855765113,0.00018861137689074942
0.2,3.8970048776825896e-05,6.873837045165837e-05,0.0009742511302563268,-2.316557768434624e-05,6.4071748553689165,0.00019045281329234127
0.2,3.935051822526013e-05,6.940947173805696e-05,0.000983762864844249,-2.3391693534756303e-05,6.407174854964946,0.00019231222786716468
0.2,3.9734702244390035e-05,7.008712507002654e-05,0.0009933674636614634,-2.362001542746855e-05,6.407174854553049,0.0001941897961383653
0.2,4.012263710003269e-05,7.077139441600484e-05,0.0010030658333523693,-2.385056485436024e-05,6.4071748541330695,0.0001960856953427425
0.2,4.0514359412072944e-05,7.14623443689614e-05,0.0010128588894130265,-2.4083363515775918e-05,6.40717485370485,0.00019800010444748025
0.2,4.090990615792017e-05,7.216004015249504e-05,0.0010227475562775794,-2.4318433322522477e-05,6.407174853268227,0.0001999332041670418
0.2,4.1309314675998793e-05,7.286454762699074e-05,0.001032732767405518,-2.4555796397884188e-05,6.407174852823038,0.000201885176980228
0.2,4.171262266927293e-05,7.357593329583654e-05,0.0010428154653697916,-2.4795475079652114e-05,6.407174852369113,0.00020385620714740305
0.2,4.2119868208805455e-05,7.429426431170137e-05,0.0010529966019457852,-2.503749192217612e-05,6.407174851906284,0.00020584648072788763
0.2,4.2531089737351674e-05,7.501960848287384e-05,0.0010632771382011598,-2.5281869698433466e-05,6.40717485143437,0.00020785618559752243
0.2,4.2946326072988575e-05,7.575203427966381e-05,0.0010736580445865856,-2.552863140211614e-05,6.407174850953198,0.00020988551146640464
0.2,4.336561641277863e-05,7.649161084086487e-05,0.0010841403010273317,-2.57778002497395e-05,6.407174850462583,0.00021193464989679344
0.2,4.3789000336470195e-05,7.723840798028135e-05,0.0010947248970157785,-2.6029399682766248e-05,6.407174849962343,0.00021400379432119453
0.2,4.421651781023365e-05,7.799249619331843e-05,0.0011054128317048166,-2.6283453369753624e-05,6.407174849452287,0.00021609314006061878
0.2,4.464820919043407e-05,7.875394666363675e-05,0.001116205114002167,-2.6539985208516637e-05,6.4071748489322236,0.00021820288434302074
0.2,4.50841152274407e-05,7.952283126987175e-05,0.001127102762665614,-2.679901932831452e-05,6.407174848401954,0.00022033322632191574
0.2,4.552427706947396e-05,8.029922259241931e-05,0.001138106806399178,-2.706058009205311e-05,6.407174847861285,0.0002224843670951802
0.2,4.596873626648922e-05,8.108319392028633e-05,0.0011492182839502115,-2.732469209850915e-05,6.40717484731,0.00022465650972403322
0.2,4.6417534774099365e-05,8.187481925800959e-05,0.0011604382442074596,-2.7591380184575967e-05,6.407174846747902,0.00022684985925220614
0.2,4.687071495753512e-05,8.267417333264129e-05,0.001171767746300069,-2.7860669427525292e-05,6.407174846174774,0.00022906462272529764
0.2,4.732831959564428e-05,8.348133160080321e-05,0.0011832078596975657,-2.813258514729393e-05,6.4071748455904,0.00023130100921031816
0.2,4.779039188492984e-05,8.429637025580947e-05,0.0011947596643108079,-2.8407152908787768e-05,6.407174844994561,0.00023355922981542558
0.2,4.8256975443627666e-05,8.5119366234859e-05,0.001206424250593925,-2.8684398524207546e-05,6.407174844387031,0.0002358394977098525
0.2,4.872811431582379e-05,8.595039722629801e-05,0.0012182027196472498,-2.8964348055394933e-05,6.40717484376758,0.00023814202814402902
0.2,4.920385297561245e-05,8.678954167695421e-05,0.0012300961833212692,-2.9247027816200433e-05,6.407174843135974,0.0002404670384699031
0.2,4.968423633129373e-05,8.763687879954091e-05,0.0012421057643215582,-2.9532464374872063e-05,6.4071748424919726,0.00024281474816145526
0.2,5.0169309729613126e-05,8.849248858013519e-05,0.0012542325963147767,-2.982068455646373e-05,6.407174841835337,0.00024518537883541847
0.2,5.065911896004209e-05,8.93564517857281e-05,0.0012664778240356713,-3.011171544526598e-05,6.407174841165817,0.00024757915427219685
0.2,5.11537102591004e-05,9.022884997184894e-05,0.0012788426033951408,-3.0405584387260694e-05,6.407174840483162,0.0002499963004369908
0.2,5.165313031472071e-05,9.11097654902637e-05,0.0012913281015893435,-3.070231899259156e-05,6.40717483978711,0.0002524370455011266
0.2,5.215742627065573e-05,9.199928149674875e-05,0.0013039354972098757,-3.1001947138062285e-05,6.407174839077399,0.0002549016198635949
0.2,5.266664573092879e-05,9.289748195894121e-05,0.0013166659803550379,-3.130449696965381e-05,6.4071748383537654,0.00025739025617280224
0.2,5.318083676432693e-05,9.380445166426411e-05,0.001329520752742155,-3.160999690506323e-05,6.407174837615932,0.00025990318934852847
0.2,5.370004790893888e-05,9.472027622793078e-05,0.0013425010278210238,-3.191847563626547e-05,6.407174836863622,0.0002624406566041046
0.2,5.422432817673675e-05,9.564504210102659e-05,0.0013556080308884603,-3.222996213209905e-05,6.4071748360965515,0.0002650028974688054
0.2,5.475372705820269e-05,9.657883657866952e-05,0.0013688429992039543,-3.254448564087038e-05,6.407174835314427,0.00026759015381045895
0.2,5.528829452700056e-05,9.752174780825067e-05,0.0013822071821064665,-3.2862075692985095e-05,6.407174834516957,0.0002702026698582792
0.2,5.5828081044693385e-05,9.847386479775511e-05,0.0013957018411323598,-3.318276210359829e-05,6.407174833703843,0.00027284069222592024
0.2,5.637313756550656e-05,9.943527742416362e-05,0.0014093282501344766,-3.3506574975290606e-05,6.4071748328747695,0.00027550446993475467
0.2,5.6923515541138314e-05,0.00010040607644193784,0.0014230876954023997,-3.3833544700765523e-05,6.4071748320294315,0.000278194254437384
0.2,5.7479266925615884e-05,0.00010138635349158578,0.0014369814757838528,-3.416370196556972e-05,6.407174831167506,0.00028091029964137014
0.2,5.804044418020025e-05,0.00010237620110831338,0.0014510109028073178,-3.4497077750838366e-05,6.407174830288669,0.00028365286193320706
0.2,5.860710027833825e-05,0.00010337571273075924,0.0014651773008058332,-3.483370333606245e-05,6.407174829392586,0.0002864222002025213
0.2,5.917928871066308e-05,0.00010438498270981502,0.0014794820070420068,-3.517361030187858e-05,6.4071748284789205,0.0002892185758665113
0.2,5.975706349004355e-05,0.00010540410631753165,0.001493926371834242,-3.551683053288577e-05,6.407174827547328,0.00029204225289462295
0.2,6.034047915668319e-05,0.0001064331797561135,0.0015085117586842128,-3.5863396220482604e-05,6.407174826597455,0.0002948934978334702
0.2,6.0929590783268015e-05,0.00010747230016699847,0.0015232395444055573,-3.62133398657303e-05,6.407174825628947,0.00029777257983199315
0.2,6.152445398016564e-05,0.00010852156564002847,0.00153811111925385,-3.656669428223931e-05,6.407174824641436,0.00030067977066686625
0.2,6.212512490067462e-05,0.00010958107522270877,0.0015531278870578342,-3.692349259907842e-05,6.407174823634546,0.00030361534476815367
0.2,6.273166024632523e-05,0.00011065092892955775,0.0015682912653519365,-3.7283768263712015e-05,6.407174822607902,0.000306579579245214
0.2,6.334411727223178e-05,0.00011173122775154788,0.0015836026855100738,-3.76475550449569e-05,6.40717482156111,0.00030957275391285845
0.2,6.396255379249749e-05,0.0001128220736656391,0.0015990635928807698,-3.801488703596857e-05,6.407174820493783,0.0003125951513177652
0.2,6.458702818567168e-05,0.00011392356964440474,0.0016146754469235824,-3.838579865724593e-05,6.40717481940551,0.0003156470567651495
0.2,6.521759940026116e-05,0.00011503581966575293,0.0016304397213468857,-3.87603246596687e-05,6.407174818295884,0.0003187287583456987
0.2,6.585432696029396e-05,0.00011615892872274021,0.0016463579042469577,-3.913850012755069e-05,6.4071748171644884,0.0003218405469627631
0.2,6.649727097093877e-05,0.0001172930028334837,0.0016624314982484633,-3.9520360481725946e-05,6.407174816010892,0.00032498271635981893
0.2,6.714649212417854e-05,0.00011843814905116845,0.0016786620206462916,-3.99059414826542e-05,6.407174814834659,0.00032815556314819594
0.2,6.780205170453957e-05,0.00011959447547415306,0.0016950510035487797,-4.029527923355462e-05,6.407174813635347,0.00033135938683507735
0.2,6.84640115948766e-05,0.00012076209125617363,0.0017115999940223322,-4.068841018356379e-05,6.407174812412505,0.00033459448985177087
0.2,6.913243428221472e-05,0.00012194110661664832,0.0017283105542374685,-4.108537113091727e-05,6.4071748111656674,0.00033786117758226005
0.2,6.980738286364727e-05,0.00012313163285108047,0.0017451842616162648,-4.148619922616081e-05,6.407174809894364,0.00034115975839202854
0.2,7.048892105229253e-05,0.00012433378234156544,0.0017622227089812658,-4.189093197538087e-05,6.407174808598118,0.0003444905436571701
0.2,7.117711318330789e-05,0.00012554766856739898,0.001779427504705839,-4.2299607243467935e-05,6.407174807276437,0.0003478538477937825
0.2,7.187202421996289e-05,0.0001267734061157891,0.001796800272865988,-4.271226325739788e-05,6.40717480592882,0.00035124998828764544
0.2,7.257371975977161e-05,0.00012801111069267313,0.001814342653393666,-4.3128938609544645e-05,6.407174804554764,0.0003546792857241924
0.2,7.328226604068485e-05,0.00012926089913363966,0.001832056302231569,-4.3549672261015064e-05,6.407174803153748,0.0003581420638187713
0.2,7.399772994734259e-05,0.00013052288941495731,0.0018499428914894446,-4.3974503545011876e-05,6.407174801725238,0.0003616386494472018
0.2,7.472017901738839e-05,0.00013179720066471253,0.0018680041096019492,-4.440347217022182e-05,6.407174800268705,0.00036516937267663547
0.2,7.544968144784377e-05,0.0001330839531740531,0.0018862416614879953,-4.4836618224227496e-05,6.407174798783589,0.0003687345667967066
0.2,7.618630610154646e-05,0.00013438326840854457,0.0019046572687117114,-4.527398217694929e-05,6.407174797269331,0.0003723345683509989
0.2,7.693012251365063e-05,0.00013569526901963566,0.0019232526696449331,-4.571560488410795e-05,6.407174795725366,0.0003759697171688116
0.2,7.768120089819088e-05,0.0001370200788562366,0.001942029619631305,-4.616152759071728e-05,6.4071747941511035,0.00037964035639724016
0.2,7.843961215471017e-05,0.00013835782297640965,0.0019609898911519645,-4.6611791934602576e-05,6.407174792545953,0.00038334683253356586
0.2,7.920542787495236e-05,0.0001397086276591742,0.001980135273992857,-4.706643994994146e-05,6.4071747909093055,0.00038708949545796564
0.2,7.997872034962095e-05,0.00014107262041642817,0.0019994675754136933,-4.75255140708348e-05,6.407174789240546,0.00039086869846654155
0.2,8.075956257520211e-05,0.00014244993000498305,0.0020189886203185185,-4.798905713489972e-05,6.407174787539044,0.00039468479830466626
0.2,8.154802826085596e-05,0.00014384068643871927,0.0020387002514279905,-4.84571123868936e-05,6.4071747858041554,0.00039853815520066215
0.2,8.234419183537436e-05,0.00014524502100085888,0.0020586043294533152,-4.892972348235892e-05,6.4071747840352264,0.00040242913289980514
0.2,8.314812845420674e-05,0.00014666306625635818,0.002078702733271884,-4.940693449129615e-05,6.407174782231587,0.0004063580986986599
0.2,8.395991400655459e-05,0.00014809495606442168,0.002098997360104633,-4.988878990186366e-05,6.407174780392561,0.00041032542347975366
0.2,8.47796251225351e-05,0.00014954082559113767,0.002119490125695123,-5.037533462410185e-05,6.407174778517449,0.0004143314817465843
0.2,8.56073391804147e-05,0.0001510008113222374,0.002140182964490368,-5.0866613993682615e-05,6.407174776605542,0.00041837665165897226
0.2,8.644313431391401e-05,0.00015247505107598015,0.0021610778298234564,-5.13626737756871e-05,6.407174774656126,0.00042246131506876145
0.2,8.728708941958241e-05,0.00015396368401616087,0.002182176694097902,-5.186356016840525e-05,6.407174772668458,0.00042658585755585916
0.2,8.813928416424627e-05,0.00015546685066524822,0.0022034815489738457,-5.236931980716558e-05,6.40717477064179,0.0004307506684646376
0.2,8.899979899252917e-05,0.00015698469291764903,0.002224994405556048,-5.28799997681869e-05,6.407174768575356,0.00043495614094068557
0.2,8.986871513444556e-05,0.00015851735405310265,0.0022467172945837203,-5.339564757245482e-05,6.407174766468376,0.00043920267196791943
0.2,9.074611461306847e-05,0.000160064978750206,0.0022686522666222164,-5.391631118962771e-05,6.407174764320054,0.00044349066240605817
0.2,9.163208025227297e-05,0.00016162771310007187,0.0022908013922565986,-5.444203904196428e-05,6.407174762129578,0.00044782051702846483
0.2,9.252669568455346e-05,0.00016320570462011774,0.00231316676228707,-5.4972880008276896e-05,6.407174759896124,0.0004521926445603525
0.2,9.343004535891892e-05,0.000164799102267992,0.002335750487926338,-5.5508883427909356e-05,6.407174757618845,0.00045660745771736817
0.2,9.434221454886462e-05,0.00016640805645563509,0.002358554700998899,-5.605009910474219e-05,6.407174755296883,0.00046106537324455254
0.2,9.526328936042154e-05,0.00016803271906347752,0.0023815815541422627,-5.6596577311215846e-05,6.407174752929363,0.00046556681195567836
0.2,9.61933567402846e-05,0.0001696732434547774,0.0024048332210101515,-5.714836879238907e-05,6.407174750515391,0.00047011219877297493
0.2,9.71325044840202e-05,0.00017132978449009708,0.002428311896477667,-5.77055247700079e-05,6.407174748054052,0.00047470196276723866
0.2,9.808082124435352e-05,0.00017300249854192135,0.0024520197968484723,-5.8268096946610894e-05,6.407174745544416,0.00047933653719833537
0.2,9.903839653953805e-05,0.00017469154350941986,0.002475959160064011,-5.8836137509649125e-05,6.407174742985542,0.00048401635955610276
0.2,0.00010000532076180448,0.0001763970788333502,0.002500132245914717,-5.940969913563524e-05,6.407174740376458,0.0004887418716016414
0.2,0.00010098168518589438,0.0001781192655111101,0.002524541336253345,-5.9988834994312234e-05,6.407174737716179,0.0004935135194090205
0.2,0.00010196758197767599,0.00017985826611193468,0.002549188735210355,-6.057359875284603e-05,6.4071747350037045,0.0004983317534073843
0.2,0.0001029631042028444,0.0001816142447922424,0.0025740767694113972,-6.116404458004231e-05,6.407174732238009,0.0005031970284234715
0.2,0.00010396834583570665,0.000183387367311131,0.0025992077881969292,-6.17602271505833e-05,6.4071747294180454,0.0005081098037245487
0.2,0.00010498340176805289,0.000185177801046025,0.002624584163843979,-6.236220164928638e-05,6.407174726542752,0.0005130705430617657
0.2,0.00010600836781811332,0.00018698571500847474,0.0026502082917900568,-6.297002377538532e-05,6.407174723611039,0.0005180797147139296
0.2,0.00010704334073960385,0.00018881127986011172,0.002676082590859274,-6.358374974683305e-05,6.407174720621805,0.0005231377915317111
0.2,0.00010808841823085869,0.0001906546679287574,0.0027022095034906508,-6.420343630462556e-05,6.40717471757392,0.0005282452509822788
0.2,0.00010914369894405318,0.00019251605322469104,0.0027285914959686622,-6.482914071713961e-05,6.4071747144662305,0.0005334025751943699
0.2,0.00011020928249451616,0.00019439561145707566,0.002755231058656038,-6.546092078450257e-05,6.407174711297567,0.0005386102510038042
0.2,0.00011128526947013321,0.00019629352005054408,0.0027821307062288196,-6.609883484296883e-05,6.4071747080667265,0.0005438687699994366
0.2,0.00011237176144084238,0.00019820995816194836,0.002809292977913742,-6.674294176932482e-05,6.407174704772495,0.0005491786285695653
0.2,0.00011346886096822121,0.00020014510669726996,0.002836720437727888,-6.73933009853057e-05,6.407174701413629,0.0005545403279487856
0.2,0.0001145766716151692,0.00020209914832869835,0.0028644156747207263,-6.804997246203418e-05,6.407174697988859,0.0005599543742653073
0.2,0.00011569529795568295,0.00020407226751187343,0.0028923813032184806,-6.871301672447344e-05,6.40717469449689,0.0005654212785887303
0.2,0.00011682484558472825,0.00020606465050329833,0.0029206199630709014,-6.938249485590015e-05,6.4071746909364045,0.0005709415569782883
0.2,0.00011796542112820762,0.00020807648537792112,0.002949134319900442,-7.005846850238809e-05,6.407174687306055,0.0005765157305315634
0.2,0.00011911713225302565,0.00021010796204688873,0.0029779270653538677,-7.074099987731403e-05,6.407174683604482,0.0005821443254336766
0.2,0.00012028008767725216,0.00021215927227547347,0.0030070009173563113,-7.14301517658728e-05,6.407174679830276,0.0005878278730069553
0.2,0.00012145439718038536,0.00021423060970117603,0.003036358620367831,-7.21259875296071e-05,6.4071746759820165,0.000593566909761093
0.2,0.00012264017161371435,0.0002163221698520036,0.00306600294564245,-7.282857111095318e-05,6.407174672058251,0.0005993619774437904
0.2,0.00012383752291078297,0.00021843415016492684,0.0030959366914897323,-7.353796703779661e-05,6.407174668057497,0.0006052136230918958
0.2,0.00012504656409795636,0.00022056675000451778,0.003126162683538912,-7.425424042803806e-05,6.4071746639782425,0.0006111223990830432
0.2,0.0001262674093050901,0.0002227201706817691,0.003156683775005608,-7.497745699417525e-05,6.40717465981895,0.0006170888631877954
0.2,0.00012750017377630385,0.00022489461547309732,0.0031875028469611306,-7.570768304788812e-05,6.407174655578052,0.0006231135786222961
0.2,0.00012874497388085985,0.00022709028963953124,0.0032186228086044243,-7.644498550463637e-05,6.407174651253938,0.000629197114101435
0.2,0.00013000192712414835,0.0002293074004460886,0.0032500465975366694,-7.718943188826599e-05,6.407174646844983,0.0006353400438925339
0.2,0.00013127115215877882,0.00023154615718134008,0.003281777180038541,-7.794109033561962e-05,6.407174642349522,0.0006415429478695533
0.2,0.00013255276879578154,0.00023380677117716683,0.0033138175513502087,-7.870002960115165e-05,6.407174637765853,0.0006478064115678338
0.2,0.00013384689801591645,0.00023608945582870842,0.003346170735954038,-7.946631906155597e-05,6.40717463309225,0.0006541310262393651
0.2,0.0001351536619810938,0.0002383944266145072,0.0033788397878600743,-8.024002872038434e-05,6.407174628326948,0.0006605173889086018
0.2,0.0001364731840459059,0.0002407219011168488,0.0034118277908942955,-8.102122921268164e-05,6.407174623468144,0.0006669661024288176
0.2,0.00013780558876927112,0.000243072099042301,0.003445137858989693,-8.180999180960993e-05,6.4071746185140075,0.0006734777755390146
0.2,0.00013915100192619253,0.00024544524224245397,0.0034787731364801936,-8.260638842307718e-05,6.407174613462668,0.0006800530229213867
0.2,0.00014050955051962973,0.00024784155473486113,0.0035127367983974213,-8.3410491610367e-05,6.407174608312218,0.0006866924652593411
0.2,0.00014188136279248857,0.0002502612627241874,0.0035470320507704108,-8.422237457876264e-05,6.407174603060706,0.0006933967292960917
0.2,0.00014326656823972602,0.00025270459462356054,0.0035816621309281878,-8.504211119016382e-05,6.407174597706161,0.0007001664478938194
0.2,0.00014466529762057455,0.0002551717810761335,0.0036166303078053364,-8.586977596570361e-05,6.407174592246553,0.0007070022600934127
0.2,0.00014607768297088535,0.0002576630549768564,0.00365193988225055,-8.670544409035343e-05,6.407174586679824,0.0007139048111747921
0.2,0.000147503857615592,0.0002601786514944606,0.0036875941873381734,-8.754919141752132e-05,6.407174581003872,0.0007208747527178205
0.2,0.00014894395618129643,0.00026271880809365915,0.0037235965886828195,-8.840109447363826e-05,6.407174575216551,0.0007279127426638141
0.2,0.0001503981146089763,0.00026528376455756065,0.003759950484757004,-8.92612304627292e-05,6.407174569315684,0.0007350194453776441
0.2,0.00015186647016681863,0.00026787376301030627,0.003796659307211942,-9.012967727097929e-05,6.407174563299032,0.0007421955317104563
0.2,0.00015334916146317638,0.0002704890479399236,0.0038337265212014223,-9.100651347126884e-05,6.407174557164334,0.0007494416790629924
0.2,0.0001548463284596533,0.00027312986622140655,0.003871155625708881,-9.189181832770569e-05,6.407174550909268,0.0007567585714495379
0.2,0.0001563581124843158,0.00027579646714001956,0.003908950153877642,-9.278567180012622e-05,6.407174544531472,0.0007641468995624887
0.2,0.0001578846562450336,0.0002784891024148287,0.003947113673344399,-9.368815454857861e-05,6.40717453802854,0.0007716073608375505
0.2,0.00015942610384295174,0.00028120802622246454,0.003985649786575947,-9.459934793778151e-05,6.407174531398018,0.000779140659519577
0.2,0.00016098260078609193,0.0002839534952211135,0.004024562131209183,-9.551933404155579e-05,6.4071745246374014,0.0007867475067290431
0.2,0.00016255429400308962,0.00028672576857474783,0.004063854380394459,-9.644819564722518e-05,6.407174517744135,0.0007944286205291782
0.2,0.00016414133185706234,0.00028952510797758814,0.004103530243142251,-9.738601625998757e-05,6.407174510715622,0.000802184725993744
0.2,0.00016574386415961538,0.00029235177767880725,0.004143593464673238,-9.833288010725534e-05,6.4071745035492045,0.0008100165552754817
0.2,0.00016736204218498345,0.00029520604450747437,0.004184047826771779,-9.928887214294722e-05,6.407174496242179,0.0008179248476752233
0.2,0.00016899601868431048,0.00029808817789774293,0.004224897148142854,-0.00010025407805175856,6.407174488791784,0.0008259103497116812
0.2,0.00017064594790006874,0.0003009984499142842,0.004266145284772483,-0.00010122858425337243,6.4071744811952085,0.0008339738151919147
0.2,0.00017231198558061926,0.0003039371352779696,0.004307796130291664,-0.00010221247790663873,6.407174473449588,0.0008421160052824885
0.2,0.00017399428899491384,0.00030690451139180357,0.004349853616343858,-0.00010320584691369649,6.407174465551992,0.0008503376885813244
0.2,0.0001756930169473403,0.0003099008583671086,0.004392321712956058,-0.00010420877992405084,6.407174457499446,0.0008586396411902525
0.2,0.00017740832979271367,0.00031292645904996773,0.004435204428913495,-0.0001052213663385905,6.407174449288902,0.000867022646788273
0.2,0.00017914038945141304,0.000315981599047924,0.004478505812137988,-0.00010624369631355581,6.407174440917267,0.0008754874967055343
0.2,0.00018088935942466643,0.0003190665667569412,0.00452222995006999,-0.00010727586076443425,6.407174432381376,0.000884034989998032
0.2,0.0001826554048099845,0.00032218165338862657,0.004566380970054353,-0.00010831795136980343,6.4071744236780095,0.0008926659335230329
0.2,0.00018443869231674604,0.0003253271529977221,0.004610963039729893,-0.0001093700605750973,6.407174414803879,0.0009013811420152469
0.2,0.00018623939028193366,0.00032850336250985987,0.00465598036742269,-0.00011043228159630499,6.407174405755635,0.0009101814381637266
0.2,0.00018805766868602557,0.00033171058174959347,0.004701437202543315,-0.00011150470842359013,6.407174396529866,0.0009190676526895352
0.2,0.0001898936991690401,0.00033494911346869816,0.00474733783598784,-0.00011258743582483627,6.4071743871230815,0.0009280406244241557
0.2,0.0001917476550467387,0.00033821926337475105,0.004793686600542833,-0.00011368055934909903,6.407174377531735,0.0009371012003886775
0.2,0.00019361971132698616,0.0003415213401599885,0.004840487871294277,-0.00011478417532998221,6.407174367752209,0.0009462502358737533
0.2,0.00019551004472627073,0.0003448556555304453,0.0048877460660404675,-0.00011589838088890547,6.4071743577808045,0.0009554885945203314
0.2,0.00019741883368638638,0.0003482225242353801,0.004935465645708982,-0.00011702327393829122,6.407174347613758,0.0009648171484011874
0.2,0.00019934625839127575,0.0003516222640969845,0.004983651114777653,-0.00011815895318463513,6.4071743372472385,0.000974236778103236
0.2,0.00020129250078404064,0.0003550551960403868,0.005032307021699717,-0.00011930551813147717,6.407174326677324,0.0009837483728106628
0.2,0.0002032577445841154,0.00035852164412394406,0.005081437959333062,-0.0001204630690822615,6.407174315900029,0.000993352830388855
0.2,0.0002052421753046104,0.00036202193556983387,0.005131048565373694,-0.00012163170714306985,6.407174304911283,0.001003051057469161
0.2,0.00020724598026982365,0.00036555640079494195,0.005181143522793412,-0.00012281153422524275,6.40717429370694,0.001012843969534468
0.2,0.00020926934863292333,0.00036912537344205277,0.0052317275602817735,-0.00012400265304786606,6.407174282282767,0.0010227324910056252
0.2,0.00021131247139380437,0.00037272919041134536,0.005282805452692368,-0.00012520516714012127,6.407174270634455,0.0010327175553287052
0.2,0.00021337554141711662,0.00037636819189219324,0.005334382021493415,-0.00012641918084350384,6.4071742587576015,0.0010428001050631127
0.2,0.00021545875345047236,0.00038004272139527997,0.005386462135222828,-0.00012764479931388266,6.407174246647728,0.0010529810919705682
0.2,0.00021756230414282857,0.00038375312578502294,0.005439050709947624,-0.00012888212852341953,6.407174234300261,0.0010632614771049406
0.2,0.00021968639206305067,0.00038749975531231754,0.005492152709727902,-0.00013013127526231773,6.407174221710543,0.0010736422309029737
0.2,0.00022183121771865669,0.0003912829636475996,0.0055457731470853035,-0.000131392347140413,6.407174208873815,0.0010841243332758899
0.2,0.0002239969835747444,0.00039510310791423,0.005599917083476051,-0.0001326654525885832,6.407174195785235,0.0010947087737018897
0.2,0.0002261838940731042,0.0003989605487222077,0.00565458962976862,-0.00013395070085998423,6.407174182439862,0.0011053965513195588
0.2,0.00022839215565151634,0.00040285565020220727,0.005709795946726029,-0.00013524820203109374,6.40717416883266,0.001116188675022175
0.2,0.00023062197676323976,0.00040678878003995477,0.005765541245492898,-0.0001365580670025576,6.407174154958493,0.0011270861635529548
0.2,0.00023287356789668788,0.0004107603095109333,0.005821830788087188,-0.0001378804074998399,6.407174140812117,0.001138090045601208
0.2,0.00023514714159529902,0.0004147706135154318,0.005878669887896798,-0.00013921533607364703,6.407174126388199,0.0011492013598994493
0.2,0.00023744291247759962,0.0004188200706139338,0.005936063910180978,-0.00014056296610014511,6.407174111681288,0.001160421155321448
0.2,0.0002397610972574635,0.00042290906306285237,0.0059940182725766395,-0.00014192341178094204,6.407174096685839,0.0011717504909812394
0.2,0.00024210191476456885,0.0004270379768506136,0.006052538445609598,-0.00014329678814282745,6.40717408139619,0.0011831904363330988
0.2,0.0002444655859650561,0.0004312072017340939,0.0061116299532108405,-0.00014468321103727142,6.407174065806567,0.0011947420712724991
0.2,0.00024685233398238476,0.0004354171312754091,0.006171298373237747,-0.0001460827971396581,6.40717404991109,0.0012064064862380398
0.2,0.00024926238411839723,0.0004396681628790684,0.0062315493380005115,-0.00014749566394825926,6.407174033703754,0.0012181847823143908
0.2,0.0002516959638745854,0.0004439606978294855,0.006292388534793587,-0.00014892192978292773,6.4071740171784395,0.0012300780713362216
0.2,0.0002541533029735668,0.00044829514132885967,0.0063538217064323926,-0.00015036171378349233,6.407174000328919,0.0012420874759931594
0.2,0.00025663463338076965,0.00045267190253542566,0.006415854651795225,-0.0001518151359078753,6.407173983148824,0.0012542141299357653
0.2,0.000259140189326329,0.0004570913946020756,0.006478493226370453,-0.00015328231692987327,6.4071739656316735,0.0012664591778825459
0.2,0.00026167020732719906,0.00046155403471536153,0.006541743342809079,-0.00015476337843663683,6.407173947770854,0.0012788237757280134
0.2,0.00026422492620947736,0.00046606024413487315,0.006605610971482633,-0.00015625844282580025,6.407173929559628,0.0012913090906517904
0.2,0.0002668045871309515,0.00047061044823300675,0.006670102141046593,-0.0001577676333022786,6.40717391099111,0.0013039163012287971
0.2,0.0002694094336038618,0.00047520507653511595,0.0067352229390092114,-0.00015929107387469203,6.407173892058306,0.0013166465975404957
0.2,0.00027203971151788944,0.00047984456276005887,0.006800979512305957,-0.00016082888935142664,6.407173872754061,0.0013295011812872325
0.2,0.00027469566916336695,0.0004845293448611393,0.006867378067879517,-0.00016238120533630185,6.407173853071091,0.0013424812659016728
0.2,0.00027737755725471626,0.0004892598650674479,0.006934424873265501,-0.00016394814822384842,6.407173833001969,0.0013555880766633465
0.2,0.0002800856289541163,0.0004940365699256083,0.007002126257183819,-0.00016552984519415127,6.40717381253912,0.0013688228508143086
0.2,0.00028282013989539874,0.000498859910341927,0.007070488610135834,-0.00016712642420729204,6.40717379167482,0.0013821868376759265
0.2,0.00028558134820818145,0.0005037303416249603,0.007139518385007367,-0.00016873801399731775,6.407173770401193,0.0013956812987668183
0.2,0.00028836951454223306,0.0005086483235284907,0.0072092220976775236,-0.0001703647440657624,6.4071737487102105,0.0014093075079219233
0.2,0.00029118490209207877,0.0005136143202949288,0.007279606327633552,-0.00017200674467469527,6.407173726593685,0.0014230667514127607
0.2,0.0002940277766218447,0.0005186288006991345,0.007350677718591593,-0.00017366414683926766,6.407173704043275,0.001436960328068837
0.2,0.00029689840649034505,0.0005236922380926676,0.0074224429791235605,-0.0001753370823197426,6.407173681050464,0.0014509895494002553
0.2,0.0002997970626764154,0.0005288051104484726,0.00749490888329012,-0.00017702568361301386,6.407173657606576,0.0014651557397215183
0.2,0.0003027240188044904,0.0005339679004059938,0.007568082271279789,-0.00017873008394355238,6.407173633702763,0.0014794602362765302
0.2,0.0003056795511704354,0.0005391810953167395,0.007641970050054375,-0.0001804504172538151,6.407173609330006,0.0014939043893648402
0.2,0.0003086639387676259,0.0005444451872902821,0.007716579194000581,-0.00018218681819403475,6.407173584479103,0.0015084895624690906
0.2,0.0003116774633132846,0.0005497606732407128,0.007791916745588051,-0.00018393942211143065,6.407173559140677,0.0015232171323837306
0.2,0.0003147204092750749,0.0005551280549335496,0.007867989816033831,-0.00018570836503877222,6.407173533305168,0.0015380884893449816
0.2,0.0003177930638979533,0.0005605478390331007,0.007944805585973264,-0.00018749378368230753,6.4071735069628275,0.001553105037162067
0.2,0.0003208957172312844,0.0005660205371502921,0.00802237130613745,-0.00018929581540901027,6.407173480103709,0.0015682681933497228
0.2,0.00032402866215622153,0.0005715466658909626,0.008100694298037338,-0.00019111459823313505,6.407173452717679,0.0015835793892620127
0.2,0.00032719219441335333,0.0005771267469046296,0.008179781954654457,-0.00019295027080206692,6.4071734247944025,0.0015990400702274373
0.2,0.00033038661263062,0.0005827613069337282,0.008259641741138347,-0.00019480297238140564,6.407173396323342,0.0016146516956853606
0.2,0.00033361221835150393,0.0005884508778633368,0.008340281195510895,-0.00019667284283930218,6.407173367293757,0.0016304157393237865
0.2,0.0003368693160634941,0.0005941959967713839,0.00842170792937744,-0.00019856002262999596,6.407173337694691,0.0016463336892184597
0.2,0.000340158213226829,0.000599997205979346,0.008503929628644838,-0.00020046465277653101,6.407173307514974,0.001662407047973335
0.2,0.0003434792203035192,0.0006058550531034405,0.008586954054246565,-0.00020238687485263566,6.407173276743219,0.0016786373328624186
0.2,0.00034683265078665584,0.0006117700911063206,0.008670789042874846,-0.00020432683096370313,6.4071732453678125,0.0016950260759729919
0.2,0.00035021882123000074,0.0006177428783492697,0.008755442507719934,-0.00020628466372690535,6.407173213376916,0.0017115748243502313
0.2,0.0003536380512778711,0.0006237739786449117,0.008840922439216603,-0.00020826051625033462,6.40717318075846,0.0017282851401432436
0.2,0.00035709066369531026,0.0006298639613104303,0.008927236905797907,-0.00021025453211120652,6.407173147500138,0.0017451586007525238
0.2,0.00036057698439855744,0.0006360134012213113,0.009014394054656292,-0.0002122668553330607,6.4071731135893994,0.001762196798978857
0.2,0.0003640973424858126,0.0006422228788656088,0.009102402112512134,-0.00021429763036191855,6.407173079013446,0.0017794013431736684
0.2,0.0003676520702683024,0.0006484929803987404,0.009191269386389754,-0.00021634700204140587,6.4071730437592365,0.001796773857390846
0.2,0.00037124150330165027,0.0006548242976988203,0.009281004264401036,-0.00021841511558674638,6.407173007813469,0.0018143159815400473
0.2,0.0003748659804175497,0.0006612174284225257,0.009371615216536596,-0.00022050211655764404,6.4071729711625816,0.0018320293715414879
0.2,0.0003785258437557519,0.000667672976061519,0.009463110795464774,-0.0002226081508299899,6.407172933792742,0.001849915699482267
0.2,0.00038222143879635984,0.0006741915499994096,0.009555499637338326,-0.00022473336456635388,6.407172895689857,0.0018679766537741914
0.2,0.00038595311439244226,0.0006807737655692807,0.009648790462609007,-0.00022687790418523274,6.407172856839549,0.00188621393931316
0.2,0.000389721222802964,0.0006874202441117727,0.009742992076850109,-0.0002290419163290133,6.407172817227156,0.0019046292776400944
0.2,0.0003935261197260377,0.0006941316130337357,0.009838113371586979,-0.00023122554783060954,6.407172776837742,0.001923224407103445
0.2,0.0003973681643325022,0.0007009085058674565,0.009934163325135725,-0.00023342894567870973,6.407172735656065,0.0019420010830232901
0.2,0.00040124771929982454,0.0007077515623304562,0.010031151003449893,-0.0002356522569816326,6.407172693666587,0.001960961077857012
0.2,0.0004051651508463387,0.000714661428385883,0.010129085560975661,-0.00023789562892969918,6.407172650853473,0.001980106181366626
0.2,0.00040912082876581266,0.0007216387563034832,0.010227976241515115,-0.00024015920875610874,6.407172607200569,0.001999438200787711
0.2,0.00041311512646235765,0.0007286842047211762,0.01032783237909812,-0.00024244314369625662,6.407172562691408,0.0020189589610000126
0.2,0.0004171484209856756,0.0007357984387072258,0.010428663398862583,-0.0002447475809454433,6.407172517309203,0.002038670304699696
0.2,0.0004212210930666516,0.0007429821298230196,0.010530478817943327,-0.00024707266761491944,6.407172471036834,0.0020585740925732885
0.2,0.0004253335271532949,0.0007502359561864645,0.010633288246369653,-0.00024941855068624997,6.40717242385684,0.0020786722034733247
0.2,0.000429486111447027,0.0007575606025359925,0.010737101387971548,-0.0002517853769638604,6.407172375751433,0.002098966534595686
0.2,0.00043367923793933004,0.000764956760295204,0.010841928041294873,-0.00025417329302582285,6.407172326702465,0.0021194590016587055
0.2,0.00043791330244874666,0.000772425127638129,0.010947778100525291,-0.00025658244517271796,6.407172276691433,0.002140151539083981
0.2,0.00044218870465824564,0.0007799664095551356,0.011054661556421349,-0.00025901297937458954,6.407172225699478,0.002161046100178985
0.2,0.00044650584815295063,0.0007875813179194769,0.011162588497256555,-0.00026146504121588564,6.407172173707369,0.002182144657321448
0.2,0.000450865140458237,0.0007952705715544885,0.011271569109770655,-0.00026393877583833695,6.407172120695487,0.0022034492021455305
0.2,0.0004552669930782008,0.0008030348963014421,0.01138161368013019,-0.00026643432788172786,6.407172066643849,0.0022249617457298313
0.2,0.00045971182153450494,0.0008108750250880639,0.011492732594898396,-0.00026895184142245555,6.407172011532061,0.0022466843187872163
0.2,0.0004642000454056021,0.0008187916979977177,0.011604936342014552,-0.0002714914599098403,6.407171955339347,0.0022686189718565137
0.2,0.0004687320883663407,0.0008267856623392647,0.011718235511782828,-0.0002740533261000991,6.407171898044508,0.0022907677754960606
0.2,0.00047330837822796027,0.0008348576727176082,0.01183264079787084,-0.00027663758198790924,6.407171839625941,0.002313132820479161
0.2,0.0004779293469784747,0.0008430084911049236,0.011948162998317842,-0.0002792443687355191,6.407171780061615,0.0023357162179914394
0.2,0.0004825954308234507,0.0008512388869125856,0.012064813016552803,-0.0002818738265992694,6.407171719329071,0.0023585200998301257
0.2,0.000487307070227184,0.0008595496370637967,0.012182601862422347,-0.00028452609485349453,6.407171657405402,0.0023815466186052786
0.2,0.0004920647099542796,0.0008679415260669278,0.01230154065322876,-0.0002872013117117139,6.407171594267263,0.002404797947942994
0.2,0.0004968687991116329,0.0008764153460895667,0.012421640614777995,-0.0002898996142450087,6.407171529890842,0.0024282762826905585
0.2,0.0005017197911908279,0.0008849718970333019,0.012542913082438024,-0.0002926211382975178,6.407171464251872,0.0024519838391236543
0.2,0.0005066181441109421,0.0008936119866092231,0.012665369502207329,-0.00029536601839894885,6.407171397325595,0.0024759228551555408
0.2,0.0005115643202617744,0.0009023364304141694,0.012789021431793928,-0.0002981343876740414,6.4071713290867836,0.002500095590548311
0.2,0.0005165587865474932,0.0009111460520077165,0.012913880541704859,-0.00030092637774883197,6.40717125950971,0.0025245043271262006
0.2,0.0005216020144307099,0.0009200416829899158,0.013039958616346195,-0.0003037421186536863,6.407171188568141,0.0025491513689909627
0.2,0.000526694479976986,0.0009290241630797983,0.013167267555133944,-0.00030658173872296854,6.40717111623533,0.002574039042739387
0.2,0.000531836663899768,0.0009380943401946312,0.013295819373615474,-0.0003094453644912172,6.407171042484013,0.0025991696976828795
0.2,0.0005370290516057701,0.0009472530705299667,0.013425626204602184,-0.00031233312058579155,6.40717096728638,0.002624545706069258
0.2,0.0005422721332407911,0.0009565012186404556,0.013556700299312907,-0.00031524512961580975,6.407170890614091,0.0026501694633066504
0.2,0.0005475664037359853,0.0009658396575214602,0.013689054028528613,-0.0003181815120573014,6.407170812438241,0.002676043388189616
0.2,0.000552912362854581,0.0009752692686914603,0.01382269988375827,-0.0003211423861344558,6.407170732729362,0.0027021699231274633
0.2,0.0005583105152390573,0.0009847909422752627,0.013957650478416047,-0.0003241278676968299,6.40717065145741,0.002728551534374788
0.2,0.0005637613704587819,0.000994405577088029,0.01409391854901006,-0.0003271380700924284,6.407170568591751,0.0027551907122642895
0.2,0.00056926544305811,0.0010041140807201113,0.014231516956342484,-0.0003301731040364906,6.4071704841011545,0.002782089971441815
0.2,0.0005748232526049595,0.0010139173696227335,0.014370458686721562,-0.00033323307747585456,6.4071703979537755,0.0028092518511037474
0.2,0.0005804353237398534,0.001023816369194491,0.014510756853185225,-0.0003363180954488227,6.407170310117147,0.0028366789152366734
0.2,0.0005861021862254458,0.0010338120138687083,0.014652424696736685,-0.00033942825994030823,6.407170220558169,0.0028643737528594036
0.2,0.0005918243749965296,0.0010439052472016434,0.014795475587592071,-0.0003425636697321897,6.407170129243089,0.0028923389782673685
0.2,0.0005976024302105327,0.0010540970219615538,0.014939923026440108,-0.000345724420248672,6.407170036137496,0.002920577231279378
0.2,0.0006034368972985087,0.001064388300218636,0.015085780645714154,-0.00034891060339655924,6.407169941206311,0.0029490911774868104
0.2,0.0006093283270166204,0.0010747800534358335,0.01523306221087644,-0.00035212230740023495,6.407169844413757,0.0029778835085052086
0.2,0.0006152772754981343,0.0010852732625605455,0.01538178162171501,-0.00035535961663121476,6.407169745723369,0.0030069569422283677
0.2,0.0006212843043059133,0.0010958689181172151,0.01553195291365304,-0.00035862261143212223,6.40716964509796,0.003036314223084865
0.2,0.0006273499804854293,0.001106568020300834,0.015683590259071012,-0.00036191136793487476,6.407169542499621,0.003065958122297119
0.2,0.00063347487661829,0.001117371579071355,0.015836707968641763,-0.0003652259578729603,6.407169437889699,0.0030958914381429767
0.2,0.0006396595708762885,0.0011282806142490242,0.015991320492678367,-0.0003685664483875769,6.4071693312287845,0.0031261169962198384
0.2,0.000645904647075981,0.0011392961556106486,0.016147442422495262,-0.0003719329018274896,6.407169222476698,0.003156637649711378
0.2,0.0006522106947337984,0.001150419242986801,0.0163050884917825,-0.0003753253755423954,6.407169111592475,0.0031874562796568584
0.2,0.0006585783091216947,0.0011616509263599733,0.01646427357799339,-0.0003787439216696009,6.407168998534348,0.0032185757952230784
0.2,0.0006650080913233362,0.001172992265963687,0.016625012703745577,-0.0003821885869138262,6.407168883259734,0.003249999133978968
0.2,0.0006715006482908453,0.0011844443323825754,0.016787321038235787,-0.00038565941231993384,6.407168765725217,0.003281729262172877
0.2,0.0006780565929020933,0.0011960082066534395,0.016951213898668247,-0.0003891564330383133,6.407168645886529,0.003313769175012557
0.2,0.000684676544018555,0.0012076849803672911,0.017116706751697016,-0.0003926796780828118,6.407168523698545,0.003346121896947886
0.2,0.0006913611265437258,0.0012194757557723917,0.017283815214882304,-0.000396229170080865,6.407168399115249,0.003378790481956346
0.2,0.0006981109714821146,0.0012313816458783024,0.017452555058160957,-0.00039980492501570365,6.407168272089725,0.003411778013831304
0.2,0.0007049267159988027,0.001243403774560937,0.017622942205331112,-0.00040340695196032186,6.40716814257415,0.0034450876064730756
0.2,0.0007118090034795967,0.0012555432766686574,0.017794992735551414,-0.00040703525280299716,6.407168010519758,0.0034787224041828613
0.2,0.0007187584835917569,0.0012678012981293897,0.017968722884854644,-0.00041068982196412046,6.407167875876827,0.003512685581959534
0.2,0.0007257758123453269,0.0012801789960587946,0.018144149047676066,-0.000414370646104041,6.4071677385946755,0.0035469803457993257
0.2,0.0007328616521550579,0.0012926775388694923,0.018321287778396703,-0.000418077703821708,6.407167598621617,0.003581609932998452
0.2,0.0007400166719029388,0.0013052981063813524,0.01850015579290143,-0.00042181096534379633,6.407167455904968,0.0036165776124586738
0.2,0.0007472415470013386,0.0013180418899328627,0.018680769970152288,-0.00042557039220403976,6.407167310391003,0.0036518866849958556
0.2,0.0007545369594567585,0.0013309100924935786,0.018863147353776963,-0.00042935593691252643,6.407167162024957,0.0036875404836515203
0.2,0.0007619035979342175,0.0013439039287776837,0.01904730515367282,-0.00043316754261459224,6.407167010750993,0.0037235423740074724
0.2,0.0007693421578222548,0.0013570246253586413,0.019233260747626265,-0.0004370051427390431,6.407166856512177,0.00375989575450345
0.2,0.0007768533412985754,0.0013702734207849802,0.019421031682947995,-0.00044086866063541537,6.4071666992504746,0.0037966040567579224
0.2,0.0007844378573963328,0.0013836515656972036,0.019610635678124017,-0.00044475800919988636,6.407166538906705,0.003833670745891992
0.2,0.0007920964220710589,0.0013971603229458395,0.019802090624482665,-0.00044867309048956085,6.407166375420545,0.003871099320856462
0.2,0.0007998297582682511,0.001410800967710649,0.019995414587877805,-0.0004526137953247687,6.407166208730477,0.003908893314762106
0.2,0.0008076385959916107,0.0014245747876209872,0.020190625810388278,-0.000456580002879007,6.407166038773796,0.003947056295213152
0.2,0.0008155236723719597,0.001438483082877354,0.02038774271203391,-0.00046057158025619954,6.407165865486574,0.003985591864644027
0.2,0.0008234857317368174,0.0014525271663741153,0.020586783892508006,-0.0004645883820548764,6.4071656888036195,0.004024503660659382
0.2,0.0008315255256806668,0.0014667083638234362,0.020787768132926713,-0.0004686302499188728,6.407165508658485,0.004063795356377443
0.2,0.0008396438131359012,0.0014810280138804156,0.020990714397595336,-0.00047269701207423083,6.407165324983417,0.00410347066077671
0.2,0.0008478413604444659,0.001495487468269446,0.021195641835791666,-0.00047678848285176255,6.4071651377093435,0.0041435333190460505
0.2,0.0008561189414301973,0.0015100880919118045,0.021402569783566635,-0.0004809044621950528,6.407164946765845,0.004183987112938187
0.2,0.0008644773374718718,0.0015248312630544935,0.021611517765562385,-0.0004850447351532414,6.4071647520811235,0.00422483586112666
0.2,0.0008729173375769648,0.0015397183734003354,0.021822505496847933,-0.0004892090713583695,6.407164553581984,0.0042660834195662675
0.2,0.0008814397384561283,0.001554750828239334,0.022035552884772484,-0.0004933972244866663,6.4071643511938055,0.004307733681857
0.2,0.0008900453445984004,0.0015699300465813269,0.022250680030836852,-0.0004976089317034258,6.407164144840509,0.00434979057961157
0.2,0.0008987349683471461,0.0015852574612899273,0.022467907232582858,-0.0005018439130909044,6.407163934444533,0.0043922580828265
0.2,0.0009075094299767403,0.0016007345192177737,0.022687254985500994,-0.0005061018710588349,6.407163719926796,0.004435140200256829
0.2,0.0009163695577699978,0.0016163626813431,0.02290874398495657,-0.0005103824897369967,6.407163501206686,0.004478440979794499
0.2,0.0009253161880963649,0.0016321434229076455,0.023132395128134534,-0.0005146854343493113,6.407163278202018,0.004522164508850437
0.2,0.000934350165490863,0.0016480782335558922,0.023358229516002815,-0.0005190103505690176,6.407163050828994,0.004566314914740306
0.2,0.0009434723427338184,0.0016641686174756892,0.023586268455295056,-0.0005233568638542367,6.407162819002195,0.004610896365074126
0.2,0.0009526835809313552,0.0016804160935402226,0.02381653346051206,-0.0005277245787635147,6.4071625826345375,0.004655913068149596
0.2,0.000961984749596685,0.0016968221954513892,0.024049046255942876,-0.0005321130782506407,6.407162341637231,0.0047013692733493114
0.2,0.0009713767267321852,0.0017133884718845624,0.02428382877770524,-0.000536521922938229,6.407162095919757,0.004747269271541856
0.2,0.0009808603989122791,0.0017301164866347731,0.024520903175805773,-0.0005409506503694218,6.407161845389844,0.004793617395486785
0.2,0.00099043666136713,0.0017470078187643227,0.024760291816220095,-0.0005453987742370517,6.407161589953418,0.0048404180202435984
0.2,0.0010001064180671412,0.0017640640627518192,0.025002017282992783,-0.0005498657820538296,6.407161329514566,0.004887675563584649
0.2,0.0010098705818082927,0.0017812868286426907,0.025246102380357897,-0.0005543511426450282,6.407161063975521,0.004935394486412134
0.2,0.0010197300742983081,0.0017986777422011587,0.025492570134879794,-0.0005588542870942915,6.4071607932365975,0.004983579293179149
0.2,0.0010296858262436553,0.0018162384450636862,0.025741443797614498,-0.0005633746272449045,6.4071605171961785,0.005032234532314812
0.2,0.0010397387774374062,0.0018339705948939367,0.025992746846292065,-0.00056791154793042,6.407160235750674,0.005081364796653581
0.2,0.0010498898768479521,0.0018518758655392449,0.026246502987519925,-0.0005724643992095587,6.407159948794468,0.0051309747238687566
0.2,0.0010601400827085785,0.001869955947188602,0.026502736159007344,-0.0005770325050093149,6.407159656219898,0.005181068996910178
0.2,0.0010704903626079228,0.0018882125465321967,0.026761470531811427,-0.000581615158174338,6.407159357917196,0.005231652344446235
0.2,0.00108094169358131,0.0019066473869225075,0.027022730512604717,-0.0005862116176368177,6.407159053774473,0.005282729541310178
0.2,0.0010914950622029859,0.001925262208536974,0.027286540745964653,-0.0005908211127062241,6.407158743677659,0.005334305408950784
0.2,0.001102151464679241,0.0019440587685422412,0.02755292611668489,-0.0005954428355488769,6.407158427510456,0.005386384815887407
0.2,0.001112911906942452,0.0019630388412600216,0.02782191175210905,-0.0006000759440002184,6.407158105154323,0.0054389726781694965
0.2,0.0011237774047460417,0.0019822042183345765,0.028093523024486908,-0.0006047195611371108,6.407157776488402,0.005492073959840594
0.2,0.0011347489837603571,0.0020015567089018164,0.028367785553353023,-0.0006093727705376135,6.407157441389495,0.005545693673406832
0.2,0.0011458276796694946,0.0020210981397600697,0.028644725207928434,-0.0006140346186566446,6.407157099732003,0.005599836880310041
0.2,0.0011570145382690615,0.002040830355542507,0.02892436810954533,-0.0006187041121731611,6.40715675138789,0.005654508691405445
0.2,0.0011683106155649025,0.002060755218891262,0.02920674063409518,-0.0006233802160224315,6.407156396226639,0.00570971426744407
0.2,0.001179716977872775,0.002080874610633229,0.029491869414500018,-0.0006280618521125089,6.407156034115189,0.005765458819559769
0.2,0.0011912347019190116,0.002101190429957598,0.029779781343207776,-0.0006327479008668416,6.407155664917909,0.005821747609761098
0.2,0.0012028648749421568,0.0021217045945951113,0.030070503574711388,-0.0006374371927343759,6.407155288496519,0.005878585951427926
0.2,0.0012146085947956052,0.002142419040999082,0.030364063528092237,-0.0006421285182387652,6.407154904710069,0.005935979209812937
0.2,0.0012264669700512265,0.0021633357245281573,0.030660488889587684,-0.0006468206158494695,6.40715451341487,0.0059939328025479886
0.2,0.0012384411201040164,0.002184456619630885,0.03095980761518346,-0.0006515121744612006,6.407154114464449,0.006052452200155433
0.2,0.001250532175277767,0.002205783720032082,0.031262047933230876,-0.0006562018347654071,6.407153707709487,0.006111542926564436
0.2,0.0012627412769317592,0.0022273190389210033,0.031567238347088966,-0.0006608881787980283,6.407153292997775,0.00617121055963231
0.2,0.001275069577568508,0.002249064609141368,0.031875407637791967,-0.0006655697415923032,6.40715287017415,0.006231460731670951
0.2,0.0012875182409425529,0.002271022483383227,0.03218658486674244,-0.0006702449970763418,6.4071524390804475,0.006292299129978415
0.2,0.0013000884421703184,0.0022931947343767176,0.032500799378430124,-0.0006749123642875086,6.4071519995554365,0.006353731497375699
0.2,0.001312781367841033,0.0023155834550876862,0.03281808080317655,-0.0006795702028295376,6.407151551434763,0.006415763632748693
0.2,0.0013255982161287441,0.002338190758915243,0.03313845905990625,-0.0006842168047145082,6.407151094550889,0.0064784013915955155
0.2,0.0013385401969054256,0.0023610187798912383,0.033461964358944225,-0.0006888504086604967,6.407150628733035,0.00654165068657913
0.2,0.0013516085318551786,0.0023840696728816744,0.033788627204840126,-0.0006934691804128758,6.407150153807118,0.006605517488085351
0.2,0.0013648044545895598,0.002407345613790098,0.03411847839921949,-0.0006980712219474802,6.407149669595685,0.006670007824786339
0.2,0.001378129210764028,0.0024308487997629713,0.034451549043662114,-0.0007026545645523502,6.407149175917852,0.00673512778420955
0.2,0.0013915840581955358,0.002454581449397053,0.03478787054260792,-0.0007072171690018379,6.407148672589232,0.006800883513312279
0.2,0.0014051702669812558,0.0024785458029487908,0.03512747460629056,-0.0007117569231781949,6.407148159421887,0.006867281219061775
0.2,0.0014188891196184788,0.002502744122545769,0.035470393253698725,-0.0007162716371392176,6.407147636224229,0.006934327169021021
0.2,0.001432741911125675,0.0025271786924002163,0.035816658815566026,-0.0007207590434876946,6.407147102800982,0.007002027691940261
0.2,0.0014467299491647467,0.002551851819024605,0.036166303937389205,-0.0007252167948265015,6.407146558953098,0.007070389178354294
0.2,0.0014608545541644573,0.0025767658314493317,0.03651936158247474,-0.0007296424611546983,6.407146004477676,0.007139418081185528
0.2,0.0014751170594450814,0.002601923081442548,0.03687586503501493,-0.0007340335268460341,6.407145439167909,0.007209120916353025
0.2,0.00148951881134427,0.002627325943732132,0.037235847903193,-0.0007383873854220668,6.407144862812994,0.007279504263387443
0.2,0.0015040611693441324,0.0026529768162298064,0.03759934412231746,-0.0007427013417614217,6.407144275198059,0.007350574766051929
0.2,0.0015187455061995722,0.0026788781202574663,0.03796638795798659,-0.0007469726121000371,6.4071436761041,0.0074223391329691565
0.2,0.0015335732080678699,0.0027050323007757077,0.038337014009282785,-0.0007511983053913095,6.40714306530788,0.007494804138254434
0.2,0.0015485456746395362,0.0027314418266145917,0.03871125721199726,-0.0007553754431693205,6.407142442581867,0.007567976622155018
0.2,0.0015636643192704308,0.0027581091907066427,0.03908915284188509,-0.0007595009350524982,6.407141807694139,0.0076418634916956135
0.2,0.001578930569115184,0.0027850369103221426,0.03947073651795141,-0.0007635715934608257,6.407141160408322,0.007716471721330237
0.2,0.0015943458652619138,0.002812227527306707,0.039856044205768416,-0.0007675841153982649,6.407140500483472,0.007791808353600395
0.2,0.0016099116628682658,0.002839683608321199,0.04024511222082418,-0.000771535093444057,6.407139827674033,0.007867880499799751
0.2,0.0016256294312987666,0.002867407745083948,0.0406379772319024,-0.0007754209984479105,6.4071391417297,0.007944695340645161
0.2,0.0016415006542635315,0.0028954025546153684,0.041034676264494856,-0.0007792381875008168,6.407138442395376,0.008022260126954379
0.2,0.0016575268299583285,0.002923670679484959,0.041435246704245685,-0.000782982895034486,6.407137729411056,0.008100582180330329
0.2,0.0016737094712059924,0.0029522147880606865,0.04183972630042805,-0.0007866512284762101,6.407137002511733,0.00817966889385201
0.2,0.0016900501055992375,0.002981037574760836,0.042248153169453885,-0.0007902391673857496,6.4071362614273175,0.008259527732772231
0.2,0.001706550275644855,0.0030101417603082977,0.0426605657984165,-0.0007937425585710299,6.407135505882532,0.008340166235222069
0.2,0.0017232115389093276,0.003039530091987357,0.043077003048666775,-0.0007971571120020623,6.407134735596824,0.008421592012922302
0.2,0.0017400354681658483,0.0030692053439029545,0.04349750415942258,-0.0008004783964486481,6.407133950284257,0.008503812751901655
0.2,0.0017570236515427916,0.0030991703172425105,0.04392210875141249,-0.0008037018355539791,6.407133149653406,0.008586836213222163
0.2,0.0017741776926736325,0.0031294278405402973,0.044350856830553766,-0.0008068227036268564,6.407132333407274,0.008670670233711599
0.2,0.0017914992108483139,0.0031599807699443693,0.044783788791664426,-0.0008098361220424783,6.407131501243166,0.008755322726702963
0.2,0.0018089898411661107,0.003190831989486126,0.045220945422210654,-0.0008127370539279592,6.407130652852599,0.008840801682781308
0.2,0.0018266512346899744,0.0032219844113524874,0.04566236790608885,-0.000815520299272108,6.407129787921184,0.008927115170537757
0.2,0.0018444850586023952,0.0032534409761607445,0.04610809782744372,-0.0008181804922426289,6.407128906128523,0.009014271337330982
0.2,0.0018624929963627686,0.003285204653236059,0.04655817717452121,-0.0008207120919572,6.407128007148088,0.009102278410055965
0.2,0.0018806767478663161,0.0033172784408917032,0.04701264834355827,-0.0008231093833133136,6.40712709064712,0.009191144695920403
0.2,0.0018990380296045463,0.003349665366712016,0.04747155414270843,-0.0008253664668012914,6.4071261562864965,0.009280878583228623
0.2,0.0019175785748272943,0.0033823684878381394,0.04793493779600441,-0.0008274772572982966,6.407125203720636,0.009371488542173172
0.2,0.001936300133706324,0.0034153908912565073,0.048402842947357146,-0.0008294354721961036,6.407124232597346,0.009462983125634091
0.2,0.0019552044735005446,0.0034487356940901847,0.04887531366459252,-0.0008312346374322519,6.407123242557742,0.009555370969986036
0.2,0.00197429337872284,0.0034824060438930406,0.04935239444352555,-0.0008328680685620288,6.407122233236086,0.009648660795913274
0.2,0.001993568651308511,0.0035164051189467737,0.0498341302120722,-0.0008343288741911979,6.407121204259683,0.009742861409232579
0.2,0.0020130321107853784,0.003550736128560857,0.05032056633439962,-0.000835609945157453,6.40712015524874,0.009837981701724226
0.2,0.002032685594445539,0.0035854023133753948,0.05081174861511477,-0.0008367039524934934,6.407119085816243,0.00993403065197104
0.2,0.002052530957518807,0.003620406945666959,0.051307723303492106,-0.0008376033347031375,6.4071179955678215,0.010031017326205722
0.2,0.0020725700733478314,0.003655753329657365,0.05180853709773984,-0.0008383002989903042,6.407116884101611,0.0101289508791663
0.2,0.0020928048335649386,0.0036914448018255017,0.05231423714930616,-0.0008387868101863984,6.407115751008126,0.010227840554960056
0.2,0.002113237148270704,0.003727484731222196,0.05282487106722521,-0.0008390545811225016,6.4071145958701,0.010327695687935866
0.2,0.0021338689462142464,0.0037638765197881216,0.053340486922502636,-0.0008390950742642909,6.407113418262364,0.010428525703564971
0.2,0.002154702174975306,0.003800623602674843,0.05386113325254215,-0.0008388994863903767,6.407112217751688,0.010530340119330435
0.2,0.0021757388011480836,0.0038377294485689743,0.05438685906561251,-0.0008384587425609828,6.407110993896646,0.01063314854562526
0.2,0.002196980810526892,0.0038751975600195133,0.05491771384535571,-0.0008377634936583337,6.4071097462474516,0.010736960686659257
0.2,0.002218430208293595,0.003913031473768344,0.05545374755533626,-0.0008368041028510247,6.407108474345816,0.010841786341374744
0.2,0.0022400890192068985,0.00395123476108399,0.0559950106436326,-0.000835570639550403,6.407107177724792,0.010947635404371244
0.2,0.002261959287793479,0.003989811028098607,0.05654155404747018,-0.0008340528735328989,6.407105855908625,0.011054517866839137
0.2,0.002284043078540989,0.004028763916148287,0.0570934291978973,-0.0008322402620807612,6.40710450841257,0.011162443817502537
0.2,0.0023063424760929236,0.004068097102116634,0.057650688024503086,-0.0008301219453157307,6.407103134742755,0.011271423443571195
0.2,0.0023288595854454126,0.004107814298781739,0.058213382960178875,-0.0008276867356138207,6.407101734395994,0.011381467031701849
0.2,0.0023515965321459337,0.004147919255166537,0.058781566945923354,-0.0008249231084181501,6.407100306859647,0.011492584968968966
0.2,0.0023745554624939416,0.004188415756892533,0.05935529343569027,-0.0008218191931948884,6.407098851611416,0.011604787743844802
0.2,0.002397738543743484,0.004229307626537037,0.05993461640128118,-0.0008183627645282657,6.407097368119196,0.011718085947189176
0.2,0.002421147964307776,0.0042705987239938445,0.06051959033728203,-0.000814541232634885,6.407095855840893,0.011832490273248848
0.2,0.002444785933965793,0.004312292946837473,0.061110270266044854,-0.0008103416307930861,6.407094314224243,0.011948011520666725
0.2,0.00246865468407085,0.004354394230690894,0.06170671174271376,-0.0008057506082537797,6.407092742706624,0.012064660593500766
0.2,0.0024927564677612434,0.0043969065495969035,0.062308970860296915,-0.0008007544184491661,6.407091140714887,0.012182448502252969
0.2,0.002517093560172947,0.004439833916393114,0.06291710425478435,-0.0007953389085662374,6.40708950766516,0.012301386364908448
0.2,0.002541668258654363,0.004483180383090547,0.06353116911031063,-0.0007894895069079538,6.407087842962648,0.012421485407984413
0.2,0.0025664828829831962,0.004526950041255989,0.06415122316436539,-0.0007831912153594732,6.407086146001464,0.012542756967589696
0.2,0.0025915397755854274,0.00457114702239803,0.06477732471304938,-0.0007764285914176958,6.407084416164399,0.0126652124904944
0.2,0.0026168413017564423,0.004615775498356899,0.06540953261637836,-0.0007691857451372516,6.407082652822757,0.012788863535210145
0.2,0.002642389849884293,0.004660839681698062,0.06604790630363344,-0.0007614463193794382,6.407080855336128,0.012913721773080696
0.2,0.0026681878316751643,0.004706343826109693,0.06669250577875989,-0.0007531934810388147,6.407079023052189,0.013039798989383412
0.2,0.002694237682381027,0.004752292226804009,0.06734339162581367,-0.0007444099066342808,6.4070771553065,0.013167107084441363
0.2,0.002720541861029529,0.004798689220922529,0.06800062501445626,-0.0007350777727959619,6.407075251422288,0.013295658074746338
0.2,0.0027471028506561037,0.004845539187945255,0.06866426770549802,-0.0007251787371773739,6.4070733107102305,0.013425464094092772
0.2,0.002773923158538369,0.004892846550103871,0.06933438205649069,-0.0007146939310392162,6.407071332468235,0.013556537394722793
0.2,0.0028010053164328154,0.004940615772798982,0.07001103102736958,-0.000703603940641097,6.407069315981229,0.013688890348482505
0.2,0.0028283518808137798,0.004988851365021372,0.0706942781861445,-0.0006918887956512759,6.407067260520919,0.013822535447989441
0.2,0.002855965433114779,0.0050375578797774235,0.07138418771464146,-0.0006795279534975062,6.407065165345572,0.013957485307811499
0.2,0.002883848579972186,0.005086739914518649,0.07208082441429438,-0.0006665002841182064,6.407063029699778,0.014093752665657419
0.2,0.0029120039534712974,0.005136402111575446,0.07278425371198755,-0.0006527840556448483,6.407060852814215,0.014231350383578863
0.2,0.002940434211394778,0.005186549158595029,0.07349454166594853,-0.0006383569188674323,6.407058633905422,0.014370291449184208
0.2,0.002969142037473557,0.005237185788983677,0.07421175497169291,-0.000623195890656784,6.407056372175542,0.014510588976864218
0.2,0.0029981301416401726,0.005288316782353292,0.07493596096802049,-0.0006072773366961235,6.407054066812076,0.014652256209029782
0.2,0.003027401260284563,0.005339946964972264,0.0756672276430629,-0.0005905769585168602,6.407051716987654,0.014795306517361584
0.2,0.0030569581565123853,0.005392081210220789,0.07640562364038393,-0.0005730697725125162,6.407049321859758,0.014939753404072133
0.2,0.0030868036204058404,0.0054447244390505856,0.07715121826513216,-0.0005547300941405435,6.407046880570478,0.015085610503180044
0.2,0.0031169404692870575,0.005497881620449135,0.07790408149024651,-0.0005355315196289276,6.407044392246252,0.015232891581796878
0.2,0.0031473715479840253,0.005551557771908384,0.07866428396271445,-0.0005154469100045895,6.407041855997601,0.015381610541426389
0.2,0.003178099729099145,0.005605757959898071,0.07943189700988407,-0.0004944483694034004,6.407039270918861,0.015531781419276625
0.2,0.0032091279132803905,0.0056604873003436446,0.08020699264582973,-0.0004725072289083064,6.407036636087916,0.015683418389584817
0.2,0.0032404590294951344,0.005715750959108864,0.08098964357777189,-0.00044959402591085234,6.407033950565926,0.015836535764955268
0.2,0.0032720960353066126,0.005771554152483043,0.08177992321255041,-0.0004256784841713999,6.407031213397038,0.01599114799771015
0.2,0.0033040419171531197,0.005827902147673107,0.08257790566315336,-0.00040072949528861855,6.407028423608117,0.01614726968125376
0.2,0.0033362996906299304,0.005884800263300436,0.08338366575530037,-0.00037471509514632297,6.407025580208451,0.01630491555144998
0.2,0.0033688724007739424,0.005942253869902502,0.08419727903408056,-0.0003476024489059873,6.407022682189478,0.016464100488013188
0.2,0.0034017631223511318,0.006000268390439454,0.08501882177064664,-0.00031935782293458456,6.407019728524473,0.01662483951591289
0.2,0.0034349749601467945,0.006058849300805599,0.08584837096896407,-0.0002899465665227262,6.407016718168269,0.016787147806792004
0.2,0.0034685110492586437,0.006118002130345908,0.08668600437261642,-0.0002593330910693292,6.4070136500569435,0.016951040680399078
0.2,0.003502374555392732,0.006177732462377498,0.08753180047166664,-0.00022748084422999728,6.407010523107528,0.017116533606034486
0.2,0.003536568675162296,0.0062380459347162465,0.0883858385095748,-0.00019435229027853782,6.407007336217695,0.017283642204010796
0.2,0.0035710966363895155,0.006298948240208527,0.08924819849017274,-0.00015990888444727502,6.4070040882654435,0.017452382247127512
0.2,0.0036059616984101908,0.006360445127268095,0.09011896118469499,-0.00012411105070982576,6.407000778108795,0.017622769662160084
0.2,0.0036411671523814276,0.006422542400418242,0.09099820813886735,-8.691815621983856e-05,6.4069974045854625,0.017794820531363685
0.2,0.003676716321592306,0.006485245920839207,0.09188602168005224,-4.82884875843935e-05,6.406993966512536,0.017968551093991574
0.2,0.0037126125617776033,0.00654856160692096,0.09278248492445242,-8.179226025864343e-06,6.406990462686157,0.01814397774782852
0.2,0.0037488592614345418,0.0066124954348212965,0.09368768178437108,3.3453578746096965e-05,6.406986891881187,0.018321117050738963
0.2,0.0037854598421426695,0.006677053439029448,0.09460169697553115,7.665503282512339e-05,6.406983252850884,0.01849998572223063
0.2,0.0038224177588868386,0.006742241712935128,0.09552461602445182,0.0001214714276141721,6.406979544326542,0.018680600645033307
0.2,0.0038597365003833605,0.006808066409403173,0.09645652527588403,0.00016795026240054058,6.4069757650171795,0.018862978866693195
0.2,0.0038974195894093087,0.006874533741353709,0.09739751190030344,0.00021614027410528347,6.406971913609184,0.019047137601182776
0.2,0.003935470583135067,0.006941649982348025,0.09834766390146285,0.00026609146420248785,6.406967988765956,0.019233094230526538
0.2,0.003973893073460132,0.007009421467180169,0.09930707012400335,0.000317855126732772,6.40696398912757,0.019420866306442762
0.2,0.0040126906873521485,0.007077854592474215,0.10027582026112325,0.0003714838762458514,6.406959913310423,0.019610471552001123
0.2,0.004051867087189304,0.007146955817287443,0.10125400486230716,0.00042703167629075714,6.406955759906857,0.019801927863296803
0.2,0.0040914259711060386,0.007216731663719344,0.10224171534111373,0.00048455386934036573,6.406951527484823,0.019995253311140982
0.2,0.00413137107334215,0.0072871887175265816,0.10323904398302272,0.0005441072045713272,6.4069472145875,0.02019046614276791
0.2,0.004171706164595275,0.007358333628743895,0.10424608395334069,0.0006057498707236722,6.406942819732931,0.020387584783558652
0.2,0.0042124350523768395,0.007430173112311091,0.1052629293051667,0.0006695415221552256,6.406938341413657,0.020586627838781863
0.2,0.004253561581371493,0.007502713948706155,0.10628967498741772,0.0007355433144208886,6.4069337780963265,0.020787614095351743
0.2,0.004295089633800008,0.007575962984584453,0.10732641685291218,0.0008038179296330236,6.406929128221346,0.020990562523602995
0.2,0.004337023129785767,0.007649927133424225,0.10837325166651406,0.0008744296117697834,6.406924390202469,0.02119549227908344
0.2,0.004379366027724801,0.007724613376178329,0.10943027711333611,0.0009474441969179355,6.406919562426429,0.021402422704364234
0.2,0.004422122324659468,0.00780002876193237,0.110497591807003,0.0010229291450431104,6.4069146432525494,0.021611373330867878
0.2,0.00446529605665574,0.007876180408569149,0.11157529529797247,0.0011009535708616002,6.4069096310123586,0.02182236388071403
0.2,0.004508891299184202,0.007953075503439665,0.11266348808191753,0.0011815882792430691,6.406904524009177,0.022035414268583707
0.2,0.00455291216750477,0.008030721304040613,0.11376227160816717,0.0012649057959299508,6.406899320517747,0.022250544603601742
0.2,0.004597362817055163,0.00810912513869848,0.11487174828820639,0.0013509803985540193,6.406894018783821,0.022467775191237733
0.2,0.004642247443843148,0.008188294407260276,0.11599202150423538,0.0014398881545373858,6.406888617023757,0.022687126535225713
0.2,0.0046875702848426385,0.008268236581791013,0.11712319561778764,0.0015317069500511598,6.406883113424125,0.022908619339502723
0.2,0.004733335618393664,0.008348959207277984,0.11826537597840757,0.001626516525723296,6.406877506141288,0.023132274510166556
0.2,0.004779547764606211,0.00843046990234183,0.1194186689323856,0.0017243985084453494,6.406871793301015,0.02335811315745263
0.2,0.0048262110857680415,0.008512776359954594,0.12058318183155319,0.0018254364481797957,6.4068659729980375,0.023586156597730498
0.2,0.004873329986756472,0.00859588634816471,0.12175902304213479,0.0019297158481327386,6.406860043295666,0.023816426355519844
0.2,0.004920908915454202,0.008679807710829116,0.12294630195365974,0.0020373242016544623,6.406854002225353,0.02404894416552672
0.2,0.00496895236316915,0.008764548368352365,0.12414512898792956,0.002148351023693594,6.406847847786297,0.024283731974699328
0.2,0.005017464865058431,0.00885011631843303,0.12535561560804462,0.0022628878868604175,6.406841577945001,0.02452081194430451
0.2,0.005066451000556485,0.00893651963681737,0.12657787432748785,0.002381028453581064,6.406835190634867,0.02476020645202469
0.2,0.005115915393807322,0.009023766478060209,0.1278120187192639,0.0025028685110923595,6.406828683755756,0.02500193809407513
0.2,0.005165862714101055,0.00911186507629336,0.12905816342509682,0.0026285060045040474,6.406822055173589,0.025246029687342658
0.2,0.005216297676314652,0.009200823746001403,0.13031642416468178,0.0027580410700311373,6.406815302719896,0.02549250427154497
0.2,0.005267225041357029,0.009290650882805113,0.13158691774499456,0.002891576069155624,6.406808424191407,0.025741385111411736
0.2,0.005318649616618435,0.009381354964252376,0.1328697620696542,0.0030292156217083246,6.406801417349603,0.025992695698886865
0.2,0.005370576256424274,0.009472944550616898,0.13416507614834136,0.0031710666371077955,6.406794279920308,0.02624645975535275
0.2,0.00542300986249333,0.009565428285704624,0.13547298010627082,0.0033172383488854883,6.406787009593243,0.026502701233876408
0.2,0.005475955384400494,0.00965881489766805,0.1367935951937177,0.003467842344855124,6.406779604021606,0.026761444321478024
0.2,0.005529417820043961,0.00975311319982834,0.13812704379559565,0.003622992600728659,6.40677206082163,0.02702271344142157
0.2,0.005583402216117025,0.00984833209150553,0.13947344944108792,0.0037828055086394914,6.406764377572156,0.027286533255528336
0.2,0.005637913668584497,0.009944480558856796,0.14083293681333087,0.003947399910245199,6.406756551814188,0.02755292866651346
0.2,0.005692957323163709,0.010041567675722778,0.14220563175914686,0.004116897125151673,6.406748581050486,0.027821924820345244
0.2,0.0057485383758102805,0.010139602604482212,0.14359166129882775,0.004291420980307936,6.406740462745097,0.02809354710862808
0.2,0.005804662073208587,0.01023859459691482,0.14499115363596826,0.004471097838161285,6.406732194322955,0.028367821171008858
0.2,0.005861333713267056,0.01033855299507263,0.14640423816734735,0.004656056625467633,6.406723773169424,0.028644772897607394
0.2,0.00591855864561824,0.010439487232159655,0.14783104549285628,0.00484642885875587,6.406715196629874,0.028924428431470584
0.2,0.005976342272123826,0.010541406833420225,0.14927170742547455,0.005042348670209766,6.406706462009249,0.02920681417105121
0.2,0.006034690047384543,0.010644321417035862,0.15072635700129017,0.005243952833890413,6.40669756657163,0.029491956772711072
0.2,0.006093607479255088,0.010748240695030947,0.15219512848956557,0.005451380786414036,6.406688507539808,0.029779883153249184
0.2,0.0061531001293640124,0.010853174474187058,0.15367815740284527,0.00566477465218134,6.406679282094846,0.03007062049245467
0.2,0.00621317361363874,0.01095913265696628,0.15517558050710695,0.0058842792620002445,6.406669887375663,0.030364196235685294
0.2,0.006273833602835714,0.011066125242443478,0.15668753583195336,0.006110042175280994,6.406660320478588,0.030660638096471463
0.2,0.00633508582307566,0.011174162327247512,0.1582141626808427,0.0063422136958911045,6.406650578456946,0.030959974059145884
0.2,0.0063969360563841445,0.0112832541065117,0.1597556016413585,0.00658094688943244,6.406640658320626,0.03126223238149949
0.2,0.00645939014123736,0.01139341087483343,0.16131199459551573,0.006826397599076078,6.406630557035656,0.031567441597463664
0.2,0.006522453973113293,0.011504643027243145,0.16288348473010297,0.00707872445771145,6.40662027152378,0.03187563051981904
0.2,0.006586133505048197,0.011616961060182616,0.16447021654705657,0.0073380888990762835,6.406609798662037,0.03218682824293102
0.2,0.006650434748198561,0.01173037557249281,0.1660723358738694,0.007604655168029493,6.406599135282338,0.032501064145512716
0.2,0.0067153637724085636,0.01184489726641131,0.16768998987402872,0.007878590326734058,6.406588278171064,0.032818367893415114
0.2,0.006780926706783012,0.011960536948579339,0.16932332705748251,0.008160064260480125,6.406577224068619,0.03313876944244474
0.2,0.006847129740265934,0.01207730553105862,0.17097249729113342,0.008449249679552162,6.406565969669046,0.03346229904120957
0.2,0.00691397912222478,0.012195214032358053,0.1726376518093574,0.0087463221201067,6.4065545116196,0.03378898723399291
0.2,0.006981481163040381,0.012314273578470399,0.17431894322454614,0.00905145994206729,6.4065428465203365,0.03411886486365603
0.2,0.007049642234702579,0.012434495403918874,0.17601652553766794,0.009364844323337479,6.40653097092371,0.034451963074569034
0.2,0.007118468771411754,0.012555890852814031,0.17773055414885053,0.009686659253022416,6.406518881334168,0.034788313315571376
0.2,0.007187967270186183,0.01267847137992078,0.1794611858679776,0.010017091520052947,6.406506574207743,0.03512794734296115
0.2,0.007258144291475363,0.012802248551735835,0.18120857892530184,0.010356330700122908,6.406494045951652,0.03547089722351454
0.2,0.007329006459779255,0.012927234047575436,0.18297289298206687,0.01070456913853521,6.406481292923898,0.03581719533753437
0.2,0.007400560464273643,0.013053439660673766,0.18475428914114092,0.011062001930435331,6.4064683114328735,0.03616687438192954
0.2,0.007472813059441586,0.013180877299291946,0.1865529299576557,0.011428826896917654,6.40645509773696,0.036519967373324524
0.2,0.007545771065710988,0.01330955898783769,0.18836897944964884,0.011805244558302376,6.406441648044142,0.03687650765119956
0.2,0.007619441370098442,0.013439496867995875,0.19020260310870743,0.012191458103423298,6.4064279585116015,0.03723652888106189
0.2,0.007693830926859341,0.013570703199870034,0.19205396791060983,0.01258767335434701,6.406414025245347,0.03760006505764834
0.2,0.007768946758144361,0.013703190363134906,0.19392324232596256,0.012994098729737754,6.406399844299797,0.037967150508159554
0.2,0.00784479595466229,0.01383697085820004,0.19581059633082712,0.013410945199814438,6.406385411677424,0.03833781989552565
0.2,0.007921385676349391,0.01397205730738475,0.197716201417337,0.013838426241559496,6.406370723328336,0.038712108221704435
0.2,0.0079987231530453,0.014108462456104441,0.19964023060429953,0.014276757787037271,6.406355775149911,0.039090050831012
0.2,0.008076815685175454,0.014246199174068257,0.201582858447777,0.01472615816758941,6.406340562986397,0.039471683413485656
0.2,0.008155670644440265,0.014385280456488462,0.20354426105164797,0.015186848052926553,6.4063250826285385,0.0398570420082802
0.2,0.00823529547451097,0.01452571942530143,0.20552461607814096,0.0156590503884662,6.4063093298131735,0.040246163007097394
0.2,0.008315697691732318,0.014667529330400463,0.20752410275833869,0.01614299032301819,6.406293300222856,0.040639083157648935
0.2,0.008396884885832043,0.014810723550880424,0.20954290190264674,0.016638895135082536,6.4062769894854705,0.04103583956715307
0.2,0.008478864720637351,0.014955315596294512,0.21158119591122543,0.017146994153524733,6.40626039317382,0.04143646970586568
0.2,0.008561644934798338,0.015101319107923077,0.21363916878437758,0.017667518670852818,6.406243506805259,0.04184101141064541
0.2,0.008645233342518533,0.015248747860054764,0.21571700613288944,0.018200701854242163,6.406226325841274,0.0422495028885538
0.2,0.008729637834292482,0.015397615761279893,0.21781489518831892,0.018746778648073656,6.4062088456871,0.04266198272048997
0.2,0.008814866377650617,0.015547936855796413,0.21993302481322616,0.01930598567336119,6.406191061691297,0.04307848986486068
0.2,0.008900927017911384,0.01569972532472849,0.22207158551134434,0.019878561119939478,6.406172969145358,0.04349906366128616
0.2,0.008987827878940655,0.01585299548745763,0.22423076943767956,0.020464744633270117,6.4061545632832795,0.043923743834341084
0.2,0.009075577163918627,0.01600776180296684,0.22641077040854066,0.021064777194826426,6.40613583928115,0.04435257049733205
0.2,0.009164183156114156,0.01616403887119757,0.228611783911489,0.021678900998236966,6.406116792256695,0.04478558415611106
0.2,0.009253654219666719,0.01632184143441992,0.2308340071152061,0.02230735931663279,6.406097417268866,0.045222825712925886
0.2,0.009343998800375895,0.016481184378615794,0.23307763887926786,0.022950396366336494,6.406077709317373,0.04566433647030666
0.2,0.009435225426498665,0.016642082734875573,0.23534287976382456,0.02360825716226101,6.406057663342219,0.046110158134989865
0.2,0.00952734270955447,0.016804551680808213,0.23762993203917904,0.02428118736789326,6.406037274223241,0.04656033282187978
0.2,0.009620359345138064,0.01696860654196477,0.23993899969525198,0.0249694331396646,6.4060165367796085,0.047014903058046904
0.2,0.009714284113740387,0.017134262793275786,0.24227028845093473,0.025673240963330273,6.405995445769321,0.047473911786764696
0.2,0.009809125881577398,0.0173015360605024,0.2446240057633161,0.026392857484586762,6.405973995888696,0.04793740237158392
0.2,0.009904893601427055,0.017470442121701492,0.2470003608367807,0.02712852933295017,6.405952181771825,0.048405418600445504
0.2,0.01000159631347438,0.017640996908704784,0.2493995646319671,0.027880502939981316,6.405929997990009,0.04887800468983155
0.2,0.010099243146164854,0.017813216508612284,0.25182182987458185,0.028649024348712006,6.4059074390511945,0.04935520528895528
0.2,0.010197843317066102,0.0179871171653,0.2542673710640584,0.02943433901912735,6.405884499399358,0.049837065483989584
0.2,0.010297406133738043,0.018162715280942196,0.2567364044820554,0.03023669162497169,6.405861173413872,0.050323630802335
0.2,0.010397940994611436,0.018340027417548175,0.2592291482007827,0.031056325845637847,6.405837455408866,0.050814947216926615
0.2,0.010499457389875086,0.01851907029851383,0.26174582209114744,0.031893484149231585,6.405813339632521,0.05131106115058034
0.2,0.010601964902371733,0.018699860810188238,0.2642866478307153,0.03274840757188875,6.405788820266373,0.051812019480379584
0.2,0.010705473208502571,0.018882416003454975,0.2668518489114681,0.033621335487628905,6.405763891424543,0.05231786954210056
0.2,0.010809992079140717,0.01906675309532887,0.26944165064735853,0.03451250537509615,6.405738547152957,0.052828659134678664
0.2,0.010915531380553534,0.019252889470567892,0.2720562801816442,0.03542215257437814,6.405712781428511,0.05334443652471416
0.2,0.011022101075334013,0.019440842683300635,0.27469596649399647,0.036350510040367906,6.405686588158217,0.053865250451018934
0.2,0.011129711223341152,0.01963063045866915,0.2773609404073675,0.03729780808824981,6.405659961178276,0.05439115012920279
0.2,0.011238371982649606,0.01982227069448772,0.2800514345946098,0.0382642741338482,6.405632894253117,0.05492218525630089
0.2,0.011348093610508618,0.020015781462917485,0.28276768358483667,0.03925013242690094,6.405605381074401,0.055458406015442004
0.2,0.011458886464310196,0.02021118101215689,0.28550992376950507,0.04025560377993101,6.405577415259934,0.05599986308055674
0.2,0.011570761002566873,0.02040848776814853,0.2882783934082195,0.04128090529000004,6.405548990352565,0.05654660762112745
0.2,0.011683727785898932,0.02060772033630218,0.29107333263423624,0.042326250055907164,6.405520099818993,0.05709869130697873
0.2,0.011797797478031348,0.02080889750323436,0.2938949834596594,0.04339184688965921,6.405490737048516,0.05765616631310913
0.2,0.01191298084680033,0.021012038238524367,0.2967435897803126,0.044477900021986566,6.40546089535175,0.058219085324563574
0.2,0.012029288765169836,0.02121716169648724,0.29961939738027715,0.045584608804459706,6.405430567959199,0.05878750154134743
0.2,0.012146732212257911,0.02142428721796352,0.30252265393607797,0.046712167404788896,6.405399748019843,0.05936146868338142
0.2,0.012265322274373136,0.021633434332126184,0.30545360902050733,0.04786076449944637,6.405368428599568,0.05994104099549804
0.2,0.012385070146061071,0.02184462275830464,0.3084125141060671,0.04903058296083894,6.40533660267956,0.060526273252478724
0.2,0.01250598713116102,0.022057872407826216,0.3113996225680187,0.050221799539262035,6.405304263154605,0.061117220764132715
0.2,0.012628084643873116,0.02227320338587526,0.31441518968702353,0.05143458454393575,6.405271402831273,0.06171393938041712
0.2,0.012751374209835718,0.022490635993369666,0.3174594726513549,0.05266910151703047,6.405238014426036,0.062316485496597525
0.2,0.01287586746721344,0.022710190728855533,0.3205327305586706,0.05392550690647285,6.405204090563282,0.06292491605845063
0.2,0.01300157616779574,0.02293188829041964,0.32363522441732345,0.055203949734712744,6.405169623773185,0.06353928856750708
0.2,0.013128512178106296,0.023155749577620285,0.3267672171471973,0.05650457126470049,6.405134606489522,0.06415966108633621
0.2,0.013256687480523102,0.023381795693436194,0.32992897358004497,0.05782750466334538,6.405099031047331,0.06478609224387062
0.2,0.013386114174409602,0.023610047946234145,0.333120760459314,0.0591728746623749,6.405062889680465,0.06541864124077215
0.2,0.013516804477256877,0.023840527851755278,0.3363428464394425,0.0605407972174074,6.4050261745190245,0.06605736785483886
0.2,0.013648770725836855,0.024073257135119982,0.33959550208459593,0.061931379165249996,6.404988877586637,0.06670233244645121
0.2,0.01378202537736692,0.024308257732852036,0.34287899986683795,0.06334471787930002,6.40495099079762,0.06735359596405983
0.2,0.013916581010685816,0.02454555179492181,0.3461936141637041,0.06478090092397454,6.404912505954004,0.06801121994971276
0.2,0.014052450327441093,0.024785161686808884,0.3495396212551637,0.06624000570869071,6.404873414742365,0.06867526654462282
0.2,0.014189646153288034,0.02502710999158395,0.352917299319941,0.06772209913965817,6.404833708730563,0.06934579849477404
0.2,0.014328181439100406,0.025271419512010646,0.3563269284311808,0.06922723727305488,6.4047933793642615,0.07002287915656825
0.2,0.014468069262192958,0.025518113272667117,0.359768790551431,0.07075546496705558,6.404752417963316,0.07070657250251036
0.2,0.014609322827555943,0.02576721452208769,0.36324316952691904,0.07230681553376626,6.404710815717963,0.07139694312693237
0.2,0.014751955469101533,0.026018746734924544,0.36675035108109527,0.07388131039211002,6.404668563684852,0.07209405625175572
0.2,0.014895980650922546,0.026272733614129972,0.37029062280742436,0.07547895872106836,6.404625652782853,0.0727979777322918
0.2,0.015041411968563468,0.026529199093159178,0.37386427416139345,0.07709975711335847,6.404582073788703,0.07350877406308028
0.2,0.015188263150303735,0.02678816733819361,0.3774715964517105,0.07874368923075326,6.40453781733242,0.07422651238376396
0.2,0.015336548058453702,0.02704966275038544,0.38111288283067085,0.0804107254597999,6.4044928738925275,0.07495126048500106
0.2,0.015486280690663174,0.027313709968122966,0.38478842828365667,0.0821008225691301,6.404447233791048,0.07568308681441308
0.2,0.015637475181242807,0.027580333869317488,0.3884985296177487,0.08381392336926878,6.404400887188253,0.07642206048256889
0.2,0.015790145802498247,0.02784955957371134,0.39224348544941146,0.08554995637205107,6.404353824077223,0.07716825126900312
0.2,0.015944306966077442,0.02812141244520779,0.3960235961912299,0.08730883545339198,6.404306034278105,0.07792172962826938
0.2,0.016099973224331095,0.02839591809422283,0.3998391640376647,0.0890904595171633,6.404257507432176,0.07868256669602744
0.2,0.016257159271686295,0.028673102380058674,0.40369049294978776,0.09089471216148168,6.404208232995581,0.07945083429516261
0.2,0.016415879946033655,0.02895299141329971,0.4075778886389744,0.09272146134537965,6.404158200232862,0.08022660494193787
0.2,0.01657615023012796,0.029235611558230772,0.41150165854951404,0.09457055905960753,6.404107398210167,0.08100995185217723
0.2,0.016737985253002543,0.029520989435278037,0.4154621118401057,0.09644184099731462,6.404055815788179,0.08180094894747972
0.2,0.016901400291397327,0.029809151923472468,0.4194595593641997,0.09833512622738105,6.404003441614749,0.08259967086146203
0.2,0.017066410771200975,0.0301001261629365,0.4234943136491568,0.1002502168692136,6.403950264117216,0.08340619294603056
0.2,0.017233032268907003,0.030393939557393664,0.42756668887418164,0.1021868977693455,6.403896271494413,0.08422059127768039
0.2,0.01740128051308423,0.030690619776701768,0.43167700084699434,0.10414493617907748,6.403841451708325,0.08504294266382058
0.2,0.017571171385861405,0.030990194759409284,0.43582556697920066,0.10612408143365709,6.403785792475416,0.08587332464912391
0.2,0.01774272092442648,0.03129269271533575,0.4400127062603221,0.10812406463176306,6.403729281257628,0.0867118155219008
0.2,0.01791594532254052,0.03159814212817606,0.4442387392304445,0.11014459831686088,6.403671905252944,0.08755849432049535
0.2,0.018090860932066265,0.03190657175812869,0.4485039879514425,0.11218537615760771,6.403613651385663,0.08841344083970158
0.2,0.01826748426451173,0.0322180106445484,0.45280877597673597,0.11424607262924906,6.403554506296212,0.08927673563719891
0.2,0.018445831992588826,0.03253248810862341,0.45715342831953926,0.11632634269456756,6.403494456330602,0.09014846004000543
0.2,0.018625920951787302,0.03285003375607738,0.4615382714195526,0.11842582148384417,6.403433487529437,0.0910286961509461
0.2,0.01880776814196382,0.03317067747989606,0.4659636331080514,0.1205441239737513,6.4033715856165205,0.09191752685513463
0.2,0.0189913907289468,0.033494449463079286,0.4704298425713274,0.12268084466497402,6.403308735986997,0.09281503582646697
0.2,0.019176806046156746,0.03382138018141812,0.4749372303124326,0.1248355572570713,6.403244923695048,0.0937213075341239
0.2,0.019364031596242583,0.03415150040629779,0.4794861281111791,0.12700781432127017,6.403180133441128,0.0946364272490812
0.2,0.01955308505273372,0.03448484120752589,0.484076868982336,0.12919714696999748,6.403114349558663,0.0955604810506232
0.2,0.019743984261708435,0.03482143395618684,0.4887097871319832,0.13140306452217576,6.403047556000313,0.09649355583285897
0.2,0.01993674724347856,0.035161310327522524,0.49338521791196216,0.13362505416435005,6.402979736323658,0.09743573931123783
0.2,0.02013139219429041,0.035504502303838836,0.4981034977723676,0.13586258060645853,6.40291087367639,0.09838712002905961
0.2,0.020327937488042555,0.0358510421774392,0.5028649642120334,0.1381150857326674,6.402840950780897,0.09934778736397924
0.2,0.0205264016780202,0.03620096255358456,0.5076699557269481,0.14038198824451953,6.402769949918341,0.1003178315345003
0.2,0.020726803498646654,0.036554296353480537,0.5125188117565466,0.14266268329771178,6.402697852912083,0.10129734360645488
0.2,0.020929161867251675,0.036911076817291326,0.5174118726278164,0.14495654213089532,6.402624641110531,0.1022864154994652
0.2,0.021133495885857275,0.03727133750718137,0.5223494794971614,0.14726291168552874,6.4025502953693465,0.10328513999338404
0.2,0.021339824842980946,0.037635112310384446,0.5273319742899613,0.14958111421624543,6.402474796033003,0.1042936107347099
0.2,0.021548168215456322,0.03800243544230032,0.5323596996377592,0.15191044689174454,6.402398122915647,0.10531192224297052
0.2,0.021758545670271825,0.038373341449619645,0.5374329988130195,0.15425018138355512,6.402320255281314,0.10634016991707261
0.2,0.021970977066427103,0.03874786521347679,0.542552215661389,0.1565995634440352,6.402241171823359,0.10737845004161113
0.2,0.022185482456807768,0.0391260419526314,0.5477176945313942,0.15895781247164076,6.402160850643191,0.10842685979313427
0.2,0.02240208209007819,0.03950790722667798,0.5529297802015015,0.16132412106197236,6.40207926922823,0.10948549724635608
0.2,0.022620796412592997,0.03989349693928479,0.5581888178044846,0.16369765454648477,6.401996404429041,0.11055446138031452
0.2,0.022841646070327102,0.04028284734146151,0.5634951527490144,0.16607755051425546,6.401912232435706,0.11163385208446619
0.2,0.02306465191082472,0.04067599503485617,0.5688491306384081,0.16846291832014854,6.4018267287532735,0.11272377016471173
0.2,0.023289834985167176,0.04107297697508134,0.5742510971864598,0.17085283857506706,6.401739868176393,0.11382431734934582
0.2,0.023517216549960116,0.041473830475070014,0.57970139813028,0.17324636262008258,6.401651624763009,0.11493559629492357
0.2,0.02374681806934016,0.04187859320846162,0.5852003791400736,0.1756425119825201,6.401561971807137,0.11605771059203797
0.2,0.023978661217000905,0.04228730321301741,0.5907483857257633,0.17804027781360493,6.401470881810656,0.11719076477099627
0.2,0.024212767878238933,0.042699998894066594,0.5963457631403996,0.18043862030694557,6.401378326454109,0.11833486430739183
0.2,0.024449160152019686,0.04311671902798273,0.601992856280264,0.18283646809801316,6.4012842765664715,0.11949011562755929
0.2,0.024687860353063647,0.043537502765690884,0.6076900095815922,0.18523271764253368,6.401188702093844,0.12065662611390579
0.2,0.02492889101395261,0.04396238963620517,0.6134375669138229,0.1876262325744087,6.401091572067049,0.12183450411010598
0.2,0.025172274887256797,0.044391419550197896,0.6192358714693077,0.1900158430432869,6.400992854568076,0.12302385892615478
0.2,0.02541803494768266,0.0448246328035997,0.6250852656493798,0.1924003450288528,6.400892516695351,0.12422480084326344
0.2,0.025666194394241525,0.045262070081230905,0.6309860909467014,0.19477849963488453,6.4007905245277925,0.1254374411185895
0.2,0.025916776652439574,0.04570377246046488,0.6369386878238052,0.1971490323593596,6.400686843087601,0.12666189198978903
0.2,0.0261698053764891,0.04614978141492289,0.6429433955877372,0.19951063234291885,6.4005814363017475,0.1278982666793782
0.2,0.02642530445154151,0.046600138818201346,0.6490005522607141,0.20186195159420034,6.40047426696212,0.1291466793988926
0.2,0.026683297995941838,0.0470548869476308,0.655110494446699,0.2042016041921566,6.400365296684276,0.13040724535282897
0.2,0.026943810363505558,0.04751406848806766,0.6612735571938094,0.20652816546494585,6.400254485864776,0.131680080742357
0.2,0.027206866145817455,0.04797772653571841,0.6674900738524595,0.20884017114640296,6.400141793637002,0.13296530276878604
0.2,0.02747249017455311,0.0484459046019968,0.6737603759291505,0.21113611650849948,6.400027177825501,0.13426302963677192
0.2,0.02774070752382277,0.04891864661741349,0.6800847929357957,0.21341445547183668,6.399910594898678,0.13557338055724572
0.2,0.028011543512538335,0.04939599693549935,0.6864636522345055,0.2156735996922295,6.3997919999199295,0.1368964757500503
0.2,0.028285023706803504,0.04987800033676205,0.6928972788777241,0.21791191762568068,6.399671346497042,0.13823243644626693
0.2,0.028561173922326936,0.050364702032675755,0.6993859954436153,0.22012773357078075,6.399548586729887,0.1395813848902114
0.2,0.028840020226859314,0.05085614766970496,0.7059301218666096,0.22231932668910398,6.3994236711563,0.14094344434108333
0.2,0.029121588942653986,0.05135238333336191,0.7125299752630042,0.2244849300048494,6.399296548696136,0.14231873907424725
0.2,0.02940590664895184,0.05185345555229834,0.7191858697515231,0.22662272938299602,6.399167166593409,0.1437073943821262
0.2,0.029693000184490108,0.05235941130243095,0.7258981162687239,0.2287308624883126,6.399035470356459,0.1451095365746839
0.2,0.029982896650035975,0.05287029801110168,0.7326670223791648,0.2308074177243734,6.398901403696113,0.14652529297947556
0.2,0.030275623410944884,0.053386163561272446,0.739492892080222,0.23285043315426074,6.398764908461748,0.14795479194124347
0.2,0.03057120809974356,0.053907056295754235,0.7463760256014513,0.2348578954039025,6.398625924575215,0.14939816282103102
0.2,0.030869678618738575,0.054433025021471466,0.7533167191984029,0.2368277385486069,6.398484389962537,0.15085553599479287
0.2,0.03117106314265016,0.05496411901376102,0.7603152649407745,0.23875784298445396,6.3983402404833445,0.15232704285147258
0.2,0.03147539012127196,0.05550038802070676,0.76737195049481,0.24064603428504688,6.398193409857955,0.15381281579052192
0.2,0.03178268828215639,0.05604188226750882,0.7744870588998328,0.24249008204559974,6.398043829592059,0.15531298821883155
0.2,0.03209298663332661,0.05658865246088882,0.7816608683388194,0.24428769871529293,6.3978914288988955,0.15682769454704612
0.2,0.032406314466014656,0.05714074979353021,0.7888936519029024,0.2460365384194746,6.397736134618906,0.15835707018523018
0.2,0.03272270135742665,0.05769822594855485,0.7961856773497142,0.24773419577332983,6.39757787113676,0.15990125153785578
0.2,0.03304217717353455,0.058261133104034635,0.8035372068554542,0.2493782046889017,6.397416560295668,0.16146037599807592
0.2,0.033364772071895525,0.058829523937539596,0.8109484967605901,0.2509660371764104,6.397252121308959,0.1630345819412516
0.2,0.03369051650449884,0.059403451630722054,0.8184197973090992,0.25249510214292264,6.397084470668794,0.16462400871769617
0.2,0.03401944122064025,0.059982969873936455,0.825951352381134,0.2539627441892421,6.3969135220519835,0.1662287966445993
0.2,0.03435157726982471,0.060568132870895866,0.8335433992190325,0.2553662424079262,6.396739186222795,0.16784908699709317
0.2,0.03468695600469737,0.061158995343364525,0.8411961681465687,0.25670280918378674,6.396561370932725,0.16948502199842014
0.2,0.035025609084003255,0.06175561253588732,0.8489098822813601,0.25796958900024236,6.396379980817095,0.1711367448091637
0.2,0.035367568475575574,0.0623580402205549,0.8566847572403212,0.25916365725233775,6.396194917288462,0.1728043995154938
0.2,0.035712866459353454,0.06296633470180596,0.8645210008380942,0.26028201907081006,6.396006078426706,0.17448813111638975
0.2,0.03606153563042924,0.06358055282126646,0.8724188127783674,0.261321608158177,6.395813358865763,0.17618808550979115
0.2,0.03641360890212509,0.06420075196262448,0.8803783843379761,0.26227928564018566,6.395616649676914,0.17790440947762837
0.2,0.036769119509100084,0.06482699005654287,0.888399898043735,0.2631518389358506,6.395415838248516,0.17963725066968755
0.2,0.037128101010487385,0.0654593255856081,0.8964835273419035,0.26393598064829066,6.395210808162167,0.1813867575862572
0.2,0.03749058729306228,0.06609781758931632,0.904629436260216,0.2646283474797615,6.395001439065166,0.18315307955950422
0.2,0.03785661257444074,0.0667425256690956,0.9128377790624022,0.2652254991741342,6.39478760653922,0.1849363667335262
0.2,0.03822621140630965,0.06739350999336581,0.921108699895141,0.26572391748990165,6.394569181965326,0.18673677004302514
0.2,0.03859941867768826,0.06805083130263472,0.9294423324273717,0.26612000520719437,6.394346032384748,0.18855444119054296
0.2,0.03897626961822182,0.06871455091463156,0.9378387994819187,0.2664100851725886,6.394118020355984,0.19038953262220307
0.2,0.03935679980150685,0.06938473072947664,0.9462982126593614,0.26659039938474755,6.393885003807739,0.19224219750189317
0.2,0.03974104514844935,0.07006143323488828,0.9548206719541174,0.26665710812538024,6.393646835887702,0.19411258968382927
0.2,0.04012904193065573,0.0707447215114267,0.9634062653626919,0.2666062891390099,6.3934033648071935,0.19600086368343694
0.2,0.040520826773856475,0.07143465923777383,0.972055068484051,0.2664339368656385,6.393154433681523,0.19790717464647892
0.2,0.04091643666136372,0.07213131069605051,0.9807671441121025,0.2661359617307941,6.392899880366016,0.19983167831636647
0.2,0.04131590893756222,0.07283474077716981,0.9895425418202531,0.26570818949678987,6.392639537287687,0.20177453099957912
0.2,0.04171928131143476,0.07354501498622726,0.9983812975380392,0.2651463606799239,6.392373231272424,0.20373588952912475
0.2,0.04212659186012149,0.07426219944792671,1.0072834331198042,0.2644461300384038,6.3921007833677175,0.2057159112259615
0.2,0.04253787903251445,0.07498636091204304,1.0162489559054473,0.2636030661351752,6.391822008660799,0.2077147538583087
0.2,0.04295318165288712,0.07571756675892108,1.0252778582732514,0.2626126509811129,6.391536716092198,0.20973257559876926
0.2,0.043372538924559084,0.07645588500500972,1.0343701171847857,0.2614702797632082,6.391244708264652,0.21176953497917833
0.2,0.043795990433596874,0.07720138430843251,1.0435256937219475,0.26017126066290047,6.390945781247306,0.2138257908431027
0.2,0.04422357615255067,0.0779541339745936,1.0527445326161637,0.25871081477029356,6.3906397243752275,0.21590150229590382
0.2,0.04465533644422779,0.07871420396181932,1.0620265617698073,0.2570840760988552,6.390326320044139,0.2179968286522788
0.2,0.04509131206550255,0.07948166488703433,1.0713716917698883,0.2552860917071628,6.390005343500389,0.2201119293811916
0.2,0.04553154417116374,0.0802565880314734,1.0807798153941035,0.25331182193253976,6.389676562626139,0.22224696404810665
0.2,0.045976074317799466,0.08103904534642749,1.0902508071093224,0.25115614074308634,6.389339737719727,0.22440209225443236
0.2,0.0464249444677201,0.08182910945902458,1.0997845225626177,0.24881383621361478,6.388994621271239,0.2265774735740822
0.2,0.046878196992919174,0.08262685367804402,1.1093807980649426,0.24627961113207084,6.388640957733269,0.22877326748705706
0.2,0.04733587467907326,0.08343235199976524,1.1190394500676002,0.24354808374215928,6.3882784832869115,0.23098963330995578
0.2,0.047798020729580976,0.0842456791138499,1.128760274631637,0.24061378862910449,6.387906925602948,0.23322673012331435
0.2,0.04826467876964097,0.08506691040925668,1.138543046890319,0.23747117775487836,6.387526003598332,0.23548471669567342
0.2,0.04873589285037019,0.08589612198018921,1.1483875205048735,0.23411462164919478,6.3871354271879595,0.2377637514042761
0.2,0.049211707452962085,0.08673339063207608,1.1582934271136809,0.23053841076352766,6.3867348970318,0.24006399215229227
0.2,0.049692167492885714,0.08757879388758325,1.1682604757751396,0.2267367569948147,6.38632410427744,0.24238559628246964
0.2,0.050177318324125295,0.0884324099926567,1.1782883524044045,0.2227037953857022,6.385902730298122,0.24472872048710084
0.2,0.05066720574346165,0.0892943179225972,1.188376719204285,0.21843358600842852,6.3854704464263685,0.2470935207142115
0.2,0.05116187599479546,0.09016459738816521,1.1985252140905367,0.2139201160397401,6.385026913683275,0.2494801520698564
0.2,0.051661375773512194,0.0910433288417149,1.2087334501118476,0.20915730203367494,6.384571782503596,0.2518887687164195
0.2,0.05216575223089027,0.09193059348335844,1.2190010148648271,0.2041389923997452,6.3841046924567815,0.25431952376681466
0.2,0.05267505297855186,0.0928264732671584,1.2293274699043253,0.19885897009387984,6.38362527196403,0.256772569174477
0.2,0.053189326092957505,0.09373105090734865,1.2397123501494376,0.1933109555291338,6.383133138011611,0.2592480556190414
0.2,0.05370862011994407,0.09464440988458198,1.2501551632855605,0.1874886097142041,6.38262789586059,0.2617461323876
0.2,0.054232984079307524,0.09556663445220505,1.2606553891629104,0.1813855376266093,6.3821091387531155,0.2642669472514351
0.2,0.054762467469430184,0.09649780964255893,1.271212479191921,0.17499529182804624,6.38157644761556,0.2668106463381231
0.2,0.0552971202719534,0.09743802127330536,1.2818258557359727,0.16831137632955329,6.381029390758693,0.2693773739989065
0.2,0.055836992956495364,0.09838735595377643,1.2924949115019186,0.1613272507135846,6.38046752357514,0.27196727267122917
0.2,0.05638213648541545,0.09934590109134855,1.3032190089289184,0.1540363345201727,6.379890388234428,0.27458048273634006
0.2,0.056932602318625056,0.10031374489783931,1.313997479576112,0.1464320119048434,6.379297513375888,0.2772171423718657
0.2,0.05748844241844497,0.101290976395925,1.3248296235096644,0.13850763657463908,6.378688413799745,0.2798773873992527
0.2,0.05804970925451063,0.10227768542557994,1.3357147086897951,0.1302565370097521,6.378062590156745,0.2825613511259955
0.2,0.05861645580872506,0.103273962650535,1.3466519703583888,0.12167202197747043,6.377419528636636,0.2852691641825543
0.2,0.059188735580260325,0.1042798995647553,1.357640610427829,0.11274738634470369,6.376758700655963,0.28800095435388207
0.2,0.05976660259060746,0.10529558849893479,1.368679796871733,0.10347591719570981,6.37607956254555,0.29075684640547816
0.2,0.06035011138867609,0.10632112262700791,1.379768663118282,0.09385090026117601,6.375381555238093,0.29353696190389383
0.2,0.0609393170559436,0.1073565959726763,1.3909063074468948,0.08386562666426947,6.374664103956407,0.2963414190316211
0.2,0.061534275211654874,0.10840210341594984,1.4020917923889937,0.0735133999894893,6.373926617902708,0.2991703323962971
0.2,0.062135042018072274,0.1094577406996996,1.4133241441336586,0.0627875436789744,6.373168489949588,0.30202381283416807
0.2,0.06274167418577731,0.11052360443622285,1.4246023519390125,0.05168140876183014,6.372389096333102,0.3049019672077629
0.2,0.06335422897902417,0.11159979211381849,1.435925367550194,0.04018838191984436,6.371587796348707,0.30780489819773493
0.2,0.0639727642211449,0.11268640210336946,1.447292104624785,0.02830189389449106,6.370763932050467,0.31073270408882925
0.2,0.06459733830000804,0.1137835336649337,1.4587014381666574,0.016015428237550866,6.369916827954392,0.31368547854996265
0.2,0.0652280101735301,0.11489128695433967,1.470152203969168,0.0033225304093278396,6.369045790746402,0.31666331040838985
0.2,0.06586483937524126,0.11600976302978629,1.4816431980687075,-0.009783182774462496,6.368150108995726,0.31966628341795794
0.2,0.06650788601990482,0.11713906385844391,1.4931731762096088,-0.02330801334468252,6.367229052874463,0.32269447602144846
0.2,0.06715721080919199,0.1182792923230566,1.5047408533214885,-0.03725817202923737,6.366281873884043,0.3257479611070334
0.2,0.06781287503741217,0.11943055222854283,1.516344903010106,-0.05163976775145929,6.365307804589416,0.32882680575887085
0.2,0.06847494059729857,0.12059294830859182,1.5279839570628366,-0.06645879677748301,6.36430605836184,0.331931071001885
0.2,0.06914346998585093,0.12176658623225543,1.5396566049699405,-0.0817211315136655,6.363275829131064,0.335060811540794
0.2,0.06981852631023491,0.12295157261053212,1.5513613934627895,-0.09743250895633049,6.362216291147866,0.33821607549345667
0.2,0.07050017329373956,0.1241480150029419,1.5630968260702687,-0.11359851879762956,6.361126598757897,0.34139690411863344
0.2,0.07118847528179208,0.12535602192408812,1.57486136269458,-0.1302245911910388,6.360005886187727,0.34460333153826306
0.2,0.07188349724803221,0.1265757028502069,1.5866534192077497,-0.14731598418214092,6.358853267344161,0.34783538445439227
0.2,0.07258530480044538,0.12780716822569868,1.5984713670700925,-0.1648777708110593,6.357667835627829,0.3510930818608939
0.2,0.07329396418755615,0.12905052946964218,1.6103135329719975,-0.18291482589374464,6.356448663762115,0.35437643475014846
0.2,0.07400954230468151,0.1303058989822854,1.6221781985003485,-0.2014318124909497,6.355194803638511,0.35768544581486794
0.2,0.07473210670024573,0.13157339015151365,1.6340635998309767,-0.22043316807464908,6.353905286179524,0.3610201091452782
0.2,0.07546172558215705,0.13285311735929103,1.6459679274485335,-0.23992309040320092,6.352579121220294,0.36438040992188964
0.2,0.07619846782424576,0.1341451959880708,1.6578893258951815,-0.2599055231173566,6.35121529741005,0.36776632410410776
0.2,0.07694240297276606,0.13544974242717464,1.6698258935495647,-0.2803841410712973,6.349812782134672,0.37117781811497264
0.2,0.07769360125296079,0.1367668740791357,1.681775682437491,-0.3013623354137508,6.348370521461514,0.37461484852232824
0.2,0.07845213357569086,0.13809670936600363,1.6937366980758042,-0.3228431984357518,6.3468874401077855,0.37807736171675893
0.2,0.07921807154412852,0.13943936773560636,1.7057068993509028,-0.3448295082033793,6.345362441433704,0.3815652935866508
0.2,0.07999148746051672,0.1407949696677679,1.717684198433423,-0.36732371299500344,6.343794407461734,0.38507856919077055
0.2,0.08077245433299449,0.14216363668047735,1.7296664607305647,-0.3903279155642315,6.34218219892316,0.38861710242878456
0.2,0.08156104588248815,0.14354549133600464,1.741651504877555,-0.4138438572515083,6.340524655333378,0.3921807957101595
0.2,0.08235733654967073,0.14494065724696126,1.7536371027697712,-0.4378729019684733,6.338820595097107,0.3957695396219351
0.2,0.08316140150198875,0.14634925908230098,1.7656209796370115,-0.4624160200811862,6.337068815644926,0.39938321259587667
0.2,0.08397331664075815,0.1477714225732571,1.7776008141614121,-0.4874737722201111,6.33526809360241,0.4030216805755551
0.2,0.0847931586083286,0.1492072745192111,1.7895742386405007,-0.5130462930455595,6.333417184993214,0.4066847966839324
0.2,0.08562100479531873,0.15065694279349015,1.801538839196862,-0.5391332750000248,6.331514825477351,0.4103724008920653
0.2,0.0864569333479213,0.1521205563490881,1.8134921560358872,-0.565733952079661,6.329559730626063,0.4140843196895776
0.2,0.08730102317528039,0.153598245224306,1.8254316837530373,-0.5928470836591389,6.327550596234483,0.41782036575758014
0.2,0.08815335395693963,0.15509014054830617,1.8373548716920447,-0.6204709384057104,6.325486098673402,0.4215803376447548
0.2,0.08901400615036396,0.15659637454657707,1.8492591243554515,-0.6486032783198648,6.32336489528138,0.42536401944735885
0.2,0.0898830609985349,0.15811708054630363,1.8611418018688466,-0.6772413429413476,6.321185624798399,0.4291711804939387
0.2,0.090760600537619,0.15965239298163536,1.873000220500105,-0.7063818337611569,6.31894690784226,0.4330015750355699
0.2,0.09164670760471229,0.1612024473988512,1.8848316532349467,-0.7360208988814256,6.316647347428859,0.4368549419424924
0.2,0.09254146584565957,0.16276738046141234,1.8966333304100258,-0.7661541179664467,6.314285529537445,0.4407310044080318
0.2,0.09344495972295076,0.16434732995489967,1.908402440404759,-0.7967764875294758,6.311860023721867,0.4446294696607374
0.2,0.09435727452369334,0.16594243479182763,1.9201361303930007,-0.8278824066014284,6.309369383768889,0.44855002868570026
0.2,0.09527849636766342,0.16755283501633123,1.931831507155661,-0.8594656628284402,6.30681214840439,0.45249235595605586
0.2,0.09620871221543555,0.1691786718087193,1.9434856379552714,-0.8915194190466746,6.304186842048387,0.45645610917570123
0.2,0.0971480098765909,0.1708200874898854,1.9550955514733999,-0.9240362003833755,6.301491975619619,0.46044092903428635
0.2,0.09809647801800668,0.1724772255255739,1.966658238811831,-0.9570078819345604,6.298726047390409,0.46444643897558874
0.2,0.09905420617222575,0.1741502305304913,1.978170654558239,-0.9904256770699447,6.295887543892416,0.46847224498038664
0.2,0.10002128474590875,0.17583924827225791,1.989629717917075,-1.0242801264167256,6.292974940873735,0.4725179353649934
0.2,0.10099780502836705,0.17754442567518966,2.0010323139062436,-1.0585610875741458,6.289986704307866,0.476583080596629
0.2,0.10198385920018198,0.17926591082390986,2.0123752946201128,-1.0932577256109675,6.286921291454701,0.48066723312685256
0.2,0.1029795403419046,0.18100385296677232,2.0236554805591926,-1.1283585043985545,6.283777151973853,0.4847699272442638
0.2,0.1039849424428433,0.1827584025190993,2.0348696620268356,-1.1638511788316666,6.280552729090286,0.48889067894775007
0.2,0.10500016040993575,0.18452971106621913,2.046014600593108,-1.1997227879894297,6.277246460812218,0.49302898584153926
0.2,0.10602529007670794,0.1863179313662978,2.0570870306258864,-1.2359596492881344,6.273856781201058,0.49718432705334814
0.2,0.1070604282123205,0.18812321735295587,2.0680836608891355,-1.2725473536772949,6.27038212169308,0.5013561631769327
0.2,0.10810567253070322,0.18994572413766153,2.0790011762081653,-1.3094707619290988,6.266820912472227,0.5055439362403499
0.2,0.10916112169977987,0.19178560801189312,2.089836239201559,-1.3467140020711261,6.263171583893498,0.5097470697012599
0.2,0.11022687535078081,0.19364302644905612,2.100585492079281,-1.3842604680100934,6.259432567956026,0.513964968470578
0.2,0.11130303408764873,0.19551813810615287,2.1112455585064085,-1.42209281939374,6.255602299824853,0.5181970189658242
0.2,0.11238969949653517,0.19741110282518945,2.1218130455317126,-1.4601929827557485,6.251679219400279,0.5224425891954755
0.2,0.11348697415538994,0.19932208163431214,2.132284545580202,-1.4985421539868564,6.247661772933414,0.5267010288756503
0.2,0.1145949616436442,0.20125123674866283,2.1426566385085986,-1.537120802173253,6.243548414686416,0.5309716695804225
0.2,0.11571376655198774,0.20319873157094162,2.1529258937225206,-1.575908674840766,6.239337608635701,0.535253824927061
0.2,0.11684349449224304,0.20516473069166954,2.163088872354056,-1.614884804640897,6.235027830216241,0.5395467907974687
0.2,0.11798425210733328,0.20714939988913272,2.1731421294981543,-1.6540275175116212,6.23061756810483,0.543849845597056
0.2,0.11913614708135002,0.20915290612900547,2.18308221650623,-1.693314442343107,6.226105326040057,0.5481622505522888
0.2,0.12029928814971805,0.21117541756363384,2.1929056833350713,-1.7327225221750415,6.22148962467651,0.5524832500480774
0.2,0.12147378510945965,0.2132171035309705,2.202609080949107,-1.7722280269481576,6.216769003470458,0.5568120720061672
0.2,0.1226597488295592,0.21527813455314757,2.212188963773817,-1.8118065678299002,6.2119420225942745,0.5611479283056305
0.2,0.12385729126142848,0.217358682334674,2.2216418921979955,-1.8514331131288129,6.207007264876362,0.5654900152465155
0.2,0.12506652544947566,0.21945891976024776,2.2309644351223508,-1.8910820058090836,6.2019633377634324,0.569837514057666
0.2,0.12628756554177484,0.22157902089216175,2.2401531725517736,-1.9307269826115627,6.196808875301625,0.5741895914496384
0.2,0.12752052680084222,0.22371916096729885,2.249204698228494,-1.9703411947834013,6.191542540132813,0.5785454002136214
0.2,0.12876552561451632,0.22587951639369525,2.258115622303111,-2.009897230413457,6.186163025502273,0.5829040798671586
0.2,0.13002267950694468,0.22806026474666002,2.2668825740403933,-2.0493671383655663,6.180669057273669,0.58726475734742
0.2,0.1312921071496778,0.23026158476443506,2.275502204556538,-2.0887224537972116,6.175059395947182,0.5916265477526829
0.2,0.13257392837287119,0.23248365634338053,2.2839711895844865,-2.127934225245234,6.169332838676403,0.5959885551326106
0.2,0.13386826417659697,0.23472666053266925,2.292286232263692,-2.166973043255485,6.163488221279458,0.6003498733278114
0.2,0.1351752367422669,0.23699077952847677,2.300444065950657,-2.205809070527738,6.157524420239687,0.6047095868590942
0.2,0.13649496944416417,0.23927619666764288,2.3084414570463463,-2.244412073541618,6.1514403546910605,0.6090667718667028
0.2,0.13782758686109084,0.24158309642079767,2.316275207836561,-2.2827514556241013,6.145234988383361,0.6134204970997627
0.2,0.13917321478812736,0.24391166438492706,2.323942159341133,-2.320796291413479,6.13890733162205,0.6177698249560154
0.2,0.14053198024850724,0.2462620872753627,2.3314391941677632,-2.3585153626691926,6.132456443177655,0.6221138125718495
0.2,0.14190401150560764,0.24863455291717726,2.338763239366188,-2.3958771953715874,6.125881432159346,0.6264515129625007
0.2,0.14328943807505679,0.2510292502359666,2.345911269278279,-2.4328500980503436,6.119181459847402,0.630781976212195
0.2,0.14468839073696108,0.253446369248001,2.3528803083795857,-2.469402201274868,6.112355741479045,0.6351042507138824
0.2,0.14610100154824845,0.2558861010497193,2.3596674341077604,-2.5055014982348207,6.105403547982263,0.6394173844580905
0.2,0.14752740385513546,0.2583486378065552,2.3662697796732486,-2.5411158863342957,6.098324207651985,0.6437204263703153
0.2,0.1489677323057144,0.26083417274106785,2.3726845368475633,-2.576213209717671,6.091117107763181,0.6480124276962383
0.2,0.15042212286266363,0.26334290012035755,2.3789089587244203,-2.6107613026413223,6.0837816961152775,0.6522924434339277
0.2,0.15189071281608216,0.2658750152427451,2.3849403624489813,-2.6447280336001793,6.07631748250239,0.6565595338120737
0.2,0.15337364079644905,0.26843071442369193,2.390776131910454,-2.6780813501147143,6.068724040103882,0.6608127658131768
0.2,0.154871046787711,0.271010194980941,2.3964137203932543,-2.710789324079632,6.061001006789882,0.6650512147404831
0.2,0.15638307214049438,0.2736136552188465,2.4018506531819632,-2.7428201975719726,6.053148086336305,0.6692739658273319
0.2,0.15790985958544979,0.27624129441188155,2.407084530115356,-2.7741424290135317,6.0451650495442255,0.6734801158874875
0.2,0.15945155324672497,0.2788933127872879,2.412113028084756,-2.8047247395792367,6.037051735258403,0.677668775004872
0.2,0.16100829865556965,0.281569911506849,2.4169339034720716,-2.83453615974069,6.028808051279986,0.6818390682610254
0.2,0.16258024276407335,0.2842712926477585,2.4215449945228897,-2.8635460758322484,6.020433975168531,0.6859901374984987
0.2,0.16416753395903677,0.2869976591825578,2.4259442236501014,-2.891724276525127,6.011929554928705,0.6901211431182726
0.2,0.16577032207598058,0.2897492149581209,2.4301295996636214,-2.91904099909373,6.00329490957712,0.6942312659092039
0.2,0.16738875841328724,0.2925261646736473,2.4340992199218205,-2.9454669753577183,5.9945302295851315,0.6983197089073707
0.2,0.16902299574648455,0.2953287138576505,2.437851272400475,-2.97097347718303,5.985635777193524,0.7023856992831345
0.2,0.17067318834266684,0.2981570688439025,2.441384037675108,-2.995532361424941,5.976611886595283,0.7064284902536151
0.2,0.17233949197505738,0.3010114367463089,2.4446958908127536,-3.019116114197042,5.9674589639830105,0.7104473630182003
0.2,0.1740220639377128,0.3038920254326861,2.4477853031693297,-3.0416978943509254,5.958177487457721,0.7144416287146444
0.2,0.17572106306037086,0.30679904349740694,2.450650844088973,-3.063251576053063,5.948768006796133,0.7184106303932275
0.2,0.177436649723445,0.3097327002328904,2.4532911825018537,-3.0837517903470406,5.939231143073791,0.7223537450063969
0.2,0.17916898587316155,0.31269320559989283,2.4557050884171847,-3.10317396559206,5.929567588141854,0.7262703854112449
0.2,0.1809182350368484,0.3156807701965814,2.4578914343083325,-3.121494366671413,5.9197781039555295,0.7301600023821473
0.2,0.18268456233837113,0.31869560522634827,2.4598491963871494,-3.1386901328679504,5.909863521752651,0.7340220866308363
0.2,0.18446813451372027,0.3217379224643349,2.4615774557648593,-3.154739314307374,5.899824741081158,0.7378561708311584
0.2,0.18626911992675058,0.3248079342226331,2.4630753994970616,-3.169620906874509,5.889662728674699,0.7416618316457474
0.2,0.18808768858507416,0.32790585331412686,2.4643423215106437,-3.183314885512117,5.879378517175863,0.745438691751834
0.2,0.18992401215610827,0.3310318930149404,2.4653776234106513,-3.1958022358170357,5.868973203707068,0.7491864218634053
0.2,0.19177826398328168,0.33418626702545967,2.4661808151653917,-3.2070649838535656,5.85844794828936,0.7529047427469523
0.2,0.19365061910239564,0.33736918942988137,2.4667515156683213,-3.2170862241098472,5.847803972109962,0.7565934272280297
0.2,0.19554125425814806,0.340580874654265,2.467089453175512,-3.225850145529027,5.83704255563967,0.7602523021859194
0.2,0.19745034792081737,0.3438215374230412,2.4671944656177667,-3.2333420555529946,5.826165036601621,0.7638812505336917
0.2,0.19937808030310966,0.3470913927139418,2.4670665007867196,-3.2395484021233942,5.815172807793474,0.7674802131810212
0.2,0.20132463337717016,0.35039065571131095,2.466705616394507,-3.2444567935909796,5.804067314765231,0.7710491909771617
0.2,0.20329019089176037,0.3537195417577587,2.466111980006908,-3.248056016491595,5.792850053355536,0.774588246631551
0.2,0.2052749383896052,0.3570782663041201,2.465285868850063,-3.2503360511538095,5.781522567089496,0.7780975066095898
0.2,0.207279063224905,0.3604670448576685,2.464227669491223,-3.251288085110849,5.77008644444162,0.7815771630012048
0.2,0.20930275458102307,0.36388609292855667,2.4629378773941797,-3.250904524296256,5.758543315967611,0.7850274753599206
0.2,0.21134620348834343,0.3673356259744325,2.4614170963503463,-3.2491790020103184,5.746894851309394,0.7884487725102323
0.2,0.21340960284230356,0.3708158593431909,2.459666037786686,-3.2461063856514762,5.735142756077828,0.7918414543211878
0.2,0.2154931474216032,0.37432700821381987,2.457685519951991,-3.2416827812143647,5.723288768618097,0.7952059934441952
0.2,0.21759703390659038,0.3778692875352945,2.455476466983192,-3.235905535562961,5.711334656662971,0.7985429370131835
0.2,0.21972146089782926,0.3814429119634804,2.4530399078537255,-3.228773236494966,5.699282213879436,0.8018529083053669
0.2,0.2218666289348447,0.3850480957959911,2.4503769752061295,-3.2202857106200646,5.687133256314624,0.805136608360976
0.2,0.22403274051505448,0.38868505290496896,2.447488904071361,-3.2104440190817214,5.674889618746967,0.8083948175604736
0.2,0.22622000011288387,0.3923539966677334,2.4443770304774777,-3.199250451158762,5.662553150949039,0.8116283971578725
0.2,0.2284286141990675,0.39605513989525437,2.441042789950604,-3.1867085157894564,5.650125713868604,0.8148382907689334
0.2,0.23065879126013952,0.39978869475840567,2.437487715911269,-3.1728229310666283,5.637609175734623,0.8180255258131425
0.2,0.2329107418181137,0.4035548727119489,2.4337134379694247,-3.157599611758662,5.625005408095211,0.8211912149085088
0.2,0.23518467845035784,0.4073538844162078,2.4297216801216246,-3.1410456549163337,5.612316281794653,0.8243365572183734
0.2,0.23748081580965777,0.4111859396563722,2.425514258854031,-3.123169323630955,5.599543662896782,0.8274628397495278
0.2,0.23979937064448165,0.41505124725940135,2.421093081155069,-3.103980029013983,5.586689408562057,0.8305714386011201
0.2,0.24214056181944005,0.41895001500846685,2.4164601424417107,-3.0834883104728252,5.573755362885893,0.8336638201639232
0.2,0.24450461033594598,0.4228824495548914,2.4116175244034936,-3.0617058143616567,5.560743352705814,0.8367415422696936
0.2,0.24689173935307682,0.4268487563275353,2.4065673927685305,-3.038645271089876,5.5476551833849905,0.8398062552904721
0.2,0.2493021742086399,0.43084913943958275,2.4013119949958455,-3.0143204707739866,5.534492634579948,0.8428597031878055
0.2,0.2517361424404432,0.4348838015926793,2.3958536578985092,-2.9887462375217493,5.521257455999992,0.8459037245119785
0.2,0.2541938738077761,0.4389529439783755,2.3901947852020866,-2.961938402439834,5.507951363166131,0.8489402533514777
0.2,0.25667560031309516,0.4430567661768196,2.3843378550430456,-2.933913775458416,5.4945760331770686,0.8519713202329962
0.2,0.25918155622392647,0.4471954660526658,2.3782854174117563,-2.9046901160675382,5.481133100489882,0.8549990529724035
0.2,0.2617119780949791,0.45136923964813735,2.3720400915448288,-2.8742861030616553,5.4676241527229,0.8580256774771938
0.2,0.2642671047904751,0.4555782810732052,2.365604563271527,-2.8427213033892973,5.454050726488239,0.8610535185010056
0.2,0.26684717750669806,0.45982278239283153,2.358981582319023,-2.8100161402053345,5.4404143032612975,0.8640850003508864
0.2,0.26945243979476025,0.46410293351123216,2.3521739595812785,-2.7761918602232982,5.4267163052944305,0.8671226475480406
0.2,0.27208313758359537,0.4684189220531155,2.3451845643562965,-2.7412705004648346,5.412958091581869,0.8701690854428482
0.2,0.2747395192031706,0.47277093324184316,2.3380163215565393,-2.7052748545027634,5.399140953882847,0.873227040784995
0.2,0.2774218354079299,0.4771591497744792,2.3306722088971705,-2.668228438292682,5.385266112809603,0.876299342249577
0.2,0.2801303394004643,0.4815837516936767,2.3231552540668483,-2.630155455687156,5.371334713986922,0.8793889209200687
0.2,0.2828652868554131,0.4860449162563594,2.3154685318856565,-2.591080763724239,5.357347824289531,0.8824988107290542
0.2,0.28562693594359934,0.49054281779915865,2.3076151614547493,-2.551029837780294,5.343306428163597,0.8856321488575993
0.2,0.2884155473563992,0.4950776276005604,2.2995983033021825,-2.5100287366745153,5.32921142403826,0.8887921760941434
0.2,0.29123138433035306,0.49964951373973104,2.291421156529321,-2.4681040678099,5.315063620832975,0.8919822371537465
0.2,0.29407471267201074,0.5042586409519673,2.2830869559621427,-2.4252829524325965,5.300863734566217,0.8952057809584684
0.2,0.2969458007830253,0.5089051704807535,2.274598969311606,-2.3815929910882074,5.286612385070874,0.8984663608796164
0.2,0.2998449196854884,0.5135892599263739,2.2659604943471976,-2.3370622293504377,5.272310092821334,0.9017676349424982
0.2,0.3027723430475143,0.5183110630910567,2.257174856087599,-2.2917191238938432,5.257957275877256,0.9051133659942372
0.2,0.3057283472090733,0.5230707298206098,2.248245404012334,-2.2455925089787048,5.243554246948484,0.9085074218350778
0.2,0.30871321120807654,0.5278684058425247,2.2391755092980916,-2.1987115634122194,5.229101210585631,0.9119537753135096
0.2,0.31172721680671905,0.5327042326005211,2.229968562083282,-2.1511057780461496,5.214598260500344,0.915456504385364
0.2,0.3147706485180734,0.5375783470854945,2.2206279687642883,-2.1028049238671915,5.200045377019323,0.9190197921368939
0.2,0.31784379363294946,0.5424908816628617,2.2111571493266378,-2.0538390207317643,5.185442424675626,0.9226479267716654
0.2,0.3209469422470131,0.547441963896273,2.201559534714258,-2.004238306793182,5.170789149940866,0.9263453015608862
0.2,0.3240803872881704,0.5524317163676716,2.19183856423976,-1.9540332086644958,5.156085179101446,0.9301164147565797
0.2,0.32724442454421904,0.5574602564936935,2.1819976830385728,-1.9032543123562582,5.141330016281941,0.9339658694667842
0.2,0.33043935269076935,0.5625276963383892,2.172040339569567,-1.8519323350241328,5.126523041618455,0.9378983734916922
0.2,0.3336654733194408,0.5676341424222676,2.1619699831646497,-1.8000980975568606,5.11166350958454,0.9419187391193853
0.2,0.3369230909663275,0.5727796955276422,2.1517900616296775,-1.7477824980311978,5.096750547472205,0.9460318828794816
0.2,0.34021251314074813,0.5779644505002989,2.1415040188988073,-1.6950164860557977,5.081783154030252,0.9502428252527633
0.2,0.3435340503542732,0.5831884960474732,2.1311152927443087,-1.6418310380223466,5.066760198262045,0.9545566903344396
0.2,0.3468880161500364,0.588451914532153,2.1206273125436548,-1.5882571332778475,5.05168041838469,0.9589787054483848
0.2,0.3502747271323322,0.5937547817637128,2.1100434971055617,-1.5343257312283103,5.036542420951417,0.9635142007092856
0.2,0.3536945029965023,0.5990971667849021,2.0993672525564824,-1.4800677493799541,5.021344680138855,0.9681686085292162
0.2,0.3571476665591131,0.6044791316552051,2.0886019702889076,-1.4255140423205506,5.006085537200746,0.9729474630647323
0.2,0.36063454378843174,0.6099007312306045,2.0777510249726454,-1.3706953816396474,4.990763200089543,0.9778563996001117
0.2,0.3641554638351919,0.615362012939769,2.066817772630147,-1.3156424367832658,4.9753757432472945,0.982901153861848
0.2,0.3677107590636677,0.6208630165567209,2.055805548776727,-1.2603857568348047,4.959921107566998,0.9880875612590345
0.2,0.3713007650830472,0.6264037739700132,2.044717666626443,-1.2049557532111907,4.944397100525732,0.9934215560436593
0.2,0.37492582077911285,0.6319843089484732,2.033557415364202,-1.1493826832597973,4.928801396490644,0.9989091703843054
0.2,0.37858626834623116,0.637604636903567,2.0223280584845704,-1.0936966347389854,4.913131537198929,1.0045565333460753
0.2,0.38228245331965416,0.64326476464845,2.01103283219758,-1.0379275111621782,4.8973849324129315,1.0103698697689525
0.2,0.3860147246081402,0.6489646901537789,1.9996749439017145,-0.9821050179827628,4.881558860751346,1.0163554990360786
0.2,0.3897834345268848,0.6547044023003457,1.9882575707241625,-0.92625864959479,4.865650470697702,1.022519833722696
0.2,0.3935889388307816,0.6604838806286462,1.9767838581282213,-0.8704176771217302,4.849656781787155,1.0288693781157545
0.2,0.39743159674800355,0.666303095085455,1.9652569185877025,-0.8146111369637385,4.833574685972728,1.0354107265933041
0.2,0.40131177101391324,0.6721620057675208,1.953679830328027,-0.7588678200715917,4.817400949172191,1.0421505618519695
0.2,0.40522982790530365,0.6780605626624864,1.942055636133613,-0.7032162619136595,4.801132212996765,1.049095652969827
0.2,0.4091861372749731,0.683998705387158,1.9303873422210402,-0.6476847331004265,4.784764996663008,1.0562528532910604
0.2,0.41318107258664144,0.689976362923255,1.9186779171773807,-0.5923012306294919,4.7682956990892,1.0636290981176928
0.2,0.4172150109501988,0.6959934533507631,1.9069302909630328,-0.5370934697125738,4.751720601177795,1.0712314021925906
0.2,0.4212883331573071,0.7020498835790636,1.895147353978229,-0.4820888761443982,4.7350358682854825,1.0790668569567596
0.2,0.4254014237173449,0.7081455490759775,1.8833319561923858,-0.427314579172404,4.7182375528826075,1.0871426275626896
0.2,0.4295546708937036,0.7142803335949028,1.8714869063353479,-0.37279740482485024,4.701321597403865,1.0954659496241557
0.2,0.4337484667404386,0.7204541089002227,1.8596149711495127,-0.31856386965394146,4.6842838372922495,1.1040441256814728
0.2,0.43798320713927713,0.7266667344911726,1.8477188747017672,-0.26464017484970004,4.667120004238523,1.1128845213596694
0.2,0.4422592918369917,0.7329180573243805,1.8358012977540843,-0.21105220067927422,4.649825729618543,1.1219945611954305
0.2,0.44657712448312975,0.7392079115352702,1.823864877191623,-0.15782550120597527,4.632396548131148,1.1313817241069022
0.2,0.4509371126681207,0.7455361181585828,1.8119122055070476,-0.10498529924116973,4.6148279016392975,1.1410535384786509
0.2,0.4553396679617499,0.7519024848482332,1.7999458303398115,-0.0525564814819649,4.597115143217641,1.1510175768320265
0.2,0.4597852059520101,0.7583068055967616,1.787968254069065,-0.0005635937867911611,4.579253541409747,1.161281450049112
0.2,0.4642741462843314,0.7647488604546419,1.7759819334588296,0.050969163459399836,4.561238284698627,1.1718528011161427
0.2,0.46880691270119357,0.7712284152497205,1.763989279354044,0.10201793993911157,4.543064486194381,1.1827392983498615
0.2,0.47338393308213,0.7777452213070869,1.7519926564260446,0.15255924000479903,4.524727188543164,1.1939486280676845
0.2,0.4780056394841125,0.7842990151696555,1.7399943829660773,0.20256992733934231,4.506221369061975,1.205488486659707
0.2,0.48267246818233994,0.790889518319805,1.7279967307253274,0.25202722972480907,4.4875419451041,1.217366572017664
0.2,0.4873848597114204,0.7975164369023865,1.716001924800018,0.30090874396992273,4.468683779660454,1.2295905742726716
0.2,0.4921432589069563,0.8041794614494499,1.7040121435600881,0.349192441047128,4.449641687202403,1.2421681657901487
0.2,0.4969481149475355,0.8108782666070518,1.69202951861994,0.3968566714907662,4.430410439772144,1.2551069903666194
0.2,0.5017998813971325,0.8176125108645139,1.6800561348497645,0.443880171108192,4.410984773327082,1.2684146515690924
0.2,0.5066990162479225,0.824381836286521,1.668094030425942,0.4902420670562556,4.391359394345184,1.2820987001534498
0.2,0.5116459819635184,0.8311858682484676,1.6561451969189986,0.535921884336337,4.371528986698742,1.2961666204936888
0.2,0.5166412455226201,0.8380242151754529,1.6442115794176702,0.5808995527614124,4.351488218804637,1.310625815948887
0.2,0.5216852784630999,0.8448964682853776,1.6322950766875224,0.6251554144499122,4.3312317510595335,1.325483593089552
0.2,0.5267785569265129,0.8518022013365749,1.6203975413626996,0.6686702319015522,4.310754243569338,1.3407471446992743
0.2,0.5319215617030437,0.8587409703804383,1.6085207801693153,0.711425196711497,4.290050364182689,1.3564235314615591
0.2,0.5371147782768918,0.8657123135195255,1.596666554179038,0.7534019389803235,4.269114796839039,1.3725196622352414
0.2,0.5423586968720979,0.8727157506716202,1.584836579091443,0.7945825374783458,4.247942250242633,1.3890422728149259
0.2,0.5476538124988249,0.8797507833402706,1.5730325255437008,0.8349495306244483,4.226527466874407,1.4059979030655798
0.2,0.5530006250000781,0.886816894392293,1.5612560194462468,0.8744859283407863,4.204865232354807,1.423392872312462
0.2,0.5583996390988937,0.8939135478428079,1.5495086423430082,0.913175224846797,4.182950385171248,1.4412332528594574
0.2,0.5638513644459817,0.9010401886483231,1.537791931794886,0.9510014124574158,4.160777826785013,1.4595248414999815
0.2,0.5693563156678358,0.9081962425084364,1.5261073817851467,0.987948996452682,4.138342532133345,1.4782731288755881
0.2,0.5749150124153122,0.9153811156767208,1.5144564431454377,1.0240030110878977,4.1156395605435225,1.4974832665278504
0.2,0.5805279794126821,0.9225941947813758,1.502840524001157,1.0591490368158678,4.09266406707684,1.5171600314792468
0.2,0.5861957465071687,0.9298348466562445,1.4912609902349296,1.0933732187951934,4.069411314321545,1.5373077881687942
0.2,0.5919188487189564,0.9371024181827778,1.4797191659670061,1.1266622867607836,4.045876684655034,1.5579304475579747
0.2,0.5976978262916994,0.9443962361435922,1.4682163340513734,1.15900357633565,4.022055692996728,1.5790314232126454
0.2,0.6035332247435182,0.951715607088219,1.4567537365864465,1.19038505186499,3.997944000074452,1.6006135841569025
0.2,0.6094255949184948,0.9590598172116879,1.445332575439221,1.220795330856003,3.973537426228262,1.6226792042859963
0.2,0.6153754930386707,0.9664281322465841,1.4339540127818036,1.250223710108711,3.948831965776996,1.6452299081176103
0.2,0.621383480756551,0.9738197973692218,1.422619171639263,1.2786601936242339,3.9238238019739735,1.6682666126546926
0.2,0.6274501252081287,0.9812340371206,1.4113291364477718,1.3060955223777362,3.89850932257935,1.691789465129311
0.2,0.633575999066412,0.9886700553427713,1.400084953622083,1.33252120604241,3.872885136077696,1.7157977763963919
0.2,0.6397616805954884,0.9961270351313191,1.388887632131341,1.3579295567490783,3.846948088569972,1.7402899497501827
0.2,0.6460077537051102,1.0036041388045822,1.3777381440823362,1.3823137249616824,3.820695281369662,1.7652634049455806
0.2,0.652314808005813,1.0111005078903028,1.366637425309297,1.4056677375423223,3.794124089332907,1.790714497223385
0.2,0.6586834388645738,1.0186152631303593,1.355586375969371,1.4279865380692711,3.767232179951971,1.8166384311645984
0.2,0.6651142474610107,1.0261475045042485,1.3445858611429569,1.449266029456953,3.7400175332403682,1.8430291692368086
0.2,0.6716078408441367,1.0336963112719835,1.3336367114380958,1.4695031189067194,3.712478462435943,1.8698793349482528
0.2,0.6781648319896568,1.041260742037044,1.3227397235981764,1.4886957651903012,3.6846136355452863,1.8971801105957073
0.2,0.6847858398578351,1.0488398348300556,1.3118956611121904,1.5068430282323793,3.6564220977483064,1.9249211296852802
0.2,0.6914714894519223,1.0564326072138164,1.3011052548268602,1.5239451209125663,3.627903294675852,1.9530903642245678
0.2,0.6982224118771535,1.0640380564103165,1.2903692035599645,1.540003462948527,3.5990570965651036,1.981674007236268
0.2,0.7050392444003234,1.0716551594503598,1.2796881747142121,1.5550207366479805,3.5698838232868235,2.0106563510327358
0.2,0.7119226305099414,1.0792828733464022,1.2690628048910635,1.5690009442255237,3.5403842702249246,2.040019662024592
0.2,0.7188732199769744,1.0869201352891904,1.25849370050391,1.5819494662673734,3.5105597349716775,2.069744053120841
0.2,0.7258916689161887,1.0945658628687847,1.2479814383900496,1.593873120790278,3.4804120447803832,2.0998073551195895
0.2,0.7329786398480764,1.1022189543204923,1.2375265664209603,1.604780222177073,3.4499435846913036,2.130184988893074
0.2,0.7401348017614012,1.109878288796277,1.2271296041103315,1.6146806390779977,3.4191573262145623,2.1608498406432735
0.2,0.747360830176348,1.117542726662127,1.2167910432194076,1.6235858501422489,3.3880568564159548,2.1917721430461876
0.2,0.7546574072082891,1.1252111098218633,1.2065113483591885,1.6315089961877451,3.356646407206589,2.222919365712924
0.2,0.7620252216321743,1.13288226206785,1.196290957589061,1.6384649271307068,3.324930884585088,2.2542561190662833
0.2,0.769464968947548,1.1405549894590121,1.1861302830114666,1.6444702416844312,3.2929158975212274,2.2857440764474677
0.2,0.7769773514442079,1.148228080726565,1.1760297113622191,1.6495433175079188,3.2606077861025726,2.3173419200038836
0.2,0.7845630782684896,1.1559003077077767,1.1659896045961522,1.6537043291529536,3.22801364849156,2.3490053166272498
0.2,0.7922228654902149,1.1635704258081083,1.1560103004677198,1.6569752508437157,3.1951413661603345,2.3806869308588365
0.2,0.7999574361702845,1.1712371744919803,1.1460921131062805,1.6593798408532163,3.1619996267877473,2.4123364821843203
0.2,0.8077675204289326,1.1788992778023992,1.1362353335857611,1.6609436040519505,3.1285979441190825,2.443900854417391
0.2,0.8156538555146489,1.1865554449096278,1.1264402304884358,1.6616937291394847,3.094946674009981,2.475324264814383
0.2,0.8236171858737698,1.1942043706890297,1.116707050462576,1.6616589971794322,3.0610570258067322,2.506548500056627
0.2,0.8316582632207594,1.2018447363281837,1.10703601877373,1.660869658395516,3.026941068163033,2.5375132251656445
0.2,0.8397778466091592,1.2094752099632722,1.0974273398494516,1.6593572748027365,2.9926117283668066,2.568156369672301
0.2,0.8479767025032465,1.2170944473447571,1.087881197817246,1.6571545271845387,2.95808278425837,2.5984145928699687
0.2,0.856255604850385,1.2247010925322328,1.078397757035585,1.654294986206892,2.9233688478727844,2.6282238267206157
0.2,0.864615335154083,1.232293778618333,1.0689771626178222,1.6508128490759157,2.8884853400421835,2.657519891008808
0.2,0.8730566825477651,1.2398711284814858,1.0596195409488625,1.6467426450485085,2.853448455354477,2.686239170807163
0.2,0.8815804438692625,1.2474317555672514,1.050325000194462,1.6421189151990592,2.8182751170853972,2.7143193414976468
0.2,0.8901874237360385,1.254974264697929,1.041093630803028,1.6369758739823776,2.782982921998846,2.7417001218669186
0.2,0.898878434621132,1.2624972529100076,1.0319255059998498,1.6313470621218784,2.747590075237339,2.768324031630079
0.2,0.9076542969298592,1.2699993103190395,1.0228206822736297,1.625265001973749,2.7121153158849336,2.794137126647891
0.2,0.9165158390772559,1.2774790210113716,1.0137791998552699,1.618760867551447,2.676577834158492,2.8190896835727255
0.2,0.9254638975662769,1.2849349639621492,1.004801083188839,1.611864181652331,2.6409971815433506,2.8431368060678937
0.2,0.9344993170667601,1.2923657139789149,0.9958863413946658,1.6046025518888736,2.605393175508569,2.8662389272859743
0.2,0.9436229504951604,1.2997698426700555,0.987034968724519,1.5970014558672765,2.569785800687664,2.888362187912738
0.2,0.9528356590950603,1.3071459194372768,0.9782469450088443,1.5890840833652806,2.5341951085703487,2.909478675465751
0.2,0.9621383125184769,1.314492512491227,0.9695222360960244,1.5808712403367426,2.4986411178043015,2.9295665181219324
0.2,0.9715317889079423,1.32180818988927,0.9608607942836758,1.5723813161959077,2.463143717148105,2.9486098344087406
0.2,0.9810169749794061,1.329091520594409,0.9522625587419443,1.5636303124366857,2.4277225729525465,2.9665985478418064
0.2,0.990594766105936,1.3363410755542153,0.9437274559288283,1.5546319275436207,2.3923970427934806,2.9835280822961416
0.2,1.0002660664022387,1.343555428798591,0.9352553999975326,1.545397690622182,2.357186096558188,2.9993989589923142
0.2,1.0100317888100059,1.3507331585550948,0.9268462931958731,1.5359371343993373,2.3221082459266498,3.014216319128879
0.2,1.0198928551840902,1.3578728483805107,0.9185000262577618,1.5262579972996697,2.2871814828182693,3.0279893973232985
0.2,1.0298501963795355,1.364973088307253,0.9102164787867915,1.5163664441635856,2.2524232270193485,3.0407309702964103
0.2,1.039904752339432,1.3720324760031244,0.9019955196319909,1.5062672957349477,2.21785028288884,3.0524568029902825
0.2,1.0500574721836549,1.3790496179429148,0.8938370072557532,1.4959642581422439,2.183478804773725,3.0631851109897164
0.2,1.0603093142984543,1.3860231305902162,0.8857407900940212,1.4854601450436795,2.149324270559746,3.0729360541932875
0.2,1.0706612464269252,1.3929516415877963,0.8777067069087683,1.4747570867190223,2.115401462638936,3.0817312725838817
0.2,1.0811142457603593,1.3998337909548069,0.8697345871328402,1.4638567220119507,2.081724455489508,3.0895934710332815
0.2,1.0916692990304862,1.406668232289036,0.861824251207225,1.4527603705346874,2.048306609028994,3.096546056592036
0.2,1.1023274026026275,1.4134536339723847,0.8539755109108019,1.4414691838614042,2.0151605669086834,3.1026128288135943
0.2,1.113089562569737,1.4201886803776491,0.8461881696826781,1.4299842755155638,1.9822982589569345,3.107817721398992
0.2,1.1239567948473814,1.4268720730747118,0.8384620229371443,1.4183068303876731,1.949730907040433,3.1121845918143465
0.2,1.1349301252696387,1.4335025320341375,0.8307968583713601,1.4064381948160758,1.917469033688245,3.115737054468184
0.2,1.146010589685932,1.4400787968261666,0.8231924562658376,1.3943799489508937,1.8855224729056526,3.118498352452478
0.2,1.157199234058812,1.4465996278130593,0.8156485897778115,1.3821339632347631,1.8539003826878053,3.1204912626525636
0.2,1.1684971145626901,1.4530638073327051,0.8081650252275806,1.3697024409101988,1.8226112588233123,3.121738029120417
0.2,1.1799052976835471,1.4594701408714041,0.8007415223779044,1.357087948437336,1.7916629496516983,3.1222603198963075
0.2,1.1914248603195925,1.4658174582236791,0.7933778347065672,1.3442934356083776,1.7610626715051563,3.1220792028819484
0.2,1.2030568898829297,1.4721046146370034,0.7860737096721695,1.3313222470022703,1.7308170246226005,3.1212151368549717
0.2,1.2148024844022023,1.4783304919392855,0.7788288889732684,1.3181781262554935,1.7009320093735716,3.11968797422558
0.2,1.226662752626244,1.484493999646968,0.7716431088009511,1.3048652144479076,1.671413042670444,3.117516972639266
0.2,1.2386388141287423,1.4905940760515939,0.7645161000849385,1.2913880437273253,1.6422649744807987,3.114720813003611
0.2,1.2507317994139198,1.4966296892827085,0.7574475887333224,1.2777515271306474,1.6134921043785586,3.1113176219492833
0.2,1.26294285002326,1.5025998383449783,0.750437295866023,1.2639609454070746,1.585098198093053,3.1073249971190178
0.2,1.275273118643251,1.5085035541274179,0.74348493804209,1.2500219315131653,1.5570865040308868,3.1027600340116983
0.2,1.2877237692142056,1.5143399003826723,0.7365902274809183,1.2359404533303597,1.5294597697567338,3.0976393533928226
0.2,1.3002959770401306,1.5201079746743038,0.7297528722775003,1.221722795053551,1.5022202584271842,3.0919791285209075
0.2,1.312990928899673,1.525806909290094,0.7229725766118078,1.2073755376127007,1.475369765176751,3.0857951116361124
0.2,1.3258098231581474,1.5314358721194072,0.7162490409524074,1.192905538417497,1.4489096334580698,3.079102659317304
0.2,1.338753869880659,1.5369940674927218,0.709581962254408,1.1783199106556503,1.4228407713393976,3.0719167564420564
0.2,1.351824290946326,1.542480736981487,0.7029710341518471,1.1636260023272749,1.3971636677624595,3.0642520385852063
0.2,1.3650223201636338,1.54789516015654,0.696415947144608,1.148831375159111,1.3718784087625004,3.056122812770128
0.2,1.3783492033868858,1.55323665530336,0.6899163887799861,1.1339437835117678,1.3469846936508392,3.047543076546669
0.2,1.3918061986338188,1.558504580092561,0.6834720438289869,1.1189711533691646,1.3224818511578362,3.0385265354141975
0.2,1.4053945762043538,1.5636983322040514,0.6770825944574669,1.1039215614809497,1.2983688555320354,3.0290866186403065
0.2,1.4191156188005085,1.568817349903422,0.6707477203922187,1.0888032147147264,1.2746443425886091,3.019236493548167
0.2,1.4329706216474805,1.5738611125691813,0.6644670990820952,1.0736244296643864,1.2513066256978376,3.008989078360058
0.2,1.4469608926159094,1.5788291411695827,0.6582404058542787,1.0583936125533402,1.2283537117020273,2.9983570536933506
0.2,1.461087752345348,1.583720998687872,0.6520673140657836,1.0431192394658848,1.2057833167469933,2.9873528728092538
0.2,1.4753525343689093,1.5885362904948843,0.6459474952503116,1.0278098369362518,1.1835928820123947,2.975988770715444
0.2,1.4897565852391592,1.5932746646680602,0.639880619260532,1.0124739629222235,1.161779589323351,2.9642767722218326
0.2,1.5043012646552238,1.597935812256025,0.6338663544059031,0.9971201881885654,1.1403403766243374,2.952228699045308
0.2,1.5189879455911424,1.6025194674880234,0.6279043675861236,0.9817570781244811,1.119271953295183,2.9398561760545534
0.2,1.5338180144254703,1.6070254079275994,0.6219943244203116,0.9663931750185807,1.0985708152879998,2.927170636740638
0.2,1.5487928710721466,1.6114534545700496,0.6161358893720085,0.9510369808144085,1.078233260063263,2.9141833279932685
0.2,1.563913929112655,1.6158034718832983,0.6103287258700919,0.9356969403692306,1.0582554013027439,2.90090531425657
0.2,1.5791826159294413,1.6200753677919513,0.6045724964257128,0.9203814252385121,1.038633183377053,2.887347481132444
0.2,1.5946003728406677,1.624269093604448,0.5988668627453233,0.905098718007905,1.0193623955453668,2.873520538493644
0.2,1.6101686552362657,1.6283846438833267,0.5932114858399049,0.889856997194264,1.0004386858654204,2.8594350231633197
0.2,1.6258889327153196,1.6324220562587606,0.5876060261304827,0.8746643227363304,0.9818575747923013,2.845101301212533
0.2,1.6417626892247936,1.63638141118565,0.5820501435500145,0.8595286220950182,0.9636144684453083,2.830529569922418
0.2,1.6577914231996078,1.6402628316446846,0.5765434976417462,0.8444576769820893,0.9457046715229439,2.815729859453156
0.2,1.673976647704099,1.6440664827879141,0.571085747654116,0.8294591107348813,0.9281233998473246,2.8007120342578586
0.2,1.6903198905748302,1.6477925715294888,0.5656765526323094,0.8145403763533887,0.9108657925203619,2.785485794275667
0.2,1.7068226945648268,1.6514413460823656,0.5603155715065298,0.7997087452143579,0.89392692367536,2.770060675934912
0.2,1.7234866174892043,1.6550130954418865,0.5550024631770863,0.7849712964755167,0.8773018138092499,2.7544460529941714
0.2,1.7403132323722217,1.6585081488172606,0.5497368865963789,0.7703349071811854,0.860985440682052,2.7386511372461837
0.2,1.7573041275957697,1.661926875012095,0.5445185008478605,0.7558062430786238,0.8449727497718272,2.7226849791070755
0.2,1.7744609070493065,1.6652696817552346,0.5393469652220644,0.7413917501524395,0.829258664275024,2.706556468111132
0.2,1.7917851902812738,1.6685370149832823,0.5342219392897682,0.7270976468823678,0.8138380946437911,2.6902743333291985
0.2,1.8092786126519558,1.6717293580762629,0.529143082972393,0.7129299172275669,0.7987059476535879,2.6738471437271367
0.2,1.8269428254878672,1.6748472310480158,0.5241100566096936,0.6988943043384167,0.783857134996167,2.6572833084789123
0.2,1.8447794962376292,1.6778911896929816,0.5191225210248366,0.6849963049946588,0.769286581394679,2.6405910772475982
0.2,1.8627903086293718,1.6808618246911387,0.5141801375869336,0.6712411647665505,0.7549892322394535,2.6237785404461293
0.2,1.8809769628296733,1.6837597606729444,0.5092825682711096,0.6576338738935227,0.7409600607446702,2.6068536294885183
0.2,1.89934117560405,1.6865856552461957,0.5044294757161805,0.6441791638727986,0.7271940746278195,2.589824117041128
0.2,1.9178846804790102,1.6893401979868201,0.4996205232800135,0.630881504748237,0.7136863223154046,2.5726976172826563
0.2,1.9366092279057099,1.6920241093956587,0.49485537509263877,0.6177451030878237,0.7004318986799825,2.5554815861805578
0.2,1.9555165854251664,1.694638139823369,0.4901336961071983,0.6047739006362235,0.6874259503151323,2.538183321790934
0.2,1.9746085378351237,1.6971830683656408,0.4854551521487814,0.5919715736269497,0.6746636803562286,2.520809964588025
0.2,1.9938868873585296,1.6996597017309552,0.48081940996123274,0.5793415327370126,0.6621403528563857,2.5033684978289648
0.2,2.013353453813659,1.702068873083165,0.4762261372519939,0.5668869236653249,0.6498512967281918,2.4858657479586985
0.2,2.0330100747859,1.7044114408612132,0.47167500273504687,0.5546106283144842,0.6377919092627894,2.4683083850595007
0.2,2.052858605801212,1.706688287578331,0.46716567617202553,0.5425152665542778,0.625957659239289,2.4507029233489432
0.2,2.0729009205012976,1.708900318603084,0.46269782841155427,0.5306031985439053,0.6143440896380626,2.4330557217297257
0.2,2.0931389108204455,1.7110484609246492,0.45827113142689124,0.5188765275887969,0.6029468199726866,2.4153729843943617
0.2,2.1135744871641386,1.7131336619047182,0.4538852583519188,0.507337103506835,0.591761548255768,2.3976607614871943
0.2,2.134209578589387,1.7151568880184185,0.4495398835155563,0.4959865264779836,0.5807840526147735,2.379924949825947
0.2,2.1550461329868247,1.7171191235866534,0.4452346824746484,0.4848261513504307,0.5700101925743027,2.362171293684574
0.2,2.1760861172645862,1.7190213695022392,0.4409693320453881,0.47385709237587775,0.5594359100219415,2.344405385638861
0.2,2.1973315175339696,1.7208646419522087,0.4367435103333326,0.4630802283460105,0.5490572298749312,2.3266326674759092
0.2,2.2187843392969397,1.7226499711386345,0.43255689676206016,0.45249620810180563,0.5388702604653014,2.308858431168274
0.2,2.2404466076354135,1.7243784000002782,0.42840917210053747,0.4421054563872016,0.528871193661196,2.291087819913377
0.2,2.26232036740244,1.726050982937366,0.42430001848922927,0.43190818001838566,0.5190563047421459,2.2733258292383365
0.2,2.284407683415223,1.7276687845417282,0.42022911946501845,0.4219043743400948,0.5094219520460818,2.2555773081703117
0.2,2.3067106406500355,1.7292328783345081,0.41619615998497617,0.41209382994032256,0.4999645764056777,2.2378469604720506
0.2,2.3292313444390333,1.730744345513595,0.41220082644903516,0.4024761395951222,0.4906807003914609,2.220139345942209
0.2,2.351971920668988,1.7322042737128778,0.40824280672161173,0.3930507054155291,0.48156692737887224,2.2024588817797284
0.2,2.3749345159819835,1.733613755775367,0.4043217901522157,0.38381674616895767,0.47261994045597944,2.184809844011353
0.2,2.398121297978023,1.73497388854215,0.4004374675951066,0.37477330474807713,0.46383650118836167,2.1671963689812594
0.2,2.421534455419665,1.7362857716591056,0.39658953142802006,0.3659192557606562,0.4552134482569551,2.1496224549014453
0.2,2.445176198438629,1.7375505064032053,0.3927776755700176,0.3572533132146206,0.4467476959843629,2.132091963461476
0.2,2.469048758744427,1.7387691945301746,0.38900159549849417,0.3487740382732979,0.4384362327643867,2.1146086214959774
0.2,2.4931543898350292,1.7399429371451973,0.38526098826538235,0.34047984705661327,0.43027611940900895,2.097176022708116
0.2,2.517495367209582,1.741072833598271,0.38155555251258816,0.3323690184649382,0.4222644874264451,2.07979762944717
0.2,2.5420739885832297,1.7421599804057424,0.3778849884866903,0.32443970200314276,0.41439853724310927,2.062476774538159
0.2,2.5668925741039805,1.7432054701994513,0.37424899805294604,0.3166899255834679,0.40667553638173837,2.0452166631614372
0.2,2.591953466571743,1.744210390704846,0.37064728470861985,0.30911760328673227,0.3990928176071338,2.028020374779943
0.2,2.617259031659473,1.7451758237493216,0.3670795535956767,0.30172054306254165,0.3916477770503552,2.0108908651117967
0.2,2.642811658136486,1.7461028443019577,0.3635455115128625,0.2944964543501332,0.3843378723213073,1.9938309681458142
0.2,2.668613758093952,1.7469925195457356,0.3600448669272009,0.287442955602669,0.37716062061909594,1.9768433981974194
0.2,2.6946677671725863,1.747845907983213,0.3565773299849301,0.2805575816988019,0.3701135968486865,1.9599307520023777
0.2,2.7209761447925636,1.7486640585765583,0.3531426125219048,0.2738377912264899,0.3631944317517139,1.9430955108457166
0.2,2.7475413743857016,1.7494480099227394,0.3497404280734822,0.26728097362514996,0.3564008100585691,1.9263400427231527
0.2,2.774365963629856,1.7501987894645692,0.3463704918839218,0.2608844561733336,0.3497304686681785,1.9096666045323096
0.2,2.8014524446856583,1.7509174127382208,0.34303252091530645,0.25464551081012804,0.3431811948612402,1.8930773442909332
0.2,2.8288033744355428,1.7516048826577353,0.33972623385601053,0.24856136077977434,0.33675082455193456,1.8765743033793763
0.2,2.8564213347251037,1.7522621888369383,0.33645135112873154,0.2426291870897949,0.33043724058263224,1.8601594188045154
0.2,2.884308932606817,1.7528903069491042,0.3332075948980976,0.23684613477415442,0.32423837106531306,1.8438345254823294
0.2,2.9124688005861317,1.7534901981246134,0.3299946890778682,0.23120931895400362,0.31815218777301285,1.8276013585363287
0.2,2.9409035968699926,1.7540628083867498,0.32681235933773595,0.22571583068940096,0.31217670458390256,1.8114615556090334
0.2,2.9696160056177336,1.7546090681257105,0.3236603331097512,0.22036274261655434,0.3063099759801947,1.7954166591837752
0.2,2.998608737194477,1.755129891610807,0.3205383395943674,0.21514711436594344,0.30055009560345386,1.7794681189140051
0.2,3.0278845284269775,1.7556261765407526,0.31744610976612603,0.21006599775762566,0.29489519486753146,1.763617293957441
0.2,3.057446142861971,1.7560988036318543,0.3143833763789859,0.2051164417709233,0.2893434416298478,1.7478654553123545
0.2,3.0872963710270453,1.7565486362438432,0.31134987397130465,0.20029549728644236,0.28389303892135515,1.7322137881533515
0.2,3.117438030694051,1.7569765200429999,0.3083453388704807,0.19560022159928106,0.27854222373513615,1.7166633941640637
0.2,3.147873967145115,1.7573832827021685,0.30536950919725536,0.19102768270289644,0.2732892658733174,1.7012152938641993
0.2,3.17860705344119,1.7577697336371594,0.30242212486969167,0.18657496334396764,0.26813246685153014,1.685870428928504
0.2,3.2096401906932885,1.7581366637789984,0.29950292760681985,0.18223916484912078,0.2630701588600898,1.6706296644951715
0.2,3.2409763083363305,1.7584848453813922,0.296611660931963,0.17801741072511618,0.25810070378057853,1.6554937914613927
0.2,3.272618364405675,1.7588150318627334,0.2937480701757413,0.17390685003464298,0.25322249225651644,1.6404635287637477
0.2,3.3045693458163496,1.7591279576818986,0.2909119024787576,0.16990466055046136,0.24843394281648593,1.6255395256412477
0.2,3.3368322686449994,1.759424338247045,0.28810290679396705,0.166008051691045,0.24373350104796263,1.6107223638789154
0.2,3.369410178414621,1.7597048698565512,0.2853208338887275,0.16221426724149618,0.2391196388199861,1.59601256002982
0.2,3.402306150382014,1.759970229671208,0.2825654363465399,0.1585205878638132,0.23459085355261494,1.5814105676136967
0.2,3.4355232898280983,1.7602210757167087,0.2798364685684689,0.15492433340107228,0.23014566753124377,1.5669167792901955
0.2,3.46906473235104,1.7604580469154576,0.27713368677425027,0.1514228649803526,0.2257826272633894,1.552531529005038
0.2,3.5029336441622423,1.7606817631466676,0.2744568490030824,0.14801358691969255,0.22150030287606015,1.5382550941073756
0.2,3.537133222385223,1.7608928253336893,0.2718057151141024,0.14469394844451727,0.2172972875512264,1.5240876974367668
0.2,3.571666695357417,1.7610918155574828,0.2691800467865449,0.1414614452192834,0.21317219699736184,1.5100295093782679
0.2,3.606537322934914,1.7612792971951072,0.2665796075195843,0.13831362070038852,0.20912366895478218,1.4960806498842376
0.2,3.6417483968002053,1.7614558150820978,0.26400416263185666,0.13524806731641908,0.20515036273252915,1.482241190461534
0.2,3.6773032407728694,1.761621895697557,0.2614534792606677,0.13226242748213377,0.20125095877480498,1.468511156122939
0.2,3.713205211123355,1.7617780473707878,0.2589273263608758,0.1293543944526027,0.1974241582546706,1.4548905273016173
0.2,3.7494576968898,1.7619247605082802,0.25642547470345783,0.12652171302408016,0.19366868269308934,1.4413792417276645
0.2,3.7860641201979433,1.7620625078398402,0.25394769687375396,0.1237621800882531,0.18998327360124806,1.4279771962657701
0.2,3.823027936584164,1.7621917446826687,0.251493767269391,0.12107364504656239,0.18636669214428167,1.414684248713197
0.2,3.8603526353216684,1.762312909222167,0.24906346209788605,0.11845401009130847,0.18281771882455447,1.4015002195573185
0.2,3.898041739749893,1.7624264228082718,0.2466565593739261,0.11590123036032023,0.17933515318270626,1.388424893692071
0.2,3.9360988076070558,1.762532690266109,0.244272838916333,0.11341331397181965,0.17591781351481683,1.3754580220928025
0.2,3.9745274313660226,1.7626321002197698,0.24191208234470338,0.11098832194629421,0.17256453660412552,1.362599323449002
0.2,4.013331238573422,1.7627250254280267,0.23957407307573256,0.10862436802190627,0.1692741774657705,1.3498484857545698
0.2,4.052513892192072,1.7628118231308072,0.23725859631922114,0.1063196183700581,0.1660456091031396,1.3372051678553303
0.2,4.092079090946753,1.7628928354052766,0.23496543907376602,0.10407229121760098,0.162877722274588,1.32466900095358
0.2,4.13203056967335,1.762968389530386,0.2326943901221388,0.1018806563820753,0.15976942526919755,1.3122395900695485
0.2,4.17237209967144,1.7630387983587663,0.23044524002635117,0.0997430347262408,0.15671964369056363,1.2999165154597125
0.2,4.213107489060246,1.7631043606948817,0.2282177811224173,0.09765779753806544,0.15372732024746447,1.287699333992032
0.2,4.254240583138138,1.7631653616783662,0.2260118075148073,0.09562336584214792,0.15079141455051948,1.2755875804781605
0.2,4.295775264745619,1.7632220731715131,0.22382711507060202,0.09363820964853596,0.1479109029139471,1.2635807689628462
0.2,4.337715454631844,1.7632747541498996,0.22166350141335153,0.09170084714451301,0.1450847781616309,1.2516783939707476
0.2,4.380065111824735,1.7633236510951793,0.21952076591664102,0.08980984383500899,0.14231204943676332,1.2398799317109743
0.2,4.422828234004685,1.7633689983890921,0.2173987096973707,0.08796381163697829,0.13959174201448704,1.2281848412397356
0.2,4.4660088578819686,1.7634110187077927,0.21529713560875127,0.08616140793289431,0.13692289711686995,1.2165925655814933
0.2,4.509611059577738,1.7634499234156205,0.21321584823302836,0.08440133458844605,0.13430457172980467,1.205102532809152
0.2,4.553638955008835,1.7634859129574854,0.21115465387393237,0.0826823369391665,0.13173583842136266,1.193714157083775
0.2,4.598096700276311,1.7635191772490741,0.20911336054886698,0.08100320275069932,0.12921578516118445,1.1824268396544382
0.2,4.64298849205775,1.7635498960641267,0.20709177798084089,0.07936276115706954,0.12674351514063303,1.1712399698188487
0.2,4.688318568003423,1.763578239418073,0.20508971759014932,0.07775988158121276,0.12431814659344612,1.160152925845398
0.2,4.7340912071363,1.7636043679473592,0.20310699248581401,0.0761934726417837,0.1219388126166022,1.1491650758573657
0.2,4.780310730256015,1.7636284332838363,0.20114341745678674,0.07466248105003759,0.11960466099125883,1.138275778680009
0.2,4.826981500346678,1.7636505784236296,0.19919880896292952,0.07316589050045244,0.11731485400364461,1.1274843846513505
0.2,4.874107922988768,1.7636709380899434,0.19727298512577263,0.07170272055843795,0.11506856826574074,1.1167902363974331
0.2,4.921694446774995,1.7636896390893029,0.19536576571906447,0.07027202554839275,0.11286499453572857,1.106192669572912
0.2,4.969745563730237,1.7637068006607743,0.19347697215911888,0.0688728934450896,0.11070333753811865,1.0956910135678155
0.2,5.018265809735569,1.7637225348177512,0.1916064274949697,0.06750444477120368,0.10858281578361713,1.0852845921813818
0.2,5.067259764956438,1.7637369466819262,0.18975395639834128,0.06616583150358933,0.10650266138860269,1.0749727242638416
0.2,5.116732054275009,1.7637501348091216,0.1879193851534436,0.06485623599070424,0.10446211989440672,1.0647547243270692
0.2,5.166687347726781,1.763762191506681,0.18610254164659978,0.06357486988344652,0.10246045008628467,1.0546299031250095
0.2,5.2171303609413595,1.7637732031421682,0.18430325535572004,0.06232097308139498,0.10049692381225289,1.0445975682048463
0.2,5.26806585558764,1.7637832504431588,0.1825213573396238,0.061093812696298426,0.09857082580180548,1.0346570244297861
0.2,5.319498639823286,1.7637924087879444,0.18075668022722488,0.05989268203458902,0.09668145348457406,1.024807574474446
0.2,5.371433568748605,1.763800748487006,0.17900905820658672,0.0587168996002286,0.09482811680908383,1.0150485192937562
0.2,5.423875544864855,1.7638083350551488,0.17727832701385673,0.05756580811941783,0.09301013806164614,1.0053791585663225
0.2,5.476829518537011,1.7638152294742244,0.17556432392208982,0.05643877358822527,0.09122685168553357,0.9957987911131779
0.2,5.530300488461116,1.7638214884463952,0.1738668877299669,0.05533518434416948,0.08947760410046854,0.9863067152928384
0.2,5.584293502136072,1.763827164637928,0.17218585875042394,0.054254450162625985,0.08776175352264666,0.976902229373605
0.2,5.638813656340152,1.7638323069135375,0.1705210787991922,0.05319600137879567,0.08607866978529126,0.9675846318839874
0.2,5.693866097612113,1.7638369605613162,0.16887239118326375,0.052159288035773535,0.08442773415991627,0.9583532219421635
0.2,5.74945602273701,1.7638411675083256,0.16723964068928912,0.05114377905917431,0.08280833917835961,0.9492072995653517
0.2,5.805588679236761,1.763844966526939,0.16562267357191526,0.05014896145874128,0.08121988845575548,0.940146165959958
0.2,5.862269365865483,1.7638483934320517,0.1640213375420723,0.04917433955697865,0.0796617965144583,0.9311691237933526
0.2,5.919503433109726,1.7638514812692954,0.1624354817552153,0.04821943424502875,0.0781334886090826,0.9222754774480955
0.2,5.9772962836934695,1.7638542604944114,0.1608649567995339,0.04728378226583127,0.07663440055276176,0.9134645332594523
0.2,6.035653373088177,1.7638567591439553,0.15930961468412969,0.04636693552427815,0.07516397854464664,0.9047355997369525
0.2,6.09458021002776,1.7638590029975203,0.15776930882717496,0.0454684604244191,0.07372167899879978,0.8960879877707993
0.2,6.154082357028584,1.763861015731684,0.15624389404405684,0.04458793723325241,0.07230696837453778,0.8875210108238578
0.2,6.214165430914558,1.7638628190658905,0.15473322653551455,0.043724959470911505,0.07091932300829841,0.879033985109965
0.2,6.27483510334733,1.7638644329004909,0.15323716387577618,0.04287913332669962,0.0695582289471159,0.870626229759257
0.2,6.3360971013617275,1.7638658754471868,0.15175556500069984,0.04205007710060902,0.06822318178373375,0.8622970669711998
0.2,6.397957207906293,1.7638671633521044,0.15028829019592954,0.04123742066978512,0.06691368649350304,0.8540458221559953
0.2,6.460421262389233,1.763868311811763,0.14883520108506576,0.040440804979264534,0.06562925727298138,0.8458718240649727
0.2,6.523495161229623,1.7638693346821803,0.1473961606178602,0.03965988155650026,0.0643694173804527,0.8377744049105991
0.2,6.587184858414014,1.7638702445813765,0.14597103305843898,0.03889431204895007,0.06313369897827,0.8297529004766923
0.2,6.6514963660584705,1.7638710529855417,0.14455968397355884,0.038143767784025034,0.06192164297711806,0.821806650219395
0.2,6.716435754976083,1.7638717703191165,0.14316198022090174,0.03740792935074901,0.06073279888228919,0.8139349973594568
0.2,6.782009155250088,1.7638724060390585,0.14177778993741053,0.03668648620234269,0.05956672464188048,0.8061372889663341
0.2,6.848222756812448,1.76387296871355,0.14040698252767406,0.03597913627900863,0.05842298649703516,0.7984128760346209
0.2,6.91508281002822,1.7638734660954023,0.13904942865236014,0.03528558565014194,0.057301158834248224,0.7907611135532542
0.2,6.98259562628555,1.763873905190419,0.13770500021670448,0.03460554817523535,0.05620082403969204,0.7831813605679647
0.2,7.0507675785914605,1.7638742923209672,0.13637357035905665,0.03393874518266292,0.0551215723556258,0.775672980237395
0.2,7.119605102173431,1.7638746331850002,0.13505501343948767,0.033284905165594535,0.05406300173890938,0.7682353398832817
0.2,7.189114695086871,1.7638749329107823,0.13374920502846116,0.03264376349429511,0.05302471772156915,0.7608678110350994
0.2,7.259302918828503,1.7638751961075474,0.13245602189557196,0.03201506214399854,0.05200633327351359,0.7535697694695247
0.2,7.330176398955804,1.7638754269123225,0.13117534199835257,0.03139854943768308,0.05100746866730395,0.7463405952450559
0.2,7.401741825712351,1.7638756290331417,0.12990704447115392,0.030793979802919792,0.050027751345024525,0.739179672732138
0.2,7.474005954659417,1.763875805788868,0.12865100961409764,0.03020111354217742,0.04906681578729509,0.7320863906390701
0.2,7.546975607313665,1.7638759601458307,0.1274071188821052,0.029619716615775716,0.04812430338429863,0.7250601420340065
0.2,7.620657671791075,1.7638760947514824,0.12617525487400438,0.029049560436903994,0.047199862308944004,0.7181003243633127
0.2,7.6950591034571625,1.7638762119652687,0.12495530132171523,0.028490421677923285,0.046293147392055534,0.7112063394665341
0.2,7.77018692558353,1.763876313886898,0.12374714307951647,0.027942082087462048,0.04540381999966661,0.704377593588224
0.2,7.846048230010902,1.763876402382188,0.12255066611339276,0.02740432831749755,0.04453154791229433,0.6976134973868339
0.2,7.922650177818483,1.7638764791066595,0.12136575749046728,0.026876951759995382,0.04367600520628102,0.6909134659409136
0.2,8.0,1.7638765455270395,0.12019230536851594,0.026359748392458,0.04283687213712552,0.6842769187527782
