E_over_gap,f_near_gap,f_high_energy,f_FD
1.0,5.169431894162673e-06,1.5722387330321704e-138,0.02886750579568353
1.0038910505836576,7.563437254842146e-06,2.5566367310522711e-138,0.028486461601099466
1.0077821011673151,1.0983696359145045e-05,4.155805118168614e-138,0.02811030151008047
1.0116731517509727,1.583181652371263e-05,6.752691973350192e-138,0.027738966741522247
1.0155642023346303,2.2649879584682297e-05,1.096817376644628e-137,0.027372399121273264
1.0194552529182879,3.216280861368868e-05,1.7808499213309736e-137,0.027010541078571027
1.0233463035019454,4.533096402842306e-05,2.8903866133771997e-137,0.026653335642418768
1.027237354085603,6.341454245465894e-05,4.689431209257381e-137,0.026300726437905653
1.0311284046692606,8.805128354868295e-05,7.605364238863866e-137,0.02595265768247351
1.0350194552529184,0.00012134878678046431,1.2329784432055194e-136,0.02560907418213299
1.038910505836576,0.00016599236240622876,1.9981429986301763e-136,0.025269921327631915
1.0428015564202335,0.00022536874831941814,3.2369296752238807e-136,0.024935145090578485
1.046692607003891,0.00030370517984849366,5.241741253455026e-136,0.024604692019522215
1.0505836575875487,0.0004062221731618907,8.485032513357859e-136,0.024278509235995085
1.0544747081712063,0.0005392969583772661,1.3729890037236927e-135,0.02395654443051532
1.0583657587548638,0.0007106327792230396,2.220834644485274e-135,0.023638745858556496
1.0622568093385214,0.0009294272922799855,3.5908809333898315e-135,0.02332506233648412
1.066147859922179,0.001206531113675196,5.803919803133186e-135,0.02301544323746218
1.0700389105058365,0.0015545852762675677,9.377291514573942e-135,0.02270983848733189
1.0739299610894941,0.001988124119072102,1.5144991998366152e-134,0.02240819856046469
1.0778210116731517,0.0025236281176201,2.445098142536535e-134,0.022110474475591835
1.0817120622568093,0.003179509601004345,3.946018888834427e-134,0.021816617791612498
1.0856031128404668,0.003976013438132238,6.365868167206606e-134,0.021526580603382438
1.0894941634241244,0.004935014874603484,1.0265774911045565e-133,0.021240315537485163
1.0933852140077822,0.0060796980172708485,1.654860734309083e-133,0.020957775747987573
1.0972762645914398,0.007434101217336409,2.6666546895210378e-133,0.020678914912181774
1.1011673151750974,0.009022519954024154,4.2954407068192146e-133,0.02040368722631487
1.105058365758755,0.010868763836295136,6.916466725598997e-133,0.020132047401308587
1.1089494163424125,0.012995271965598524,1.113259659015003e-132,0.01986395065847028
1.11284046692607,0.015422099939621136,1.7912007748087936e-132,0.019599352725196886
1.1167315175097277,0.018165801867507107,2.880896669518105e-132,0.01933820983067355
1.1206225680933852,0.02123824139147408,4.6317670743566876e-132,0.019080478701568364
1.1245136186770428,0.024645376199674815,7.443914176448842e-132,0.01882611655772456
1.1284046692607004,0.028386070083027338,1.1958910622478681e-131,0.01857508110785183
1.132295719844358,0.03245099437514963,1.9205140973695714e-131,0.0183273305452179
1.1361867704280155,0.036821685750978744,3.083038834999812e-131,0.018082823543341862
1.140077821011673,0.041469829043277666,4.947389553426232e-131,0.017841519251690408
1.1439688715953307,0.04635683131086607,7.936131158507312e-131,0.017603377291378248
1.1478599221789882,0.0514337464285135,1.2725568182878278e-130,0.017368357750874055
1.1517509727626458,0.05664159783359615,2.0397697380312337e-130,0.017136421181712744
1.1556420233463034,0.06191213097600238,3.2682910372451223e-130,0.016907528594215564
1.159533073929961,0.06716900706865718,5.2347496697200195e-130,0.016681641453218835
1.1634241245136188,0.07232942689042722,8.381210143582347e-130,0.016458721673812435
1.1673151750972763,0.07730614894513894,1.3413841126596993e-129,0.016238731617089126
1.171206225680934,0.08200984177836418,2.146027105945538e-129,0.016021634085905418
1.1750972762645915,0.08635168739315188,3.432044138666185e-129,0.015807392320655162
1.178988326848249,0.09024613319957499,5.4866359218207795e-129,0.01559596999505663
1.1828793774319066,0.09361367536717412,8.767888879332797e-129,0.015387331211953922
1.1867704280155642,0.09638354814204922,1.4006174995909307e-128,0.01518144049913356
1.1906614785992218,0.09849619256336782,2.2365554805913006e-128,0.014978262805157017
1.1945525291828794,0.09990538449410649,3.5700592187869e-128,0.014777763495209983
1.198443579766537,0.10057991583984606,5.69648267475885e-128,0.01457990834696896
1.2023346303501945,0.10050474357247591,9.0860214591857e-128,0.014384663546486062
1.206225680933852,0.09968154747939224,1.448692968095189e-127,0.014191995684092537
1.2101167315175096,0.09812866775839592,2.308950181230316e-127,0.014001871750321707
1.2140077821011674,0.09588042569598446,3.6786493228956638e-127,0.013814259131851856
1.217898832684825,0.09298586256878591,5.8586537685918835e-127,0.013629125607469803
1.2217898832684826,0.08950696147866763,9.327019681401122e-127,0.013446439344055492
1.2256809338521402,0.08551644214431955,1.4843064335770984e-126,0.01326616889258824
1.2295719844357977,0.08109523814025246,2.3612385397325674e-126,0.013088283184175209
1.2334630350194553,0.07632977857505455,3.754842914941947e-126,0.012912751526102433
1.2373540856031129,0.07130920115139326,5.968693793027625e-126,0.012739543597908905
1.2412451361867705,0.06612262093607892,9.484237964280557e-126,0.012568629447484247
1.245136186770428,0.06085656952141396,1.506472476890412e-125,0.012399979487190118
1.2490272373540856,0.055592703589166514,2.391969169041694e-125,0.012233564490006064
1.2529182879377432,0.050405861578315315,3.7965189340671375e-125,0.012069355585699916
1.2568093385214008,0.045362523830443396,6.023531409040808e-125,0.011907324257023191
1.2607003891050583,0.04051970696268796,9.553277759431941e-125,0.011747442335931788
1.264591439688716,0.03592429897351746,1.514569640588968e-124,0.01158968199983234
1.2684824902723735,0.03161281922645777,2.4002788920357822e-124,0.01143401576785432
1.272373540856031,0.027611568214260012,3.802504890886895e-124,0.011280416497148437
1.2762645914396886,0.023937116772854105,6.021621771361268e-124,0.011128857379211326
1.2801556420233462,0.02059707370816375,9.53219200567131e-124,0.010979311936236913
1.2840466926070038,0.017591064763661964,1.5083693768851534e-123,0.010831754017494564
1.2879377431906613,0.01491185429569367,2.3859330237673748e-123,0.010686157795734336
1.2918287937743191,0.01254654345614866,3.772631672150046e-123,0.010542497763619306
1.2957198443579767,0.010477784415982313,5.9630188349389986e-123,0.010400748730185448
1.2996108949416343,0.008684958375989026,9.421576360528086e-123,0.010260885817328844
1.3035019455252919,0.007145274930786824,1.4880467654478966e-122,0.010122884456320688
1.3073929961089494,0.00583476092855979,2.349336383500367e-122,0.009986720384350018
1.311284046692607,0.004729117535805664,3.7077414786281775e-122,0.009852369641094316
1.3151750972762646,0.003804434132610381,5.849372822180581e-122,0.009719808565318155
1.3190661478599222,0.003037756442066232,9.224541243439284e-122,0.009589013791499809
1.3229571984435797,0.002407513611944939,1.4541722995809585e-121,0.009459962246486086
1.3268482490272373,0.0018938146493944626,2.2915143154115464e-121,0.009332631146175326
1.3307392996108949,0.001478628632400688,3.609648376240652e-121,0.009206997992228625
1.3346303501945527,0.0011458655727556962,5.68385301688363e-121,0.009083040568809373
1.3385214007782102,0.0008813758583910037,8.946566521862099e-121,0.008960736939351061
1.3424124513618678,0.0006728860884459875,1.4076852785847993e-120,0.008840065443353414
1.3463035019455254,0.000509888090427317,2.2140649597969217e-120,0.008721004693206871
1.350194552529183,0.0003834962365852184,3.4810540392371815e-120,0.008603533571045386
1.3540856031128405,0.00028628610127341453,5.471000926002241e-120,0.00848763122562752
1.3579766536964981,0.00021212523757815473,8.595248314951173e-120,0.008373277069245837
1.3618677042801557,0.00015600457649900707,1.3498505382223808e-119,0.008260450774664578
1.3657587548638133,0.00011387680023456945,2.1190858754499594e-119,0.00814913227208551
1.3696498054474708,8.25061063077702e-05,3.325424146994741e-119,0.008039301746141998
1.3735408560311284,5.9332117494549755e-05,5.216523303699969e-119,0.007930939632921179
1.377431906614786,4.2349328042539534e-05,8.17995424107718e-119,0.007824026617014203
1.3813229571984436,3.0002408441711915e-05,1.2822013008497787e-118,0.007718543628594465
1.3852140077821011,2.109689950123614e-05,2.009079714538402e-118,0.007614471840523785
1.3891050583657587,1.4724280039112894e-05,3.1468333249974775e-118,0.007511792665486368
1.3929961089494163,1.0200052870666996e-05,4.927038198638333e-118,0.007410487753150574
1.3968871595330739,7.013320672517074e-06,7.711408937879616e-118,0.007310538987358327
1.4007782101167314,4.786277672161957e-06,1.2064717472402402e-117,0.007211928483342078
1.404669260700389,3.242089528015398e-06,1.8868448659419422e-117,0.007114638584969261
1.4085603112840466,2.179741717898429e-06,2.9497883040790348e-117,0.007018651862014019
1.4124513618677041,1.4545812618803454e-06,4.6097897796709325e-117,0.006923951107456252
1.416342412451362,9.63438197214363e-07,7.201235415188347e-117,0.006830519334807716
1.4202334630350195,6.333775304722133e-07,1.1245234417786094e-116,0.006738339775465165
1.424124513618677,4.1328949235592814e-07,1.7553577224188155e-116,0.006647395876090289
1.4280155642023347,2.6766956597440243e-07,2.739039982630756e-116,0.006557671296016436
1.4319066147859922,1.7206658736661485e-07,4.272349037925209e-116,0.006469149904681924
1.4357976653696498,1.0978601353247513e-07,6.661479515398049e-116,0.006381815779089758
1.4396887159533074,6.952650610887115e-08,1.0382699484382586e-115,0.006295653201293715
1.443579766536965,4.3702543626211135e-08,1.6176534483836261e-115,0.006210646655910557
1.4474708171206225,2.7265655566860273e-08,2.5193952619437504e-115,0.006126780827658271
1.45136186770428,1.6884106892806556e-08,3.9223174966022777e-115,0.006044040598920151
1.4552529182879377,1.0377510021447417e-08,6.104144399757801e-115,0.005962411047334619
1.4591439688715955,6.330837257139914e-09,9.496038545886983e-115,0.005881877443410522
1.463035019455253,3.833381629296591e-09,1.476711834765772e-114,0.005802425248167898
1.4669260700389106,2.3038589394918863e-09,2.295538910312718e-114,0.005724040110803877
1.4708171206225682,1.3743034337984372e-09,3.5670498472784055e-114,0.005646707866383689
1.4747081712062258,8.136962195367786e-10,5.540759690293397e-114,0.00557041453355652
1.4785992217898833,4.781838281964285e-10,8.603300007229547e-114,0.005495146312296122
1.482490272373541,2.7892047134419877e-10,1.3353540776980792e-113,0.005420889581665902
1.4863813229571985,1.6148002798200167e-10,2.071874393271787e-113,0.005347630897608421
1.490272373540856,9.279192003937038e-11,3.213409145942669e-113,0.005275356990759074
1.4941634241245136,5.2924215117130164e-11,4.9820059802241755e-113,0.005204054764283769
1.4980544747081712,2.9960676165354556e-11,7.721080494981796e-113,0.005133711291740449
1.5019455252918288,1.6834557858078848e-11,1.1961551992877722e-112,0.005064313814964268
1.5058365758754864,9.38868435256119e-12,1.8523907390815227e-112,0.004995849741976219
1.509727626459144,5.197095313000126e-12,2.8675651018887963e-112,0.004928306644915076
1.5136186770428015,2.8554170258269357e-12,4.437410311872161e-112,0.004861672257992423
1.517509727626459,1.5571531455079598e-12,6.864066884511618e-112,0.004795934475470613
1.5214007782101167,8.42841729673506e-13,1.0613754589223887e-111,0.004731081349663456
1.5252918287937742,4.5280754172466676e-13,1.6405602825396712e-111,0.0046671010889594725
1.5291828793774318,2.4145388254857205e-13,2.53484239062173e-111,0.004603982055867475
1.5330739299610894,1.2779317328109854e-13,3.9151224164287435e-111,0.004541712765084369
1.536964980544747,6.713268777179179e-14,6.044708289349681e-111,0.004480281881584909
1.5408560311284045,3.500365024521809e-14,9.329126132720556e-111,0.004419678218733281
1.5447470817120623,1.811530105387439e-14,1.4392697552109152e-110,0.004359890736416268
1.54863813229572,9.305306779658973e-15,2.219622150217061e-110,0.004300908539197897
1.5525291828793775,4.744262986144952e-15,3.4217755403311814e-110,0.004242720874495235
1.556420233463035,2.4008207394187847e-15,5.27302222143211e-110,0.0041853171307753125
1.5603112840466926,1.2058787240745534e-15,8.122754025734615e-110,0.00412868683577287
1.5642023346303502,6.011743618760751e-16,1.2507848699253997e-109,0.004072819654728783
1.5680933852140078,2.974748053520019e-16,1.9252961963709521e-109,0.004017705388648964
1.5719844357976653,1.4610088498411418e-16,2.9624300406718074e-109,0.003963333972583579
1.575875486381323,7.122105848345044e-17,4.556530375874321e-109,0.003909695473926336
1.5797665369649807,3.446013073283633e-17,7.005772869081179e-109,0.0038567800907337232
1.5836575875486383,1.6549250784102917e-17,1.0767464610416279e-108,0.0038045781500639785
1.5875486381322959,7.888468095107939e-18,1.6542702877467063e-108,0.003753080106335578
1.5914396887159534,3.73215720886199e-18,2.540593031101597e-108,0.0037022765397051113
1.595330739299611,1.7525890929307653e-18,3.900312025467343e-108,0.003652158154464314
1.5992217898832686,8.168704758472581e-19,5.985483227243865e-108,0.0036027157774561067
1.6031128404669261,3.779020208500093e-19,9.181945291873495e-108,0.003553940356509402
1.6070038910505837,1.7352343997911817e-19,1.408010197002349e-107,0.00350582295889257
1.6108949416342413,7.908425042322737e-20,2.1583035040596382e-107,0.00345835476978531
1.6147859922178989,3.577459915140886e-20,3.307157270947243e-107,0.003411527090768788
1.6186770428015564,1.6062475176826125e-20,5.065622206761256e-107,0.003365331338333852
1.622568093385214,7.15818770409967e-21,7.75615291075872e-107,0.0033197590424071115
1.6264591439688716,3.1662602952346528e-21,1.187122522133164e-106,0.0032748018448947474
1.6303501945525292,1.3900904736037625e-21,1.8162697218073963e-106,0.003230451498243846
1.6342412451361867,6.057486276516674e-22,2.777798622456698e-106,0.003186699864021078
1.6381322957198443,2.6199604194046444e-22,4.246750923321708e-106,0.003143538911508552
1.6420233463035019,1.1247343046470075e-22,6.490055909650758e-106,0.003100960716316675
1.6459143968871595,4.7924553144106714e-23,9.914611538510176e-106,0.0030589574590138015
1.649805447470817,2.0268383942159073e-23,1.514044305999258e-105,0.003017521423772561
1.6536964980544746,8.508109927544607e-24,2.311197622933133e-105,0.0029766449970326367
1.6575875486381322,3.54486729884536e-24,3.526721753366516e-105,0.0029363206661798427
1.6614785992217898,1.4659521386071007e-24,5.379487808916901e-105,0.002896541018241328
1.6653696498054473,6.017173307818927e-25,8.202500683018868e-105,0.002857298738596743
1.6692607003891051,2.451422505482533e-25,1.2502222950550542e-104,0.002818586609705164
1.6731517509727627,9.912808971897396e-26,1.9048633240508635e-104,0.002780397509847668
1.6770428015564203,3.978581188443988e-26,2.9011889675666504e-104,0.002742724411885321
1.6809338521400778,1.5849392929390654e-26,4.4169637100411594e-104,0.002705560382032471
1.6848249027237354,6.2668595186960785e-27,6.722135485005853e-104,0.0026688985786451408
1.688715953307393,2.4594625057334607e-27,1.0226483179592023e-103,0.0026327322510243897
1.6926070038910506,9.580394054136676e-28,1.5551811077817414e-103,0.0025970547382344346
1.6964980544747081,3.704072329423074e-28,2.364129443626352e-103,0.0025618594679354223
1.7003891050583657,1.421439776398179e-28,3.5925030742850045e-103,0.002527139955230655
1.7042801556420235,5.414151317699298e-29,5.457059154969881e-103,0.0024928898015281207
1.708171206225681,2.0468463104300493e-29,8.28620724744382e-103,0.0024591026934161785
1.7120622568093387,7.68056199527451e-30,1.2577332363297324e-102,0.002425772401553215
1.7159533073929962,2.860577268522259e-30,1.9083450395681673e-102,0.00239289277957116
1.7198443579766538,1.0574681290002087e-30,2.8944155300174423e-102,0.002360457762992652
1.7237354085603114,3.880018627004171e-31,4.3883420933187734e-102,0.0023284613681617532
1.727626459143969,1.413036088254363e-31,6.6508275657585856e-102,0.0022968976911880235
1.7315175097276265,5.10770276735105e-32,1.007596191253085e-101,0.0022657609069038206
1.735408560311284,1.8325291801108908e-32,1.5259242074502637e-101,0.0022350452678346695
1.7392996108949417,6.525729997364877e-33,2.310016196528897e-101,0.0022047451031825625
1.7431906614785992,2.306535921071572e-33,3.495688321590741e-101,0.002174854817822021
1.7470817120622568,8.09178367449692e-34,5.2879336704025284e-101,0.002145368891308801
1.7509727626459144,2.8176122370214433e-34,7.99603912967425e-101,0.0021162818769010767
1.754863813229572,9.73802993792816e-35,1.2086468906096168e-100,0.002087588400592968
1.7587548638132295,3.340518687352012e-35,1.8262472881438586e-100,0.00205928316016027
1.7626459143968871,1.1373905758474829e-35,2.7583879411145757e-100,0.0020313609242182296
1.7665369649805447,3.84377771874881e-36,4.164728775405226e-100,0.002003816531291254
1.7704280155642023,1.289317341759746e-36,6.285700995115449e-100,0.001976644888894394
1.7743190661478598,4.292539526270233e-37,9.483230995219152e-100,0.0019498409726264672
1.7782101167315174,1.4184750501696234e-37,1.4301927003090907e-99,0.0019233998252746922
1.782101167315175,4.6524532664189766e-38,2.156097526512441e-99,0.0018973165559306984
1.7859922178988326,1.514590599733832e-38,3.249210606041901e-99,0.0018715863391177612
1.7898832684824901,4.893971257485264e-39,4.894664620661607e-99,0.0018462044139291578
1.793774319066148,1.5695692849260344e-39,7.37061341928411e-99,0.0018211660831774928
1.7976653696498055,4.996345793731404e-40,1.1094811909329158e-98,0.001796466712554874
1.801556420233463,1.5786192857760625e-40,1.669444059454877e-98,0.001772101729803796
1.8054474708171206,4.950570391913966e-41,2.5110734413071877e-98,0.0017480666238986222
1.8093385214007782,1.540940946720731e-41,3.77557041961113e-98,0.0017243569442375382
1.8132295719844358,4.760687458788701e-42,5.674679676988512e-98,0.0017009682998448247
1.8171206225680934,1.4598433826775616e-42,8.525811861852774e-98,0.001677896358583365
1.821011673151751,4.443199157175793e-43,1.2804592291266025e-97,0.0016551368463772406
1.8249027237354085,1.3422648397090392e-43,1.9223452156044474e-97,0.001632685546444299
1.8287937743190663,4.0247005012947783e-44,2.88491235810372e-97,0.0016105382985385705
1.8326848249027239,1.1977931943441053e-44,4.3278229300921386e-97,0.0015886909982024402
1.8365758754863815,3.538205344420265e-45,6.489959097075237e-97,0.0015671395960284013
1.840466926070039,1.0373782705187891e-45,9.72859339037691e-97,0.0015458800969303426
1.8443579766536966,3.01886838330637e-46,1.4577859542160945e-96,0.0015249085594242074
1.8482490272373542,8.719751953775939e-47,2.183600007976857e-96,0.0015042210949179266
1.8521400778210118,2.4998675693573447e-47,3.2695503483025903e-96,0.0014838138670105103
1.8560311284046693,7.1134911197095e-48,4.893714042705897e-96,0.0014636830908001958
1.859922178988327,2.0090997726237324e-48,7.321916364315082e-96,0.0014438250322015179
1.8638132295719845,5.632136022452321e-49,1.0950817863747965e-95,0.0014242360072712246
1.867704280155642,1.5671035161832848e-49,1.6372084002378482e-95,0.0014049123815429029
1.8715953307392996,4.327879444925372e-50,2.4467916477976236e-95,0.001385850569370226
1.8754863813229572,1.1863300851053689e-50,3.655321921621668e-95,0.001367047033278701
1.8793774319066148,3.2276679750238057e-51,5.45870832372193e-95,0.001348498283325832
1.8832684824902723,8.716157751446872e-52,8.148726919091774e-95,0.0013302008764695696
1.88715953307393,2.3362226497506247e-52,1.2159767055336581e-94,0.0013121514159449702
1.8910505836575875,6.215217024416747e-53,1.8138290913102063e-94,0.0012943465506489473
1.894941634241245,1.641161368876777e-53,2.7046002729044027e-94,0.0012767829745330217
1.8988326848249026,4.301294639280415e-54,4.0313028771111495e-94,0.0012594574260039665
1.9027237354085602,1.1189225325702473e-54,6.006526341870437e-94,0.00124236668733226
1.9066147859922178,2.889041405252648e-55,8.94616615833212e-94,0.0012255075840682304
1.9105058365758754,7.403898088443719e-56,1.3319445672071157e-93,0.0012088769844658175
1.914396887159533,1.8833022184958498e-56,1.98230719810245e-93,0.001192471798913844
1.9182879377431907,4.754802948976484e-57,2.9491127838564123e-93,0.0011762889793747063
1.9221789883268483,1.19151070458006e-57,4.385785850038298e-93,0.0011603255188303936
1.9260700389105059,2.9635775286969752e-58,6.519872139616365e-93,0.0011445784507357398
1.9299610894941635,7.316233495267039e-59,9.688718821975306e-93,0.001129044848478819
1.933852140077821,1.7927170186007177e-59,1.4392268161746189e-92,0.0011137218248484014
1.9377431906614786,4.3600236491432933e-60,2.13711429301153e-92,0.0010986065315083723
1.9416342412451362,1.0524921568052859e-60,3.172209577315931e-92,0.0010836961584790306
1.9455252918287937,2.52174873131559e-61,4.706863584306168e-92,0.00106898793362518
1.9494163424124513,5.997050051820809e-62,6.981310721571634e-92,0.0010544791221509325
1.9533073929961091,1.4155540467084776e-62,1.0350895894265148e-91,0.001040167026101123
1.9571984435797667,3.316409552598813e-63,1.534103037921608e-91,0.0010260489838692796
1.9610894941634243,7.711924671773542e-64,2.2728288625427773e-91,0.0010121223697120338
1.9649805447470818,1.779960316036303e-64,3.3660034616463714e-91,0.0009983845932699195
1.9688715953307394,4.077657836700705e-65,4.983081580410243e-91,0.0009848330990944573
1.972762645914397,9.271802261215184e-66,7.374236347573215e-91,0.0009714653661814621
1.9766536964980546,2.0925240629927845e-66,1.0908668013120956e-90,0.0009582789075104766
1.9805447470817121,4.68737479574022e-67,1.613102683236157e-90,0.0009452712695902706
1.9844357976653697,1.0421778046260326e-67,2.3844483461156507e-90,0.000932440032010319
1.9883268482490273,2.2998890132950385e-68,3.523298513635627e-90,0.0009197828069981847
1.9922178988326849,5.037613650519135e-69,5.204111332678284e-90,0.0009072972389827311
1.9961089494163424,1.0952058509312616e-69,7.683858061339622e-90,0.0008949810041630931
2.0,2.3633039076589556e-70,1.1340904812275995e-89,0.0008828318100833239
2.0038910505836576,5.061698938802344e-71,1.6732147843127414e-89,0.0008708473952126582
2.007782101167315,1.0760339340828273e-71,2.467693958646607e-89,0.0008590255285313105
2.0116731517509727,2.270432235640398e-72,3.638032035163847e-89,0.0008473640091217399
2.0155642023346303,4.754929045273482e-73,5.361389465350803e-89,0.0008358606657653138
2.019455252918288,9.883993624880847e-74,7.8981215093172e-89,0.0008245133565442996
2.0233463035019454,2.0392655951807703e-74,1.1630700747669479e-88,0.0008133199684491135
2.027237354085603,4.1760726705461243e-75,1.712078088141135e-88,0.0008022784169907642
2.0311284046692606,8.48819254341035e-76,2.5192825176883247e-88,0.0007913866458184225
2.035019455252918,1.712439815459846e-76,3.7056619093409787e-88,0.0007806426263420481
2.0389105058365757,3.429006679666353e-77,5.44866780269657e-88,0.0007700443573600129
2.0428015564202333,6.815131889775839e-78,8.00848716693387e-88,0.0007595898646916558
2.046692607003891,1.3444142849733731e-78,1.176647168671447e-87,0.0007492772008146995
2.0505836575875485,2.6323576277351704e-79,1.7281348994479141e-87,0.0007391044445074762
2.054474708171206,5.115753195581699e-80,2.5371412366942275e-87,0.0007290697004958938
2.0583657587548636,9.867955823201165e-81,3.723464896707998e-87,0.0007191710991050818
2.062256809338521,1.8892860966233793e-81,5.462425165052086e-87,0.0007094067959156581
2.0661478599221788,3.5902209781014135e-82,8.010494989725981e-87,0.0006997749714245594
2.0700389105058363,6.771697532806878e-83,1.1742723167521292e-86,0.0006902738307103659
2.073929961089494,1.2677302180121153e-83,1.7207346680173602e-86,0.0006809016031030767
2.0778210116731515,2.355640719944016e-84,2.5205459041028687e-86,0.000671656541858267
2.081712062256809,4.34454383218965e-85,3.6907185728561986e-86,0.0006625369238355744
2.0856031128404666,7.95302290103725e-86,5.402103069302519e-86,0.0006535410491814604
2.0894941634241246,1.4450178187981777e-86,7.90406345722118e-86,0.0006446672410161834
2.093385214007782,2.6059560778300003e-87,1.1560419319736596e-85,0.0006359138451249426
2.09727626459144,4.6645945481956345e-88,1.690177719835225e-85,0.0006272792296531193
2.1011673151750974,8.287310841981407e-89,2.4701696101314242e-85,0.0006187617848055829
2.105058365758755,1.46139048975294e-89,3.6087499666928534e-85,0.0006103599225499932
2.1089494163424125,2.5578309875200493e-90,5.270143344683592e-85,0.0006020720763240543
2.11284046692607,4.443552664454526e-91,7.693495064461749e-85,0.0005938967007466682
2.1167315175097277,7.66199278487957e-92,1.1226917923444941e-84,0.0005858322713329314
2.1206225680933852,1.3113120898105819e-92,1.6376950349784633e-84,0.0005778772842129342
2.124513618677043,2.2275287163245973e-93,2.388037452056967e-84,0.0005700302558543049
2.1284046692607004,3.755722338973956e-94,3.480846335468435e-84,0.0005622897227884528
2.132295719844358,6.285163255109937e-95,5.071824132875976e-84,0.0005546542413404618
2.1361867704280155,1.0439809355616324e-95,7.387187745609175e-84,0.0005471223873625896
2.140077821011673,1.72116098391799e-96,1.0755477702538468e-83,0.0005396927559713159
2.1439688715953307,2.8164583753000856e-97,1.5653659699666287e-83,0.000532363961287906
2.1478599221789882,4.574441744077027e-98,2.277391466075267e-83,0.0005251346361824348
2.151750972762646,7.37438461752703e-99,3.312036437705296e-83,0.0005180034320212278
2.155642023346304,1.179957562851611e-99,4.814909623728175e-83,0.0005109690184176756
2.1595330739299614,1.8739582507051757e-100,6.99707920553503e-83,0.0005040300829863801
2.163424124513619,2.953971859443306e-101,1.0164383836392535e-82,0.0004971853311005785
2.1673151750972766,4.621742189872837e-102,1.4759815891300342e-82,0.0004904334856528149
2.171206225680934,7.177248742457999e-103,2.142478341172744e-82,0.0004837732868188093
2.1750972762645917,1.1062752578493566e-103,3.1087625873210405e-82,0.00047720349182448423
2.1789883268482493,1.6924713297924018e-104,4.509145921011208e-82,0.00047072287471610556
2.182879377431907,2.5699954907368884e-105,6.537875399144844e-82,0.0004643302261334989
2.1867704280155644,3.8734354394837753e-106,9.475772068009139e-82,0.00045802435308630164
2.190661478599222,5.794463103544827e-107,1.3728661225217927e-81,0.00045180407873320484
2.1945525291828796,8.603655284110942e-108,1.988279283961389e-81,0.00044566824216415426
2.198443579766537,1.26796048956732e-108,2.878473286925999e-81,0.00043961569818546525
2.2023346303501947,1.85473283221618e-109,4.165648641072911e-81,0.00043364531710781464
2.2062256809338523,2.6928360855952846e-110,6.026132614627535e-81,0.0004277559845370728
2.21011673151751,3.880533140366165e-111,8.714256725831485e-81,0.00042194660116793805
2.2140077821011674,5.550419325458428e-112,1.2596724536361987e-80,0.00041621608258033364
2.217898832684825,7.879762215673069e-113,1.820205955471666e-80,0.0004105633590385359
2.2217898832684826,1.1103332601198758e-113,2.6291722885263374e-80,0.0004049873752929931
2.22568093385214,1.5529107849840051e-114,3.796235777945569e-80,0.00039948709038480155
2.2295719844357977,2.1557211497173104e-115,5.47927283452731e-80,0.0003940614774528031
2.2334630350194553,2.970240248121368e-116,7.905480851240384e-80,0.0003887095235432709
2.237354085603113,4.062033440640582e-117,1.1401691145830026e-79,0.0003834302294221447
2.2412451361867705,5.513765983940103e-118,1.6437882450590754e-79,0.0003782226093897883
2.245136186770428,7.428584790132509e-119,2.3689619486844254e-79,0.0003730856910982313
2.2490272373540856,9.933830820592037e-120,3.412761321234949e-79,0.0003680185153708633
2.252918287937743,1.3185006665809967e-120,4.914613436359505e-79,0.00036302013602454794
2.2568093385214008,1.7369881978918935e-121,7.07470650563975e-79,0.00035808961969412714
2.2607003891050583,2.2712571168926915e-122,1.0180359360483431e-78,0.0003532260456592776
2.264591439688716,2.947736468012817e-123,1.4643787089227933e-78,0.0003484285056736966
2.2684824902723735,3.7972039781074e-124,2.1056167162841733e-78,0.00034369610379657967
2.272373540856031,4.855032256270433e-125,3.0265011982014805e-78,0.00033902795622636235
2.2762645914396886,6.161312430764565e-126,4.348485208645328e-78,0.0003344231911366979
2.280155642023346,7.76081379435038e-127,6.24555102327226e-78,0.00032988094851463354
2.2840466926070038,9.702735999815415e-128,8.966834225004707e-78,0.0003254003800009683
2.2879377431906613,1.2040210669672068e-128,1.2868950708779397e-77,0.00032098064873275367
2.291828793774319,1.482951257344349e-129,1.846217021206467e-77,0.0003166209291879088
2.2957198443579765,1.8128947315749676e-130,2.6476341882362265e-77,0.0003123204070319297
2.299610894941634,2.1997393148589933e-131,3.795498522520342e-77,0.00030807827896665705
2.3035019455252916,2.6492489225819473e-132,5.43895279514693e-77,0.00030389375258107874
2.307392996108949,3.1668481215386427e-133,7.791074711935523e-77,0.0002997660462041392
2.311284046692607,3.75737571824862e-134,1.115616849664635e-76,0.00029569438875952847
2.3151750972762644,4.4248131174601185e-135,1.5968656448470943e-76,0.00029167801962242594
2.319066147859922,5.171995770630199e-136,2.284847962098024e-76,0.0002877161884781711
2.3229571984435795,6.000318572701567e-137,3.2679985283250024e-76,0.00028380815518283634
2.326848249027237,6.909448374300179e-138,4.672421509043416e-76,0.0002799531896256773
2.3307392996108947,7.897058646886886e-139,6.677867432140973e-76,0.00027615057159343314
2.3346303501945522,8.958602560177702e-140,9.54045722257069e-76,0.0002723995906364576
2.3385214007782102,1.0087141110452438e-140,1.3624990259538708e-75,0.0002686995459366461
2.342412451361868,1.1273242317649327e-141,1.9450860937692184e-75,0.0002650497461771494
2.3463035019455254,1.2504965786171479e-142,2.775729070929057e-75,0.00026144950941383503
2.350194552529183,1.37679440696799e-143,3.9595965343184435e-75,0.00025789816294848446
2.3540856031128405,1.5045568348936285e-144,5.646254030285228e-75,0.0002543950432036971
2.357976653696498,1.6319281070932684e-145,8.048325053565551e-75,0.00025093949559948
2.3618677042801557,1.7568972643180006e-146,1.146796131999555e-74,0.0002475308744315
2.3657587548638133,1.8773473345199467e-147,1.6334375957461334e-74,0.0002441685427509774
2.369649805447471,1.991112568662553e-148,2.3257042771181233e-74,0.0002408518722461976
2.3735408560311284,2.0960416919611545e-149,3.3101071508108493e-74,0.0002375802431256206
2.377431906614786,2.1900646717050028e-150,4.70939620949126e-74,0.00023435304400256575
2.3813229571984436,2.2712601540404855e-151,6.697674291175395e-74,0.0002311696717814513
2.385214007782101,2.337920525871102e-152,9.521786392490677e-74,0.00022802953154556948
2.3891050583657587,2.3886115363464156e-153,1.353157850829476e-73,0.00022493203644637097
2.3929961089494163,2.422223575213507e-154,1.922268747900171e-73,0.00022187660759424686
2.396887159533074,2.4380120490581034e-155,2.729702801741028e-73,0.0002188626739507815
2.4007782101167314,2.435624803913074e-156,3.874826331132284e-73,0.00021588967222245907
2.4046692607003894,2.4151151838242943e-157,5.498253199773345e-73,0.00021295704675580404
2.408560311284047,2.3769400491252245e-158,7.798890910379151e-73,0.00021006424943393804
2.4124513618677046,2.321942857225178e-159,1.1057999653700565e-72,0.00020721073957452878
2.416342412451362,2.2513226809618077e-160,1.5673136466215698e-72,0.00020439598382911993
2.4202334630350197,2.1665907537371023e-161,2.2206027565435222e-72,0.00020161945608381776
2.4241245136186773,2.0695167402984418e-162,3.1450058001023426e-72,0.0001988806373613184
2.428015564202335,1.9620673989851472e-163,4.45253809007555e-72,0.00019617901572425772
2.4319066147859925,1.8463405987178397e-164,6.30128978717576e-72,0.00019351408617986553
2.43579766536965,1.7244977682387805e-165,8.914292462764592e-72,0.00019088535058590892
2.4396887159533076,1.5986977862076718e-166,1.26060759916881e-71,0.00018829231755790158
2.443579766536965,1.4710350819803277e-167,1.78200361088387e-71,0.0001857345023775701
2.4474708171206228,1.3434843330743e-168,2.5180993167377137e-71,0.00018321142690255434
2.4513618677042803,1.2178536501719064e-169,3.5569089416635844e-71,0.0001807226194773275
2.455252918287938,1.0957475735193624e-170,5.022364814390674e-71,0.00017826761484531978
2.4591439688715955,9.785406074448854e-172,7.088908666403338e-71,0.00017584595406222857
2.463035019455253,8.673614329912927e-173,1.0001983243429321e-70,0.00017345718441049996
2.4669260700389106,7.630873986409864e-174,1.4106799081721627e-70,0.0001711008593149655
2.470817120622568,6.663484254559333e-175,1.988870269063518e-70,0.00016877653825961866
2.4747081712062258,5.775390970080511e-176,2.8029803103773977e-70,0.00016648378670551566
2.4785992217898833,4.968374484872943e-177,3.9488374334350443e-70,0.00016422217600978707
2.482490272373541,4.242288265756949e-178,5.561015165635323e-70,0.0001619912833457408
2.4863813229571985,3.5953315705256e-179,7.828427258765463e-70,0.00015979069162404809
2.490272373540856,3.0243401881209767e-180,1.1016168701637581e-69,0.00015761998941499293
2.4941634241245136,2.5250806412458426e-181,1.5496094359210955e-69,0.00015547877087177295
2.498054474708171,2.0925352555922393e-182,2.1789614305775923e-69,0.00015336663565483703
2.501945525291829,1.721167888588555e-183,3.0627563587920344e-69,0.00015128318885724567
2.5058365758754864,1.4051626766436264e-184,4.303392652499265e-69,0.00014922804093104051
2.509727626459144,1.1386307182160808e-185,6.044287510803735e-69,0.0001472008076146094
2.5136186770428015,9.15782006505506e-187,8.486231429902884e-69,0.0001452011098610336
2.517509727626459,7.310620431137108e-188,1.1910232647597525e-68,0.00014322857376740364
2.5214007782101167,5.792543250216103e-189,1.6709414593984896e-68,0.00014128283050509133
2.5252918287937742,4.55551262012624e-190,2.3433536816255694e-68,0.00013936351625096522
2.529182879377432,3.555970444687813e-191,3.2851111224877573e-68,0.00013747027211953477
2.5330739299610894,2.7550656428828323e-192,4.603603423397867e-68,0.00013560274409601405
2.536964980544747,2.1186473725018246e-193,6.448836416699712e-68,0.00013376058297029
2.5408560311284045,1.6171053960373935e-194,9.030263715987831e-68,0.00013194344427178408
2.544747081712062,1.2250981764922949e-195,1.2640234262512131e-67,0.00013015098820519516
2.5486381322957197,9.212051987730054e-197,1.7686643773214537e-67,0.0001283828795871116
2.5525291828793772,6.875349606758069e-198,2.4738385408869816e-67,0.0001266387877834811
2.556420233463035,5.093145845962611e-199,3.4588592542723184e-67,0.0001249183866479265
2.5603112840466924,3.744814919679446e-200,4.834260463943194e-67,0.00012322135446089642
2.56420233463035,2.7329238060477774e-201,6.754027399266188e-67,0.00012154737386963899
2.5680933852140075,1.9796007455342271e-202,9.432595412025797e-67,0.00011989613182898812
2.571984435797665,1.4232481019564642e-203,1.3168466769009593e-66,0.00011826731954295175
2.5758754863813227,1.0156323779566386e-204,1.8377009251504664e-66,0.00011666063240708884
2.5797665369649803,7.19358503005075e-206,2.5635988752140256e-66,0.00011507576995166833
2.583657587548638,5.057165249091339e-207,3.574875547946933e-66,0.00011351243578559643
2.587548638132296,3.528757613193996e-208,4.983189454736001e-66,0.00011197033754110278
2.5914396887159534,2.443933761438991e-209,6.943676622560042e-66,0.00011044918681917657
2.595330739299611,1.6800025981741787e-210,9.671797421236916e-66,0.00010894869913573943
2.5992217898832686,1.146260680859839e-211,1.3466679141429402e-65,0.0001074685938685487
2.603112840466926,7.762645565474149e-213,1.8743446478882374e-65,0.00010600859420481886
2.6070038910505837,5.217819344382216e-214,2.6077983411191263e-65,0.0001045684270895523
2.6108949416342413,3.4811379959895513e-215,3.6268882589376005e-65,0.0001031478231745696
2.614785992217899,2.3051880531762163e-216,5.042314882177934e-65,0.00010174651676823015
2.6186770428015564,1.5151108225997847e-217,7.007471932815774e-65,0.00010036424578583324
2.622568093385214,9.884059709935413e-219,9.734830350984089e-65,9.900075170069196e-05
2.6264591439688716,6.39998918172319e-220,1.3518578415680122e-64,9.765577949586777e-05
2.630350194552529,4.11316412330019e-221,1.8765894834461392e-64,9.632907761656047e-05
2.6342412451361867,2.6237699747003247e-222,2.604013002031829e-64,9.50203979231423e-05
2.6381322957198443,1.6612247632013042e-223,3.6120406989266746e-64,9.372949564482814e-05
2.642023346303502,1.0439602301006888e-224,5.008385371821839e-64,9.245612933397351e-05
2.6459143968871595,6.511670734915576e-226,6.941901678816361e-64,9.120006082099128e-05
2.649805447470817,4.0313808599222826e-227,9.618221951430006e-64,8.996105516987941e-05
2.653696498054475,2.4772403571406722e-228,1.3321304257557561e-63,8.87388806343509e-05
2.6575875486381326,1.5108988241506043e-229,1.8443116823449968e-63,8.753330861455869e-05
2.66147859922179,9.146512652935378e-231,2.552451527175246e-63,8.634411361440557e-05
2.6653696498054478,5.495770840010918e-232,3.531151134590881e-63,8.517107319943371e-05
2.6692607003891053,3.2775898874679474e-233,4.883269861491904e-63,8.40139679552841e-05
2.673151750972763,1.9401420396075167e-234,6.750574909429018e-63,8.287258144671956e-05
2.6770428015564205,1.139896344777987e-235,9.328383953153364e-63,8.174670017720158e-05
2.680933852140078,6.647374021847596e-237,1.288569009068462e-62,8.063611354901633e-05
2.6848249027237356,3.847581161155658e-238,1.7792811078245531e-62,7.95406138239404e-05
2.688715953307393,2.210438231054946e-239,2.45593613728722e-62,7.84599960844395e-05
2.692607003891051,1.2604391866596125e-240,3.3886380884242304e-62,7.739405819539329e-05
2.6964980544747084,7.133757297571775e-242,4.673787073730133e-62,7.634260076633857e-05
2.700389105058366,4.007446032409187e-243,6.443892322895555e-62,7.530542711422455e-05
2.7042801556420235,2.2344464697649056e-244,8.881028075214206e-62,7.428234322667259e-05
2.708171206225681,1.2365883388816803e-245,1.2235277612973977e-61,7.327315772573417e-05
2.7120622568093387,6.792556481295492e-247,1.6850004805722444e-61,7.227768183213979e-05
2.7159533073929962,3.703345999227819e-248,2.3196467181978826e-61,7.129572933003318e-05
2.719844357976654,2.0040485587808048e-249,3.192120530357504e-61,7.032711653218224e-05
2.7237354085603114,1.0764035240279925e-250,4.391089937969996e-61,6.937166224566285e-05
2.727626459143969,5.738453952712924e-252,6.038109713050752e-61,6.842918773800725e-05
2.7315175097276265,3.036460324482927e-253,8.299755217647053e-61,6.74995167038114e-05
2.735408560311284,1.5947523113192416e-254,1.1404209442890927e-60,6.658247523179513e-05
2.7392996108949417,8.313268152412318e-256,1.566392885536983e-60,6.567789177230875e-05
2.7431906614785992,4.301334901582223e-257,2.1506603859552622e-60,6.478559710528024e-05
2.747081712062257,2.2089589553971524e-258,2.951743299342551e-60,6.39054243085971e-05
2.7509727626459144,1.1259651643212008e-259,4.049682291015605e-60,6.303720872691672e-05
2.754863813229572,5.696592869338831e-261,5.553911260377301e-60,6.218078794089976e-05
2.7587548638132295,2.860607870206816e-262,7.613994107507145e-60,6.133600173686063e-05
2.762645914396887,1.4257861642723825e-263,1.043426237142243e-59,6.0502692076829857e-05
2.7665369649805447,7.053479079248473e-265,1.429376330010153e-59,5.9680703069021585e-05
2.7704280155642023,3.463421022381291e-266,1.957343444830347e-59,5.886988093870234e-05
2.77431906614786,1.6879520855215962e-267,2.67931084489733e-59,5.807007399945449e-05
2.7782101167315174,8.165219422479685e-269,3.666188448925921e-59,5.7281132624829504e-05
2.782101167315175,3.920383250317608e-270,5.0146668290116724e-59,5.6502909220385466e-05
2.7859922178988326,1.8682806239579475e-271,6.856539779470947e-59,5.573525819610401e-05
2.78988326848249,8.837076490076067e-273,9.37137965495315e-59,5.4978035939181245e-05
2.7937743190661477,4.1488529108293633e-274,1.2803764615208603e-58,5.423110078718761e-05
2.7976653696498053,1.9333050336614487e-275,1.7486683396543257e-58,5.349431300159199e-05
2.801556420233463,8.941814270965066e-277,2.3873320536492226e-58,5.276753474164456e-05
2.8054474708171204,4.1049117788111517e-278,3.258020614116935e-58,5.205063003861451e-05
2.809338521400778,1.870401880281734e-279,4.444577087577463e-58,5.134346477037625e-05
2.8132295719844356,8.458998590332595e-281,6.060977543121575e-58,5.064590663634118e-05
2.817120622568093,3.797133745038773e-282,8.26210144772447e-58,4.99578251327291e-05
2.8210116731517507,1.6917872821130537e-283,1.1258330356669114e-57,4.927909152817511e-05
2.8249027237354083,7.4814975310613e-285,1.533532800992476e-57,4.860957883966742e-05
2.828793774319066,3.2838570058008435e-286,2.0880830482311294e-57,4.794916180881159e-05
2.8326848249027234,1.4306482173783458e-287,2.8420916732063695e-57,4.7297716878416646e-05
2.8365758754863815,6.186348731978315e-289,3.8669095468847383e-57,4.665512216939892e-05
2.840466926070039,2.655148756316572e-290,5.259271137005421e-57,4.602125745799948e-05
2.8443579766536966,1.131087588826235e-291,7.150274673849366e-57,4.5396004153309855e-05
2.848249027237354,4.7825171483036584e-293,9.71752140896497e-57,4.477924527510352e-05
2.8521400778210118,2.0071034363039757e-294,1.3201518950724014e-56,4.4170865431967604e-05
2.8560311284046693,8.360570101303187e-296,1.792783792715904e-56,4.357075079973179e-05
2.859922178988327,3.456646361417795e-297,2.433702834234554e-56,4.297878910018909e-05
2.8638132295719845,1.4184921214527373e-298,3.30249976139672e-56,4.239486958010608e-05
2.867704280155642,5.7776579236846374e-300,4.479748765927277e-56,4.1818882990517595e-05
2.8715953307392996,2.3357676641096123e-301,6.074354567865001e-56,4.12507215663024e-05
2.875486381322957,9.372606376620636e-303,8.233457258831793e-56,4.0690279006035986e-05
2.8793774319066148,3.732880045457483e-304,1.1155780193536277e-55,4.013745045211674e-05
2.8832684824902723,1.4756406485075722e-305,1.5109610824230621e-55,3.959213247116177e-05
2.88715953307393,5.7898872329588115e-307,2.0457013172232464e-55,3.90542230346688e-05
2.8910505836575875,2.254823332617524e-308,2.768641903903126e-55,3.852362149994041e-05
2.894941634241245,8.7158120166377e-310,3.745648046645506e-55,3.800022859126715e-05
2.8988326848249026,3.343921772252e-311,5.065505173786375e-55,3.748394638136592e-05
2.9027237354085607,1.273377825585e-312,6.84784900949041e-55,3.697467827307053e-05
2.9066147859922182,4.812950292e-314,9.253823354466537e-55,3.6472328981270386e-05
2.910505836575876,1.805586875e-315,1.2500398288375894e-54,3.597680451509422e-05
2.9143968871595334,6.7232354e-317,1.6879598530260014e-54,3.548801216033605e-05
2.918287937743191,2.4848e-318,2.2784315818021134e-54,3.500586046211922e-05
2.9221789883268485,9.115e-320,3.0742946353400664e-54,3.453025920779595e-05
2.926070038910506,3.32e-321,4.1465852563101327e-54,3.406111941007882e-05
2.9299610894941637,1.2e-322,5.590766158410759e-54,3.3598353290401246e-05
2.9338521400778212,5e-324,7.53507661911672e-54,3.3141874262503795e-05
2.937743190661479,0.0,1.015172008387418e-53,3.2691596916243264e-05
2.9416342412451364,0.0,1.3671847720845107e-53,3.2247437001621485e-05
2.945525291828794,0.0,1.840561812799682e-53,3.1809311413030914e-05
2.9494163424124515,0.0,2.476904250986187e-53,3.137713817371399e-05
2.953307392996109,0.0,3.331989670224855e-53,3.0950836420433714e-05
2.9571984435797667,0.0,4.480574374765141e-53,3.053032638835173e-05
2.9610894941634243,0.0,6.022812619366661e-53,3.01155293961122e-05
2.964980544747082,0.0,8.092833943210375e-53,2.9706367831127895e-05
2.9688715953307394,0.0,1.0870199713473996e-52,2.9302765135066045e-05
2.972762645914397,0.0,1.4595199439602058e-52,2.8904645789531205e-05
2.9766536964980546,0.0,1.958926589000108e-52,2.8511935301942448e-05
2.980544747081712,0.0,2.628221143585489e-52,2.8124560191602287e-05
2.9844357976653697,0.0,3.524855070823491e-52,2.7742447975954688e-05
2.9883268482490273,0.0,4.725592210109187e-52,2.7365527157029606e-05
2.992217898832685,0.0,6.332961317964314e-52,2.6993727208071542e-05
2.9961089494163424,0.0,8.483851250274711e-52,2.662697856034976e-05
3.0,0.0,1.1360955842121725e-51,2.626521259014719e-05
3.0038910505836576,0.0,1.520800739018228e-51,2.5908361605926327e-05
3.007782101167315,0.0,2.0350045028759127e-51,2.55563588356692e-05
3.0116731517509727,0.0,2.722037166407195e-51,2.520913841438922e-05
3.0155642023346303,0.0,3.6396392804461e-51,2.486663537181254e-05
3.019455252918288,0.0,4.8647245281392044e-51,2.4528785620226713e-05
3.0233463035019454,0.0,6.499706986249712e-51,2.4195525942494246e-05
3.027237354085603,0.0,8.680903351335461e-51,2.3866793980228933e-05
3.0311284046692606,0.0,1.158968627359003e-50,2.3542528222132673e-05
3.035019455252918,0.0,1.5467283847209593e-50,2.3222667992490676e-05
3.0389105058365757,0.0,2.063440962095691e-50,2.290715343982276e-05
3.0428015564202333,0.0,2.7517289711884216e-50,2.2595925525688996e-05
3.046692607003891,0.0,3.6682158363647695e-50,2.228892601364687e-05
3.0505836575875485,0.0,4.888095961215826e-50,2.198609745835883e-05
3.054474708171206,0.0,6.511187197219902e-50,2.1687383194847477e-05
3.058365758754864,0.0,8.669943282619818e-50,2.1392727327896666e-05
3.0622568093385216,0.0,1.1540056837451318e-49,2.1102074721596693e-05
3.066147859922179,0.0,1.5354485046682806e-49,2.0815370989031057e-05
3.0700389105058368,0.0,2.042199569690058e-49,2.0532562482103618e-05
3.0739299610894943,0.0,2.715168093013305e-49,2.0253596281503703e-05
3.077821011673152,0.0,3.6085346437017756e-49,1.9978420186807505e-05
3.0817120622568095,0.0,4.794028960993e-49,1.9706982706713856e-05
3.085603112840467,0.0,6.366577704924738e-49,1.9439233049412618e-05
3.0894941634241246,0.0,8.45175796160874e-49,1.9175121113083784e-05
3.093385214007782,0.0,1.1215630042455467e-48,1.8914597476525786e-05
3.09727626459144,0.0,1.487770406064477e-48,1.8657613389910697e-05
3.1011673151750974,0.0,1.9728032408527427e-48,1.84041207656653e-05
3.105058365758755,0.0,2.6149732238446033e-48,1.8154072169475822e-05
3.1089494163424125,0.0,3.464865145971846e-48,1.7907420811414855e-05
3.11284046692607,0.0,4.5892428822370794e-48,1.7664120537188723e-05
3.1167315175097277,0.0,6.076190288434861e-48,1.7424125819503753e-05
3.1206225680933852,0.0,8.041874772316509e-48,1.7187391749549744e-05
3.124513618677043,0.0,1.0639442268191812e-47,1.6953874028599108e-05
3.1284046692607004,0.0,1.4070710744807934e-47,1.672352895972006e-05
3.132295719844358,0.0,1.8601536754607385e-47,1.649631343960238e-05
3.1361867704280155,0.0,2.458200092482984e-47,1.6272184950494118e-05
3.140077821011673,0.0,3.247291331725311e-47,1.6051101552247927e-05
3.1439688715953307,0.0,4.288060383358792e-47,1.5833021874475158e-05
3.1478599221789882,0.0,5.660256968074536e-47,1.5617905108806758e-05
3.151750972762646,0.0,7.468734481458726e-47,1.540571100125912e-05
3.1556420233463034,0.0,9.851299189486428e-47,1.5196399844703645e-05
3.159533073929961,0.0,1.2988996936773668e-46,1.4989932471438573e-05
3.1634241245136185,0.0,1.7119589085722142e-46,1.4786270245861668e-05
3.167315175097276,0.0,2.255519960197442e-46,1.4585375057242418e-05
3.1712062256809337,0.0,2.9705415388071737e-46,1.4387209312592413e-05
3.1750972762645913,0.0,3.9107513267790785e-46,1.4191735929632511e-05
3.1789883268482493,0.0,5.1465996892157814e-46,1.3998918329855507e-05
3.182879377431907,0.0,6.770429093938214e-46,1.380872043168315e-05
3.1867704280155644,0.0,8.903230462771239e-46,1.3621106643715794e-05
3.190661478599222,0.0,1.1703470186825688e-45,1.3436041858074108e-05
3.1945525291828796,0.0,1.537861793557399e-45,1.3253491443830854e-05
3.198443579766537,0.0,2.0200195769694588e-45,1.3073421240532109e-05
3.2023346303501947,0.0,2.6523416547168553e-45,1.2895797551806383e-05
3.2062256809338523,0.0,3.481280118911253e-45,1.2720587139060525e-05
3.21011673151751,0.0,4.5675582066500535e-45,1.2547757215261292e-05
3.2140077821011674,0.0,5.990524209566562e-45,1.2377275438801304e-05
3.217898832684825,0.0,7.853824299858935e-45,1.2209109907448381e-05
3.2217898832684826,0.0,1.029279093498463e-44,1.2043229152377008e-05
3.22568093385214,0.0,1.3484061926233472e-44,1.1879602132280867e-05
3.2295719844357977,0.0,1.7658098771357627e-44,1.1718198227565329e-05
3.2334630350194553,0.0,2.3115471778257924e-44,1.155898723461891e-05
3.237354085603113,0.0,3.024803717679872e-44,1.1401939360162334e-05
3.2412451361867705,0.0,3.9566465043953427e-44,1.1247025215674525e-05
3.245136186770428,0.0,5.173600867407736e-44,1.1094215811894235e-05
3.2490272373540856,0.0,6.762296468137956e-44,1.0943482553396357e-05
3.252918287937743,0.0,8.835499560262554e-44,1.0794797233241893e-05
3.2568093385214008,0.0,1.1539942074658907e-43,1.0648132027700606e-05
3.2607003891050583,0.0,1.5066478794761574e-43,1.0503459491045328e-05
3.264591439688716,0.0,1.966325978636732e-43,1.0360752550416984e-05
3.2684824902723735,0.0,2.5652806542047594e-43,1.0219984500759368e-05
3.272373540856031,0.0,3.3454140111155272e-43,1.0081128999822689e-05
3.2762645914396886,0.0,4.361144468860824e-43,9.944160063235002e-06
3.280155642023346,0.0,5.683118243466306e-43,9.809052059640634e-06
3.2840466926070038,0.0,7.403013259827913e-43,9.67577970590448e-06
3.2879377431906613,0.0,9.639754617832139e-43,9.544318062381619e-06
3.291828793774319,0.0,1.2547553244407663e-42,9.41464252825108e-06
3.2957198443579765,0.0,1.632629847986915e-42,9.286728836913016e-06
3.299610894941634,0.0,2.123498866262657e-42,9.160553051448391e-06
3.3035019455252916,0.0,2.760908103226795e-42,9.03609156014033e-06
3.3073929961089497,0.0,3.5882895959692604e-42,8.913321072056306e-06
3.3112840466926072,0.0,4.661853664961215e-42,8.792218612690394e-06
3.315175097276265,0.0,6.054320456849284e-42,8.672761519664565e-06
3.3190661478599224,0.0,7.859732921900258e-42,8.554927438488522e-06
3.32295719844358,0.0,1.0199662217205806e-41,8.438694318377064e-06
3.3268482490272375,0.0,1.3231205256412405e-41,8.324040408124246e-06
3.330739299610895,0.0,1.715728796930953e-41,8.210944252033673e-06
3.3346303501945527,0.0,2.2239933839705754e-41,8.099384685903905e-06
3.3385214007782102,0.0,2.8817344469690757e-41,7.989340833068565e-06
3.342412451361868,0.0,3.732587878880236e-41,7.88079210049014e-06
3.3463035019455254,0.0,4.832832479792251e-41,7.773718174906868e-06
3.350194552529183,0.0,6.255025119233519e-41,7.66809901903196e-06
3.3540856031128405,0.0,8.092672981853803e-41,7.563914867804446e-06
3.357976653696498,0.0,1.0466236426902433e-40,7.4611462246909565e-06
3.3618677042801557,0.0,1.3530838401158718e-40,7.359773858037728e-06
3.3657587548638133,0.0,1.7486161700502616e-40,7.259778797472165e-06
3.369649805447471,0.0,2.2589150012781232e-40,7.161142330353278e-06
3.3735408560311284,0.0,2.9170300664027205e-40,7.063845998270384e-06
3.377431906614786,0.0,3.765455660634065e-40,6.967871593589254e-06
3.3813229571984436,0.0,4.858808550591128e-40,6.873201156045298e-06
3.385214007782101,0.0,6.267259145039013e-40,6.779816969382964e-06
3.3891050583657587,0.0,8.080926095265487e-40,6.6877015580408036e-06
3.3929961089494163,0.0,1.041550264765969e-39,6.596837683881558e-06
3.396887159533074,0.0,1.3419457182254778e-39,6.507208342966674e-06
3.4007782101167314,0.0,1.7283244778935498e-39,6.418796762374624e-06
3.404669260700389,0.0,2.225108686842507e-39,6.331586397062457e-06
3.4085603112840466,0.0,2.8636029041779362e-39,6.245560926769962e-06
3.412451361867704,0.0,3.6839181782216804e-39,6.1607042529659165e-06
3.4163424124513617,0.0,4.737429649753228e-39,6.077000495835776e-06
3.4202334630350193,0.0,6.089914403137486e-39,5.9944339913103545e-06
3.424124513618677,0.0,7.825556288722267e-39,5.912989288134756e-06
3.428015564202335,0.0,1.0052055259648007e-38,5.832651144977221e-06
3.4319066147859925,0.0,1.2907143297669006e-38,5.753404527577235e-06
3.43579766536965,0.0,1.6566890912619696e-38,5.675234605932303e-06
3.4396887159533076,0.0,2.1256292127356065e-38,5.598126751523028e-06
3.443579766536965,0.0,2.7262747669892997e-38,5.522066534575839e-06
3.4474708171206228,0.0,3.49532332009346e-38,5.447039721362912e-06
3.4513618677042803,0.0,4.4796151175308154e-38,5.373032271538775e-06
3.455252918287938,0.0,5.738913320041779e-38,5.3000303355130806e-06
3.4591439688715955,0.0,7.349439944899653e-38,5.228020251859088e-06
3.463035019455253,0.0,9.40837116545456e-38,5.1569885447573295e-06
3.4669260700389106,0.0,1.2039550024020814e-37,5.086921921474007e-06
3.470817120622568,0.0,1.5400743418293298e-37,5.0178072698736845e-06
3.4747081712062258,0.0,1.9692857207774473e-37,4.94963165596568e-06
3.4785992217898833,0.0,2.517163321445194e-37,4.882382321483877e-06
3.482490272373541,0.0,3.2162490756099346e-37,4.816046681499368e-06
3.4863813229571985,0.0,4.107935069786157e-37,4.750612322065548e-06
3.490272373540856,0.0,5.244850133468253e-37,4.686066997895182e-06
3.4941634241245136,0.0,6.693884466861837e-37,4.622398630069042e-06
3.498054474708171,0.0,8.540021383985768e-37,4.5595953037756695e-06
3.501945525291829,0.0,1.0891189648398365e-36,4.497645266081833e-06
3.5058365758754864,0.0,1.3884405833425301e-36,4.4365369237332925e-06
3.509727626459144,0.0,1.7693546624540894e-36,4.3762588409854116e-06
3.5136186770428015,0.0,2.2539179736608905e-36,4.316799737463291e-06
3.517509727626459,0.0,2.870099383343727e-36,4.258148486050896e-06
3.5214007782101167,0.0,3.653350839458175e-36,4.2002941108089294e-06
3.5252918287937742,0.0,4.6485921250294904e-36,4.143225784920957e-06
3.529182879377432,0.0,5.9127173743528846e-36,4.086932828667438e-06
3.5330739299610894,0.0,7.517759275751194e-36,4.03140470742729e-06
3.536964980544747,0.0,9.55488196687275e-36,3.976631029706581e-06
3.5408560311284045,0.0,1.2139417679773555e-35,3.922601545194028e-06
3.544747081712062,0.0,1.5417217484286134e-35,3.869306142842886e-06
3.5486381322957197,0.0,1.9572655849544765e-35,3.816734848978918e-06
3.5525291828793772,0.0,2.48387157456229e-35,3.7648778254340503e-06
3.5564202334630353,0.0,3.150969007706395e-35,3.7137253677053852e-06
3.560311284046693,0.0,3.995717192014744e-35,3.66326790313925e-06
3.5642023346303504,0.0,5.065017724658329e-35,3.6134959891398773e-06
3.568093385214008,0.0,6.418045819552203e-35,3.564400311402427e-06
3.5719844357976656,0.0,8.129433327993623e-35,3.5159716821700447e-06
3.575875486381323,0.0,1.0293269662167715e-34,3.468201038514566e-06
3.5797665369649807,0.0,1.3028128815526395e-34,3.421079440640594e-06
3.5836575875486383,0.0,1.6483383159970086e-34,3.3745980702126106e-06
3.587548638132296,0.0,2.084713028726448e-34,3.3287482287048128e-06
3.5914396887159534,0.0,2.635614108868588e-34,3.283521335773374e-06
3.595330739299611,0.0,3.3308339561666065e-34,3.2389089276508113e-06
3.5992217898832686,0.0,4.207845250766274e-34,3.1949026555621716e-06
3.603112840466926,0.0,5.313762657473525e-34,3.151494284162727e-06
3.6070038910505837,0.0,6.707800874924646e-34,3.108675689996902e-06
3.6108949416342413,0.0,8.464353404056718e-34,3.06643885997815e-06
3.614785992217899,0.0,1.0676847268708672e-33,3.024775889889434e-06
3.6186770428015564,0.0,1.3462567358516676e-33,2.9836789829041354e-06
3.622568093385214,0.0,1.6968691922566554e-33,2.943140448127024e-06
3.6264591439688716,0.0,2.1379840306603333e-33,2.903152699155059e-06
3.630350194552529,0.0,2.692750813033266e-33,2.863708252657743e-06
3.6342412451361867,0.0,3.39018572563138e-33,2.8247997269767566e-06
3.6381322957198443,0.0,4.2666442459072935e-33,2.786419840744626e-06
3.642023346303502,0.0,5.367659905068962e-33,2.7485614115221515e-06
3.6459143968871595,0.0,6.750239252755893e-33,2.7112173544543472e-06
3.649805447470817,0.0,8.48572508262124e-33,2.674380680944645e-06
3.6536964980544746,0.0,1.0663367222335684e-32,2.638044497347099e-06
3.657587548638132,0.0,1.3394773990922575e-32,2.602202003676388e-06
3.6614785992217898,0.0,1.6819459340428297e-32,2.5668464923352893e-06
3.6653696498054473,0.0,2.11117526549051e-32,2.5319713468594925e-06
3.669260700389105,0.0,2.648940255739084e-32,2.4975700406794413e-06
3.6731517509727625,0.0,3.3224285812545686e-32,2.4636361358990013e-06
3.6770428015564205,0.0,4.1655731133348316e-32,2.4301632820907135e-06
3.680933852140078,0.0,5.220708987496075e-32,2.3971452151074403e-06
3.6848249027237356,0.0,6.540633673855969e-32,2.364575755910111e-06
3.688715953307393,0.0,8.191167050381953e-32,2.3324488094114393e-06
3.692607003891051,0.0,1.025433158265148e-31,2.3007583633353216e-06
3.6964980544747084,0.0,1.2832301257770794e-31,2.269498487091744e-06
3.700389105058366,0.0,1.6052303174118953e-31,2.2386633306669677e-06
3.7042801556420235,0.0,2.00726992123201e-31,2.208247123528793e-06
3.708171206225681,0.0,2.5090528924423713e-31,2.1782441735467125e-06
3.7120622568093387,0.0,3.1350861035518704e-31,2.148648865926697e-06
3.7159533073929962,0.0,3.9158382652153767e-31,2.119455662160493e-06
3.719844357976654,0.0,4.8891755973452255e-31,2.0906590989891746e-06
3.7237354085603114,0.0,6.1021396372614605e-31,2.06225378738078e-06
3.727626459143969,0.0,7.613147852016218e-31,2.0342344115218396e-06
3.7315175097276265,0.0,9.494716533300746e-31,2.0065957278226014e-06
3.735408560311284,0.0,1.1836828602023643e-30,1.9793325639357752e-06
3.7392996108949417,0.0,1.4751097424264531e-30,1.9524398177886076e-06
3.7431906614785992,0.0,1.8375912751986523e-30,1.9259124566281024e-06
3.747081712062257,0.0,2.2882797933904e-30,1.8997455160792174e-06
3.7509727626459144,0.0,2.848426040999293e-30,1.8739340992158648e-06
3.754863813229572,0.0,3.5443482429205325e-30,1.8484733756445057e-06
3.7587548638132295,0.0,4.408627863169256e-30,1.8233585806002267e-06
3.762645914396887,0.0,5.481584493708907e-30,1.7985850140550765e-06
3.7665369649805447,0.0,6.813094314004484e-30,1.7741480398385268e-06
3.7704280155642023,0.0,8.464831269419286e-30,1.7500430847698771e-06
3.77431906614786,0.0,1.0513028142401107e-29,1.72626563780245e-06
3.7782101167315174,0.0,1.3051876773489872e-29,1.7028112491794114e-06
3.782101167315175,0.0,1.6197713731720604e-29,1.6796755296010601e-06
3.7859922178988326,0.0,2.0094170836286046e-29,1.6568541494034325e-06
3.78988326848249,0.0,2.491851043473496e-29,1.6343428377480642e-06
3.7937743190661477,0.0,3.088941488207099e-29,1.612137381822759e-06
3.7976653696498053,0.0,3.827656023087208e-29,1.5902336260532289e-06
3.801556420233463,0.0,4.7412378159151074e-29,1.5686274713254162e-06
3.805447470817121,0.0,5.870650058043448e-29,1.5473148742184095e-06
3.8093385214007784,0.0,7.26634917886483e-29,1.5262918462477783e-06
3.813229571984436,0.0,8.990460775347071e-29,1.5055544531191628e-06
3.8171206225680936,0.0,1.1119448660503664e-28,1.4850988139920355e-06
3.821011673151751,0.0,1.3747387487630265e-28,1.4649211007534466e-06
3.8249027237354087,0.0,1.698997385356135e-28,1.445017537301645e-06
3.8287937743190663,0.0,2.098944057450328e-28,1.4253843988394258e-06
3.832684824902724,0.0,2.5920575115487553e-28,1.4060180111770839e-06
3.8365758754863815,0.0,3.1998087338073463e-28,1.3869147500448349e-06
3.840466926070039,0.0,3.9485625506789955e-28,1.3680710404145786e-06
3.8443579766536966,0.0,4.870680491861072e-28,1.3494833558308741e-06
3.848249027237354,0.0,6.005869308186596e-28,1.3311482177510168e-06
3.8521400778210118,0.0,7.402829208712031e-28,1.313062194894058e-06
3.8560311284046693,0.0,9.121267633294723e-28,1.2952219025986902e-06
3.859922178988327,0.0,1.1234358651084793e-27,1.2776240021898488e-06
3.8638132295719845,0.0,1.3831745405726064e-27,1.2602652003539168e-06
3.867704280155642,0.0,1.702320406041056e-27,1.2431422485224215e-06
3.8715953307392996,0.0,2.0943113210568607e-27,1.2262519422641036e-06
3.875486381322957,0.0,2.575590367143614e-27,1.2095911206852448e-06
3.8793774319066148,0.0,3.1662701050009222e-27,1.1931566658381439e-06
3.8832684824902723,0.0,3.890941894939062e-27,1.1769455021376293e-06
3.88715953307393,0.0,4.779661568507657e-27,1.160954595785496e-06
3.8910505836575875,0.0,5.869149401524147e-27,1.145180954202774e-06
3.894941634241245,0.0,7.204250400867304e-27,1.1296216254696882e-06
3.8988326848249026,0.0,8.839710669615897e-27,1.114273697773249e-06
3.90272373540856,0.0,1.0842337406805902e-26,1.0991342988623368e-06
3.906614785992218,0.0,1.329362434989719e-26,1.084200595510192e-06
3.9105058365758754,0.0,1.629294168614903e-26,1.069469792984208e-06
3.914396887159533,0.0,1.9961410252313646e-26,1.0549391345229293e-06
3.9182879377431905,0.0,2.4446604942339933e-26,1.040605900820152e-06
3.922178988326848,0.0,2.992826252979795e-26,1.0264674095160367e-06
3.926070038910506,0.0,3.662520564220399e-26,1.0125210146951305e-06
3.9299610894941637,0.0,4.480373866719249e-26,9.98764106391222e-07
3.9338521400778212,0.0,5.478782444851593e-26,9.851941100989014e-07
3.937743190661479,0.0,6.697141457023809e-26,9.71808486291775e-07
3.9416342412451364,0.0,8.183338302144509e-26,9.586047299472254e-07
3.945525291828794,0.0,9.995560570782646e-26,9.455803700776126e-07
3.9494163424124515,0.0,1.220448397778443e-25,9.327329692678612e-07
3.953307392996109,0.0,1.4895919082920802e-25,9.200601232193207e-07
3.9571984435797667,0.0,1.8174011726872651e-25,9.075594602998287e-07
3.9610894941634243,0.0,2.2165111481552163e-25,8.952286410998812e-07
3.964980544747082,0.0,2.70224456823499e-25,8.830653579948385e-07
3.9688715953307394,0.0,3.29317645477487e-25,8.710673347130752e-07
3.972762645914397,0.0,4.011815642189294e-25,8.592323259099997e-07
3.9766536964980546,0.0,4.885427240088556e-25,8.475581167478609e-07
3.980544747081712,0.0,5.947024784059194e-25,8.360425224812628e-07
3.9844357976653697,0.0,7.236566606427464e-25,8.246833880483102e-07
3.9883268482490273,0.0,8.80239788677497e-25,8.134785876673158e-07
3.992217898832685,0.0,1.0702988139431459e-24,8.024260244389726e-07
3.9961089494163424,0.0,1.3009023828745e-24,7.915236299539456e-07
4.0,0.0,1.5805927690294503e-24,7.807693639057874e-07
4.003891050583658,0.0,1.9196890555725995e-24,7.701612137091154e-07
4.007782101167315,0.0,2.3306518481027807e-24,7.596971941229751e-07
4.011673151750973,0.0,2.8285218298870744e-24,7.493753468793219e-07
4.01556420233463,0.0,3.431446899279621e-24,7.391937403165496e-07
4.019455252918288,0.0,4.161315528272184e-24,7.291504690179987e-07
4.023346303501945,0.0,5.0445174418571424e-24,7.192436534553755e-07
4.027237354085603,0.0,6.1128568472323056e-24,7.094714396370149e-07
4.031128404669261,0.0,7.404648366962336e-24,6.998319987609287e-07
4.035019455252918,0.0,8.966031701921699e-24,6.90323526872554e-07
4.038910505836576,0.0,1.0852548047199033e-23,6.809442445271656e-07
4.042801556420233,0.0,1.3131029619456442e-23,6.716923964568678e-07
4.046692607003891,0.0,1.588186357917995e-23,6.625662512421126e-07
4.0505836575875485,0.0,1.920170344405236e-23,6.535641009876801e-07
4.054474708171206,0.0,2.3206715143536505e-23,6.446842610030613e-07
4.058365758754864,0.0,2.803646157782549e-23,6.359250694871844e-07
4.062256809338521,0.0,3.3858549411460315e-23,6.272848872174226e-07
4.066147859922179,0.0,4.087418543844023e-23,6.187620972428294e-07
4.070038910505836,0.0,4.9324817893644057e-23,6.103551045815404e-07
4.073929961089494,0.0,5.950007137275265e-23,6.020623359222853e-07
4.0778210116731515,0.0,7.174722352580714e-23,5.938822393299616e-07
4.081712062256809,0.0,8.648251854901589e-23,5.858132839551965e-07
4.085603112840467,0.0,1.0420466806202118e-22,5.77853959747867e-07
4.089494163424124,0.0,1.2551095581230105e-22,5.700027771745057e-07
4.093385214007782,0.0,1.511164406682418e-22,5.622582669395478e-07
4.097276264591439,0.0,1.8187684475608138e-22,5.546189797103656e-07
4.101167315175097,0.0,2.188158229654999e-22,5.470834858460377e-07
4.1050583657587545,0.0,2.6315743945857365e-22,5.396503751298049e-07
4.108949416342412,0.0,3.163648298747415e-22,5.323182565051596e-07
4.11284046692607,0.0,3.8018620887529264e-22,5.250857578155217e-07
4.116731517509727,0.0,4.5670959650764005e-22,5.179515255474519e-07
4.120622568093385,0.0,5.484278894622481e-22,5.109142245773512e-07
4.124513618677042,0.0,6.583162015413751e-22,5.03972537921608e-07
4.1284046692607,0.0,7.899237496619668e-22,4.971251664901306e-07
4.1322957198443575,0.0,9.474829769879708e-22,4.903708288432363e-07
4.136186770428015,0.0,1.1360390944954877e-21,4.837082609518406e-07
4.140077821011673,0.0,1.3616037995149773e-21,4.77136215960904e-07
4.14396887159533,0.0,1.631337609925779e-21,4.7065346395609396e-07
4.147859922178988,0.0,1.953766053699347e-21,4.642587917336168e-07
4.151750972762645,0.0,2.3390358964871633e-21,4.5795100257317574e-07
4.155642023346303,0.0,2.799218699619643e-21,4.5172891601401556e-07
4.1595330739299605,0.0,3.348670306129427e-21,4.455913676340085e-07
4.163424124513618,0.0,4.0044563870519945e-21,4.3953720883174163e-07
4.167315175097276,0.0,4.7868559838366666e-21,4.335653066115684e-07
4.171206225680933,0.0,5.719957101452716e-21,4.2767454337157316e-07
4.175097276264592,0.0,6.832360894710712e-21,4.218638166944225e-07
4.178988326848249,0.0,8.158013910525083e-21,4.161320391410625e-07
4.182879377431907,0.0,9.737191274970971e-21,4.1047813804720306e-07
4.186770428015564,0.0,1.1617657731950054e-20,4.0490105532258487e-07
4.190661478599222,0.0,1.3856038150335457e-20,3.993997472529638e-07
4.19455252918288,0.0,1.651943463543472e-20,3.939731843047882e-07
4.198443579766537,0.0,1.9687333844674593e-20,3.8862035093253033e-07
4.202334630350195,0.0,2.3453855675170856e-20,3.833402453886344e-07
4.206225680933852,0.0,2.793040334695299e-20,3.7813187953604824e-07
4.21011673151751,0.0,3.3248785264973746e-20,3.729942786633003e-07
4.214007782101167,0.0,3.956489115559776e-20,3.6792648130209084e-07
4.217898832684825,0.0,4.7063019129689956e-20,3.6292753904735957e-07
4.221789883268483,0.0,5.596096686248714e-20,3.5799651637980186e-07
4.22568093385214,0.0,6.651601939250627e-20,3.5313249049078944e-07
4.229571984435798,0.0,7.903198858344279e-20,3.4833455110967683e-07
4.233463035019455,0.0,9.38674855931302e-20,3.4360180033345024e-07
4.237354085603113,0.0,1.1144563836560297e-19,3.3893335245869234e-07
4.2412451361867705,0.0,1.3226550191744589e-19,3.3432833381582925e-07
4.245136186770428,0.0,1.569154508524383e-19,3.297858826056304e-07
4.249027237354086,0.0,1.8608889206406665e-19,3.2530514873792904e-07
4.252918287937743,0.0,2.206026920799688e-19,3.2088529367253456e-07
4.256809338521401,0.0,2.6141877924593497e-19,3.165254902623061e-07
4.260700389105058,0.0,3.09669457420901e-19,3.1222492259835804e-07
4.264591439688716,0.0,3.6668705677139356e-19,3.079827858573684e-07
4.2684824902723735,0.0,4.340386505937678e-19,3.037982861509647e-07
4.272373540856031,0.0,5.135666871431165e-19,2.9967064037714965e-07
4.276264591439689,0.0,6.0743652485026e-19,2.9559907607375276e-07
4.280155642023346,0.0,7.181920211125004e-19,2.915828312738684e-07
4.284046692607004,0.0,8.488205125676223e-19,2.8762115436325975e-07
4.287937743190661,0.0,1.0028287424620044e-18,2.8371330393969984e-07
4.291828793774319,0.0,1.1843315430794026e-18,2.798585486742236e-07
4.2957198443579765,0.0,1.3981553735964322e-18,2.760561671742649e-07
4.299610894941634,0.0,1.6499591523800732e-18,2.7230544784865357e-07
4.3035019455252925,0.0,1.9463752147870492e-18,2.6860568877444524e-07
4.30739299610895,0.0,2.2951736811835345e-18,2.6495619756556526e-07
4.311284046692608,0.0,2.7054540446341834e-18,2.613562912432286e-07
4.315175097276265,0.0,3.1878683943747474e-18,2.5780529610812845e-07
4.319066147859923,0.0,3.7548813922772645e-18,2.543025476143575e-07
4.32295719844358,0.0,4.421072929377607e-18,2.5084739024504463e-07
4.326848249027238,0.0,5.2034903246295125e-18,2.474391773896768e-07
4.3307392996108955,0.0,6.12205800726782e-18,2.440772712230928e-07
4.334630350194553,0.0,7.200053869173503e-18,2.407610425861182e-07
4.338521400778211,0.0,8.46466290927099e-18,2.3748987086782273e-07
4.342412451361868,0.0,9.947620446715997e-18,2.3426314388937753e-07
4.346303501945526,0.0,1.1685959086041733e-17,2.310802577894904e-07
4.350194552529183,0.0,1.3722875812837628e-17,2.2794061691139715e-07
4.354085603112841,0.0,1.6108738125631268e-17,2.2484363369138918e-07
4.357976653696499,0.0,1.8902251017257478e-17,2.2178872854885477e-07
4.361867704280156,0.0,2.217180996295069e-17,2.1877532977781482e-07
4.365758754863814,0.0,2.599706891646014e-17,2.15802873439932e-07
4.369649805447471,0.0,3.0470756732506907e-17,2.1287080325897487e-07
4.373540856031129,0.0,3.570078050701587e-17,2.0997857051671276e-07
4.377431906614786,0.0,4.181266015065298e-17,2.0712563395022834e-07
4.381322957198444,0.0,4.895234519444526e-17,2.0431145965062385e-07
4.385214007782102,0.0,5.728947249202755e-17,2.0153552096310393e-07
4.389105058365759,0.0,6.702113227182809e-17,1.9879729838841556e-07
4.392996108949417,0.0,7.837622006435214e-17,1.960962794856278e-07
4.396887159533074,0.0,9.162046356675051e-17,1.9343195877623186e-07
4.400778210116732,0.0,1.0706222671638542e-16,1.9080383764954447e-07
4.404669260700389,0.0,1.2505920836275802e-16,1.8821142426939628e-07
4.408560311284047,0.0,1.4602617022087756e-16,1.856542334820882e-07
4.412451361867705,0.0,1.704438485632425e-16,1.8313178672559796e-07
4.416342412451362,0.0,1.988692267077556e-16,1.8064361194002198e-07
4.42023346303502,0.0,2.319473711772857e-16,1.7818924347923045e-07
4.424124513618677,0.0,2.7042506388836126e-16,1.757682220237264e-07
4.428015564202335,0.0,3.151664963761554e-16,1.7338009449468686e-07
4.4319066147859925,0.0,3.6717133045252756e-16,1.7102441396917224e-07
4.43579766536965,0.0,4.275954734712174e-16,1.6870073959648794e-07
4.439688715953308,0.0,4.977749662730388e-16,1.6640863651568202e-07
4.443579766536965,0.0,5.792534387342354e-16,1.641476757741641e-07
4.447470817120623,0.0,6.738136525821745e-16,1.6191743424742983e-07
4.45136186770428,0.0,7.835137248361262e-16,1.5971749455987588e-07
4.455252918287938,0.0,9.107287090767237e-16,1.5754744500669095e-07
4.4591439688715955,0.0,1.0581983071013216e-15,1.55406879476809e-07
4.463035019455253,0.0,1.2290815919136284e-15,1.5329539737690664e-07
4.466926070038911,0.0,1.4270197461514526e-15,1.5121260355643602e-07
4.470817120622568,0.0,1.656207959923141e-15,1.4915810823367483e-07
4.474708171206226,0.0,1.9214777907963573e-15,1.4713152692278133e-07
4.478599221789883,0.0,2.228391468835657e-15,1.4513248036184027e-07
4.482490272373541,0.0,2.5833498339025762e-15,1.4316059444188687e-07
4.4863813229571985,0.0,2.993715824049227e-15,1.4121550013689468e-07
4.490272373540856,0.0,3.46795569628023e-15,1.3929683343471487e-07
4.494163424124514,0.0,4.015800458194237e-15,1.3740423526895396e-07
4.498054474708171,0.0,4.648430325503168e-15,1.3553735145177684e-07
4.501945525291829,0.0,5.378685401170888e-15,1.336958326076227e-07
4.505836575875486,0.0,6.221306202536332e-15,1.3187933410782272e-07
4.509727626459144,0.0,7.193208149597255e-15,1.3008751600610378e-07
4.5136186770428015,0.0,8.313794677706331e-15,1.2832004297497062e-07
4.517509727626459,0.0,9.605314259204438e-15,1.2657658424295145e-07
4.521400778210117,0.0,1.1093267319876338e-14,1.2485681353269614e-07
4.525291828793774,0.0,1.2806869827514302e-14,1.2316040899991577e-07
4.529182879377432,0.0,1.4779581222461408e-14,1.214870531731515e-07
4.533073929961089,0.0,1.7049705366243115e-14,1.1983643289436202e-07
4.536964980544747,0.0,1.966107431822373e-14,1.1820823926031796e-07
4.5408560311284045,0.0,2.266382602722309e-14,1.1660216756479296e-07
4.544747081712062,0.0,2.611528846260118e-14,1.1501791724153942e-07
4.54863813229572,0.0,3.0080984326897304e-14,1.1345519180804066e-07
4.552529182879377,0.0,3.4635772311370167e-14,1.1191369881002488e-07
4.556420233463035,0.0,3.986514290091532e-14,1.1039314976673457e-07
4.560311284046692,0.0,4.5866689032787016e-14,1.0889326011694e-07
4.56420233463035,0.0,5.275177449435465e-14,1.0741374916568486e-07
4.5680933852140075,0.0,6.064742584221836e-14,1.0595434003175583e-07
4.571984435797665,0.0,6.969847687561889e-14,1.0451475959586755e-07
4.575875486381323,0.0,8.006999834259331e-14,1.0309473844954797e-07
4.57976653696498,0.0,9.195004964378235e-14,1.0169401084472173e-07
4.583657587548638,0.0,1.0555279387732889e-13,1.0031231464397697e-07
4.587548638132295,0.0,1.211220226957195e-13,9.894939127150786e-08
4.591439688715953,0.0,1.3893514318475257e-13,9.760498566472393e-08
4.595330739299611,0.0,1.593076853960038e-13,9.627884622651678e-08
4.599221789883268,0.0,1.8259839634476312e-13,9.497072477817534e-08
4.603112840466926,0.0,2.0921499431135625e-13,9.368037651294079e-08
4.607003891050583,0.0,2.396206662502119e-13,9.240755995019271e-08
4.610894941634241,0.0,2.743414011233879e-13,9.115203689025748e-08
4.614785992217898,0.0,3.139742631500191e-13,8.991357236983076e-08
4.618677042801556,0.0,3.5919672142927375e-13,8.869193461800568e-08
4.622568093385214,0.0,4.107771662942338e-13,8.74868950128984e-08
4.626459143968871,0.0,4.695867582450766e-13,8.629822803886316e-08
4.630350194552529,0.0,5.366127725656082e-13,8.512571124428821e-08
4.634241245136186,0.0,6.129736219392041e-13,8.396912519996577e-08
4.638132295719844,0.0,6.999357607598752e-13,8.282825345802707e-08
4.642023346303501,0.0,7.989326986141759e-13,8.170288251143558e-08
4.645914396887159,0.0,9.115863768465938e-13,8.059280175403065e-08
4.649805447470817,0.0,1.039731191497034e-12,7.949780344111382e-08
4.653696498054474,0.0,1.1854409785246043e-12,7.841768265057085e-08
4.657587548638132,0.0,1.3510593134485089e-12,7.73522372445215e-08
4.661478599221789,0.0,1.5392335177198024e-12,7.630126783149195e-08
4.665369649805447,0.0,1.752952808698636e-12,7.526457772909821e-08
4.6692607003891045,0.0,1.9955910795031605e-12,7.424197292723953e-08
4.673151750972763,0.0,2.2709548497142076e-12,7.323326205178999e-08
4.6770428015564205,0.0,2.583336988507579e-12,7.223825632878521e-08
4.680933852140078,0.0,2.9375768788411278e-12,7.125676954909289e-08
4.684824902723736,0.0,3.339127765494465e-12,7.02886180335661e-08
4.688715953307393,0.0,3.7941321117657925e-12,6.933362059866856e-08
4.692607003891051,0.0,4.309505880247205e-12,6.839159852256736e-08
4.696498054474708,0.0,4.89303275318431e-12,6.74623755116864e-08
4.700389105058366,0.0,5.553469418408541e-12,6.654577766771401e-08
4.7042801556420235,0.0,6.300663168728877e-12,6.564163345505911e-08
4.708171206225681,0.0,7.145683197094659e-12,6.474977366874947e-08
4.712062256809339,0.0,8.100967118001071e-12,6.387003140276598e-08
4.715953307392996,0.0,9.18048440882465e-12,6.300224201880731e-08
4.719844357976654,0.0,1.039991864448224e-11,6.214624311547897e-08
4.723735408560311,0.0,1.177687059656607e-11,6.13018744979008e-08
4.727626459143969,0.0,1.3331084485618801e-11,6.046897814772768e-08
4.7315175097276265,0.0,1.5084699914323993e-11,5.964739819357726e-08
4.735408560311284,0.0,1.7062532272101752e-11,5.883698088185977e-08
4.739299610894942,0.0,1.9292384690097897e-11,5.803757454800393e-08
4.743190661478599,0.0,2.1805394942193544e-11,5.724902958807388e-08
4.747081712062257,0.0,2.4636421035005583e-11,5.647119843077188e-08
4.750972762645914,0.0,2.7824469610665184e-11,5.5703935509821147e-08
4.754863813229572,0.0,3.141317170345293e-11,5.4947097236724146e-08
4.7587548638132295,0.0,3.5451310848384875e-11,5.4200541973890695e-08
4.762645914396887,0.0,3.999340904008823e-11,5.346413000813216e-08
4.766536964980545,0.0,4.510037658757146e-11,5.2737723524513896e-08
4.770428015564202,0.0,5.084023250887224e-11,5.20211865805648e-08
4.77431906614786,0.0,5.728890276347862e-11,5.131438508083637e-08
4.778210116731517,0.0,6.453110433459995e-11,5.0617186751807587e-08
4.782101167315175,0.0,7.266132395297817e-11,4.992946111713079e-08
4.785992217898833,0.0,8.178490110444589e-11,4.925107947321382e-08
4.78988326848249,0.0,9.201922589082876e-11,4.8581914865134e-08
4.793774319066148,0.0,1.0349506332440918e-10,4.79218420628793e-08
4.797665369649805,0.0,1.1635801673687315e-10,4.7270737537912355e-08
4.801556420233464,0.0,1.3077014418179495e-10,4.662847944005271e-08
4.805447470817121,0.0,1.4691174301314493e-10,4.599494757467401e-08
4.809338521400779,0.0,1.6498331923956887e-10,4.537002338020931e-08
4.8132295719844365,0.0,1.8520775979406648e-10,4.475358990596374e-08
4.817120622568094,0.0,2.0783272753126905e-10,4.4145531790227705e-08
4.821011673151752,0.0,2.3313330057968623e-10,4.354573523868773e-08
4.824902723735409,0.0,2.614148796454161e-10,4.2954088003130525e-08
4.828793774319067,0.0,2.930163889984787e-10,4.2370479360436486e-08
4.832684824902724,0.0,3.283137991858206e-10,4.179480009185853e-08
4.836575875486382,0.0,3.677240020194117e-10,4.122694246258251e-08
4.8404669260700395,0.0,4.117090710980574e-10,4.066680020156533e-08
4.844357976653697,0.0,4.6078094405264e-10,4.0114268481647005e-08
4.848249027237355,0.0,5.155065658725757e-10,3.956924389993288e-08
4.852140077821012,0.0,5.76513536093456e-10,3.903162445844246e-08
4.85603112840467,0.0,6.444963063201499e-10,3.850130954502115e-08
4.859922178988327,0.0,7.202229785452913e-10,3.7978199914511144e-08
4.863813229571985,0.0,8.045427590203639e-10,3.746219767017891e-08
4.8677042801556425,0.0,8.983941270669795e-10,3.695320624539357e-08
4.8715953307393,0.0,1.0028137832020183e-09,3.645113038555566e-08
4.875486381322958,0.0,1.1189464463161024e-09,3.5955876130270664e-08
4.879377431906615,0.0,1.2480555754153714e-09,3.546735079576491e-08
4.883268482490273,0.0,1.3915350976386074e-09,3.498546295754044e-08
4.88715953307393,0.0,1.5509222309228452e-09,3.45101224332654e-08
4.891050583657588,0.0,1.7279114968404818e-09,3.404124026589708e-08
4.8949416342412455,0.0,1.924370026799819e-09,3.35787287070341e-08
4.898832684824903,0.0,2.1423542730216618e-09,3.312250120049488e-08
4.902723735408561,0.0,2.3841282445102165e-09,3.2672472366119167e-08
4.906614785992218,0.0,2.652183397662752e-09,3.222855798378971e-08
4.910505836575876,0.0,2.9492603212458233e-09,3.179067497767097e-08
4.914396887159533,0.0,3.278372366244658e-09,3.1358741400662e-08
4.918287937743191,0.0,3.6428313826066093e-09,3.093267641906058e-08
4.9221789883268485,0.0,4.04627573719052e-09,3.051240029743567e-08
4.926070038910506,0.0,4.492700800344783e-09,3.0097834383705445e-08
4.929961089494164,0.0,4.986492102512086e-09,2.9688901094418038e-08
4.933852140077821,0.0,5.532461377144495e-09,2.9285523900232306e-08
4.937743190661479,0.0,6.135885722056132e-09,2.8887627311595807e-08
4.941634241245136,0.0,6.802550128191424e-09,2.849513686461743e-08
4.945525291828794,0.0,7.538793642694814e-09,2.8107979107131955e-08
4.9494163424124515,0.0,8.351559452184732e-09,2.7726081584953815e-08
4.953307392996109,0.0,9.248449192313959e-09,2.7349372828318143e-08
4.957198443579767,0.0,1.0237781811093545e-08,2.6977782338505102e-08
4.961089494163424,0.0,1.1328657336123474e-08,2.6611240574646825e-08
4.964980544747082,0.0,1.2531025919867527e-08,2.6249678940713236e-08
4.968871595330739,0.0,1.3855762562486452e-08,2.5893029772674693e-08
4.972762645914397,0.0,1.53147479385633e-08,2.5541226325839105e-08
4.976653696498055,0.0,1.6920955782371943e-08,2.5194202762361074e-08
4.980544747081712,0.0,1.8688547316215432e-08,2.4851894138920768e-08
4.98443579766537,0.0,2.063297323784972e-08,2.451423639457016e-08
4.988326848249027,0.0,2.2771083816171675e-08,2.4181166338744447e-08
4.992217898832685,0.0,2.5121247679240412e-08,2.3852621639436313e-08
4.996108949416342,0.0,2.7703479915379523e-08,2.352854081153089e-08
5.0,0.0,3.053958014662358e-08,2.3208863205299206e-08
5.003891050583658,0.0,3.365328127418469e-08,2.2893528995047966e-08
5.007782101167315,0.0,3.707040963796798e-08,2.258247916792353e-08
5.011673151750973,0.0,4.081905737651671e-08,2.227565551286807e-08
5.01556420233463,0.0,4.4929767820152034e-08,2.197300060972567e-08
5.019455252918288,0.0,4.943573479854572e-08,2.167445781849656e-08
5.023346303501945,0.0,5.43730167945503e-08,2.1379971268737257e-08
5.027237354085603,0.0,5.97807669288584e-08,2.108948584910478e-08
5.031128404669261,0.0,6.57014798149849e-08,2.0802947197042896e-08
5.035019455252918,0.0,7.21812563812038e-08,2.052030168860851e-08
5.038910505836576,0.0,7.92700878154201e-08,2.0241496428436278e-08
5.042801556420233,0.0,8.702215985055024e-08,1.996647923983949e-08
5.046692607003891,0.0,9.549617867179961e-08,1.9695198655045828e-08
5.0505836575875485,0.0,1.0475571979327762e-07,1.9427603905565054e-08
5.054474708171206,0.0,1.1486960131964099e-07,1.9163644912688295e-08
5.058365758754864,0.0,1.2591228307890344e-07,1.8903272278116047e-08
5.062256809338521,0.0,1.3796429318512313e-07,1.8646437274713587e-08
5.066147859922179,0.0,1.5111268366436447e-07,1.8393091837392015e-08
5.070038910505836,0.0,1.654515168540348e-07,1.8143188554113148e-08
5.073929961089494,0.0,1.8108238436435019e-07,1.7896680657016652e-08
5.0778210116731515,0.0,1.9811496047120598e-07,1.7653522013667757e-08
5.081712062256809,0.0,2.1666759189199331e-07,1.741366711842382e-08
5.085603112840467,0.0,2.368679259797847e-07,1.7177071083918252e-08
5.089494163424124,0.0,2.5885357945667975e-07,1.6943689632660118e-08
5.093385214007782,0.0,2.827728498937748e-07,1.6713479088747886e-08
5.097276264591439,0.0,3.087854722330227e-07,1.648639636969574e-08
5.101167315175097,0.0,3.370634227349628e-07,1.626239897837097e-08
5.1050583657587545,0.0,3.6779177282571827e-07,1.604144499504091e-08
5.108949416342412,0.0,4.0116959540648455e-07,1.5823493069527896e-08
5.1128404669260705,0.0,4.374109262787455e-07,1.560850241347079e-08
5.116731517509728,0.0,4.7674578342822956e-07,1.5396432792691925e-08
5.120622568093386,0.0,5.194212470001451e-07,1.5187244519667184e-08
5.124513618677043,0.0,5.657026028864681e-07,1.498089844609895e-08
5.128404669260701,0.0,6.158745529335706e-07,1.4777355955589684e-08
5.132295719844358,0.0,6.702424948639604e-07,1.457657895641513e-08
5.136186770428016,0.0,7.291338750894037e-07,1.437852987439565e-08
5.1400778210116735,0.0,7.928996176736078e-07,1.4183171645864477e-08
5.143968871595331,0.0,8.619156327803924e-07,1.3990467710731418e-08
5.147859922178989,0.0,9.365844080174022e-07,1.3800382005641056e-08
5.151750972762646,0.0,1.0173366861551956e-06,1.3612878957223437e-08
5.155642023346304,0.0,1.1046332327665718e-06,1.34279234754369e-08
5.159533073929961,0.0,1.198966697390367e-06,1.3245480947001177e-08
5.163424124513619,0.0,1.3008635718771657e-06,1.3065517228919716e-08
5.167315175097277,0.0,1.4108862496206053e-06,1.288799864209003e-08
5.171206225680934,0.0,1.529635189416512e-06,1.2712891965000866e-08
5.175097276264592,0.0,1.65775118772203e-06,1.2540164427515003e-08
5.178988326848249,0.0,1.7959177631076896e-06,1.2369783704736527e-08
5.182879377431907,0.0,1.94486365670571e-06,1.2201717910961422e-08
5.186770428015564,0.0,2.1053654524572435e-06,1.2035935593710364e-08
5.190661478599222,0.0,2.2782503209485325e-06,1.1872405727842576e-08
5.19455252918288,0.0,2.464398890600336e-06,1.1711097709749675e-08
5.198443579766537,0.0,2.6647482499351583e-06,1.1551981351628387e-08
5.202334630350195,0.0,2.8802950845923133e-06,1.1395026875831095e-08
5.206225680933852,0.0,3.112098952689971e-06,1.1240204909293127e-08
5.21011673151751,0.0,3.3612857020455665e-06,1.1087486478035779e-08
5.214007782101167,0.0,3.629051032659924e-06,1.093684300174401e-08
5.217898832684825,0.0,3.916664207745089e-06,1.0788246288417802e-08
5.221789883268483,0.0,4.2254719164301375e-06,1.0641668529096224e-08
5.22568093385214,0.0,4.556902291112038e-06,1.049708229265314e-08
5.229571984435798,0.0,4.912469082228616e-06,1.0354460520663646e-08
5.233463035019455,0.0,5.293775993017124e-06,1.0213776522340226e-08
5.237354085603113,0.0,5.702521176583175e-06,1.0075003969537865e-08
5.2412451361867705,0.0,6.140501897340369e-06,9.9381168918267e-09
5.245136186770428,0.0,6.6096193585890076e-06,9.803089671631942e-09
5.249027237354086,0.0,7.111883697682584e-06,9.66989703943969e-09
5.252918287937743,0.0,7.649419149881381e-06,9.538514069067878e-09
5.256809338521401,0.0,8.22446938161319e-06,9.4089161730015e-09
5.260700389105058,0.0,8.839402993450482e-06,9.281079097791214e-09
5.264591439688716,0.0,9.496719192670477e-06,9.154978919514456e-09
5.2684824902723735,0.0,1.0199053634788625e-05,9.030592039298223e-09
5.272373540856031,0.0,1.0949184432946549e-05,8.907895178902695e-09
5.276264591439689,0.0,1.1750038333490586e-05,8.786865376364849e-09
5.280155642023346,0.0,1.2604697055498346e-05,8.667479981701276e-09
5.284046692607004,0.0,1.3516403791394336e-05,8.549716652669375e-09
5.287937743190661,0.0,1.4488569865144847e-05,8.433553350586136e-09
5.291828793774319,0.0,1.5524781543833576e-05,8.318968336203741e-09
5.2957198443579765,0.0,1.662880699769412e-05,8.205940165641204e-09
5.299610894941634,0.0,1.780460340291373e-05,8.094447686371261e-09
5.303501945525292,0.0,1.905632418072294e-05,7.984470033261832e-09
5.307392996108949,0.0,2.0388326365450184e-05,7.875986624671217e-09
5.311284046692607,0.0,2.1805178093347495e-05,7.768977158596385e-09
5.315175097276264,0.0,2.331166620308517e-05,7.66342160887357e-09
5.319066147859922,0.0,2.4912803937869277e-05,7.559300221430496e-09
5.3229571984435795,0.0,2.661383873815741e-05,7.456593510589515e-09
5.326848249027237,0.0,2.8420260112936197e-05,7.355282255421068e-09
5.330739299610895,0.0,3.0337807576480248e-05,7.255347496146457e-09
5.334630350194552,0.0,3.237247863643696e-05,7.156770530589748e-09
5.33852140077821,0.0,3.453053681797789e-05,7.059532910677742e-09
5.342412451361867,0.0,3.681851970762642e-05,6.963616438987534e-09
5.346303501945525,0.0,3.9243246999214915e-05,6.869003165340979e-09
5.3501945525291825,0.0,4.181182852324598e-05,6.775675383445427e-09
5.35408560311284,0.0,4.4531672239733725e-05,6.683615627580097e-09
5.357976653696499,0.0,4.7410492173385314e-05,6.592806669327453e-09
5.361867704280156,0.0,5.045631626874851e-05,6.5032315143491084e-09
5.365758754863814,0.0,5.367749414172457e-05,6.414873399205291e-09
5.369649805447471,0.0,5.7082704702575035e-05,6.3277157882177775e-09
5.373540856031129,0.0,6.068096362432331e-05,6.241742370375302e-09
5.377431906614786,0.0,6.44816306291892e-05,6.156937056281066e-09
5.381322957198444,0.0,6.849441656445541e-05,6.0732839751416985e-09
5.385214007782102,0.0,7.27293902379319e-05,5.990767471797136e-09
5.389105058365759,0.0,7.719698498196396e-05,5.90937210379086e-09
5.392996108949417,0.0,8.190800491373639e-05,5.829082638479932e-09
5.396887159533074,0.0,8.687363085845104e-05,5.749884050184297e-09
5.400778210116732,0.0,9.21054259008197e-05,5.671761517374828e-09
5.404669260700389,0.0,9.761534052920968e-05,5.5947004198995595e-09
5.408560311284047,0.0,0.00010341571733572413,5.51868633624762e-09
5.412451361867705,0.0,0.00010951929523449169,5.443705040850337e-09
5.416342412451362,0.0,0.00011593921315948959,5.369742501419005e-09
5.42023346303502,0.0,0.00012268901320233855,5.296784876318832e-09
5.424124513618677,0.0,0.00012978264314969133,5.224818511978545e-09
5.428015564202335,0.0,0.00013723445837909956,5.153829940335279e-09
5.4319066147859925,0.0,0.0001450592230715909,5.083805876314008e-09
5.43579766536965,0.0,0.00015327211069862359,5.014733215341387e-09
5.439688715953308,0.0,0.00016188870374062866,4.946599030893306e-09
5.443579766536965,0.0,0.00017092499259399133,4.879390572075764e-09
5.447470817120623,0.0,0.00018039737362308283,4.813095261238617e-09
5.45136186770428,0.0,0.0001903226463138338,4.7477006916217526e-09
5.455252918287938,0.0,0.00020071800948535034,4.6831946250332395e-09
5.4591439688715955,0.0,0.00021160105651621587,4.6195649895590216e-09
5.463035019455253,0.0,0.00022298976954241147,4.556799877303738e-09
5.466926070038911,0.0,0.00023490251258422414,4.494887542162233e-09
5.470817120622568,0.0,0.0002473580235601031,4.433816397621345e-09
5.474708171206226,0.0,0.0002603754051461857,4.3735750145915605e-09
5.478599221789883,0.0,0.00027397411444113226,4.3141521192681304e-09
5.482490272373541,0.0,0.0002881739513970182,4.255536591021247e-09
5.4863813229571985,0.0,0.0003029950459783031,4.19771746031489e-09
5.490272373540856,0.0,0.0003184578440123666,4.14068390665394e-09
5.494163424124514,0.0,0.0003345830916967576,4.084425256559193e-09
5.498054474708171,0.0,0.00035139181873014775,4.028930981569882e-09
5.501945525291829,0.0,0.00036890532003602984,3.974190696273346e-09
5.505836575875486,0.0,0.00038714513605045127,3.920194156361456e-09
5.509727626459144,0.0,0.0004061330315475177,3.86693125671346e-09
5.5136186770428015,0.0,0.0004258909729790596,3.81439202950486e-09
5.517509727626459,0.0,0.0004464411043077167,3.762566642342046e-09
5.521400778210117,0.0,0.00046780572131575616,3.711445396422143e-09
5.525291828793774,0.0,0.0004900072443752141,3.6610187247179966e-09
5.529182879377432,0.0,0.000513068189668427,3.6112771901877465e-09
5.533073929961089,0.0,0.0005370111388516914,3.562211484008743e-09
5.536964980544747,0.0,0.0005618587071586659,3.513812423835459e-09
5.5408560311284045,0.0,0.000587633509944203,3.4660709520810695e-09
5.544747081712062,0.0,0.0006143581276735494,3.4189781342223818e-09
5.54863813229572,0.0,0.0006420550693663022,3.372525157127789e-09
5.552529182879377,0.0,0.0006707467345091179,3.326703327407956e-09
5.556420233463035,0.0,0.0007004553734559687,3.281504069788896e-09
5.560311284046692,0.0,0.0007312030463396771,3.2369189255071665e-09
5.56420233463035,0.0,0.0007630115805235575,3.1929395507268604e-09
5.5680933852140075,0.0,0.0007959025266272315,3.14955771497811e-09
5.571984435797665,0.0,0.0008298971131660423,3.106765299616808e-09
5.575875486381323,0.0,0.0008650161998489569,3.064554296305246e-09
5.57976653696498,0.0,0.0009012802295854431,3.022916805513411e-09
5.583657587548638,0.0,0.0009387091792574301,2.981845035040632e-09
5.587548638132295,0.0,0.000977322509318222,2.9413312985573195e-09
5.591439688715953,0.0,0.0010171391122859817,2.901368014166517e-09
5.595330739299611,0.0,0.0010581772602052308,2.8619477029849926e-09
5.599221789883268,0.0,0.0011004545511556247,2.823062987743616e-09
5.603112840466926,0.0,0.0011439878548930818,2.784706591406735e-09
5.607003891050583,0.0,0.0011887932577141467,2.7468713358103635e-09
5.610894941634242,0.0,0.0012348860066402085,2.7095501403187733e-09
5.614785992217899,0.0,0.0012822804530238142,2.672736020499427e-09
5.618677042801557,0.0,0.0013309899956851143,2.636422086815911e-09
5.6225680933852145,0.0,0.0013810270236915858,2.6006015433385458e-09
5.626459143968872,0.0,0.0014324028588998778,2.565267686472608e-09
5.63035019455253,0.0,0.0014851276983835788,2.53041390370378e-09
5.634241245136187,0.0,0.0015392105568757654,2.4960336723606652e-09
5.638132295719845,0.0,0.0015946592093599567,2.462120558394105e-09
5.642023346303502,0.0,0.0016514801339476519,2.4286682151730893e-09
5.64591439688716,0.0,0.0017096784551848935,2.3956703822970197e-09
5.6498054474708175,0.0,0.0017692578879343265,2.3631208844241182e-09
5.653696498054475,0.0,0.001830220681982895,2.3310136301157474e-09
5.657587548638133,0.0,0.0018925675675287,2.299342610696437e-09
5.66147859922179,0.0,0.0019562977017035365,2.268101899129395e-09
5.665369649805448,0.0,0.0020214086162902746,2.2372856489073003e-09
5.669260700389105,0.0,0.0020878961667964726,2.2068880929581658e-09
5.673151750972763,0.0,0.0021557544830474312,2.1769035425660642e-09
5.6770428015564205,0.0,0.002224975921463257,2.1473263863065216e-09
5.680933852140078,0.0,0.0022955510191854348,2.1181510889963738e-09
5.684824902723736,0.0,0.0023674684502188134,2.089372190657889e-09
5.688715953307393,0.0,0.0024407149837548797,2.0609843054969686e-09
5.692607003891051,0.0,0.0025152754448415733,2.032982120895228e-09
5.696498054474708,0.0,0.0025911326775638482,2.0053603964157726e-09
5.700389105058366,0.0,0.0026682675108974903,1.9781139628224827e-09
5.7042801556420235,0.0,0.0027466587273965487,1.951237721112616e-09
5.708171206225681,0.0,0.002826283034871961,1.9247266415625874e-09
5.712062256809339,0.0,0.0029071150412156594,1.898575762786646e-09
5.715953307392996,0.0,0.0029891272325205157,1.8727801908084115e-09
5.719844357976654,0.0,0.0030722899546420626,1.8473350981449859e-09
5.723735408560311,0.0,0.003156571398342844,1.822235722903524e-09
5.727626459143969,0.0,0.003241937588154644,1.7974773678900713e-09
5.7315175097276265,0.0,0.003328352375087655,1.7730553997305152e-09
5.735408560311284,0.0,0.00341577743330886,1.7489652480034759e-09
5.739299610894942,0.0,0.0035041722609046085,1.7252024043849816e-09
5.743190661478599,0.0,0.0035934941848344624,1.7017624218047612e-09
5.747081712062257,0.0,0.003683698370175002,1.6786409136140053e-09
5.750972762645914,0.0,0.003774737833743325,1.6558335527644289e-09
5.754863813229572,0.0,0.003866563462180533,1.6333360709984942e-09
5.7587548638132295,0.0,0.003959124034565591,1.6111442580506288e-09
5.762645914396887,0.0,0.004052366249619524,1.5892539608593024e-09
5.766536964980545,0.0,0.004146234757549075,1.5676610827898079e-09
5.770428015564202,0.0,0.004240672196567757,1.546361582867599e-09
5.77431906614786,0.0,0.004335619234120514,1.5253514750220478e-09
5.778210116731517,0.0,0.004431014612826288,1.5046268273404765e-09
5.782101167315175,0.0,0.004526795201140433,1.4841837613323234e-09
5.785992217898833,0.0,0.004622896048726368,1.464018451203308e-09
5.78988326848249,0.0,0.004719250446512936,1.4441271231394561e-09
5.793774319066148,0.0,0.004815789991401003,1.4245060546008496e-09
5.797665369649805,0.0,0.004912444655569457,1.4051515736249958e-09
5.801556420233463,0.0,0.005009142860317558,1.3860600581396122e-09
5.80544747081712,0.0,0.005105811554367015,1.3672279352847969e-09
5.809338521400778,0.0,0.005202376296533816,1.3486516807443872e-09
5.813229571984436,0.0,0.005298761342666222,1.3303278180864025e-09
5.817120622568093,0.0,0.0053948897367320624,1.3122529181124544e-09
5.821011673151751,0.0,0.005490683405924993,1.2944235982159903e-09
5.824902723735408,0.0,0.005586063259646309,1.2768365217492623e-09
5.828793774319066,0.0,0.005680949292205871,1.2594883973988922e-09
5.832684824902723,0.0,0.005775260689072946,1.242375978569922e-09
5.836575875486381,0.0,0.005868915936495356,1.2254960627782362e-09
5.840466926070039,0.0,0.00596183293429315,1.2088454910512334e-09
5.844357976653696,0.0,0.006053929111621352,1.1924211473366464e-09
5.848249027237354,0.0,0.006145121545484984,1.1762199579193905e-09
5.852140077821011,0.0,0.006235327081778758,1.1602388908463378e-09
5.85603112840467,0.0,0.006324462458613586,1.1444749553589014e-09
5.859922178988327,0.0,0.006412444431682138,1.1289252013333488e-09
5.863813229571985,0.0,0.006499189901407001,1.1135867187286812e-09
5.8677042801556425,0.0,0.006584616041605834,1.0984566370420527e-09
5.8715953307393,0.0,0.006668640429400778,1.0835321247715695e-09
5.875486381322958,0.0,0.006751181176091965,1.068810388886391e-09
5.879377431906615,0.0,0.006832157058708745,1.0542886743040329e-09
5.883268482490273,0.0,0.006911487651946756,1.039964263374769e-09
5.88715953307393,0.0,0.00698909346019424,1.02583447537304e-09
5.891050583657588,0.0,0.007064896049347174,1.0118966659957723e-09
5.8949416342412455,0.0,0.0071388181781097985,9.9814822686751e-10
5.898832684824903,0.0,0.007210783928475015,9.845865850522863e-10
5.902723735408561,0.0,0.007280718835077976,9.712092025720945e-10
5.906614785992218,0.0,0.00734855001311587,9.580135759319343e-10
5.910505836575876,0.0,0.007414206284527626,9.449972356512944e-10
5.914396887159533,0.0,0.007477618302128811,9.321577458020054e-10
5.918287937743191,0.0,0.007538718671399577,9.194927035523699e-10
5.9221789883268485,0.0,0.007597442069626994,9.069997387174872e-10
5.926070038910506,0.0,0.007653725362107499,8.946765133156886e-10
5.929961089494164,0.0,0.007707507715120609,8.825207211309979e-10
5.933852140077821,0.0,0.007758730705391262,8.705300872815375e-10
5.937743190661479,0.0,0.007807338425765383,8.587023677937977e-10
5.941634241245136,0.0,0.007853277586831338,8.470353491826918e-10
5.945525291828794,0.0,0.007896497614228863,8.355268480373148e-10
5.9494163424124515,0.0,0.007936950741396883,8.241747106123324e-10
5.953307392996109,0.0,0.007974592097522196,8.129768124249205e-10
5.957198443579767,0.0,0.008009379790462456,8.01931057857181e-10
5.961089494163424,0.0,0.008041274984428927,7.910353797639604e-10
5.964980544747082,0.0,0.00807024197222745,7.802877390859953e-10
5.968871595330739,0.0,0.00809624824186951,7.696861244683163e-10
5.972762645914397,0.0,0.008119264537379475,7.592285518838342e-10
5.976653696498055,0.0,0.008139264913638812,7.489130642620414e-10
5.980544747081712,0.0,0.008156226785123384,7.387377311227597e-10
5.98443579766537,0.0,0.00817013096840565,7.287006482148583e-10
5.988326848249027,0.0,0.008180961718309825,7.187999371598964e-10
5.992217898832685,0.0,0.008188706757624602,7.090337451005804e-10
5.996108949416342,0.0,0.008193357300294964,6.994002443540233e-10
6.0,0.0,0.00819490806803174,6.898976320697024e-10
6.003891050583658,0.0,0.008193357300294964,6.805241298920674e-10
6.007782101167315,0.0,0.008188706757624602,6.712779836277318e-10
6.011673151750973,0.0,0.008180961718309825,6.621574629171855e-10
6.01556420233463,0.0,0.00817013096840565,6.531608609109703e-10
6.019455252918288,0.0,0.008156226785123384,6.442864939502527e-10
6.023346303501945,0.0,0.008139264913638812,6.355327012517368e-10
6.027237354085603,0.0,0.008119264537379475,6.2689784459686e-10
6.031128404669261,0.0,0.00809624824186951,6.183803080252098e-10
6.035019455252918,0.0,0.00807024197222745,6.099784975321073e-10
6.038910505836576,0.0,0.008041274984428927,6.016908407702984e-10
6.042801556420233,0.0,0.008009379790462456,5.935157867556989e-10
6.046692607003891,0.0,0.007974592097522196,5.854518055771375e-10
6.0505836575875485,0.0,0.007936950741396883,5.774973881100421e-10
6.054474708171206,0.0,0.007896497614228863,5.696510457340166e-10
6.058365758754864,0.0,0.007853277586831338,5.619113100542546e-10
6.062256809338521,0.0,0.007807338425765383,5.542767326267384e-10
6.066147859922179,0.0,0.007758730705391262,5.467458846871716e-10
6.070038910505836,0.0,0.007707507715120609,5.393173568835944e-10
6.073929961089494,0.0,0.007653725362107499,5.319897590126307e-10
6.0778210116731515,0.0,0.007597442069626994,5.24761719759327e-10
6.081712062256809,0.0,0.007538718671399577,5.176318864405082e-10
6.085603112840467,0.0,0.007477618302128811,5.105989247516389e-10
6.089494163424124,0.0,0.007414206284527626,5.036615185171144e-10
6.093385214007782,0.0,0.00734855001311587,4.968183694439467e-10
6.097276264591439,0.0,0.007280718835077976,4.900681968787967e-10
6.101167315175097,0.0,0.007210783928475015,4.834097375683082e-10
6.1050583657587545,0.0,0.0071388181781097985,4.768417454226973e-10
6.108949416342413,0.0,0.007064896049347158,4.703629912825528e-10
6.1128404669260705,0.0,0.006989093460194223,4.6397226268881385e-10
6.116731517509728,0.0,0.006911487651946738,4.576683636558546e-10
6.120622568093386,0.0,0.006832157058708726,4.514501144476706e-10
6.124513618677043,0.0,0.006751181176091946,4.453163513570957e-10
6.128404669260701,0.0,0.006668640429400759,4.3926592648802256e-10
6.132295719844358,0.0,0.006584616041605815,4.3329770754057984e-10
6.136186770428016,0.0,0.006499189901406982,4.2741057759923005e-10
6.1400778210116735,0.0,0.006412444431682118,4.216034349237452e-10
6.143968871595331,0.0,0.006324462458613566,4.1587519274302313e-10
6.147859922178989,0.0,0.006235327081778758,4.1022477905170474e-10
6.151750972762646,0.0,0.006145121545484984,4.0465113640955504e-10
6.155642023346304,0.0,0.006053929111621352,3.991532217435696e-10
6.159533073929961,0.0,0.00596183293429315,3.9373000615276967e-10
6.163424124513619,0.0,0.005868915936495356,3.8838047471564984e-10
6.167315175097277,0.0,0.005775260689072946,3.8310362630024176e-10
6.171206225680934,0.0,0.005680949292205871,3.7789847337675833e-10
6.175097276264592,0.0,0.005586063259646309,3.7276404183278234e-10
6.178988326848249,0.0,0.005490683405924993,3.676993707909725e-10
6.182879377431907,0.0,0.0053948897367320624,3.6270351242923313e-10
6.186770428015564,0.0,0.005298761342666222,3.577755318033407e-10
6.190661478599222,0.0,0.005202376296533816,3.529145066719731e-10
6.19455252918288,0.0,0.005105811554367015,3.4811952732411813e-10
6.198443579766537,0.0,0.005009142860317558,3.4338969640882623e-10
6.202334630350195,0.0,0.004912444655569457,3.387241287672771e-10
6.206225680933852,0.0,0.004815789991401003,3.34121951267128e-10
6.21011673151751,0.0,0.004719250446512936,3.295823026391113e-10
6.214007782101167,0.0,0.004622896048726368,3.2510433331585445e-10
6.217898832684825,0.0,0.004526795201140433,3.2068720527288793e-10
6.221789883268483,0.0,0.004431014612826288,3.1633009187181436e-10
6.22568093385214,0.0,0.004335619234120514,3.120321777056081e-10
6.229571984435798,0.0,0.004240672196567757,3.0779265844601687e-10
6.233463035019455,0.0,0.004146234757549075,3.0361074069303677e-10
6.237354085603113,0.0,0.004052366249619524,2.9948564182643215e-10
6.2412451361867705,0.0,0.003959124034565591,2.9541658985927317e-10
6.245136186770428,0.0,0.003866563462180533,2.9140282329346314e-10
6.249027237354086,0.0,0.003774737833743325,2.8744359097722875e-10
6.252918287937743,0.0,0.003683698370175002,2.8353815196454684e-10
6.256809338521401,0.0,0.0035934941848344624,2.796857753764807e-10
6.260700389105058,0.0,0.0035041722609046085,2.758857402644006e-10
6.264591439688716,0.0,0.00341577743330886,2.721373354750628e-10
6.2684824902723735,0.0,0.003328352375087655,2.684398595175205e-10
6.272373540856031,0.0,0.003241937588154644,2.647926204318479e-10
6.276264591439689,0.0,0.003156571398342844,2.611949356596387e-10
6.280155642023346,0.0,0.0030722899546420626,2.5764613191627283e-10
6.284046692607004,0.0,0.0029891272325205157,2.5414554506491497e-10
6.287937743190661,0.0,0.0029071150412156594,2.5069251999222496e-10
6.291828793774319,0.0,0.002826283034871961,2.4728641048575754e-10
6.2957198443579765,0.0,0.0027466587273965487,2.4392657911302774e-10
6.299610894941634,0.0,0.0026682675108974903,2.4061239710221917e-10
6.303501945525292,0.0,0.0025911326775638482,2.373432442245133e-10
6.307392996108949,0.0,0.0025152754448415733,2.341185086780173e-10
6.311284046692607,0.0,0.0024407149837548797,2.3093758697326947e-10
6.315175097276264,0.0,0.0023674684502188134,2.2779988382029934e-10
6.319066147859922,0.0,0.0022955510191854348,2.2470481201722332e-10
6.3229571984435795,0.0,0.002224975921463257,2.2165179234035306e-10
6.326848249027237,0.0,0.0021557544830474312,2.1864025343579756e-10
6.330739299610895,0.0,0.0020878961667964726,2.1566963171253771e-10
6.334630350194552,0.0,0.0020214086162902746,2.127393712369537e-10
6.33852140077821,0.0,0.0019562977017035365,2.0984892362878538e-10
6.342412451361867,0.0,0.0018925675675287,2.0699774795850642e-10
6.346303501945525,0.0,0.001830220681982895,2.0418531064609252e-10
6.3501945525291825,0.0,0.0017692578879343265,2.0141108536116528e-10
6.354085603112841,0.0,0.0017096784551848799,1.9867455292449189e-10
6.357976653696499,0.0,0.0016514801339476389,1.9597520121082695e-10
6.361867704280156,0.0,0.0015946592093599439,1.9331252505306687e-10
6.365758754863814,0.0,0.0015392105568757528,1.90686026147714e-10
6.369649805447471,0.0,0.0014851276983835666,1.880952129616206e-10
6.373540856031129,0.0,0.0014324028588998659,1.8553960064000444e-10
6.377431906614786,0.0,0.0013810270236915743,1.8301871091570672e-10
6.381322957198444,0.0,0.0013309899956851028,1.805320720196904e-10
6.385214007782102,0.0,0.0012822804530238032,1.780792185927507e-10
6.389105058365759,0.0,0.0012348860066401979,1.7565969159842586e-10
6.392996108949417,0.0,0.0011887932577141467,1.7327303823709157e-10
6.396887159533074,0.0,0.0011439878548930818,1.7091881186122195e-10
6.400778210116732,0.0,0.0011004545511556247,1.685965718918025e-10
6.404669260700389,0.0,0.0010581772602052308,1.6630588373587825e-10
6.408560311284047,0.0,0.0010171391122859817,1.6404631870522252e-10
6.412451361867705,0.0,0.000977322509318222,1.6181745393611046e-10
6.416342412451362,0.0,0.0009387091792574301,1.596188723101826e-10
6.42023346303502,0.0,0.0009012802295854431,1.5745016237638392e-10
6.424124513618677,0.0,0.0008650161998489569,1.5531091827396318e-10
6.428015564202335,0.0,0.0008298971131660423,1.5320073965651856e-10
6.4319066147859925,0.0,0.0007959025266272315,1.5111923161707539e-10
6.43579766536965,0.0,0.0007630115805235575,1.490660046141816e-10
6.439688715953308,0.0,0.0007312030463396771,1.4704067439900756e-10
6.443579766536965,0.0,0.0007004553734559687,1.4504286194343616e-10
6.447470817120623,0.0,0.0006707467345091179,1.4307219336913015e-10
6.45136186770428,0.0,0.0006420550693663022,1.4112829987756293e-10
6.455252918287938,0.0,0.0006143581276735494,1.3921081768100035e-10
6.4591439688715955,0.0,0.000587633509944203,1.3731938793441945e-10
6.463035019455253,0.0,0.0005618587071586659,1.3545365666835485e-10
6.466926070038911,0.0,0.0005370111388516914,1.3361327472265257e-10
6.470817120622568,0.0,0.000513068189668427,1.317978976811288e-10
6.474708171206226,0.0,0.0004900072443752141,1.3000718580711403e-10
6.478599221789883,0.0,0.00046780572131575616,1.282408039798735e-10
6.482490272373541,0.0,0.0004464411043077167,1.264984216318913e-10
6.4863813229571985,0.0,0.0004258909729790596,1.247797126870067e-10
6.490272373540856,0.0,0.0004061330315475177,1.2308435549939116e-10
6.494163424124514,0.0,0.00038714513605045127,1.2141203279335405e-10
6.498054474708171,0.0,0.00036890532003602984,1.197624316039666e-10
6.501945525291829,0.0,0.00035139181873014775,1.181352432184924e-10
6.505836575875486,0.0,0.0003345830916967576,1.1653016311861373e-10
6.509727626459144,0.0,0.0003184578440123666,1.1494689092344274e-10
6.5136186770428015,0.0,0.0003029950459783031,1.1338513033330714e-10
6.517509727626459,0.0,0.0002881739513970182,1.1184458907429947e-10
6.521400778210117,0.0,0.00027397411444113226,1.1032497884357976e-10
6.525291828793774,0.0,0.0002603754051461857,1.0882601525542159e-10
6.529182879377432,0.0,0.0002473580235601031,1.0734741778799085e-10
6.533073929961089,0.0,0.00023490251258422414,1.0588890973084803e-10
6.536964980544747,0.0,0.00022298976954241147,1.0445021813316328e-10
6.5408560311284045,0.0,0.00021160105651621587,1.0303107375263562e-10
6.544747081712062,0.0,0.00020071800948535034,1.0163121100510573e-10
6.54863813229572,0.0,0.0001903226463138338,1.0025036791485313e-10
6.552529182879377,0.0,0.00018039737362308283,9.88882860655706e-11
6.556420233463035,0.0,0.00017092499259399133,9.754471055200086e-11
6.560311284046692,0.0,0.00016188870374062866,9.621938993223416e-11
6.56420233463035,0.0,0.00015327211069862359,9.491207618065201e-11
6.5680933852140075,0.0,0.0001450592230715909,9.362252464151084e-11
6.571984435797665,0.0,0.00013723445837909956,9.235049398315604e-11
6.575875486381323,0.0,0.00012978264314969133,9.109574615285829e-11
6.57976653696498,0.0,0.00012268901320233855,8.985804633226347e-11
6.583657587548638,0.0,0.00011593921315948959,8.863716289344782e-11
6.587548638132295,0.0,0.00010951929523449169,8.743286735557021e-11
6.591439688715953,0.0,0.00010341571733572413,8.624493434211329e-11
6.595330739299611,0.0,9.761534052920968e-05,8.50731415387058e-11
6.599221789883268,0.0,9.21054259008197e-05,8.391726965151762e-11
6.603112840466926,0.0,8.687363085845104e-05,8.277710236622044e-11
6.607003891050584,0.0,8.190800491373529e-05,8.165242630750545e-11
6.610894941634242,0.0,7.719698498196295e-05,8.054303099915273e-11
6.614785992217899,0.0,7.272939023793093e-05,7.944870882464004e-11
6.618677042801557,0.0,6.84944165644545e-05,7.836925498828995e-11
6.6225680933852145,0.0,6.448163062918828e-05,7.730446747694324e-11
6.626459143968872,0.0,6.06809636243225e-05,7.625414702215339e-11
6.63035019455253,0.0,5.7082704702574276e-05,7.521809706289466e-11
6.634241245136187,0.0,5.367749414172381e-05,7.419612370877701e-11
6.638132295719845,0.0,5.045631626874779e-05,7.318803570376062e-11
6.642023346303502,0.0,4.741049217338464e-05,7.21936443903635e-11
6.64591439688716,0.0,4.4531672239733725e-05,7.121276367435543e-11
6.6498054474708175,0.0,4.181182852324598e-05,7.02452099899313e-11
6.653696498054475,0.0,3.9243246999214915e-05,6.929080226535894e-11
6.657587548638133,0.0,3.681851970762642e-05,6.834936188909106e-11
6.66147859922179,0.0,3.453053681797789e-05,6.742071267634028e-11
6.665369649805448,0.0,3.237247863643696e-05,6.650468083610698e-11
6.669260700389105,0.0,3.0337807576480248e-05,6.560109493865528e-11
6.673151750972763,0.0,2.8420260112936197e-05,6.470978588343118e-11
6.6770428015564205,0.0,2.661383873815741e-05,6.383058686741627e-11
6.680933852140078,0.0,2.4912803937869277e-05,6.296333335391169e-11
6.684824902723736,0.0,2.331166620308517e-05,6.210786304174602e-11
6.688715953307393,0.0,2.1805178093347495e-05,6.126401583490163e-11
6.692607003891051,0.0,2.0388326365450184e-05,6.043163381255374e-11
6.696498054474708,0.0,1.905632418072294e-05,5.961056119951641e-11
6.700389105058366,0.0,1.780460340291373e-05,5.88006443370903e-11
6.7042801556420235,0.0,1.662880699769412e-05,5.800173165430625e-11
6.708171206225681,0.0,1.5524781543833576e-05,5.721367363955982e-11
6.712062256809339,0.0,1.4488569865144847e-05,5.643632281263102e-11
6.715953307392996,0.0,1.3516403791394336e-05,5.566953369708436e-11
6.719844357976654,0.0,1.2604697055498346e-05,5.491316279304381e-11
6.723735408560311,0.0,1.1750038333490586e-05,5.4167068550337646e-11
6.727626459143969,0.0,1.0949184432946549e-05,5.343111134200823e-11
6.7315175097276265,0.0,1.0199053634788625e-05,5.270515343818171e-11
6.735408560311284,0.0,9.496719192670477e-06,5.1989058980292654e-11
6.739299610894942,0.0,8.839402993450482e-06,5.128269395565883e-11
6.743190661478599,0.0,8.22446938161319e-06,5.0585926172402254e-11
6.747081712062257,0.0,7.649419149881381e-06,4.9898625234709214e-11
6.750972762645914,0.0,7.111883697682584e-06,4.9220662518428205e-11
6.754863813229572,0.0,6.6096193585890076e-06,4.855191114699853e-11
6.7587548638132295,0.0,6.140501897340369e-06,4.789224596770617e-11
6.762645914396887,0.0,5.702521176583175e-06,4.724154352826214e-11
6.766536964980545,0.0,5.293775993017124e-06,4.659968205369923e-11
6.770428015564202,0.0,4.912469082228616e-06,4.596654142358255e-11
6.77431906614786,0.0,4.556902291112038e-06,4.5342003149529673e-11
6.778210116731517,0.0,4.2254719164301375e-06,4.472595035303634e-11
6.782101167315175,0.0,3.916664207745089e-06,4.4118267743603304e-11
6.785992217898833,0.0,3.629051032659924e-06,4.3518841597160475e-11
6.78988326848249,0.0,3.3612857020455665e-06,4.29275597347841e-11
6.793774319066148,0.0,3.112098952689971e-06,4.2344311501703214e-11
6.797665369649805,0.0,2.8802950845923133e-06,4.1768987746591234e-11
6.801556420233463,0.0,2.6647482499351583e-06,4.120148080113903e-11
6.80544747081712,0.0,2.464398890600336e-06,4.064168445990537e-11
6.809338521400778,0.0,2.2782503209485325e-06,4.0089493960441295e-11
6.813229571984436,0.0,2.1053654524572435e-06,3.954480596368444e-11
6.817120622568093,0.0,1.94486365670571e-06,3.900751853461975e-11
6.821011673151751,0.0,1.7959177631076896e-06,3.847753112320303e-11
6.824902723735408,0.0,1.65775118772203e-06,3.795474454554353e-11
6.828793774319066,0.0,1.529635189416512e-06,3.743906096534222e-11
6.832684824902723,0.0,1.4108862496206053e-06,3.693038387558284e-11
6.836575875486381,0.0,1.3008635718771657e-06,3.642861808047041e-11
6.840466926070039,0.0,1.198966697390367e-06,3.5933669677616455e-11
6.844357976653696,0.0,1.1046332327665718e-06,3.54454460404656e-11
6.848249027237354,0.0,1.0173366861551956e-06,3.4963855800961104e-11
6.852140077821012,0.0,9.36584408017384e-07,3.448880883244575e-11
6.85603112840467,0.0,8.619156327803771e-07,3.402021623279568e-11
6.859922178988327,0.0,7.928996176735923e-07,3.35579903077822e-11
6.863813229571985,0.0,7.291338750893894e-07,3.310204455466079e-11
6.8677042801556425,0.0,6.702424948639473e-07,3.2652293645982554e-11
6.8715953307393,0.0,6.158745529335585e-07,3.220865341362574e-11
6.875486381322958,0.0,5.65702602886457e-07,3.177104083304412e-11
6.879377431906615,0.0,5.19421247000135e-07,3.1339374007729504e-11
6.883268482490273,0.0,4.767457834282202e-07,3.091357215388531e-11
6.88715953307393,0.0,4.374109262787369e-07,3.049355558530836e-11
6.891050583657588,0.0,4.0116959540648455e-07,3.007924569847611e-11
6.8949416342412455,0.0,3.6779177282571827e-07,2.9670564957836455e-11
6.898832684824903,0.0,3.370634227349628e-07,2.926743688129746e-11
6.902723735408561,0.0,3.087854722330227e-07,2.8869786025914194e-11
6.906614785992218,0.0,2.827728498937748e-07,2.847753797377003e-11
6.910505836575876,0.0,2.5885357945667975e-07,2.809061931804981e-11
6.914396887159533,0.0,2.368679259797847e-07,2.7708957649302203e-11
6.918287937743191,0.0,2.1666759189199331e-07,2.733248154188872e-11
6.9221789883268485,0.0,1.9811496047120598e-07,2.6961120540616837e-11
6.926070038910506,0.0,1.8108238436435019e-07,2.6594805147554756e-11
6.929961089494164,0.0,1.654515168540348e-07,2.6233466809025184e-11
6.933852140077821,0.0,1.5111268366436447e-07,2.5877037902776314e-11
6.937743190661479,0.0,1.3796429318512313e-07,2.5525451725326173e-11
6.941634241245136,0.0,1.2591228307890344e-07,2.5178642479479848e-11
6.945525291828794,0.0,1.1486960131964099e-07,2.4836545262015848e-11
6.9494163424124515,0.0,1.0475571979327762e-07,2.449909605153988e-11
6.953307392996109,0.0,9.549617867179961e-08,2.4166231696503622e-11
6.957198443579767,0.0,8.702215985055024e-08,2.3837889903386298e-11
6.961089494163424,0.0,7.92700878154201e-08,2.3514009225036843e-11
6.964980544747082,0.0,7.21812563812038e-08,2.3194529049174427e-11
6.968871595330739,0.0,6.57014798149849e-08,2.287938958704526e-11
6.972762645914397,0.0,5.97807669288584e-08,2.256853186223346e-11
6.976653696498055,0.0,5.43730167945503e-08,2.2261897699624033e-11
6.980544747081712,0.0,4.943573479854572e-08,2.1959429714515693e-11
6.98443579766537,0.0,4.4929767820152034e-08,2.166107130188172e-11
6.988326848249027,0.0,4.081905737651671e-08,2.136676662577665e-11
6.992217898832685,0.0,3.707040963796798e-08,2.1076460608886924e-11
6.996108949416342,0.0,3.365328127418469e-08,2.0790098922223508e-11
7.0,0.0,3.053958014662358e-08,2.0507627974954564e-11
7.003891050583658,0.0,2.7703479915379523e-08,2.0228994904376247e-11
7.007782101167315,0.0,2.5121247679240412e-08,1.9954147566019772e-11
7.011673151750973,0.0,2.2771083816171675e-08,1.9683034523892906e-11
7.01556420233463,0.0,2.063297323784972e-08,1.9415605040854026e-11
7.019455252918288,0.0,1.8688547316215432e-08,1.9151809069116918e-11
7.023346303501945,0.0,1.6920955782371943e-08,1.8891597240884908e-11
7.027237354085603,0.0,1.53147479385633e-08,1.863492085911157e-11
7.031128404669261,0.0,1.3855762562486452e-08,1.838173188838765e-11
7.035019455252918,0.0,1.2531025919867527e-08,1.813198294595147e-11
7.038910505836576,0.0,1.1328657336123474e-08,1.788562729282152e-11
7.042801556420233,0.0,1.0237781811093545e-08,1.764261882504956e-11
7.046692607003891,0.0,9.248449192313959e-09,1.740291206509254e-11
7.0505836575875485,0.0,8.351559452184732e-09,1.7166462153301764e-11
7.054474708171206,0.0,7.538793642694814e-09,1.693322483952768e-11
7.058365758754864,0.0,6.802550128191424e-09,1.6703156474838724e-11
7.062256809338521,0.0,6.135885722056132e-09,1.647621400335271e-11
7.066147859922179,0.0,5.532461377144495e-09,1.6252354954179178e-11
7.070038910505836,0.0,4.986492102512086e-09,1.6031537433471218e-11
7.073929961089494,0.0,4.492700800344783e-09,1.5813720116585308e-11
7.0778210116731515,0.0,4.04627573719052e-09,1.5598862240347653e-11
7.081712062256809,0.0,3.6428313826066093e-09,1.5386923595425606e-11
7.085603112840467,0.0,3.278372366244658e-09,1.517786451880275e-11
7.089494163424124,0.0,2.9492603212458233e-09,1.497164588635619e-11
7.093385214007782,0.0,2.652183397662752e-09,1.476822910553473e-11
7.097276264591439,0.0,2.3841282445102165e-09,1.4567576108136495e-11
7.101167315175097,0.0,2.1423542730216618e-09,1.4369649343184722e-11
7.105058365758755,0.0,1.924370026799771e-09,1.4174411769900268e-11
7.108949416342413,0.0,1.7279114968404388e-09,1.3981826850769846e-11
7.1128404669260705,0.0,1.5509222309228069e-09,1.379185854470796e-11
7.116731517509728,0.0,1.3915350976385729e-09,1.3604471300312244e-11
7.120622568093386,0.0,1.2480555754153404e-09,1.3419630049210127e-11
7.124513618677043,0.0,1.1189464463160745e-09,1.3237300199496197e-11
7.128404669260701,0.0,1.0028137832019935e-09,1.305744762925826e-11
7.132295719844358,0.0,8.983941270669539e-10,1.2880038680191803e-11
7.136186770428016,0.0,8.045427590203439e-10,1.270504015130103e-11
7.1400778210116735,0.0,7.202229785452734e-10,1.2532419292685473e-11
7.143968871595331,0.0,6.444963063201339e-10,1.2362143799411068e-11
7.147859922178989,0.0,5.765135360934395e-10,1.2194181805464477e-11
7.151750972762646,0.0,5.155065658725609e-10,1.2028501877789552e-11
7.155642023346304,0.0,4.607809440526285e-10,1.1865073010404854e-11
7.159533073929961,0.0,4.1170907109804717e-10,1.1703864618601045e-11
7.163424124513619,0.0,3.677240020194025e-10,1.1544846533217172e-11
7.167315175097277,0.0,3.283137991858124e-10,1.1387988994994676e-11
7.171206225680934,0.0,2.9301638899847136e-10,1.123326264900814e-11
7.175097276264592,0.0,2.6141487964540867e-10,1.108063853917169e-11
7.178988326848249,0.0,2.331333005796805e-10,1.0930088102820048e-11
7.182879377431907,0.0,2.0783272753126313e-10,1.0781583165363193e-11
7.186770428015564,0.0,1.852077597940612e-10,1.0635095935013673e-11
7.190661478599222,0.0,1.6498331923956416e-10,1.0490598997585527e-11
7.19455252918288,0.0,1.4691174301314128e-10,1.0348065311363902e-11
7.198443579766537,0.0,1.307701441817917e-10,1.0207468202044362e-11
7.202334630350195,0.0,1.1635801673687315e-10,1.0068781357740939e-11
7.206225680933852,0.0,1.0349506332440918e-10,9.931978824062043e-12
7.21011673151751,0.0,9.201922589082876e-11,9.797034999253218e-12
7.214007782101167,0.0,8.178490110444589e-11,9.663924629406067e-12
7.217898832684825,0.0,7.266132395297817e-11,9.532622803731924e-12
7.221789883268483,0.0,6.453110433459995e-11,9.403104949900107e-12
7.22568093385214,0.0,5.728890276347862e-11,9.275346829439305e-12
7.229571984435798,0.0,5.084023250887224e-11,9.149324533201513e-12
7.233463035019455,0.0,4.510037658757146e-11,9.025014476887568e-12
7.237354085603113,0.0,3.999340904008823e-11,8.902393396633502e-12
7.2412451361867705,0.0,3.5451310848384875e-11,8.781438344656847e-12
7.245136186770428,0.0,3.141317170345293e-11,8.662126684962103e-12
7.249027237354086,0.0,2.7824469610665184e-11,8.544436089104542e-12
7.252918287937743,0.0,2.4636421035005583e-11,8.42834453201159e-12
7.256809338521401,0.0,2.1805394942193544e-11,8.313830287860954e-12
7.260700389105058,0.0,1.9292384690097897e-11,8.200871926014782e-12
7.264591439688716,0.0,1.7062532272101752e-11,8.089448307009045e-12
7.2684824902723735,0.0,1.5084699914323993e-11,7.97953857859741e-12
7.272373540856031,0.0,1.3331084485618801e-11,7.87112217184888e-12
7.276264591439689,0.0,1.177687059656607e-11,7.764178797298439e-12
7.280155642023346,0.0,1.039991864448224e-11,7.658688441150006e-12
7.284046692607004,0.0,9.18048440882465e-12,7.554631361530974e-12
7.287937743190661,0.0,8.100967118001071e-12,7.451988084797638e-12
7.291828793774319,0.0,7.145683197094659e-12,7.350739401890833e-12
7.2957198443579765,0.0,6.300663168728877e-12,7.250866364741056e-12
7.299610894941634,0.0,5.553469418408541e-12,7.15235028272247e-12
7.303501945525292,0.0,4.89303275318431e-12,7.055172719155036e-12
7.307392996108949,0.0,4.309505880247205e-12,6.959315487854302e-12
7.311284046692607,0.0,3.7941321117657925e-12,6.864760649727817e-12
7.315175097276264,0.0,3.339127765494465e-12,6.771490509418046e-12
7.319066147859922,0.0,2.9375768788411278e-12,6.679487611990762e-12
7.3229571984435795,0.0,2.583336988507579e-12,6.5887347396684655e-12
7.326848249027237,0.0,2.2709548497142076e-12,6.499214908608183e-12
7.330739299610895,0.0,1.995591079503217e-12,6.410911365723042e-12
7.334630350194552,0.0,1.752952808698686e-12,6.32380758554704e-12
7.33852140077821,0.0,1.5392335177198464e-12,6.237887267142396e-12
7.342412451361867,0.0,1.3510593134485475e-12,6.153134331048938e-12
7.346303501945525,0.0,1.185440978524638e-12,6.069532916274926e-12
7.350194552529183,0.0,1.039731191497034e-12,5.9870673773287464e-12
7.354085603112841,0.0,9.115863768465938e-13,5.905722281291038e-12
7.357976653696499,0.0,7.989326986141759e-13,5.825482404926388e-12
7.361867704280156,0.0,6.999357607598752e-13,5.74633273183448e-12
7.365758754863814,0.0,6.129736219392041e-13,5.668258449639853e-12
7.369649805447471,0.0,5.366127725656082e-13,5.591244947219846e-12
7.373540856031129,0.0,4.695867582450766e-13,5.5152778119702246e-12
7.377431906614786,0.0,4.107771662942338e-13,5.4403428271079464e-12
7.381322957198444,0.0,3.5919672142927375e-13,5.366425969010577e-12
7.385214007782102,0.0,3.139742631500191e-13,5.29351340459186e-12
7.389105058365759,0.0,2.743414011233879e-13,5.221591488712931e-12
7.392996108949417,0.0,2.396206662502119e-13,5.150646761628723e-12
7.396887159533074,0.0,2.0921499431135625e-13,5.08066594646905e-12
7.400778210116732,0.0,1.8259839634476312e-13,5.011635946753931e-12
7.404669260700389,0.0,1.593076853960038e-13,4.943543843942634e-12
7.408560311284047,0.0,1.3893514318475257e-13,4.876376895016135e-12
7.412451361867705,0.0,1.211220226957195e-13,4.8101225300922236e-12
7.416342412451362,0.0,1.0555279387732889e-13,4.744768350073202e-12
7.42023346303502,0.0,9.195004964378235e-14,4.680302124325454e-12
7.424124513618677,0.0,8.006999834259331e-14,4.61671178839055e-12
7.428015564202335,0.0,6.969847687561889e-14,4.5539854417274675e-12
7.4319066147859925,0.0,6.064742584221836e-14,4.492111345485468e-12
7.43579766536965,0.0,5.275177449435465e-14,4.431077920307252e-12
7.439688715953308,0.0,4.5866689032787016e-14,4.3708737441619455e-12
7.443579766536965,0.0,3.986514290091532e-14,4.311487550207544e-12
7.447470817120623,0.0,3.4635772311370167e-14,4.252908224682385e-12
7.45136186770428,0.0,3.0080984326897304e-14,4.195124804825284e-12
7.455252918287938,0.0,2.611528846260118e-14,4.138126476823914e-12
7.4591439688715955,0.0,2.266382602722309e-14,4.081902573791069e-12
7.463035019455253,0.0,1.966107431822373e-14,4.0264425737684244e-12
7.466926070038911,0.0,1.7049705366243115e-14,3.971736097757413e-12
7.470817120622568,0.0,1.4779581222461408e-14,3.917772907776861e-12
7.474708171206226,0.0,1.2806869827514302e-14,3.864542904947015e-12
7.478599221789883,0.0,1.1093267319876338e-14,3.812036127599592e-12
7.482490272373541,0.0,9.605314259204438e-15,3.760242749413523e-12
7.4863813229571985,0.0,8.313794677706331e-15,3.7091530775760084e-12
7.490272373540856,0.0,7.193208149597255e-15,3.658757550968576e-12
7.494163424124514,0.0,6.221306202536332e-15,3.609046738377758e-12
7.498054474708171,0.0,5.378685401170888e-15,3.5600113367301508e-12
7.501945525291829,0.0,4.648430325503168e-15,3.511642169351322e-12
7.505836575875486,0.0,4.015800458194237e-15,3.4639301842485084e-12
7.509727626459144,0.0,3.46795569628023e-15,3.416866452416576e-12
7.5136186770428015,0.0,2.993715824049227e-15,3.3704421661670087e-12
7.517509727626459,0.0,2.5833498339025762e-15,3.3246486374796077e-12
7.521400778210117,0.0,2.228391468835657e-15,3.2794772963765807e-12
7.525291828793774,0.0,1.9214777907963573e-15,3.23491968931872e-12
7.529182879377432,0.0,1.656207959923141e-15,3.1909674776233793e-12
7.533073929961089,0.0,1.4270197461514526e-15,3.1476124359039384e-12
7.536964980544747,0.0,1.2290815919136284e-15,3.10484645053047e-12
7.5408560311284045,0.0,1.0581983071013216e-15,3.062661518111329e-12
7.544747081712062,0.0,9.107287090767237e-16,3.021049743995362e-12
7.54863813229572,0.0,7.835137248361262e-16,2.9800033407944743e-12
7.552529182879377,0.0,6.738136525821745e-16,2.939514626926268e-12
7.556420233463035,0.0,5.792534387342354e-16,2.899576025176479e-12
7.560311284046692,0.0,4.977749662730388e-16,2.8601800612809515e-12
7.56420233463035,0.0,4.275954734712174e-16,2.821319362526871e-12
7.5680933852140075,0.0,3.6717133045252756e-16,2.7829866563730095e-12
7.571984435797665,0.0,3.151664963761554e-16,2.7451747690887137e-12
7.575875486381323,0.0,2.7042506388836126e-16,2.707876624411384e-12
7.57976653696498,0.0,2.319473711772857e-16,2.6710852422221958e-12
7.583657587548638,0.0,1.988692267077556e-16,2.634793737239805e-12
7.587548638132295,0.0,1.704438485632425e-16,2.598995317731845e-12
7.591439688715953,0.0,1.4602617022087756e-16,2.563683284243843e-12
7.595330739299611,0.0,1.2505920836275802e-16,2.5288510283454915e-12
7.599221789883268,0.0,1.0706222671638542e-16,2.494492031393915e-12
7.603112840466927,0.0,9.162046356674791e-17,2.4605998633137346e-12
7.607003891050584,0.0,7.83762200643499e-17,2.4271681813937578e-12
7.610894941634242,0.0,6.70211322718262e-17,2.3941907290999223e-12
7.614785992217899,0.0,5.728947249202592e-17,2.361661334904461e-12
7.618677042801557,0.0,4.8952345194443874e-17,2.3295739111309292e-12
7.6225680933852145,0.0,4.1812660150651797e-17,2.297922452814935e-12
7.626459143968872,0.0,3.570078050701485e-17,2.266701036580345e-12
7.63035019455253,0.0,3.0470756732506044e-17,2.2359038195307605e-12
7.634241245136187,0.0,2.5997068916459405e-17,2.2055250381560586e-12
7.638132295719845,0.0,2.217180996295006e-17,2.175559007253782e-12
7.642023346303502,0.0,1.8902251017256942e-17,2.1460001188651924e-12
7.64591439688716,0.0,1.610873812563081e-17,2.1168428412257735e-12
7.6498054474708175,0.0,1.372287581283724e-17,2.088081717729994e-12
7.653696498054475,0.0,1.1685959086041317e-17,2.059711365910141e-12
7.657587548638133,0.0,9.947620446715713e-18,2.0317264764290198e-12
7.66147859922179,0.0,8.46466290927075e-18,2.0041218120863483e-12
7.665369649805448,0.0,7.200053869173298e-18,1.976892206838644e-12
7.669260700389105,0.0,6.122058007267646e-18,1.9500325648324314e-12
7.673151750972763,0.0,5.2034903246293646e-18,1.923537859450586e-12
7.6770428015564205,0.0,4.4210729293774805e-18,1.8974031323716306e-12
7.680933852140078,0.0,3.754881392277158e-18,1.871623492641819e-12
7.684824902723736,0.0,3.187868394374657e-18,1.8461941157598164e-12
7.688715953307393,0.0,2.7054540446341064e-18,1.821110242773848e-12
7.692607003891051,0.0,2.2951736811834528e-18,1.796367179391054e-12
7.696498054474708,0.0,1.9463752147869937e-18,1.7719602950990066e-12
7.700389105058366,0.0,1.6499591523800732e-18,1.7478850222991294e-12
7.7042801556420235,0.0,1.3981553735964322e-18,1.724136855451903e-12
7.708171206225681,0.0,1.1843315430794026e-18,1.7007113502336784e-12
7.712062256809339,0.0,1.0028287424620044e-18,1.6776041227049494e-12
7.715953307392996,0.0,8.488205125676223e-19,1.654810848489927e-12
7.719844357976654,0.0,7.181920211125004e-19,1.6323272619672565e-12
7.723735408560311,0.0,6.0743652485026e-19,1.6101491554717338e-12
7.727626459143969,0.0,5.135666871431165e-19,1.5882723785068672e-12
7.7315175097276265,0.0,4.340386505937678e-19,1.5666928369681373e-12
7.735408560311284,0.0,3.6668705677139356e-19,1.545406492376809e-12
7.739299610894942,0.0,3.09669457420901e-19,1.5244093611241575e-12
7.743190661478599,0.0,2.6141877924593497e-19,1.5036975137259577e-12
7.747081712062257,0.0,2.206026920799688e-19,1.483267074087108e-12
7.750972762645914,0.0,1.8608889206406665e-19,1.4631142187762402e-12
7.754863813229572,0.0,1.569154508524383e-19,1.44323517631019e-12
7.7587548638132295,0.0,1.3226550191744589e-19,1.4236262264481864e-12
7.762645914396887,0.0,1.1144563836560297e-19,1.4042836994956305e-12
7.766536964980545,0.0,9.38674855931302e-20,1.3852039756173361e-12
7.770428015564202,0.0,7.903198858344279e-20,1.3663834841600988e-12
7.77431906614786,0.0,6.651601939250627e-20,1.3478187029844663e-12
7.778210116731517,0.0,5.596096686248714e-20,1.3295061578056093e-12
7.782101167315175,0.0,4.7063019129689956e-20,1.3114424215431035e-12
7.785992217898833,0.0,3.956489115559776e-20,1.2936241136795903e-12
7.78988326848249,0.0,3.3248785264973746e-20,1.2760478996281292e-12
7.793774319066148,0.0,2.793040334695299e-20,1.2587104901081512e-12
7.797665369649805,0.0,2.3453855675170856e-20,1.2416086405298893e-12
7.801556420233463,0.0,1.9687333844674593e-20,1.224739150387173e-12
7.80544747081712,0.0,1.651943463543472e-20,1.2080988626584746e-12
7.809338521400778,0.0,1.3856038150335457e-20,1.191684663216091e-12
7.813229571984436,0.0,1.1617657731950054e-20,1.1754934802433538e-12
7.817120622568093,0.0,9.737191274970971e-21,1.159522283659758e-12
7.821011673151751,0.0,8.158013910525083e-21,1.1437680845539015e-12
7.824902723735408,0.0,6.832360894710712e-21,1.1282279346241276e-12
7.828793774319066,0.0,5.719957101452999e-21,1.1128989256267689e-12
7.832684824902723,0.0,4.786855983836905e-21,1.0977781888318878e-12
7.836575875486381,0.0,4.004456387052166e-21,1.0828628944864106e-12
7.840466926070039,0.0,3.3486703061295937e-21,1.0681502512845572e-12
7.844357976653696,0.0,2.799218699619782e-21,1.0536375058454648e-12
7.848249027237355,0.0,2.3390358964871633e-21,1.0393219421979064e-12
7.852140077821012,0.0,1.953766053699347e-21,1.025200881272028e-12
7.85603112840467,0.0,1.631337609925779e-21,1.0112716803979544e-12
7.859922178988327,0.0,1.3616037995149773e-21,9.975317328112457e-13
7.863813229571985,0.0,1.1360390944954877e-21,9.839784671650528e-13
7.8677042801556425,0.0,9.474829769879708e-22,9.706093470489058e-13
7.8715953307393,0.0,7.899237496619668e-22,9.574218705140404e-13
7.875486381322958,0.0,6.583162015413751e-22,9.4441356960517e-13
7.879377431906615,0.0,5.484278894622481e-22,9.31582009898637e-13
7.883268482490273,0.0,4.5670959650764005e-22,9.189247900468045e-13
7.88715953307393,0.0,3.8018620887529264e-22,9.064395413286727e-13
7.891050583657588,0.0,3.163648298747415e-22,8.94123927206584e-13
7.8949416342412455,0.0,2.6315743945857365e-22,8.819756428889539e-13
7.898832684824903,0.0,2.188158229654999e-22,8.699924148989436e-13
7.902723735408561,0.0,1.8187684475608138e-22,8.581720006489932e-13
7.906614785992218,0.0,1.511164406682418e-22,8.465121880211347e-13
7.910505836575876,0.0,1.2551095581230105e-22,8.350107949530075e-13
7.914396887159533,0.0,1.0420466806202118e-22,8.236656690294997e-13
7.918287937743191,0.0,8.648251854901589e-23,8.124746870799357e-13
7.9221789883268485,0.0,7.174722352580714e-23,8.014357547807389e-13
7.926070038910506,0.0,5.950007137275265e-23,7.905468062634911e-13
7.929961089494164,0.0,4.9324817893644057e-23,7.798058037283186e-13
7.933852140077821,0.0,4.087418543844023e-23,7.692107370625296e-13
7.937743190661479,0.0,3.3858549411460315e-23,7.587596234644349e-13
7.941634241245136,0.0,2.803646157782549e-23,7.484505070722778e-13
7.945525291828794,0.0,2.3206715143536505e-23,7.382814585982075e-13
7.9494163424124515,0.0,1.920170344405236e-23,7.282505749672242e-13
7.953307392996109,0.0,1.588186357917995e-23,7.1835597896103e-13
7.957198443579767,0.0,1.3131029619456442e-23,7.085958188667197e-13
7.961089494163424,0.0,1.0852548047199033e-23,6.989682681302439e-13
7.964980544747082,0.0,8.966031701921699e-24,6.894715250145776e-13
7.968871595330739,0.0,7.404648366962336e-24,6.80103812262547e-13
7.972762645914397,0.0,6.1128568472323056e-24,6.70863376764211e-13
7.976653696498055,0.0,5.0445174418571424e-24,6.617484892287878e-13
7.980544747081712,0.0,4.161315528272184e-24,6.527574438610265e-13
7.98443579766537,0.0,3.431446899279621e-24,6.438885580419771e-13
7.988326848249027,0.0,2.8285218298870744e-24,6.351401720140999e-13
7.992217898832685,0.0,2.3306518481027807e-24,6.265106485706511e-13
7.996108949416342,0.0,1.9196890555725995e-24,6.179983727492898e-13
8.0,0.0,1.5805927690294503e-24,6.096017515298483e-13
